pre,post,ratio,tau_scm,tau_aug,corr,gap_pre,n_pool,n_cand,i,k,name,meas,p_scm,p_aug,fit_x,credible
0.15895101970523007,1.0202245536593926,6.418483854657671,0.7946408432365395,0.8072216609871267,-0.012580817750587132,-0.023883411608132767,20,246,32,1040,Argentina,vol,0.0625,0.41935483870967744,0.3006303487442516,True
0.29484018531583456,0.9339244367352899,3.1675615579160774,0.877086992169076,0.989534934688643,-0.11244794251956695,0.060152097721790684,20,852,32,1079,Argentina,vol,0.2540322580645161,0.36693548387096775,0.5576429009370023,True
0.3872875504801194,1.3658252161947015,3.5266437418437317,-1.1029072941283937,-0.8613189387953737,-0.2415883553330201,0.017458954785357618,20,413,32,1312,Argentina,vol,0.22379032258064516,0.4032258064516129,0.732492258187849,True
0.8804774815638641,1.1389891603405882,1.2936039639736923,0.27349160058267596,0.9566238766824722,-0.6831322760997962,-0.13868631323382138,20,520,32,1399,Argentina,vol,0.7701612903225806,0.3810483870967742,1.6652818763596475,True
0.8480652860846225,1.2538034523282826,1.4784279853227884,0.5996649209478964,0.6624566925353685,-0.0627917715874722,0.1593827302146698,20,394,32,1410,Argentina,vol,0.7116935483870968,0.5,1.6039794094200748,True
0.17353359873504565,0.8726230735753179,5.028554008769536,0.6413404913147431,0.6788865896501571,-0.03754609833541405,-0.0013461116297714556,20,345,32,1709,Argentina,vol,0.09879032258064516,0.48185483870967744,0.3282109570816753,True
0.16758676863838087,0.4693253044685164,2.8004914008529376,-0.38013413811969876,-0.3878060539561877,0.007671915836488943,0.025519058482774328,20,270,32,2011,Argentina,vol,0.33669354838709675,0.6834677419354839,0.316963482172747,True
0.16552689584590186,0.520329183573952,3.1434721282899862,0.43775890286859465,0.38044261516500943,0.057316287703585225,0.0003010279102150742,20,571,32,2013,Argentina,vol,0.2560483870967742,0.6895161290322581,0.31306756330968993,True
0.760130152813328,0.939372410979324,1.23580469410745,0.32381093775582137,0.3596215730574981,-0.03581063530167673,0.3033892769146879,20,712,32,2023,Argentina,vol,0.7943548387096774,0.7056451612903226,1.4376642147692555,True
0.708998655694699,1.6368159371462343,2.3086305227792443,-1.5952486559602441,-5.559627757325114,3.96437910136487,0.04696764917303478,20,134,32,2029,Argentina,vol,0.42943548387096775,0.008064516129032258,1.3409571924481944,True
0.28076736941043806,2.671020082032069,9.51328527827411,2.5361643093497683,2.4876596695006685,0.04850463984909986,0.04705872336747338,20,311,32,2100,Argentina,vol,0.03024193548387097,0.07056451612903226,0.531026427753636,True
0.1479268870624977,0.41311700663608514,2.7927107427167526,-0.23943160831129617,-0.28291754186734247,0.04348593355604631,0.0082448125002143,20,232,32,2220,Argentina,vol,0.3387096774193548,0.7782258064516129,0.2797799707653397,True
0.34243605493978746,1.9899838629839683,5.811256829640438,1.7805008362566985,1.8225886471958137,-0.04208781093911513,0.011306860059192287,20,385,32,2310,Argentina,vol,0.07056451612903226,0.1431451612903226,0.6476628511730566,True
0.4293966944224893,1.7885873880445586,4.1653496901043745,1.459586694579234,1.5496583511666913,-0.09007165658745736,-0.0033266476982879534,20,363,32,2393,Argentina,vol,0.16532258064516128,0.1935483870967742,0.8121349471884783,True
0.9211420426729994,0.6977864473297974,0.7575231777554506,0.07026004791259766,0.46444083147047327,-0.3941807835578756,0.6918504888361151,20,289,32,2410,Argentina,vol,0.9354838709677419,0.6310483870967742,1.742192368726681,True
0.3010371270492272,0.6184277265028898,2.054323772501859,0.6085601196272332,0.45988370623077834,0.1486764133964549,0.019339916174097027,20,157,32,2420,Argentina,vol,0.5,0.6330645161290323,0.5693634218742853,True
0.5663298127509734,2.643793773197073,4.668293481416283,1.853724970433273,0.6623246712498279,1.1914002991834451,0.04531306246598866,20,436,32,2511,Argentina,vol,0.12701612903225806,0.5,1.071121968436103,True
0.7482807952792093,1.057851721354461,1.413709570028107,-0.9284956908897932,-0.679535463411816,-0.24896022747797716,-0.11031415024095943,20,640,32,2512,Argentina,vol,0.7237903225806451,0.48185483870967744,1.415253056322562,True
0.24486832148747742,0.24149040579655986,0.9862051748041639,-0.21896468704474437,-0.29205942639902954,0.07309473935428519,0.0514136651471716,20,291,32,2593,Argentina,vol,0.8870967741935484,0.7661290322580645,0.46312913891157415,True
0.13762249985573757,0.44711358405919577,3.2488407384539695,-0.03236414989643954,-0.24269718869596532,0.21033303879952578,0.005501988081219105,20,210,32,2599,Argentina,vol,0.24596774193548387,0.8104838709677419,0.26029087578935967,True
0.21775654546839654,0.9111981399437611,4.184481058807048,0.6427048801998172,0.7062790749946692,-0.06357419479485207,-0.011699063085426868,20,812,32,2610,Argentina,vol,0.16129032258064516,0.4717741935483871,0.41185156488400637,True
0.1481026771978089,0.8637994471401347,5.832436411574295,0.611387388556353,0.6060116956061956,0.005375692950157434,0.008504963639448283,20,171,32,2620,Argentina,vol,0.06854838709677419,0.5241935483870968,0.2801124495992749,True
0.15842402302563152,1.3044620350877785,8.233991349132252,1.1820145627580727,1.153639761290988,0.02837480146708454,-0.0008206840882962751,20,195,32,2630,Argentina,vol,0.03225806451612903,0.3084677419354839,0.29963361908584124,True
0.19483473293954626,0.8858701984531455,4.546777594978485,0.7427383312025349,0.720716325623167,0.0220220055793678,0.006718074863193767,20,357,32,2640,Argentina,vol,0.1350806451612903,0.4637096774193548,0.3684986344833222,True
0.15187884682712893,0.5431432207570909,3.5761610790691982,0.2316847977545322,0.7507821289489734,-0.5190973311944412,0.006128845974406196,20,621,32,2651,Argentina,vol,0.21370967741935484,0.4495967741935484,0.28725446853495196,True
0.058141241314406435,0.6430549992853102,11.060221363488017,-0.38249198114752403,-0.40723897095183237,0.02474698980430835,-0.0008167804154941359,20,660,32,2660,Argentina,vol,0.014112903225806451,0.6612903225806451,0.10996482869495283,True
0.6874386400419955,0.7505873556769024,1.0918608759482142,0.19411993542192896,-0.15832056392975424,0.3524404993516832,0.4167734849328415,20,568,32,2710,Argentina,vol,0.8366935483870968,0.8608870967741935,1.300179882326978,True
0.3225290043812218,0.9021250287349003,2.7970353564500186,-0.08943205241593866,-0.04887826796366037,-0.04055378445227829,0.0032111657053453383,20,348,32,2732,Argentina,vol,0.33669354838709675,0.9556451612903226,0.6100118592952478,True
0.8212493116888568,0.728514834513212,0.8870812116908309,0.3254902726857729,0.1654264920935519,0.160063780592221,-0.015907568392077662,20,316,32,2750,Argentina,vol,0.9173387096774194,0.8588709677419355,1.5532612966991488,True
0.07830354494567536,1.2643542022613374,16.146832217347352,1.0705533894605335,1.068722353564526,0.0018310358960075082,0.004684419872251847,20,334,32,2790,Argentina,vol,0.004032258064516129,0.33669354838709675,0.14809859080227716,True
0.4500629189171595,1.7338651200030173,3.852494944872719,-0.34539910063820045,-0.2713737212225682,-0.07402537941563223,0.17701301484792545,20,839,32,2811,Argentina,vol,0.18346774193548387,0.7903225806451613,0.8512217947505847,True
0.23921407381933488,0.47822298143322944,1.999142332212463,0.27125768240021575,0.23602594377856467,0.03523173862165108,0.025741203670192322,20,660,32,2812,Argentina,vol,0.5201612903225806,0.8125,0.45243503671888385,True
0.14127147621353875,0.3983601324504845,2.8198199886319846,-0.27648066886674094,-0.15815486480018257,-0.11832580406655838,0.05236032869043037,20,296,32,2813,Argentina,vol,0.3346774193548387,0.8608870967741935,0.26719232906118917,True
0.2953731278024772,0.37197698108425364,1.2593460476641707,0.1954877570548863,-0.5200872168217276,0.715574973876614,0.17026159439071667,20,409,32,2814,Argentina,vol,0.7903225806451613,0.5866935483870968,0.5586508761353819,True
0.18595794011548225,1.158238134142073,6.228495182420242,0.9920109677653102,1.0025699249809161,-0.010558957215605992,0.02345171832313236,20,556,32,2816,Argentina,vol,0.06451612903225806,0.3649193548387097,0.3517096052126844,True
0.31745783056717725,0.7861445710692089,2.4763747980784263,-0.4742114200772338,-0.11478497704740287,-0.35942644302983096,-0.027101157840375235,20,301,32,2818,Argentina,vol,0.38911290322580644,0.8991935483870968,0.6004205477384792,True
0.24099845983983093,1.2270054063342428,5.091341277241847,1.068341945564999,1.2707353758681459,-0.20239343030314697,0.04341588242249776,20,374,32,2819,Argentina,vol,0.09879032258064516,0.2661290322580645,0.45580991655690506,True
0.16113621405718936,0.7613993394805895,4.725190696179314,0.6332379032446056,0.6249486337501196,0.008289269494486079,-0.011139407162056646,20,823,32,2821,Argentina,vol,0.11693548387096774,0.5161290322580645,0.3047632932281672,True
0.3099711366195729,0.6672287180930117,2.152551122564358,0.3658502769263974,0.3154310868684187,0.050419190057978694,0.008777436955327289,20,706,32,2822,Argentina,vol,0.46975806451612906,0.7419354838709677,0.5862606674396067,True
0.3461057226804873,1.1213281667741488,3.2398428956614502,0.9054149028428053,0.9071307477502208,-0.0017158449074155123,0.14977654623885736,20,651,32,2823,Argentina,vol,0.24798387096774194,0.39314516129032256,0.6546034388755324,True
0.642090862018796,1.1142432484242921,1.735335782417154,-1.0130048843788764,-0.9060665697640434,-0.10693831461483291,0.199683127453443,20,893,32,2824,Argentina,vol,0.6149193548387096,0.39314516129032256,1.2144118366285404,True
0.2448390644626317,1.014922998531319,4.145265792282181,0.6514492723912735,0.5543203508673309,0.09712892152394262,0.027470148802678243,20,752,32,2825,Argentina,vol,0.16733870967741934,0.5645161290322581,0.46307380394361425,True
0.5302420574997008,1.869598715754104,3.5259344092205644,-0.00863210029653505,0.08323039683243479,-0.09186249712896984,-0.026487921120176464,20,554,32,2826,Argentina,vol,0.22379032258064516,0.9294354838709677,1.0028677699622175,True
0.28181360645246595,0.5269483488603454,1.8698470790452297,-0.2287343380083886,-0.19369541585368893,-0.03503892215469968,0.07943685441301747,20,784,32,2829,Argentina,vol,0.5705645161290323,0.8387096774193549,0.5330052172410974,True
1.5420377706282153,2.198744611533829,1.4258694912758691,-1.3886509097678879,-4.810149217379237,3.4214983076113494,-0.3240067140016739,20,363,32,2910,Argentina,vol,0.7217741935483871,0.010080645161290322,2.9165170102115114,False
1.0546445259266155,1.6259295649342955,1.54168492317897,1.2564269269457897,1.3147416374341208,-0.05831471048833099,-0.030123802402116064,20,445,32,2920,Argentina,vol,0.6895161290322581,0.2560483870967742,1.9946908942044488,True
0.40816442165615746,0.5602295671078746,1.3725585508768783,0.09522580016981941,-0.15433483893723784,0.24956063910705725,0.12960087358244754,20,447,32,2930,Argentina,vol,0.7379032258064516,0.8649193548387096,0.7719775101477306,True
0.28078570981531065,0.5706535831240164,2.0323455331803353,0.23747309870121658,0.3045578310222795,-0.0670847323210629,-0.013215242763720235,20,725,32,3091,Argentina,vol,0.5060483870967742,0.7580645161290323,0.5310611156865802,True
0.4228872162008371,0.7106599444415423,1.6804952176753354,0.4463601923464102,0.4283995532176825,0.0179606391287277,-0.023885880775139704,20,275,32,3230,Argentina,vol,0.6330645161290323,0.6512096774193549,0.7998233136327608,True
0.2902183565898214,0.5955600622351025,2.052110242898364,0.30788379870528804,0.36590544768300937,-0.05802164897772131,0.058634512996699056,20,721,32,3250,Argentina,vol,0.5,0.7016129032258065,0.5489014535130459,True
0.06360745537833033,0.9621153776396272,15.125827183575698,-0.8222429081564995,-0.8404926231880481,0.01824971503154865,0.009288988114244712,20,137,32,3290,Argentina,vol,0.006048387096774193,0.4112903225806452,0.1203032954968371,True
0.17654270068435648,1.618566807562338,9.16813213623711,-1.5384577990118675,-1.3097246603288457,-0.22873313868302186,-0.011880115137316804,20,911,76,1812,Brazil,vol,0.03024193548387097,0.2560483870967742,0.33390219058307674,True
0.5488711977226295,0.27003014068625075,0.49197360292661907,-0.19091374598544242,-0.14815190881008855,-0.042761837175353874,0.420105805710631,20,86,76,2011,Brazil,vol,0.969758064516129,0.8729838709677419,1.038101799491632,True
0.27909482581950434,0.8350272778254126,2.9919124275182365,-0.7023301131479815,-2.6898853398330953,1.987555226685114,0.04240005192415097,20,223,76,2013,Brazil,vol,0.2762096774193548,0.06048387096774194,0.5278630799250732,True
0.22000253322766744,1.26166189420437,5.734760757953417,-1.1495534736951978,-1.5110186539081687,0.36146518021297097,0.019806345520040125,20,451,76,2021,Brazil,vol,0.07056451612903226,0.19959677419354838,0.4160994903430383,True
0.17523063447260345,0.4572225122240963,2.6092612949796803,0.343640309876557,0.4825203137351961,-0.13888000385863905,0.0035517806384531333,20,531,76,2023,Brazil,vol,0.3629032258064516,0.6088709677419355,0.3314206278756065,True
0.48661931145646037,1.1896674457806447,2.4447600367933378,1.179664515548179,0.8848594054254122,0.29480511012276683,0.40422359176102207,20,275,76,2029,Brazil,vol,0.39314516129032256,0.39919354838709675,0.9203623454579808,True
1.0947951022743732,1.6177106209696939,1.4776377950622852,1.4058015841697697,2.7968752337252507,-1.3910736495554807,0.34008746533143513,20,574,76,2030,Brazil,vol,0.7116935483870968,0.05241935483870968,2.070629266868515,False
0.146065235429281,0.3412489860238198,2.3362779310278734,-0.17443194974074672,-0.7994030407893812,0.6249710910486345,0.024950725171349383,20,189,76,2100,Brazil,vol,0.4213709677419355,0.4254032258064516,0.2762589554187749,True
0.19744194435255677,0.24889941673990496,1.2606207741525508,-0.0699351429610946,0.01760244345421462,-0.08753758641530922,0.02828679497278634,20,348,76,2219,Brazil,vol,0.7903225806451613,0.9838709677419355,0.37342975652202876,True
0.19530687571255934,0.3665101540924883,1.8765860277847846,0.3350979523922053,0.3120177981154486,0.0230801542767567,0.06492702935154653,20,121,76,2220,Brazil,vol,0.5665322580645161,0.7479838709677419,0.3693916167791969,True
0.3800995608525934,0.7228823919245037,1.9018238019086926,-0.6438625087758165,-0.6240761670288406,-0.01978634174697589,0.058865986127734485,20,236,76,2393,Brazil,vol,0.5564516129032258,0.5201612903225806,0.7188973291807839,True
0.44843993498880114,0.3575649881441201,0.7973531352711697,0.31209420817362954,1.4879255919566177,-1.1758313837829881,0.28188482778995777,20,51,76,2410,Brazil,vol,0.9314516129032258,0.2056451612903226,0.8481521810715186,True
0.6385978559799512,0.5705081854216337,0.8933762932012488,-0.47923639641186,-1.749517820381958,1.270281423970098,0.5082050169350303,20,116,76,2420,Brazil,vol,0.9153225806451613,0.15120967741935484,1.2078053761882674,True
0.3403243455975108,0.8976083903342796,2.6375086059692254,-0.8598615324842083,-0.8315456108085592,-0.028315921675649103,0.0059937261008263095,20,394,76,2512,Brazil,vol,0.35685483870967744,0.4173387096774194,0.6436688917936677,True
0.27395133886217177,1.0501175222789354,3.8332264651105143,-0.7486071820551619,-1.9884240150532388,1.239816832998077,-0.006069508623098973,20,722,76,2513,Brazil,vol,0.18346774193548387,0.10887096774193548,0.5181349996610275,True
0.18802976228194596,0.4863028905224328,2.5863080643224645,-0.47917785899412735,-0.5733877123757446,0.09420985338161729,0.03782981213476624,20,141,76,2593,Brazil,vol,0.36693548387096775,0.5504032258064516,0.35562812439925595,True
0.3236725817062123,0.6443930808517273,1.9908794172643982,0.5656908003594818,0.4251829905374547,0.14050780982202712,0.282341002943706,20,121,76,2599,Brazil,vol,0.5221774193548387,0.6532258064516129,0.612174752308866,True
0.09145016026992782,0.13907755153328502,1.520801616123781,-0.05151597569397026,-0.057007527529430224,0.005491551835459964,0.004550892047131489,20,462,76,2610,Brazil,vol,0.6955645161290323,0.9475806451612904,0.17296330420308398,True
0.16714198586858298,0.38073749995550554,2.2779285406771708,-0.18699591688830708,-0.29929159664729577,0.1122956797589887,0.03445910511311403,20,86,76,2620,Brazil,vol,0.43548387096774194,0.7600806451612904,0.31612224693281116,True
0.4195634206584963,0.2966869386429723,0.707132519268072,-0.1826643902941818,-0.06383772804970264,-0.11882666224447916,0.1443351254894771,20,75,76,2630,Brazil,vol,0.9495967741935484,0.9435483870967742,0.7935368876953774,True
0.26744364932828785,0.6996381203643357,2.616020691168209,0.6751325777974984,0.5859752588179008,0.08915731897959756,0.013337451445268333,20,178,76,2640,Brazil,vol,0.3629032258064516,0.5423387096774194,0.5058267491212137,True
0.14989898756959952,0.36406742326927466,2.428751715886238,-0.040761740296776594,-0.13043351660785207,0.08967177631107548,0.011836874241465461,20,321,76,2651,Brazil,vol,0.3971774193548387,0.8850806451612904,0.28350988243440733,True
0.15755020431147293,0.426047123576761,2.704199118234567,-0.39054656366131546,-0.3718465716515787,-0.018699992009736762,0.004447194246839491,20,504,76,2660,Brazil,vol,0.34274193548387094,0.6975806451612904,0.2979809311995734,True
0.1352171479005423,1.4855623961040731,10.986494088728781,-1.3594237979077644,-1.3955722505482364,0.03614845264047211,-0.011576660001001458,20,414,76,2670,Brazil,vol,0.016129032258064516,0.23588709677419356,0.2557415385250626,True
0.5384094800470188,1.6122530682409144,2.994473775053362,0.5199398400246862,0.6363290875838635,-0.11638924755917734,-0.014005289739335841,20,773,76,2680,Brazil,vol,0.27419354838709675,0.5100806451612904,1.0183151391788183,True
0.46411798756637723,0.28624133286170184,0.6167425967750586,0.21547700581596985,0.31578597846078804,-0.1003089726448182,0.3727003855240568,20,131,76,2710,Brazil,vol,0.9616935483870968,0.7419354838709677,0.8778047018465855,True
0.6692302884322521,0.8887326672803695,1.3279922959887644,-0.4047744577617376,-1.5300824382119305,1.1253079804501929,0.06260625629334085,20,261,76,2720,Brazil,vol,0.7580645161290323,0.19959677419354838,1.2657417069403307,True
0.14891744444199645,0.7906111888837056,5.3090569197327975,0.295181522435394,0.29058507334489103,0.004596449090502945,-0.004970944875394875,20,645,76,2731,Brazil,vol,0.0907258064516129,0.7721774193548387,0.2816534511053976,True
0.3185398963685419,0.3525726774040638,1.1068399325280964,0.29153304023401816,0.29187230583409407,-0.0003392656000759037,0.0017354309643398125,20,213,76,2750,Brazil,vol,0.8306451612903226,0.7681451612903226,0.6024671015752003,True
0.09180767216538199,0.2751784254401718,2.9973358320693113,0.21330998287105984,0.15953122020466945,0.05377876266639039,0.015356960423716582,20,183,76,2790,Brazil,vol,0.27419354838709675,0.8608870967741935,0.17363948058754455,True
0.40689055217886644,0.49117875587023474,1.2071520295568714,0.473901393323672,0.4735635388234291,0.00033785450024287003,0.10191478526040579,20,543,76,2811,Brazil,vol,0.8024193548387096,0.6209677419354839,0.769568190434508,True
0.46918282044888276,0.9038363839061055,1.9264055385518493,-0.01291443907195955,0.2917820651902873,-0.30469650426224687,0.03756865741156045,20,250,76,2812,Brazil,vol,0.5524193548387096,0.7681451612903226,0.8873840205488039,True
0.49243895961289874,0.2881365297818433,0.5851213112958091,-0.019508835916504097,-0.15406981999023878,0.13456098407373468,0.3477262700841408,20,166,76,2813,Brazil,vol,0.9637096774193549,0.8649193548387096,0.931369276134383,True
0.17002652644706956,0.3253278547323768,1.91339470099481,-0.16861920521471063,-0.19244286910510472,0.023823663890394073,0.09532988306070483,20,169,76,2814,Brazil,vol,0.5544354838709677,0.8407258064516129,0.3215778925882183,True
0.31405291843698374,0.6505711489280133,2.071533524241245,0.45278320738534816,0.4248244293545876,0.02795877803076057,0.05364897930497117,20,655,76,2815,Brazil,vol,0.4939516129032258,0.6532258064516129,0.5939807027910112,True
0.23605446232775953,0.3204906099291792,1.35769773961816,-0.21801752997611779,-0.24627267889993595,0.028255148923818165,0.006791627295578483,20,403,76,2816,Brazil,vol,0.7399193548387096,0.8064516129032258,0.4464591385688112,True
0.3317441846026981,1.1641537270012166,3.5091910605619954,0.4714475493469017,0.8957904880640519,-0.4243429387171503,0.017348576092112176,20,320,76,2817,Brazil,vol,0.22379032258064516,0.3951612903225806,0.6274408940309866,True
0.3138403629445532,0.6154589398791978,1.9610573162252305,0.5732036929685425,0.2220433590891855,0.35116033387935697,0.012457532532434938,20,178,76,2818,Brazil,vol,0.532258064516129,0.8245967741935484,0.5935786881833957,True
0.14636363039291175,0.5423189820667855,3.7052851217951854,0.5236924505951794,0.5777787525334546,-0.054086301938275176,0.01670167246770905,20,185,76,2819,Brazil,vol,0.1935483870967742,0.5463709677419355,0.2768233216125005,True
0.30577449867021333,0.6937987400308957,2.2689882349514625,0.6189133493803229,0.7223328811595582,-0.1034195317792352,0.010065350715676692,20,522,76,2821,Brazil,vol,0.4435483870967742,0.46169354838709675,0.5783234001442538,True
0.3716982218634028,0.2634651790475376,0.7088147415038205,0.09356621651983588,-0.02418658746043277,0.11775280398026865,0.045145144912366646,20,367,76,2822,Brazil,vol,0.9475806451612904,0.9778225806451613,0.7030075445482418,True
0.20660472027896726,0.25025981842017486,1.2112976803350013,0.20838769110612532,0.2191391291190917,-0.010751438012966385,0.038204407945917396,20,491,76,2823,Brazil,vol,0.8024193548387096,0.8266129032258065,0.3907596769423605,True
0.4715525092185822,0.5958896962318397,1.2636762281666125,0.45507027814058176,-1.1710444877043127,1.6261147658448944,0.28897604936287813,20,157,76,2824,Brazil,vol,0.7903225806451613,0.30443548387096775,0.8918659066201937,True
0.15627874196382596,0.5055038451648838,3.2346296035700965,0.4387125870618416,0.41685803156484985,0.021854555496991734,0.008548854970497772,20,569,76,2825,Brazil,vol,0.24798387096774194,0.657258064516129,0.29557616418582827,True
0.14743308029256957,0.25661661055670953,1.7405633121649067,-0.20180318555285304,-0.2293837354238657,0.027580549871012654,0.0030347965168489436,20,466,76,2826,Brazil,vol,0.6129032258064516,0.8185483870967742,0.27884601449547075,True
0.3682571199596763,0.2688424186017465,0.7300399748718625,0.1254463192638653,0.12450880909837693,0.0009375101654883678,0.011544539407797478,20,499,76,2829,Brazil,vol,0.9415322580645161,0.8911290322580645,0.6964992524510898,True
0.7835761755315739,1.2581415721378626,1.6056404104991402,-0.6395874726539024,-1.2257200041827887,0.5861325315288862,0.03566709032153719,20,238,76,2910,Brazil,vol,0.6491935483870968,0.2782258064516129,1.482008604629247,True
0.44428652577247296,1.5889425896717877,3.576391579531074,0.8874658167213472,1.4733490894039427,-0.5858832726825957,-0.007993788991803525,20,348,76,2920,Brazil,vol,0.21370967741935484,0.21370967741935484,0.8402966739882806,True
0.663508850236488,0.49588027799202333,0.7473604576868591,-0.3807809824965869,-0.654473842715227,0.2736928602186401,0.5968268465962303,20,134,76,2930,Brazil,vol,0.9375,0.5060483870967742,1.2549205246459294,True
0.941021620726969,1.6088180553864722,1.7096504691822163,-1.512591765493367,-0.356755240081136,-1.155836525412231,0.09732791920190782,20,533,76,3011,Brazil,vol,0.6229838709677419,0.7056451612903226,1.779791400770241,True
0.9795128473369014,0.49859001194512015,0.5090183485603953,-0.18334706684535895,0.0956122243285818,-0.27895929117394075,0.26600278790900506,20,558,76,3020,Brazil,vol,0.969758064516129,0.9193548387096774,1.852591379661834,True
0.5633412075317151,0.3141233918772819,0.5576076943733914,-0.059773703148399804,-1.0526924947963452,0.9929187916479454,0.24047755065251053,20,24,76,3030,Brazil,vol,0.969758064516129,0.3407258064516129,1.0654695012107234,True
0.12397369843864185,0.6006030957394788,4.844600937970198,0.5591609186729869,0.4050022586794609,0.15415865999352601,0.012023215486781747,20,333,76,3250,Brazil,vol,0.10887096774193548,0.6612903225806451,0.2344763579739228,True
0.9825009332807194,1.0327932863804663,1.051188097024817,0.6913407368960849,0.4987327108789098,0.19260802601717505,0.20723402509625333,20,566,100,1061,Bulgaria,vol,0.8588709677419355,0.5967741935483871,1.8582428647610407,True
0.15782991282322653,0.8584863989409935,5.439313648373613,0.04641576268347869,0.05156179303653603,-0.005146030353057344,-0.0021346962957002284,20,431,100,1312,Bulgaria,vol,0.0846774193548387,0.9536290322580645,0.2985099549679718,True
0.762968532108558,1.4386659861760198,1.8856164122524008,1.0196213269946952,1.1309436136475466,-0.11132228665285145,-0.18026052610214582,20,371,100,1399,Bulgaria,vol,0.5625,0.3245967741935484,1.4430325537643491,True
0.7205834288328018,1.0645193152319408,1.4773019648207077,0.9766375027274332,0.2524507676952559,0.7241867350321773,0.012378110424017728,20,556,100,2011,Bulgaria,vol,0.7116935483870968,0.8024193548387096,1.362867931964616,True
1.371139111389395,0.6641691580561411,0.4843922491446757,0.414309024810791,-4.181201212661356,4.595510237472147,-0.21610041098161178,20,875,100,2013,Bulgaria,vol,0.969758064516129,0.02217741935483871,2.5932896183887393,False
0.846167797384605,2.3254423867236946,2.7482047815,2.1879437715382544,2.7022384003519395,-0.5142946288136852,-0.15955996278104445,20,409,100,2022,Bulgaria,vol,0.3407258064516129,0.06048387096774194,1.600390614012015,True
0.5010415511955458,0.5747514563017522,1.1471133580245503,0.23615359433230232,-0.18788629261896184,0.42403988695126416,-0.09457290254242504,20,561,100,2029,Bulgaria,vol,0.8185483870967742,0.842741935483871,0.9476396977547765,True
0.3078816970064169,1.3538123567002094,4.397183625605368,1.2450292158846317,1.1743804448805337,0.07064877100409787,0.006504416143571506,20,366,100,2100,Bulgaria,vol,0.14516129032258066,0.30443548387096775,0.5823088276794842,True
0.27052185216026925,0.42732207019030755,1.579621264522257,0.23264075813275298,0.14022910613196637,0.09241165200078659,-0.009281087855189036,20,306,100,2220,Bulgaria,vol,0.6592741935483871,0.8810483870967742,0.5116486758543687,True
2.061364422367256,3.302407492995347,1.6020493306093282,2.46996056082933,-2.4339628248294174,4.903923385658747,0.014662020415237979,20,821,100,2410,Bulgaria,vol,0.6491935483870968,0.07056451612903226,3.8987400416461138,False
0.6186937190094154,0.8695958986361987,1.4055353592864985,0.6888606703112998,0.6361108358115447,0.052749834499755156,0.03960406270973873,20,591,100,2420,Bulgaria,vol,0.7278225806451613,0.5100806451612904,1.1701598948947072,True
0.3863996890212472,0.2907666969217091,0.7525024092494041,0.1849535614012332,0.20166484810001734,-0.016711286698784127,-0.00856745269292215,20,287,100,2593,Bulgaria,vol,0.9354838709677419,0.8326612903225806,0.7308130107032319,True
0.385161730520958,0.2596359664205399,0.6740959598176179,0.0023913683980989475,-0.06301368598784098,0.06540505438593992,-0.017525604299268173,20,259,100,2599,Bulgaria,vol,0.9516129032258065,0.9455645161290323,0.7284716108407897,True
0.1903601194325742,0.35256794119737955,1.8521103172676858,0.32855345250386137,0.2880418790081622,0.04051157349569919,0.0002654041291054328,20,615,100,2610,Bulgaria,vol,0.5745967741935484,0.7741935483870968,0.36003562102426173,True
0.44130874410163073,0.6859115895750617,1.5542669361137798,0.5297609151139611,0.2482888327901786,0.28147208232378246,0.08265889025623335,20,109,100,2620,Bulgaria,vol,0.6794354838709677,0.8064516129032258,0.8346646777680005,True
0.15434687722779364,0.769179060690882,4.983444268559351,0.729659436687923,0.6908443113392513,0.03881512534867171,-0.005369281973799983,20,159,100,2630,Bulgaria,vol,0.10080645161290322,0.4737903225806452,0.2919223520215707,True
0.5167011052243635,0.5514605242971683,1.0672718109587,-0.3910331371800275,-0.6725452036142172,0.28151206643418963,0.0006044032110599027,20,255,100,2640,Bulgaria,vol,0.8508064516129032,0.4879032258064516,0.9772572314931147,True
0.1770380928215239,0.6420927605627985,3.6268621646873855,0.6135794412134885,0.6192642673382546,-0.005684826124766104,0.006520867940037498,20,478,100,2651,Bulgaria,vol,0.21169354838709678,0.5201612903225806,0.33483914532069337,True
0.32372586777723517,0.9222573127179329,2.8488835910776333,-0.5730948326547205,-0.29348752883068785,-0.27960730382403265,0.0196339705801413,20,460,100,2670,Bulgaria,vol,0.3286290322580645,0.7661290322580645,0.6122755343620073,True
0.25863004853657023,0.7791317937061215,3.012533919066069,0.6802901318707999,0.15794909281801817,0.5223410390527817,-0.0046958022606348685,20,350,100,2710,Bulgaria,vol,0.2701612903225806,0.8608870967741935,0.48915723744006595,True
0.30723814833859714,1.49440838255322,4.864006604109204,1.387764644603462,1.3160012213117223,0.07176342329173961,-0.021043680081851947,20,703,100,2731,Bulgaria,vol,0.10887096774193548,0.2560483870967742,0.5810916586371003,True
0.5284304918890234,0.834522547954796,1.5792475278471545,0.23788428024368535,0.2126616458825819,0.02522263436110346,0.07021134036643271,20,292,100,2740,Bulgaria,vol,0.6592741935483871,0.8266129032258065,0.999441484290562,True
0.22423087282858178,0.4518918734688375,2.015297303927886,-0.28725652864983786,-0.2932427282191405,0.005986199569302657,-0.0007613928320878604,20,268,100,2790,Bulgaria,vol,0.5120967741935484,0.7661290322580645,0.42409671622551043,True
0.4101327418354765,0.5383258547448737,1.312564932845136,0.47218596987179495,0.024425402146939057,0.4477605677248559,0.057763321411542196,20,355,100,2813,Bulgaria,vol,0.7620967741935484,0.9778225806451613,0.7757002719333825,True
0.2093757447733031,1.3109761594232574,6.26135639943723,1.1323185246050542,1.065544058998403,0.06677446560665108,0.013415328242850048,20,573,100,2814,Bulgaria,vol,0.06451612903225806,0.3387096774193548,0.39600062513920703,True
0.2185177215224144,0.7376094336675919,3.375513109548563,0.6990198482878522,0.6479376170044981,0.05108223128335409,0.013728895927902213,20,399,100,2819,Bulgaria,vol,0.23387096774193547,0.5060483870967742,0.41329120725308033,True
0.16942431636877284,0.9190582711180094,5.424594832760406,0.8216193622666914,1.80611703037656,-0.9844976681098685,0.0023466285752328534,20,588,100,2822,Bulgaria,vol,0.0846774193548387,0.14516129032258066,0.3204389088547928,True
0.23311734365261128,0.713224775895208,3.059509707514715,0.5305335033095133,0.3351531048784654,0.19538039843104796,0.005875323274526375,20,769,100,2829,Bulgaria,vol,0.26814516129032256,0.7237903225806451,0.44090404988016646,True
0.7691068375111253,0.8241684163758684,1.0715915867331587,-0.5084183594111984,-0.24506262903126358,-0.2633557303799348,-0.1611039564947374,20,464,100,2910,Bulgaria,vol,0.8487903225806451,0.8084677419354839,1.4546421734905686,True
0.1660850994880062,0.33051953959751595,1.9900613638214086,0.12522743177459716,0.15989780902324863,-0.03467037724865147,-0.006663277890243064,20,586,100,2930,Bulgaria,vol,0.5221774193548387,0.8608870967741935,0.3141233159302604,True
1.0814829400094563,1.379695651664976,1.2757442587609493,-0.6379841670841859,-0.9314829611937012,0.29349879410951535,-0.09019293397235349,20,294,100,3092,Bulgaria,vol,0.7762096774193549,0.3850806451612903,2.0454514479928405,False
1.1398722532595964,1.3788948023211332,1.2096924005106924,-0.8883098524664659,-1.5274584332646963,0.6391485807982304,-0.10764221032844491,20,343,170,1311,Colombia,vol,0.8024193548387096,0.19959677419354838,2.1558854649490047,False
0.3062108833285409,0.8496068850956321,2.7745809549952174,-0.47186441593207284,-0.6311413113312645,0.15927689539919168,0.011058124524016949,20,308,170,1312,Colombia,vol,0.3387096774193548,0.5100806451612904,0.5791487517038911,True
0.14550656110435167,0.2338864651269768,1.6073946312238283,-0.05691315027296717,-0.06909621088227647,0.012183060609309286,0.02398395824376497,20,291,170,1399,Colombia,vol,0.6491935483870968,0.9415322580645161,0.27520231257716604,True
0.34559208844044675,0.8163603424036324,2.362207844767574,0.7768611566291863,0.8119137141521301,-0.03505255752294375,-0.014987668279943668,20,519,170,1701,Colombia,vol,0.4153225806451613,0.41935483870967744,0.6536319821274302,True
0.19394121665119024,0.5387935497129029,2.7781281308652463,0.3099674381148265,-0.26529725962807804,0.5752646977429046,-0.0036278525373972703,20,335,170,2011,Colombia,vol,0.3387096774193548,0.7923387096774194,0.3668086917961014,True
0.14265535918885847,0.5900653157624175,4.136299674386872,0.3195778649447316,0.2118873480310456,0.107690516913686,0.0043096134987303195,20,706,170,2029,Colombia,vol,0.16733870967741934,0.8266129032258065,0.269809721653342,True
0.5569727528935685,0.32523507424555287,0.5839335453231799,0.04885307005300632,-0.5330827368744476,0.581935806927454,0.10656201403836879,20,497,170,2219,Colombia,vol,0.9637096774193549,0.5826612903225806,1.0534245911347866,True
0.28286899724367026,0.17528961528842132,0.6196847904736007,-0.058502199206953875,-0.4424599640383581,0.3839577648314042,0.05067419716402358,20,145,170,2310,Colombia,vol,0.9616935483870968,0.6431451612903226,0.5350013195763301,True
0.5036423956999102,1.3200194228407849,2.620945802242002,-1.0580410405557874,-0.8589849940246104,-0.19905604653117706,-0.020856413692617662,20,419,170,2410,Colombia,vol,0.36088709677419356,0.40524193548387094,0.952558777807403,True
0.1092760477943307,0.43502542732655486,3.9809769488124203,0.31905249034550387,0.31168990770305705,0.007362582642446822,0.007530130723647943,20,180,170,2599,Colombia,vol,0.17943548387096775,0.75,0.20667811014188922,True
0.3500137953490586,0.29580715130997604,0.8451299784197824,0.09582154294519007,-0.05974161715929302,0.1555631601044831,0.008118315679075798,20,573,170,2816,Colombia,vol,0.9213709677419355,0.9455645161290323,0.6619949312450011,True
0.15847660305532166,0.3676738059583671,2.320051028794566,0.3130254414253262,0.2744120972951176,0.03861334413020859,-0.0031912890349610605,20,361,170,2819,Colombia,vol,0.4274193548387097,0.7862903225806451,0.29973306577509207,True
0.7498118434457133,2.332325111741012,3.1105471754393186,0.4840474967075945,1.070781203026792,-0.5867337063191976,0.05078703228267314,20,199,191,1399,Croatia,vol,0.2600806451612903,0.33669354838709675,1.418148788259947,True
0.15278611949371207,0.4050086773818601,2.650821152627862,0.2676547007203105,0.6601436247825321,-0.3924889240622216,0.0024569785215722687,20,569,191,2011,Croatia,vol,0.3528225806451613,0.5,0.28897042920426275,True
0.5220731614111221,1.669325777946552,3.197493955510943,-0.910859047372421,-0.4706330205568624,-0.44022602681555856,-0.03517289771693493,20,832,191,2029,Croatia,vol,0.25201612903225806,0.6229838709677419,0.9874176137787642,True
0.13293385875198652,0.14467826513931167,1.0883477429872594,0.0524821930202819,-0.13702999414788983,0.18951218716817173,0.02394331951378703,20,193,191,2100,Croatia,vol,0.8407258064516129,0.8830645161290323,0.25142306347352,True
0.24894336697110211,0.8012342430503102,3.218540235873484,0.4836159606365369,0.2422183827822114,0.2413975778543255,-0.006891192809038171,20,363,191,2220,Croatia,vol,0.25,0.8104838709677419,0.47083643356852356,True
2.2240173697932994,2.1915498846952457,0.9854014246745423,-1.8544518161087478,-0.3402834656716984,-1.5141683504370493,0.381520249527366,20,654,191,2410,Croatia,vol,0.8870967741935484,0.7217741935483871,4.206371992668841,False
0.8884294992211287,4.182030268501877,4.707216804674083,3.9722026138781956,3.9157804591712995,0.05642215470689596,-0.10527899926675448,20,647,191,2420,Croatia,vol,0.12298387096774194,0.02620967741935484,1.6803218417902388,True
1.7177877686650054,0.775267739952542,0.4513175341532723,-0.20682511175906448,-0.44659278599528135,0.23976767423621687,-0.1579715841524221,20,277,191,2431,Croatia,vol,0.9717741935483871,0.6431451612903226,3.2489199309325243,False
0.20558212756633623,0.4049411684059975,1.969729437085104,0.3531404218823706,-0.08164035586767243,0.43478077775004303,0.009570909645369531,20,220,191,2593,Croatia,vol,0.532258064516129,0.9294354838709677,0.3888256069100216,True
0.38093839853283684,0.5671199359208037,1.4887444744479283,0.3774057336111145,-0.34025771351025647,0.717663447121371,0.03770203504498948,20,306,191,2599,Croatia,vol,0.7096774193548387,0.7217741935483871,0.7204838560544023,True
0.19128016270724568,0.3664671658712334,1.9158660296212287,-0.2778404586962804,-0.3143208162697089,0.036480357573428546,-0.0007113529937457356,20,623,191,2610,Croatia,vol,0.5544354838709677,0.7459677419354839,0.3617757352496201,True
0.4829758307238686,1.597713567095779,3.3080611191271774,1.2924525849828141,1.5791811273059913,-0.28672854232317724,0.002392826878462903,20,239,191,2620,Croatia,vol,0.24193548387096775,0.18951612903225806,0.9134712862794157,True
0.7115037533235589,0.6165151019207464,0.8664959236559135,0.045504951665616744,0.07538478395072998,-0.029879832285113227,-0.028950919279548758,20,218,191,2630,Croatia,vol,0.9213709677419355,0.9354838709677419,1.3456951826491956,True
1.071380848341806,1.1453761138966647,1.069065324127627,0.9602475776089285,1.0607248074438054,-0.10047722983487681,0.0329465019201318,20,368,191,2640,Croatia,vol,0.8487903225806451,0.3407258064516129,2.0263449625690657,False
0.17519522309976915,0.3576739151486455,2.041573444870466,0.28939930190325924,0.6552393774887653,-0.365840075585506,0.004119693670812391,20,688,191,2651,Croatia,vol,0.5040322580645161,0.5060483870967742,0.3313536529459431,True
0.4663598140245192,1.6053906755926726,3.442386387752243,1.573298318493423,2.1126018994546127,-0.5393035809611899,0.0025396671140350724,20,422,191,2710,Croatia,vol,0.23387096774193547,0.10080645161290322,0.8820447568722478,True
0.8009599222570291,0.4780526941654397,0.5968497060606136,0.4288097063527134,0.3350945502049474,0.09371515614776603,-0.01006642711658304,20,363,191,2790,Croatia,vol,0.9616935483870968,0.7237903225806451,1.5148871721920532,True
0.20954202235212713,0.7459496063938217,3.5599045862995573,-0.5720830804024581,1.1498110159017791,-1.7218940963042373,-0.008059385198181411,20,596,191,2813,Croatia,vol,0.21774193548387097,0.31048387096774194,0.3963151124989165,True
0.5431704697556241,0.6875161731106244,1.2657465959442573,0.35691552539770655,0.3965984438139908,-0.03968291841628426,0.0008918901596228969,20,555,191,2814,Croatia,vol,0.782258064516129,0.6774193548387096,1.0273197872717974,True
0.23402625220712658,1.4283917131534842,6.103553339346203,1.271092201119755,1.364197809407386,-0.09310560828763118,-0.0007975468191733528,20,445,191,2819,Croatia,vol,0.06653225806451613,0.24798387096774194,0.44262310456900894,True
0.5487164893899544,0.45275931828052735,0.8251243165371078,-0.1520489373298144,-1.0536906912488022,0.9016417539189877,0.003151562485887832,20,696,191,2822,Croatia,vol,0.9233870967741935,0.3407258064516129,1.0378091935046305,True
0.528739358619044,0.5096805351970777,0.9639542184418729,0.07631510988553103,0.2291426686036525,-0.15282755871812148,-0.019286431624159175,20,516,191,2829,Croatia,vol,0.8971774193548387,0.8185483870967742,1.000025656150131,True
1.0431809752447683,2.457688643096144,2.355956158536615,-1.58889694321977,-1.5632633478195046,-0.02563359540026531,-0.036328361996051856,20,531,191,2910,Croatia,vol,0.4153225806451613,0.18951612903225806,1.9730094275128718,True
0.6325216546171984,0.39961469206080785,0.6317802547055157,0.3461167110115291,0.5707332941790593,-0.22461658316753022,-0.018835237561296368,20,681,191,2930,Croatia,vol,0.9616935483870968,0.5504032258064516,1.1963132162882415,True
0.4489783337101377,1.5388836245505255,3.4275231319826567,-0.955913314213289,-0.4470122847884135,-0.5089010294248755,-0.036976313942133014,20,873,218,2824,Ecuador,vol,0.23387096774193547,0.6431451612903226,0.8491704758623229,True
0.38367637721965153,0.7837545162679077,2.042748948860135,0.6528211820354439,0.6657726256703196,-0.012951443634875607,-0.08416231070833727,20,572,348,1030,Hungary,vol,0.5040322580645161,0.4959677419354839,0.7256623034088004,True
0.4326966410256528,0.7777863582163065,1.797532692587264,-0.06364200285688515,-0.04173306148021612,-0.021908941376669027,0.007805452946883113,20,646,348,1062,Hungary,vol,0.5887096774193549,0.9616935483870968,0.8183762666841708,True
0.2962986250635381,0.47690085807464033,1.6095277457746353,0.07527126093464087,0.1388042915795942,-0.06353303064495333,-0.028420205592034054,20,897,348,1079,Hungary,vol,0.6491935483870968,0.8830645161290323,0.5604013057008578,True
0.46348263405633244,2.0692860330100533,4.46464631241944,-1.6367101663701282,-3.3812643408946204,1.7445541745244921,0.034801714536540344,20,444,348,1101,Hungary,vol,0.1431451612903226,0.036290322580645164,0.876603032630151,True
1.0598303320095497,1.693765539720074,1.5981478247640983,1.4188210837274786,2.2181644787241046,-0.799343394996626,-0.014081905392445955,20,414,348,1312,Hungary,vol,0.6491935483870968,0.0907258064516129,2.0044990143041104,False
0.35464364001906135,0.6643025533025276,1.873155129094724,-0.5123520848508214,-0.543699178676097,0.03134709382527553,-0.004125240345437123,20,347,348,1399,Hungary,vol,0.5685483870967742,0.5725806451612904,0.6707515395407883,True
0.34263403704354295,0.9143880234723507,2.668701660121839,-0.28373201195316344,-0.10066386437961336,-0.18306814757355008,-0.029698479222928353,20,842,348,1920,Hungary,vol,0.35080645161290325,0.9153225806451613,0.6480373025544162,True
0.23190339716806757,0.24216943092828175,1.0442685785787522,0.03408782687813705,-0.15934207998939923,0.19342990686753628,0.0007403206841057785,20,322,348,2011,Hungary,vol,0.8629032258064516,0.8608870967741935,0.4386080648925771,True
0.8737528338370859,0.9280388953246314,1.0621297687232076,0.623245864119701,1.0782744193597786,-0.4550285552400777,-0.029208919961396195,20,545,348,2013,Hungary,vol,0.8528225806451613,0.33669354838709675,1.6525632842107414,True
0.5588957136058218,0.6353499993310695,1.1367952622717186,0.3989104640243806,0.16181675255421354,0.23709371147016703,0.0033407315083111362,20,915,348,2022,Hungary,vol,0.8205645161290323,0.8608870967741935,1.0570615627667916,True
0.1425831911438431,0.7109511437972449,4.986219890954829,0.4918090915650879,0.4090802740845704,0.08272881748051748,-0.0031116205927584806,20,703,348,2029,Hungary,vol,0.10080645161290322,0.6592741935483871,0.2696732273761653,True
0.4336435758798095,2.095889130666961,4.833206917488999,1.5167014376560441,1.3063800927535305,0.2103213449025136,-0.014600856853215338,20,329,348,2100,Hungary,vol,0.11088709677419355,0.2560483870967742,0.8201672420171453,True
0.05840626549340927,0.14544433733719928,2.49021806322494,-0.10471643400918218,-0.007148864064233082,-0.0975675699449491,-0.00390884212602865,20,383,348,2219,Hungary,vol,0.3850806451612903,0.9899193548387096,0.11046607940417782,True
0.19420249088656208,0.1641352324082782,0.8451757320875621,0.08657612045429097,-0.1479606453888729,0.23453676584316388,-0.010841334270914483,20,131,348,2220,Hungary,vol,0.9213709677419355,0.8729838709677419,0.3673028500886584,True
0.08462435010179063,0.920321279551029,10.875371904706128,-0.7928226094696171,-0.9105830922474034,0.11776048277778624,-0.00016821223123564266,20,242,348,2310,Hungary,vol,0.016129032258064516,0.39314516129032256,0.16005337952871196,True
0.09180643966770921,0.43689530421782025,4.758874277220098,-0.37443268108017236,-0.2957867500982495,-0.07864593098192288,-1.7430235036480273e-05,20,525,348,2399,Hungary,vol,0.11693548387096774,0.7641129032258065,0.17363714951596113,True
0.3090138840128557,0.7800960327452741,2.5244692005904183,-0.10042593552350176,-0.07861432232967831,-0.02181161319382345,-0.027664917712368252,20,805,348,2410,Hungary,vol,0.38306451612903225,0.9314516129032258,0.5844501777332342,True
0.25564036616571295,1.5719059522987555,6.148895715787717,1.2954176449562862,1.6015041489562896,-0.30608650400000337,-0.009152207277727052,20,692,348,2420,Hungary,vol,0.06451612903225806,0.1814516129032258,0.48350273295527474,True
0.33844103727798774,1.7697609271770922,5.229155841770604,-1.6723668708129296,-1.5997655815172118,-0.07260128929571785,0.02037834342643978,20,408,348,2431,Hungary,vol,0.0907258064516129,0.1814516129032258,0.640106916299952,True
0.14329207113701553,0.4642504436758144,3.2398892694620853,-0.318377235916504,0.0811841075634065,-0.3995613434799105,-0.000546882549845988,20,213,348,2593,Hungary,vol,0.24798387096774194,0.9314516129032258,0.271013960137493,True
0.15055434030105325,0.40621169366811777,2.698106828775869,0.16765623817664022,0.29999357410682637,-0.13233733593018612,-0.00026454371905450876,20,202,348,2599,Hungary,vol,0.34475806451612906,0.7600806451612904,0.2847493769690935,True
0.14972210596600266,0.6036906822481888,4.032074477934932,-0.4153882669708704,-0.44804178788656485,0.032653520915694435,0.007715633710363112,20,345,348,2610,Hungary,vol,0.17540322580645162,0.6431451612903226,0.2831753392633451,True
0.0861245075779137,0.7361637927858022,8.547669107075262,-0.691914427806946,-0.6441398616638618,-0.047774566143084216,-0.007319010052426866,20,32,348,2620,Hungary,vol,0.03225806451612903,0.5080645161290323,0.16289068668191253,True
0.7599920842745407,0.5941991648959907,0.7818491497358034,-0.5477312781830221,0.40484757500333113,-0.9525788531863533,0.08190230581562345,20,78,348,2630,Hungary,vol,0.9334677419354839,0.6612903225806451,1.4374030802823978,True
0.2284654831835274,0.7661604687626004,3.3535064382007325,0.7249310728083156,0.6209192726565766,0.10401180015173897,0.0017486067880607692,20,122,348,2640,Hungary,vol,0.23790322580645162,0.5201612903225806,0.4321058022330376,True
0.08915232215990891,0.5118715973580084,5.741539703698183,-0.45492135417888413,-0.48448846461139755,0.02956711043251342,0.00038532779886986515,20,200,348,2651,Hungary,vol,0.07056451612903226,0.6068548387096774,0.16861731212543712,True
0.35953658103647274,0.4085751843912905,1.136393919120689,-0.33246661199272864,-0.5125666371291239,0.18010002513639525,0.02775484121095366,20,558,348,2660,Hungary,vol,0.8205645161290323,0.5907258064516129,0.6800057523616767,True
0.258482365853787,0.27706753682429813,1.0719011175448,-0.07001471395409276,-0.760012479465915,0.6899977655118222,-0.01660111481432666,20,384,348,2670,Hungary,vol,0.8487903225806451,0.4435483870967742,0.4888779193425102,True
0.3111938002125215,0.21612299434990387,0.694496465553968,0.03741535297155707,-0.5334849531088319,0.570900306080389,0.005295378051527971,20,148,348,2710,Hungary,vol,0.9516129032258065,0.5826612903225806,0.5885731394390107,True
0.6174215564286231,4.389984157655826,7.110189321942357,4.102723773809677,3.7226023205316157,0.38012145327806146,-0.04361868499875821,20,409,348,2720,Hungary,vol,0.05241935483870968,0.03225806451612903,1.167753803502326,True
0.4104976276393941,0.8139901797526035,1.9829351619728763,-0.5556612100116816,-0.8154878954863962,0.2598266854747147,-0.011698915727496,20,329,348,2731,Hungary,vol,0.5262096774193549,0.41935483870967744,0.7763903948824962,True
0.0898440311003011,1.3470162303289075,14.992829393697953,-1.2137602998267223,-1.2512529339943084,0.03749263416758609,0.0007102229077340573,20,56,348,2740,Hungary,vol,0.006048387096774193,0.2661290322580645,0.1699255685956709,True
0.12907647975754893,0.3285732617828129,2.5455703657241746,0.2418594907543028,0.2354827588375995,0.0063767319167033045,-0.004818140905542153,20,116,348,2750,Hungary,vol,0.37701612903225806,0.8125,0.24412745005444886,True
0.5769804074577136,0.6038141100036514,1.0465071295300514,0.596681582830124,-0.11592309692827951,0.7126046797584035,-0.1575513624907906,20,125,348,2790,Hungary,vol,0.8608870967741935,0.8971774193548387,1.0912658593463898,True
0.7842736577966318,0.9870484056360656,1.258551011912241,-0.5826576311438636,-0.4930246721122518,-0.0896329590316118,0.014840167790594676,20,235,348,2811,Hungary,vol,0.7923387096774194,0.6008064516129032,1.4833277804167075,True
0.20391206696532904,0.282666151725022,1.3862159112588637,0.052469401446046504,-0.37943244079299515,0.43190184223904166,-0.004136051788521752,20,167,348,2813,Hungary,vol,0.7358870967741935,0.6895161290322581,0.3856669552584883,True
0.13106378271571062,0.36842959065478537,2.8110709382922585,-0.023905109094995325,-0.31385791952372377,0.28995281042872845,-0.000527698630664052,20,321,348,2814,Hungary,vol,0.3346774193548387,0.7459677419354839,0.24788611472033506,True
0.3959789355410835,0.9775308454415892,2.4686435507127342,-0.9305213145695159,-0.7502087767521699,-0.18031253781734602,-0.05560192505929114,20,718,348,2815,Hungary,vol,0.38911290322580644,0.4495967741935484,0.7489306184248185,True
0.19925762789180357,0.31562513722167124,1.5840052928515989,-0.05735105909280591,-0.15502743973895264,0.09767638064614673,0.007058185743730728,20,384,348,2816,Hungary,vol,0.657258064516129,0.8608870967741935,0.3768638305948169,True
0.5787504508690692,1.1604789277155825,2.005145613231009,-0.7432856306672164,-1.0484229475916107,0.30513731692439433,-0.0014987258207656915,20,150,348,2817,Hungary,vol,0.5201612903225806,0.34475806451612906,1.094613612440614,True
0.1513611830571385,0.31124814468635764,2.056327377996657,0.22467551878493985,0.23817327113128078,-0.013497752346340923,0.004853721932899579,20,166,348,2819,Hungary,vol,0.5,0.8104838709677419,0.2862753905775215,True
0.2575048707457515,1.7413701937209851,6.762474778352189,1.4861256543823789,1.5957892305692423,-0.10966357618686345,0.011153986572018049,20,702,348,2822,Hungary,vol,0.05846774193548387,0.18548387096774194,0.4870291441929738,True
0.2794846862683654,0.25154707143395083,0.9000388350165688,0.18841399464307074,0.5065859745292691,-0.31817197988619833,0.009160184754496243,20,451,348,2829,Hungary,vol,0.9133064516129032,0.5907258064516129,0.5286004384077054,True
0.6832500598420119,0.1878983586334375,0.27500672107791,0.08715864834559994,-0.30928970120728294,0.3964483495528829,0.14700675487422965,20,49,348,2910,Hungary,vol,1.0,0.7520161290322581,1.292257854971636,True
0.14795952079060049,0.2447760371506144,1.6543446196817126,0.16425974848566227,0.16178083421487982,0.0024789142707824477,-0.0022563123429584016,20,236,348,2930,Hungary,vol,0.6370967741935484,0.8608870967741935,0.27984169222568994,True
0.414030171823639,1.4109597561504041,3.407866991759767,-1.2056587500216507,-1.6504280214977933,0.4447692714761426,-0.08580280978680391,20,298,348,3092,Hungary,vol,0.23387096774193547,0.1693548387096774,0.7830716353805656,True
0.18653398632940849,0.2828039658042665,1.5160988695371076,0.013578768324638446,1.0239539853563413,-1.0103752170317029,-0.0058072512920570385,20,125,348,3290,Hungary,vol,0.6975806451612904,0.3588709677419355,0.3527991041948652,True
0.533868146656374,1.7123666824302954,3.2074711577285124,-1.3227716665320282,-1.4715449547016684,0.14877328816964028,-0.03347854036397566,20,250,360,1010,Indonesia,vol,0.25201612903225806,0.21370967741935484,1.0097259357655575,True
0.24793330314510584,0.3900309934974103,1.5731286944906315,0.3708378604106599,-0.08052209675880395,0.45135995716946387,0.16747537149889313,20,69,360,1020,Indonesia,vol,0.6653225806451613,0.9314516129032258,0.46892605991488906,True
0.4690802335100901,1.0105968778025511,2.1544222195003506,0.9579136662371042,-2.4864379362607374,3.4443516024978416,0.19838056429727144,20,68,360,1040,Indonesia,vol,0.46975806451612906,0.07056451612903226,0.8871899938150148,True
0.5580309461724313,0.43918083111951906,0.7870187740158274,-0.2385031130868036,0.8622174609080966,-1.1007205739949002,-0.04449460222741712,20,566,360,1061,Indonesia,vol,0.9334677419354839,0.4032258064516129,1.0554259939257424,True
0.4033985476629425,2.0072795407367208,4.975921585156257,-1.8519237800211155,-1.5957458661204047,-0.2561779139007108,0.004147784582471559,20,335,360,1311,Indonesia,vol,0.10080645161290322,0.18548387096774194,0.7629636242141368,True
0.19388250453122038,1.4079850817097115,7.262053299311426,-1.344419175438718,-1.0904648607798786,-0.25395431465883944,0.014330318914089736,20,181,360,1312,Indonesia,vol,0.05040322580645161,0.3346774193548387,0.36669764724203197,True
0.2156837112002692,0.812540368632557,3.7672773901691974,-0.8025420081047994,-0.30454280869724637,-0.497999199407553,0.03501355878261075,20,88,360,1392,Indonesia,vol,0.18951612903225806,0.7580645161290323,0.40793113146953824,True
0.1793872251455497,1.6558966121510195,9.230850250386961,-1.6080152056163879,-1.7242799677212883,0.11626476210490035,0.02220186192839306,20,403,360,1393,Indonesia,vol,0.03024193548387097,0.15524193548387097,0.33928215217354607,True
0.08633637123188216,0.18982957758034952,2.198720827291958,-0.1729562750658573,-0.1428613690743948,-0.030094905991462507,0.04537667034905998,20,29,360,1410,Indonesia,vol,0.45564516129032256,0.8790322580645161,0.16329139278808844,True
0.10779040185533025,0.7369847544905037,6.837202031027216,0.694366960332081,0.6670869761210051,0.027279984211075893,0.003621588894308626,20,55,360,1512,Indonesia,vol,0.05846774193548387,0.4959677419354839,0.20386824923265787,True
0.11189855918469832,0.11717887192401898,1.047188388999764,-0.025569207150230255,-0.05348006331038216,0.0279108561601519,0.03884317680759786,20,21,360,1520,Indonesia,vol,0.8608870967741935,0.9536290322580645,0.2116381696327567,True
0.42912245493740125,0.3177625118012803,0.7404937871350364,0.055715582390069684,0.25196183005560185,-0.19624624766553217,0.11151235367559874,20,442,360,1610,Indonesia,vol,0.9395161290322581,0.8024193548387096,0.8116162672064665,True
0.1046190352104142,0.6462760146063014,6.177422811312338,0.5973852924145966,0.5999698850298121,-0.00258459261521553,0.012022075767527986,20,90,360,1621,Indonesia,vol,0.06451612903225806,0.5282258064516129,0.19787011809625457,True
0.41920622668767743,0.5613815000426607,1.3391535342362857,-0.5059424353969533,-0.06918760897095627,-0.436754826425997,0.06552222970006095,20,67,360,1629,Indonesia,vol,0.7479838709677419,0.9415322580645161,0.7928613126143509,True
0.6011231826151501,1.0079941253051632,1.6768511919968643,-0.8869208216618318,-0.8325583858503929,-0.054362435811438965,0.4481712574638028,20,186,360,1701,Indonesia,vol,0.6330645161290323,0.4173387096774194,1.1369280446453205,True
0.1690578256800302,0.39287764096843436,2.3239246061996566,0.10380556305957889,0.14649971347770957,-0.042694150418130676,0.010230910390560151,20,152,360,1709,Indonesia,vol,0.4254032258064516,0.8729838709677419,0.31974575052355,True
0.09095788480145248,0.3057804339851285,3.3617803959777834,0.26621394883999727,0.28192926992733874,-0.015715321087341475,0.0017739274226263161,20,194,360,2011,Indonesia,vol,0.23588709677419356,0.780241935483871,0.17203224414420276,True
1.6997037811972362,1.6337558844042073,0.9612003588374813,-1.4968791382512485,4.760694620952554,-6.257573759203803,-0.0007508679181827657,20,474,360,2012,Indonesia,vol,0.8971774193548387,0.012096774193548387,3.214716970365149,False
1.1303485480759934,1.0278257156132293,0.909299806119739,-0.656897430396711,-0.8278490399768027,0.17095160958009167,-0.09138524048640645,20,560,360,2022,Indonesia,vol,0.9112903225806451,0.41935483870967744,2.137872904752829,False
0.08603227583787317,0.5264338070636819,6.119026864472821,0.38849890207331583,0.2882649900512724,0.10023391202204346,0.01121866608447161,20,584,360,2023,Indonesia,vol,0.06653225806451613,0.7741935483870968,0.1627162451449844,True
0.6796372531666776,1.059969740817971,1.5596110070176197,-1.0081178349701485,-0.544702804870478,-0.46341503009967056,0.03740373511674313,20,310,360,2029,Indonesia,vol,0.6754032258064516,0.5725806451612904,1.2854248108504625,True
0.2683811745272715,0.7374878266640778,2.7479119128347733,-0.4978045185765243,-0.4448326312444857,-0.05297188733203864,0.030135447142166264,20,225,360,2219,Indonesia,vol,0.3407258064516129,0.6431451612903226,0.5075999276012868,True
0.25522214415496475,0.32934659339842337,1.2904311045927583,-0.3035760392322384,-0.009625782903737945,-0.29395025632850047,0.04151670105992493,20,113,360,2220,Indonesia,vol,0.7701612903225806,0.9899193548387096,0.48271173312918414,True
0.27248833504208225,0.5208605167400261,1.9114965661175405,-0.4863982199471941,-0.16550728182628294,-0.3208909381209112,0.0198980089562268,20,224,360,2310,Indonesia,vol,0.5544354838709677,0.8588709677419355,0.5153679626865977,True
0.5694869329885879,1.0539623078950962,1.8507225483893883,0.7989912234457002,0.8022804754898994,-0.0032892520441993125,0.10856978322130945,20,423,360,2410,Indonesia,vol,0.5766129032258065,0.42338709677419356,1.0770931547790514,True
0.3189411303097996,0.5878225945350577,1.8430441817400076,-0.398834115336804,-0.3591233770770229,-0.03971073825978109,0.050360558799519145,20,196,360,2420,Indonesia,vol,0.5786290322580645,0.7056451612903226,0.6032259711937282,True
0.20695434068741403,0.7549570457746103,3.6479401362975286,-0.6848365327976325,-0.7188136888579644,0.03397715606033193,0.006630415771024836,20,184,360,2593,Indonesia,vol,0.20362903225806453,0.4637096774193548,0.39142092784540206,True
0.4029844711170582,0.9634582609146414,2.3908074131094192,-0.941699239630962,0.044754169133742194,-0.9864534087647042,0.14848384199198766,20,124,360,2599,Indonesia,vol,0.4092741935483871,0.9596774193548387,0.7621804648696616,True
0.5624120297730743,0.7657347426515402,1.3615191391985408,-0.7295526413889082,-1.0671363471060216,0.3375837057171133,0.09576674493754583,20,298,360,2610,Indonesia,vol,0.7379032258064516,0.3387096774193548,1.0637121105746417,True
0.394320746663666,0.6585266288702257,1.670027850276701,-0.5605466809251052,-0.9540920588333993,0.39354537790829414,0.19098953685927275,20,44,360,2620,Indonesia,vol,0.6350806451612904,0.3810483870967742,0.7457944202335371,True
0.5641063552210825,1.0077195726455037,1.7863999639758745,0.8244135940072841,0.9920865628697197,-0.16767296886243568,0.02130784172394988,20,54,360,2630,Indonesia,vol,0.594758064516129,0.36693548387096775,1.0669166552907787,True
0.37499780467496613,0.8041824581333283,2.1444991093490886,-0.769569608378001,-0.6368537019047282,-0.1327159064732728,0.034797655746108186,20,75,360,2640,Indonesia,vol,0.46975806451612906,0.5100806451612904,0.709248175990496,True
0.7341536269620679,2.170098295215145,2.955918510128493,-2.0958578414417133,-2.817949542307463,0.7220917008657496,-0.008495140614303958,20,505,360,2660,Indonesia,vol,0.29435483870967744,0.05040322580645161,1.3885337842736818,True
0.12981459625406822,0.1928860317230777,1.4858578102077862,-0.02793920788298543,-0.09921322851800254,0.07127402063501712,-0.002530188132189405,20,172,360,2710,Indonesia,vol,0.7096774193548387,0.9153225806451613,0.24552347897061425,True
0.09673667156273665,0.4702230258709227,4.860855953328608,-0.42991164791688874,-0.2930637876486276,-0.1368478602682611,0.0029292827813917973,20,120,360,2720,Indonesia,vol,0.10887096774193548,0.7661290322580645,0.18296189204822536,True
0.4484143695070206,0.8489188085750514,1.8931570134746993,-0.8244543653839695,-0.47475411807768,-0.34970024730628957,0.12396778271928371,20,123,360,2732,Indonesia,vol,0.5584677419354839,0.6209677419354839,0.8481038280649273,True
0.17441646505372504,0.6450942420505092,3.6985856917338773,-0.5741318816712546,-0.3401694408901431,-0.2339624407811115,0.027544816528466045,20,101,360,2740,Indonesia,vol,0.19556451612903225,0.7217741935483871,0.32988075706013,True
0.44291956901543067,0.32061529335512323,0.7238679791633985,0.09810529157090819,-0.2049725046619052,0.3030777962328134,0.033192051273759286,20,87,360,2750,Indonesia,vol,0.9415322580645161,0.8306451612903226,0.8377112946220455,True
0.5277360882812543,1.1186388848318376,2.119693744036062,-0.15461465548025188,0.9417968433625892,-1.096411498842841,0.10044116693465406,20,133,360,2790,Indonesia,vol,0.47580645161290325,0.3810483870967742,0.998128131289367,True
0.6907046403873486,1.438562874574977,2.082746792852337,-1.3723393023182773,-1.102794559542783,-0.26954474277549423,0.030990801958074243,20,756,360,2811,Indonesia,vol,0.48588709677419356,0.33064516129032256,1.3063569979229845,True
0.22082801792643952,0.4137892842480432,1.8738078987145617,0.3597555874628835,-0.4007148407730763,0.7604704282359598,0.02687782705927785,20,300,360,2813,Indonesia,vol,0.5685483870967742,0.6733870967741935,0.41766076219480186,True
0.12164612353433586,1.671949803002515,13.744373880772207,-1.5318285761408212,-1.4558964498680793,-0.07593212627274204,0.0043240351479967905,20,362,360,2814,Indonesia,vol,0.010080645161290322,0.2217741935483871,0.23007412352140072,True
0.16063784588098545,0.6413248109697004,3.992364361290364,-0.5588280695693868,-0.6428882443929653,0.08406017482357857,0.04568979774684368,20,119,360,2817,Indonesia,vol,0.17943548387096775,0.5080645161290323,0.3038207097902436,True
0.17999043818992755,0.4508262979559661,2.5047235980405254,0.22760335501425288,0.5473138142670821,-0.31971045925282926,0.026280852538323917,20,219,360,2819,Indonesia,vol,0.38306451612903225,0.5685483870967742,0.34042303285637965,True
0.6460296314755664,0.7872287284353653,1.2185644281320234,0.22708008880409736,0.021513687941203535,0.20556640086289382,0.03223947380530368,20,512,360,2821,Indonesia,vol,0.8024193548387096,0.9818548387096774,1.2218613870473298,True
0.39504868678740573,0.683635546302226,1.7305096034153442,-0.5501883902726092,-0.5726085864768513,0.022420196204242026,0.09470690323335727,20,562,360,2824,Indonesia,vol,0.6149193548387096,0.5504032258064516,0.7471712021734747,True
0.17052575976359077,0.4921420095340686,2.8860273674566947,-0.19645975635106616,0.2005423166863209,-0.39700207303738705,0.0024858198613609325,20,715,360,2825,Indonesia,vol,0.3185483870967742,0.8326612903225806,0.32252211230023303,True
0.18993084100713234,1.3211098504119583,6.955741592079549,-1.1196104634200772,-1.1545479032208712,0.03493743980079403,0.020001311655239752,20,650,360,2826,Indonesia,vol,0.05443548387096774,0.3084677419354839,0.35922370976387286,True
0.3970675404660239,1.2044462600627768,3.0333536169921156,-1.0710544852341215,-0.8539040787645135,-0.21715040646960806,0.05361416682053243,20,661,360,2829,Indonesia,vol,0.26814516129032256,0.4092741935483871,0.7509895399645258,True
0.5208930384981463,2.0182817002305624,3.8746566973705963,1.7926329489193007,0.9580538392148364,0.8345791097044643,-0.10360974273203763,20,481,360,2910,Indonesia,vol,0.18346774193548387,0.3810483870967742,0.9851856006495189,True
0.20221626911217938,1.8479677565282042,9.138571118147992,-1.424045897396467,-1.4077310689843072,-0.01631482841215969,0.010275701174614809,20,408,360,2920,Indonesia,vol,0.03024193548387097,0.2318548387096774,0.38245962572428616,True
0.16093813904442797,0.5865736016392387,3.6447147029413047,-0.5589520700232029,-0.3795627004440109,-0.179389369579192,-0.0015555955069076982,20,235,360,2930,Indonesia,vol,0.20362903225806453,0.6895161290322581,0.304388666124331,True
2.345586030194731,4.127971859483768,1.759889343790585,-3.638587148361509,-3.171462300174443,-0.467124848187066,-0.29258706788714145,20,553,360,3011,Indonesia,vol,0.6068548387096774,0.038306451612903226,4.436299607103964,False
0.3537452426888462,0.4828273803960002,1.3649014096302474,-0.04513473685829972,0.13103356213121908,-0.1761682989895188,0.03822732928970913,20,490,360,3030,Indonesia,vol,0.7379032258064516,0.8850806451612904,0.6690523651460952,True
0.09816267033250195,0.3199591321109547,3.259478690088317,0.2668044364932243,0.24617555215965392,0.020628884333570355,0.014181385980279031,20,45,360,3100,Indonesia,vol,0.2439516129032258,0.8064516129032258,0.18565893990773846,True
0.3337831110080525,0.9229470908871956,2.76511021812883,-0.16180177880917768,-0.0767927864480144,-0.08500899236116327,0.037408561791379344,20,304,360,3211,Indonesia,vol,0.3407258064516129,0.9334677419354839,0.6312971961638215,True
0.22065621554799605,0.6559960165201831,2.972932418382269,-0.565580582305504,-0.4972743552359717,-0.06830622706953231,0.009059855223808488,20,67,360,3230,Indonesia,vol,0.2903225806451613,0.5967741935483871,0.4173358255631128,True
0.31902034751589603,0.9066707877362178,2.8420468938616543,-0.826963754580456,-0.2048330507129098,-0.6221307038675462,-0.0012908168528120711,20,344,360,3250,Indonesia,vol,0.33064516129032256,0.8306451612903226,0.6033757978279926,True
0.5190757833577615,1.7622469301778432,3.3949704198842454,-1.618836646076507,-1.2214502830679905,-0.3973863630085164,-0.05480466984770261,20,798,360,Wastes,Indonesia,vol,0.23387096774193547,0.28225806451612906,0.9817485541453549,True
0.5823990051086643,0.6963360670888811,1.1956340257809306,0.6110211911636512,0.4671331230229532,0.143888068140698,-0.04765804322898875,20,363,458,2410,Malaysia,vol,0.8044354838709677,0.625,1.1015142673435891,True
0.8156996156427375,1.1553285097016877,1.4163651515163909,1.1363675824214212,0.11031814588704547,1.0260494365343757,0.7984007612753917,20,38,484,2410,Mexico,vol,0.7237903225806451,0.9032258064516129,1.5427649371233283,True
0.21677972545278346,0.40715046607761196,1.8781759466998353,0.35971255867695007,0.31539914603268615,0.044313412644263896,0.169218531980422,20,62,586,1410,Pakistan,vol,0.5665322580645161,0.7419354838709677,0.4100040665634626,True
0.08083530053364787,0.7037319542449317,8.705750453070955,0.6232441601386522,0.9030529608705418,-0.27980880073188946,-0.008327487225196606,20,232,586,2220,Pakistan,vol,0.03225806451612903,0.39314516129032256,0.15288700025544624,True
0.5541976247518797,1.1868619932989741,2.141586214539164,0.9471474250947027,0.9637511719243194,-0.01660374682961665,0.050763814174848966,20,407,586,2310,Pakistan,vol,0.46975806451612906,0.3790322580645161,1.0481758815474367,True
1.3621138080688762,0.4022545470616709,0.29531640064053344,-0.1496333477651426,-1.1335292995036057,0.9838959517384632,0.2875856391717057,20,501,586,2410,Pakistan,vol,0.9959677419354839,0.3225806451612903,2.576219705343816,False
0.06604832094850963,0.2869060820432773,4.343881538895521,0.18254181419153248,0.17982851141627995,0.002713302775252539,0.003429863767569879,20,206,586,2593,Pakistan,vol,0.15120967741935484,0.844758064516129,0.1249198010654182,True
0.11976375588396095,0.6181964457190534,5.161799086511813,0.3482771198573147,0.2725539571747331,0.07572316268258161,0.017353633196775773,20,265,586,2599,Pakistan,vol,0.09475806451612903,0.7903225806451613,0.22651392715244034,True
1.013534547398495,1.2506113711873823,1.2339109450165344,0.12515922369788868,0.17151037972449668,-0.04635115602660799,0.1256278249803959,20,244,586,2640,Pakistan,vol,0.7963709677419355,0.8548387096774194,1.9169379662603765,True
0.29660017608748457,0.9139189409792701,3.081316245441818,0.5101139904019378,0.25546385586268294,0.2546501345392549,0.0035591652887994245,20,305,586,2750,Pakistan,vol,0.2661290322580645,0.8024193548387096,0.5609716410762542,True
0.7756005697377731,2.6667302423493155,3.4382778280461093,2.3416665271375585,2.3070921999296043,0.03457432720795397,0.2138418372842513,20,516,586,2819,Pakistan,vol,0.23387096774193547,0.07661290322580645,1.4669240260233125,True
0.1306141011312819,0.3471986117207162,2.6582015931935437,0.3397901370473857,0.39311423361609066,-0.05332409656870499,0.013600405325425542,20,313,586,3250,Pakistan,vol,0.35080645161290325,0.6814516129032258,0.24703561415858105,True
0.17306252143594333,0.08743205716768096,0.5052050348176783,0.02549452507026828,-0.11382172238034333,0.1393162474506116,0.0575738938870379,20,94,586,3290,Pakistan,vol,0.969758064516129,0.8991935483870968,0.32731998995873857,True
0.3476199195102451,0.29443150041299326,0.8469926028054204,-0.018209331904989412,-0.16328594314111983,0.14507661123613041,-0.0005870610084354088,20,543,616,1061,Poland,vol,0.9213709677419355,0.8608870967741935,0.6574672992134009,True
0.0864404095295804,0.5609209460143643,6.489105605433462,0.45737573746226623,0.5388929990795788,-0.08151726161731253,0.0001627203546895505,20,638,616,1079,Poland,vol,0.0625,0.5786290322580645,0.16348816453436463,True
0.19224579628816485,0.8249823396424888,4.291289357536276,-0.7277631517756138,-0.5955535090876692,-0.13220964268794452,0.00033236634407440846,20,334,616,1312,Poland,vol,0.15524193548387097,0.530241935483871,0.36360207622389784,True
0.11586705657547054,0.7709103503214043,6.65340410903826,-0.7521754680481596,-0.9188742222704603,0.16669875422230077,0.007358218126681784,20,267,616,1399,Poland,vol,0.05846774193548387,0.3911290322580645,0.21914394566861342,True
0.3188064179064519,1.599381727420174,5.016780207635231,1.5186359813780728,2.272335950089296,-0.7536999687112234,-0.008962499458349059,20,807,616,1610,Poland,vol,0.09879032258064516,0.08266129032258064,0.6029711842985345,True
0.23590669835335012,0.22064902535886494,0.9353232735611786,-0.024946137025684934,-0.011178533711911494,-0.01376760331377344,0.02051435765245929,20,423,616,2011,Poland,vol,0.907258064516129,0.9879032258064516,0.4461796667211885,True
0.20544988935092523,0.3397426685866863,1.6536522344209101,-0.31010642543270883,-0.459306921083388,0.14920049565067917,-0.003238651424481179,20,687,616,2013,Poland,vol,0.6370967741935484,0.6330645161290323,0.3885754995443057,True
0.3919796942794996,0.6944530393273715,1.7716556481423102,-0.5517600505765117,0.817169292042389,-1.3689293426189006,-0.022491469116713715,20,707,616,2022,Poland,vol,0.5967741935483871,0.41935483870967744,0.7413666952904341,True
0.16491532424100688,0.3752738756512546,2.275554909032166,0.3324705645102224,0.31376676064347686,0.018703803866745524,0.0016320850572844653,20,431,616,2029,Poland,vol,0.43951612903225806,0.7459677419354839,0.3119108737508396,True
0.3233049208684149,0.2794620657054993,0.8643916243367059,-0.22396924858677636,0.2728850708269346,-0.49685431941371094,0.06840600693438988,20,418,616,2100,Poland,vol,0.9213709677419355,0.7862903225806451,0.6114793808284462,True
0.1262313526078144,0.2428248431345391,1.9236492211959941,0.027321785016205524,-0.25468099475531875,0.28200277977152427,0.007895290779488756,20,300,616,2219,Poland,vol,0.5524193548387096,0.8024193548387096,0.23874634857531007,True
0.08773130661944294,0.5398865202378482,6.15386389467268,0.45972325917273515,-0.01245107346238944,0.4721743326351246,-0.0025772519427595146,20,127,616,2220,Poland,vol,0.06451612903225806,0.9858870967741935,0.16592968924454266,True
0.09810515357560738,0.1992995536525887,2.0314891357770835,-0.04450709946581988,-0.030628895942515853,-0.013878203523304022,0.000665977250339173,20,145,616,2310,Poland,vol,0.5060483870967742,0.9717741935483871,0.18555015619111986,True
0.19411029744105465,0.405812173713041,2.0906267161651932,-0.33639138551594705,-0.2852371579588346,-0.051154227557112464,0.0053425212035607735,20,533,616,2391,Poland,vol,0.48588709677419356,0.7782258064516129,0.3671284809796949,True
0.7544482699431441,0.43712140723736603,0.5793921527188444,-0.21052646980644596,-0.5606018354533708,0.3500753656469249,-0.033880193951572934,20,290,616,2395,Poland,vol,0.9657258064516129,0.5584677419354839,1.4269178450262046,True
0.13751040738906245,0.48926712535171635,3.558037058005491,-0.2727025643348622,-0.273634654175599,0.0009320898407368108,-0.00023157320873146148,20,566,616,2399,Poland,vol,0.21774193548387097,0.7862903225806451,0.2600788708748229,True
0.5182157352971879,0.8759151021352474,1.6902518439215763,-0.7175725137054805,0.488508579222074,-1.2060810929275545,0.10927273494584662,20,599,616,2410,Poland,vol,0.6310483870967742,0.6048387096774194,0.9801219112407259,True
0.6356184671429131,0.6243398003762161,0.9822556024569356,0.5163356606057299,0.2889945964947051,0.22734106411102478,0.1520680066524869,20,266,616,2420,Poland,vol,0.8891129032258065,0.7741935483870968,1.202170340271011,True
0.14992399180156177,0.5062537956453993,3.376736368622528,-0.33283447591607107,-0.36993192662735813,0.037097450711287054,0.003587580114890637,20,234,616,2431,Poland,vol,0.23387096774193547,0.6975806451612904,0.28355717392702456,True
0.3344327977217231,0.5654991577177697,1.6909201536755787,0.43450544048097406,-0.6904245944082306,1.1249300348892046,0.0026965956549297554,20,179,616,2511,Poland,vol,0.6310483870967742,0.47580645161290325,0.632525974335031,True
0.09564179184381813,0.15452317189431605,1.615644886146116,0.05438575820736702,0.0908693253401823,-0.03648356713281529,0.0020839859773803034,20,152,616,2593,Poland,vol,0.6471774193548387,0.9254032258064516,0.1808911027425519,True
0.05780325179154453,0.3549325290036201,6.1403557412930825,0.34405409660272745,0.22937037400249238,0.11468372260023506,-0.0012098233839215246,20,131,616,2599,Poland,vol,0.06451612903225806,0.8185483870967742,0.10932557574572162,True
0.4406360134853309,0.662925909274002,1.504475097326722,-0.5846469996138488,-0.5502187566421205,-0.03442824297172833,-0.034524981161567325,20,573,616,2610,Poland,vol,0.7056451612903226,0.5645161290322581,0.8333923157525556,True
0.454406839662564,1.2482084864305707,2.7468963437202496,1.0353408405612736,1.0722704743567435,-0.036929633795469805,0.009534215040523623,20,101,616,2620,Poland,vol,0.3407258064516129,0.33669354838709675,0.8594376238218931,True
0.8636589450551327,1.1792561632044842,1.3654188032860644,-1.075168666455081,-3.760681310883668,2.685512644428587,-0.12202873777026048,20,32,616,2630,Poland,vol,0.7379032258064516,0.03225806451612903,1.6334723132290407,True
0.31385645583112515,0.4787084595340273,1.5252464960975762,0.4379576724059824,0.6032142479217186,-0.16525657551573622,0.002127236579332377,20,128,616,2640,Poland,vol,0.6955645161290323,0.5282258064516129,0.5936091252961074,True
0.17036093591124862,0.21425101598273352,1.2576299539370335,0.17173707974550467,0.16106744395159772,0.010669635793906944,0.03580724537649696,20,289,616,2651,Poland,vol,0.7923387096774194,0.8608870967741935,0.32221037443090145,True
1.2863554051631245,2.8511557879220173,2.2164603782734975,2.844813362384551,3.80883117615201,-0.9640178137674591,0.000539279338525489,20,393,616,2660,Poland,vol,0.45161290322580644,0.03225806451612903,2.4329348423206043,False
0.3293772423811702,1.0613810732033329,3.222387392432701,0.5470956083047742,0.18631615780254168,0.36077945050223253,0.03234500321293017,20,365,616,2670,Poland,vol,0.25,0.844758064516129,0.6229642026147565,True
0.20168625965131293,0.303952901645834,1.507058052300269,0.2534697528228502,0.20174293360045228,0.05172681922239794,0.011453680247512114,20,159,616,2710,Poland,vol,0.7036290322580645,0.8326612903225806,0.3814571978735336,True
0.16864702940061396,2.527742104584062,14.988358310062587,2.2705174371878893,2.2989609206230215,-0.028443483435132175,0.0059861294570728255,20,224,616,2720,Poland,vol,0.006048387096774193,0.07661290322580645,0.3189687952767528,True
0.26617157837141026,0.40158752399417696,1.508754339780824,0.1889250453201683,0.25892866149416754,-0.07000361617399926,0.007362482255467529,20,523,616,2731,Poland,vol,0.7036290322580645,0.7983870967741935,0.5034208310207653,True
0.10547514624499699,0.20198095712002861,1.914962569958126,-0.11348202401882546,-0.33300570303554844,0.21952367901672298,0.005625478420751956,20,93,616,2740,Poland,vol,0.5544354838709677,0.7237903225806451,0.1994893147479509,True
0.20992144969155474,0.3003947968477659,1.4309866728204619,0.25346032748372416,-0.16927650146428075,0.4227368289480049,-0.0018278304027039964,20,92,616,2750,Poland,vol,0.717741935483871,0.8548387096774194,0.3970327384291355,True
0.1633517317273241,0.4277427069857171,2.618537939345077,0.37768699173071596,0.1607956422931182,0.21689134943759775,0.006186602424635817,20,142,616,2790,Poland,vol,0.36088709677419356,0.8608870967741935,0.30895358940278017,True
0.22545533100738938,0.48605319213729115,2.155873582431992,-0.2966056831579067,-0.5987550880675178,0.30214940490961106,0.015458031256990362,20,412,616,2811,Poland,vol,0.46975806451612906,0.5282258064516129,0.4264125823961102,True
0.2811581877639045,0.5502856406567953,1.957210085302171,0.5047388856192381,-0.11551190116825094,0.620250786787489,0.02087680929371077,20,169,616,2813,Poland,vol,0.5362903225806451,0.8971774193548387,0.5317655979591254,True
0.17604733809763548,0.32565985308072476,1.8498425287186933,0.30121526838753354,0.22673516751317865,0.07448010087435489,0.015537624774472776,20,186,616,2814,Poland,vol,0.5766129032258065,0.8185483870967742,0.33296529173538797,True
0.5695858050537262,0.9576822821160641,1.6813661324051616,-0.5802344616955963,-0.7274629229083862,0.14722846121278985,-0.021006629582362667,20,582,616,2815,Poland,vol,0.6330645161290323,0.46169354838709675,1.0772801554254061,True
0.32216090710511475,0.6199973220652435,1.9244958292315417,0.5948079685570029,1.246478991155968,-0.651671022598965,0.019549901375227628,20,249,616,2816,Poland,vol,0.5524193548387096,0.2701612903225806,0.6093156623617957,True
0.6611005678635058,0.758740971751685,1.1476937226112602,-0.710668551143371,-0.4515671885030687,-0.2591013626403023,-0.055665288362524296,20,303,616,2817,Poland,vol,0.8185483870967742,0.6370967741935484,1.2503656449665987,True
0.13596002654421202,0.607309387304875,4.46682310044554,0.5872463831644481,0.34761517472029785,0.23963120844415026,0.018425220085096103,20,145,616,2819,Poland,vol,0.1431451612903226,0.7116935483870968,0.2571465742784365,True
0.1892923662237914,0.18910007686906669,0.9989841674095966,0.016910185504164232,0.16817690865327403,-0.1512667231491098,-0.0040856801935325844,20,434,616,2822,Poland,vol,0.875,0.8548387096774194,0.3580161371598332,True
0.605814490356422,0.49202640141711806,0.8121733785661707,-0.059491801508846365,0.027056267858215938,-0.0865480693670623,0.08375157124396182,20,578,616,2824,Poland,vol,0.9274193548387096,0.9758064516129032,1.1458009004781464,True
0.2534943769424969,0.45946018025586105,1.8125063987517396,0.33498134513690125,-0.022395368939727767,0.357376714076629,0.026684630545632162,20,460,616,2829,Poland,vol,0.5887096774193549,0.9818548387096774,0.47944393868158425,True
1.21676644280905,1.830843238343823,1.5046792662337922,-0.9428252806087318,-0.8437051199350988,-0.09912016067363302,0.016205704920325106,20,246,616,2910,Poland,vol,0.7036290322580645,0.4112903225806452,2.3013184861622573,False
0.2595610722847058,0.8684566801884472,3.3458664373055895,0.8411458959160765,0.42368944714528467,0.4174564487707918,0.03420493877067605,20,218,616,2930,Poland,vol,0.23790322580645162,0.6532258064516129,0.4909181194690724,True
1.7703690540374475,3.0914729262961176,1.746230775580833,-2.758207321166992,-1.8813046865921623,-0.8769026345748299,0.8862780657681552,20,481,616,3011,Poland,vol,0.6088709677419355,0.1350806451612903,3.348368995104952,False
0.6012049209887855,0.6756835348899959,1.1238822426448496,-0.6257092694425097,-0.6180970710074717,-0.007612198435038034,-0.041943067204394134,20,670,616,3020,Poland,vol,0.8225806451612904,0.5201612903225806,1.1370826396634421,True
0.2695444306041406,0.21707486904627646,0.8053398415976839,0.09476356694134758,-0.05617841009128599,0.15094197703263357,0.026278832831574596,20,72,616,3030,Poland,vol,0.9274193548387096,0.9475806451612904,0.5098000398164619,True
0.22555744457213717,0.22418966800416315,0.9939360167403538,0.1632769375241736,0.10077222629073197,0.06250471123344163,0.000532133610721837,20,129,616,3092,Poland,vol,0.8830645161290323,0.9153225806451613,0.4266057138188502,True
0.19565012465988008,0.8178663901102564,4.18024977766839,0.673133350465136,2.1028269689032033,-1.4296936184380675,-0.06836143053186367,10,10,616,3240,Poland,vol,0.16330645161290322,0.1028225806451613,0.3700408170858731,True
0.18948724964949004,0.14299922920830838,0.754664123696057,0.020068098073959817,0.547867915376907,-0.5277998173029472,0.028156230596399014,20,72,616,3290,Poland,vol,0.9354838709677419,0.5685483870967742,0.3583847278888572,True
0.4508990484559991,1.1704874202597455,2.5958968515631438,-1.0436004221510755,-1.202611232611774,0.15901081046069848,-0.02271117050398522,20,933,616,Wastes,Poland,vol,0.3649193548387097,0.2903225806451613,0.8528031996092819,True
1.9082482544569774,2.4452085111257236,1.2813890988316647,2.032521837302877,2.21430423082664,-0.18178239352376296,-0.4721575203721407,20,558,642,1040,Romania,vol,0.7721774193548387,0.0907258064516129,3.60914537882096,False
0.6365873206784034,1.3907088707013704,2.1846317473293513,0.9437424362427493,1.090964216927516,-0.1472217806847666,-0.06967279698017755,20,256,642,1061,Romania,vol,0.4596774193548387,0.3346774193548387,1.2040027712726913,True
0.20817963817266655,1.5432553547607002,7.413094615337484,1.204460586158949,1.2379806649865817,-0.03352007882763256,0.017595457540172485,20,823,642,1079,Romania,vol,0.04838709677419355,0.2701612903225806,0.3937383814294686,True
0.2926161761344607,3.443796072482125,11.768987340261253,-3.317803917188199,-3.340149816738767,0.02234589955056811,0.006972977390044332,20,379,642,1312,Romania,vol,0.014112903225806451,0.036290322580645164,0.553436544431415,True
0.2949851976123255,0.7277336949318671,2.467017670114644,-0.6385926693158321,-0.6278266480363682,-0.010766021279463876,-0.028211734824877963,20,399,642,1399,Romania,vol,0.38911290322580644,0.5120967741935484,0.5579171684273722,True
1.3860104063864047,7.446576083725012,5.37266967795694,-7.025914652966763,-7.03833451865546,0.012419865688696791,-0.17674967541542805,20,764,642,1920,Romania,vol,0.08870967741935484,0.0020161290322580645,2.6214162866512054,False
0.6747441731434665,1.2557597937869027,1.8610902380032834,0.6860866089437252,1.1930475799954974,-0.5069609710517722,0.04364826014730883,20,679,642,2011,Romania,vol,0.5745967741935484,0.29435483870967744,1.2761703351224085,True
0.15839271773193223,0.5025200867264765,3.1726211528042216,0.4654996940422329,0.4571729023442502,0.008326791697982729,-0.0021968713281410794,20,738,642,2013,Romania,vol,0.2540322580645161,0.6350806451612904,0.2995744101460067,True
0.3009372668286702,0.7655039841460591,2.5437327593656796,-0.2210574232364957,-0.205159214569346,-0.0158982086671497,-0.016413889415264196,20,920,642,2022,Romania,vol,0.37701612903225806,0.8306451612903226,0.5691745522905143,True
0.6709775258514273,0.586518508993704,0.8741254161224695,0.11624519289140167,0.5269267715262385,-0.41068157863483684,-0.07251322514732873,20,837,642,2029,Romania,vol,0.9193548387096774,0.5846774193548387,1.269046326159759,True
0.3463745175353384,1.1504515451058308,3.32140930369815,1.038964521554524,0.972271213762586,0.06669330779193808,0.029662206170352142,20,349,642,2100,Romania,vol,0.24193548387096775,0.375,0.6551118212130878,True
0.20571093066677512,0.3771191454762087,1.8332479672025426,0.24157866877651024,0.3519957112230419,-0.11041704244653165,-0.04464289030954321,20,414,642,2219,Romania,vol,0.5826612903225806,0.7076612903225806,0.3890692173069608,True
0.1421501931119237,1.0402134396762652,7.317706834610069,-0.9394658986406235,-1.0038075695251782,0.06434167088455471,-0.01415463079187752,20,229,642,2220,Romania,vol,0.04838709677419355,0.3649193548387097,0.2688542810769663,True
0.14520059969016255,1.6860102214291088,11.611592686440794,-1.6051240400444993,-1.7220967737895212,0.11697273374502185,0.0011672004525090753,20,317,642,2310,Romania,vol,0.014112903225806451,0.15725806451612903,0.27462363565630993,True
0.7988992333244044,0.5936328813896685,0.7430635261964452,-0.4977194635044011,-0.6513656925360385,0.15364622903163738,0.03292399027513746,20,879,642,2399,Romania,vol,0.9375,0.5060483870967742,1.510989709730867,True
0.2254538372929958,0.911618099702845,4.043480078443386,0.8613706447904317,1.1024690318845594,-0.24109838709412776,0.0007738904066622739,20,295,642,2410,Romania,vol,0.17540322580645162,0.33064516129032256,0.4264097572750138,True
0.26245618088864486,0.9317600550137528,3.5501547414845636,-0.33214422804770116,-0.039460568877289603,-0.29268365917041156,-9.915595970530237e-05,20,580,642,2420,Romania,vol,0.21774193548387097,0.9637096774193549,0.4963937528488942,True
0.3927687870403934,2.0643970143531396,5.256010870692816,-1.4610728157940152,-1.323210186895173,-0.13786262889884224,0.014603160622901871,20,338,642,2431,Romania,vol,0.0907258064516129,0.2560483870967742,0.7428591376310936,True
0.10295182945891294,1.3178284704962815,12.800437616528358,-1.265057947647776,-1.2608512966678191,-0.004206650979956864,-0.003443707174809483,20,254,642,2593,Romania,vol,0.014112903225806451,0.2661290322580645,0.19471686593447712,True
0.18662832075287122,0.396850540325237,2.1264218566845328,0.2270417703829306,0.2830227225888604,-0.05598095220592983,-0.002934788194503536,20,202,642,2599,Romania,vol,0.47580645161290325,0.7782258064516129,0.3529775226200932,True
0.34957838912473166,0.24160426023899156,0.6911304238340251,-0.059298028710760065,-0.09952700624346927,0.040228977532709216,-0.026012421144598976,20,688,642,2610,Romania,vol,0.9516129032258065,0.9153225806451613,0.661171430236278,True
0.3886976080340381,1.2355240277615593,3.1786252403523023,-1.1750959487177823,-1.4870079722048688,0.3119120234870865,0.0038273583850714425,20,109,642,2620,Romania,vol,0.2540322580645161,0.2056451612903226,0.7351591557954903,True
0.4354895903327537,0.4591496129594369,1.0543297087964945,-0.29431435649578397,-0.48855661307416354,0.19424225657837954,-0.03885304018781743,20,50,642,2630,Romania,vol,0.8548387096774194,0.6048387096774194,0.8236586821463419,True
1.2407312842452833,1.09461917290297,0.8822371022657085,-0.3528699503290085,-2.3282011770161866,1.9753312266871783,-0.12823185949471397,20,139,642,2640,Romania,vol,0.9173387096774194,0.07661290322580645,2.3466441383784944,False
0.1405545052688821,0.3224116700461399,2.293855109299864,0.19483114384164502,0.14566787896570316,0.049163264875941866,0.0003207045848142475,20,330,642,2651,Romania,vol,0.4334677419354839,0.875,0.26583629356339034,True
0.6052561742492212,2.484973519242508,4.105655794961444,-2.2503965317775076,-2.273223121274341,0.02282658949683345,-0.09386341063244333,20,338,642,2670,Romania,vol,0.1693548387096774,0.08266129032258064,1.144744935147892,True
0.18657961121427752,0.6696412773811208,3.5890378001274246,0.6448113598109906,0.4761255406754028,0.1686858191355878,-0.01860440234432901,20,213,642,2710,Romania,vol,0.21370967741935484,0.6189516129032258,0.3528853963436984,True
2.683665138779171,1.4387559285586902,0.536116040622414,1.0845121364627683,-0.025556557913839262,1.1100686943766076,-1.0000927788310396,20,641,642,2731,Romania,vol,0.969758064516129,0.9758064516129032,5.075721993354574,False
0.2864260101625357,0.5016770021065075,1.7515064425253317,-0.4341495120983634,-0.46446818211722946,0.030318670018866088,-0.0035531201010132337,20,172,642,2740,Romania,vol,0.6088709677419355,0.6310483870967742,0.5417288387597201,True
0.5152313434762228,1.2220837386098176,2.371912644841288,1.1669448461995486,1.0232616953264646,0.14368315087308395,-0.08192216752185062,20,149,642,2790,Romania,vol,0.41330645161290325,0.3588709677419355,0.9744774129821424,True
0.6905755455472959,0.620003507348181,0.8978069254636216,-0.4831076740343576,-0.08071860921029755,-0.40238906482406006,0.027121600536333643,20,906,642,2811,Romania,vol,0.9133064516129032,0.9314516129032258,1.306112835747378,True
0.1252596829626211,0.11807753119145498,0.9426619036445321,-0.009539029689284106,0.10299289546385008,-0.11253192515313419,0.0009284861857414031,20,213,642,2813,Romania,vol,0.9032258064516129,0.9153225806451613,0.2369085913539951,True
0.10948988925139898,0.29695097493466127,2.712131475928651,-0.26385588312888864,-0.26420193655401353,0.00034605342512486595,0.0004769749267190739,20,210,642,2814,Romania,vol,0.34274193548387094,0.7943548387096774,0.20708255694527328,True
0.3825568405653904,0.8969224205654941,2.3445468109782324,-0.45337257948708576,-0.47161462206165067,0.018242042574564892,-0.044860465569174224,20,419,642,2816,Romania,vol,0.4213709677419355,0.6229838709677419,0.723544879466339,True
0.414969547221885,1.9596397823515763,4.722370100338359,-1.8096545887392281,-1.8008409355401922,-0.008813653199036006,0.014589397625272388,20,266,642,2817,Romania,vol,0.11693548387096774,0.14516129032258066,0.7848483132156633,True
0.27975292324207557,0.33020552201577746,1.1803469940153022,0.2535208706359988,0.21034064909779213,0.043180221538206685,-0.026947024313475672,20,200,642,2819,Romania,vol,0.8084677419354839,0.8266129032258065,0.5291077656025994,True
0.5424759337466974,0.8887859708198816,1.6383878353484516,0.02835294684609213,-0.5745087036929007,0.6028616505389929,-0.006109796314000235,20,654,642,2822,Romania,vol,0.6411290322580645,0.5483870967741935,1.0260061838550578,True
0.19842008472253203,0.7354405666420539,3.7064824746470806,0.6057204492771273,0.8004521852251949,-0.19473173594806753,0.023779452267930233,20,540,642,2829,Romania,vol,0.1935483870967742,0.42338709677419356,0.3752797520809866,True
0.2385967917160905,0.28891738174437104,1.2109022073027607,0.23873012821635697,-0.04254891578233272,0.2812790439986897,0.007679308450404806,20,275,642,2930,Romania,vol,0.8024193548387096,0.9616935483870968,0.45126754666870306,True
0.47882996174283277,1.3215651255611658,2.7599883698818,-1.2177767297718152,-0.5043377541762349,-0.7134389755955802,0.020758273579932277,20,159,642,3092,Romania,vol,0.3407258064516129,0.594758064516129,0.905630040341339,True
0.47071632326139645,0.4378787429319185,0.9302391297969866,0.33519513685263647,0.7512887355670208,-0.4160935987143844,0.07005908322815202,17,17,642,3240,Romania,vol,0.9092741935483871,0.4495967741935484,0.8902843950552476,True
0.10164111671718282,0.6202060672573854,6.101921026538045,0.5040126030624847,0.5226510439673844,-0.01863844090489961,-0.007984909229106581,20,151,642,3290,Romania,vol,0.06653225806451613,0.5866935483870968,0.1922378630983796,True
0.0697596320350778,1.0456401962204103,14.989187381243962,-0.6397639407299707,-0.6714437625610599,0.03167982183108922,0.00028086223291365087,20,562,643,1061,Russia,vol,0.006048387096774193,0.4899193548387097,0.1319391504745789,True
0.15902409780303836,0.7479965204819027,4.7036677510872895,-0.2413086243278375,-0.40588827593004706,0.16457965160220955,-0.0004992484480756752,20,837,643,1079,Russia,vol,0.12298387096774194,0.6612903225806451,0.3007685642402605,True
0.1850395975797086,2.3345164340542026,12.616307344964769,-1.3174503712844299,-1.2719653434689446,-0.04548502781548523,0.002689768338009541,20,174,643,1392,Russia,vol,0.014112903225806451,0.2661290322580645,0.3499727076620534,True
0.45641443309776797,1.600365775173489,3.5063873074992715,-1.1955304433394005,-1.2058558358094629,0.010325392470062443,-0.05597400431230975,20,337,643,1410,Russia,vol,0.22379032258064516,0.2862903225806452,0.8632346646693271,True
0.19522208225966992,0.4141391740570921,2.1213746378661966,-0.3395660636521285,-0.44126377784897997,0.10169771419685145,-0.003962093186885421,20,192,643,1520,Russia,vol,0.47580645161290325,0.6451612903225806,0.3692312435688793,True
0.4240791798276027,0.7127463650942276,1.6806917174853393,-0.6612648161577219,-0.5378877978195052,-0.12337701833821672,0.3066841852419509,20,115,643,2011,Russia,vol,0.6330645161290323,0.5786290322580645,0.8020777215721974,True
0.6288196063047937,0.3189031496596008,0.5071456844890838,0.12672973542719745,0.2553639578521408,-0.12863422242494332,0.511341847563035,20,115,643,2012,Russia,vol,0.969758064516129,0.8024193548387096,1.189311385930121,True
0.2769092089862619,2.1556756978545284,7.784774315546422,0.8841254829859491,0.7281818932695154,0.15594358971643363,-0.01038239651557582,20,784,643,2029,Russia,vol,0.04233870967741935,0.46169354838709675,0.5237293363856013,True
0.18812142378952518,1.2442324325594682,6.613985836889825,-0.06816050820779118,-0.24420377547712063,0.17604326726932945,0.0017418263163819377,20,588,643,2100,Russia,vol,0.06048387096774194,0.8104838709677419,0.3558014874329821,True
0.5759408811176775,3.233584550456395,5.614438315580696,-1.5818667710220105,-1.9880945961343477,0.4062278251123373,0.10783237972714604,20,310,643,2211,Russia,vol,0.07459677419354839,0.10887096774193548,1.0892997620749572,True
0.36393593844537603,1.6310414739395094,4.481671914312239,0.07690806920632731,-0.4224204256539646,0.4993284948602919,-0.036069303317105846,20,293,643,2220,Russia,vol,0.1431451612903226,0.655241935483871,0.6883264309867141,True
0.11858311910298742,1.1143640877656802,9.397324814823548,-0.8574486559172829,-0.8339017773581539,-0.023546878559129125,-0.0007300695051366546,20,293,643,2310,Russia,vol,0.03024193548387097,0.4153225806451613,0.22428094212433183,True
1.9248468502681808,3.6480137360852973,1.8952228514060923,-3.398050762875055,-3.651764951078568,0.2537141882035128,0.6695411866720176,20,387,643,2393,Russia,vol,0.5584677419354839,0.034274193548387094,3.640538959413528,False
0.16734825296462927,1.0331831892253134,6.173851061616323,0.16616471934887134,0.2414423624984733,-0.07527764314960197,0.008910939030275632,20,911,643,2399,Russia,vol,0.06451612903225806,0.8104838709677419,0.31651236804769206,True
0.78827576141942,1.930500930553146,2.4490172412214752,-0.6055335983381305,-1.6903691880220688,1.0848355896839383,0.7470811220415197,20,69,643,2410,Russia,vol,0.39314516129032256,0.16129032258064516,1.4908971172480199,True
0.9103983002539487,1.1267076309897692,1.237598566117141,1.0022725560121692,-0.947731752751847,1.9500043087640162,0.8249616598489264,20,61,643,2420,Russia,vol,0.7943548387096774,0.3810483870967742,1.721872303864893,True
0.23368019222274014,1.8774111702856506,8.03410486968503,-0.9354176207425215,-0.9443379355554428,0.00892031481292121,-0.008539789411872854,20,258,643,2599,Russia,vol,0.038306451612903226,0.3810483870967742,0.4419685876367775,True
0.09169682560120226,1.2734312546046644,13.887408274556105,-0.7437818835251981,-0.7590897477582575,0.015307864233059406,0.003467079830333604,20,499,643,2610,Russia,vol,0.010080645161290322,0.4435483870967742,0.17342983209766227,True
0.48822856280628185,2.6078434760413556,5.341439798302193,-0.9638265297131552,-0.8415365344329634,-0.12228999528019178,-0.01816285360195097,20,236,643,2620,Russia,vol,0.0907258064516129,0.4112903225806452,0.9234059861682522,True
0.25499653186537097,1.4498170529812369,5.68563439814424,-1.0271894355237716,-1.8016105346143716,0.7744210990906,-0.020339680680970543,20,158,643,2630,Russia,vol,0.07258064516129033,0.14516129032258066,0.48228502368480725,True
0.2057619291841822,1.461385520496303,7.1023124943010405,-0.8247159708362917,-1.0359935815331012,0.2112776106968096,0.004309916296392496,20,275,643,2640,Russia,vol,0.05241935483870968,0.3487903225806452,0.3891656728194952,True
0.12315373787117437,0.8179613898427498,6.641791016512895,-0.5174971553429266,-0.5118875479917924,-0.0056096073511342145,0.003830178592447356,20,497,643,2651,Russia,vol,0.05846774193548387,0.5907258064516129,0.2329255341301285,True
0.1895152029924408,1.8355691342470473,9.685603609966124,-1.0468091528564845,-1.0572962397318961,0.010487086875411632,-0.0033455321073020306,20,666,643,2660,Russia,vol,0.028225806451612902,0.3407258064516129,0.35843759715169954,True
0.1772664181096797,1.95265428010761,11.015364900640392,-0.8710852328011391,-1.016700416228352,0.1456151834272127,0.0053198855704839265,20,275,643,2670,Russia,vol,0.014112903225806451,0.3588709677419355,0.3352709859665269,True
0.33163550958828886,0.5077493192097694,1.531046297907357,0.23973771403061583,0.14869184684281292,0.09104586718780291,0.009984287893581271,20,441,643,2710,Russia,vol,0.6955645161290323,0.8729838709677419,0.6272353526790517,True
0.18697773210196283,2.633110730233607,14.082482981437154,-0.5083715956840358,-0.5119991225971029,0.003627526913067123,0.02653406362546756,20,590,643,2731,Russia,vol,0.008064516129032258,0.5907258064516129,0.3536383781209098,True
0.21759077368555202,0.9779634341698596,4.494507821288179,-0.06730251511499752,-0.07214014032425953,0.004837625209262002,0.007592924507365272,20,360,643,2740,Russia,vol,0.13911290322580644,0.9375,0.41153803415623297,True
0.42213626113492275,1.2657033322511042,2.998328854404103,0.3776859813733857,0.5431233175963288,-0.1654373362229431,0.008482837721136298,20,312,643,2750,Russia,vol,0.27419354838709675,0.5745967741935484,0.7984030026226412,True
0.18382350105033907,2.2686561177750155,12.341491184817313,-1.3747921276739596,-1.4251200263402928,0.05032789866633323,0.016564691013596446,20,171,643,2790,Russia,vol,0.014112903225806451,0.22782258064516128,0.34767265620966875,True
0.7048630905939419,2.5389394156262477,3.60203201090704,-0.9800105025249977,-1.003013648860638,0.023003146335640455,0.031183754778226425,20,807,643,2811,Russia,vol,0.21169354838709678,0.3649193548387097,1.3331354346463207,True
0.19653769663734078,1.6475313652558714,8.382775383268902,-0.8993661189591062,-0.909837588917719,0.010471469958612823,0.0076455718405851894,20,394,643,2813,Russia,vol,0.03225806451612903,0.39314516129032256,0.37171951706285006,True
0.30391191209213936,1.1255994331558368,3.7037029098569194,-0.21534093638151575,-0.9226681096600867,0.707327173278571,0.01654067629994235,20,221,643,2819,Russia,vol,0.1935483870967742,0.38911290322580644,0.5748006164995112,True
1.59705953243045,2.538672958954783,1.5895919390627595,-1.2296343489563855,-1.8373151842177626,0.6076808352613772,-0.15275523892334839,20,830,643,2821,Russia,vol,0.655241935483871,0.1431451612903226,3.0205818439559198,False
0.6980985515428115,1.6126224634109758,2.31002121383442,0.05455809083448493,-1.9623813200938467,2.0169394109283316,-0.007975629417266171,20,797,643,2825,Russia,vol,0.42943548387096775,0.11895161290322581,1.320341394458301,True
0.45288946989138074,1.2006135683296941,2.651007912852654,-0.7815224019007747,-0.8335902582913228,0.05206785639054817,-0.012913325988539448,20,757,643,2829,Russia,vol,0.3528225806451613,0.4153225806451613,0.8565677623744438,True
1.2911131903897615,2.83012454593777,2.192003433164068,-1.9728855992079772,-3.58649344046097,1.6136078412529928,0.05372030737350044,20,422,643,2910,Russia,vol,0.4576612903225806,0.036290322580645164,2.4419334296501267,False
0.3869403635990193,2.086591327374006,5.392539842486711,-1.1425406399451035,-1.2393428496077583,0.09680220966265488,-0.017050930017215957,20,438,643,2920,Russia,vol,0.0846774193548387,0.2701612903225806,0.7318356099113036,True
0.1389283800435736,1.3885692411069372,9.994856635278014,-0.48274373234600887,-0.5628831089660143,0.08013937662000549,0.004379243813948396,20,611,643,2930,Russia,vol,0.024193548387096774,0.5564516129032258,0.2627607386251905,True
0.26092567855514864,1.2871696993343829,4.933089401020106,-0.924286748962615,-0.6904913690987317,-0.23379537986388332,0.042813258218809415,20,107,643,3030,Russia,vol,0.10685483870967742,0.47580645161290325,0.49349905326705995,True
0.2696880228549983,3.5624109354881752,13.209377627435673,-1.8864083807686995,-1.8949514160540775,0.008543035285377814,0.029019860090342287,20,181,643,3100,Russia,vol,0.010080645161290322,0.13306451612903225,0.5100716215183748,True
0.9017248965118159,4.465877538148844,4.952594250668252,-2.309579849243164,-0.9758456186362108,-1.3337342306069533,0.5215173201127485,20,394,643,3211,Russia,vol,0.10483870967741936,0.375,1.705467952407239,True
0.44385852026578687,1.26931610902497,2.859731313178107,0.3157794372810008,-0.2981044289274357,0.6138838662084365,-0.04212649097107663,20,220,643,3230,Russia,vol,0.3245967741935484,0.7600806451612904,0.8394871702494677,True
0.17837521273200235,1.3569648420450033,7.607362151173765,-0.939812943310562,-1.0038842013768734,0.06407125806631139,0.0016470704076469193,20,655,643,3250,Russia,vol,0.046370967741935484,0.3649193548387097,0.33736809307922594,True
0.20408638930179232,1.4333653998707054,7.023326762624622,0.09402221392221577,0.12869474675716003,-0.03467253283494425,0.002263053521870617,20,158,643,3290,Russia,vol,0.05241935483870968,0.8850806451612904,0.38599665798642335,True
0.1600554129853526,0.3600774303535862,2.2497047968414443,-0.3342092327779742,-0.6359790154655769,0.3017697826876027,0.07232681174415699,20,194,699,1030,India,vol,0.4475806451612903,0.5100806451612904,0.3027191314244116,True
0.26104167374910187,1.257593105291411,4.817595164901282,1.1763719307773197,-0.08002702028207986,1.2563989510593996,0.09181365172891728,20,210,699,1040,India,vol,0.11491935483870967,0.9314516129032258,0.49371843956401784,True
0.3825274597260084,1.7651186952488127,4.6143581339575155,1.7432811060938889,0.4537600685618324,1.2895210375320565,0.20724981198226367,20,167,699,1061,India,vol,0.12701612903225806,0.6370967741935484,0.7234893103230509,True
0.4025816932110164,0.7759824437359168,1.9275154752980272,0.6240855679468602,0.8586497155864293,-0.23456414763956912,0.06215613590059417,20,606,699,1062,India,vol,0.5524193548387096,0.40524193548387094,0.7614186750894867,True
0.8943339525198961,0.5489771531839034,0.6138391052213691,0.49656773875061333,-0.44454743378362527,0.9411151725342386,0.4660867041007036,20,153,699,1079,India,vol,0.9616935483870968,0.6431451612903226,1.691489167785658,True
0.6326109017686078,1.145119974386966,1.8101489733824099,0.9871344306707659,-0.029868150252363446,1.0170025809231293,0.027762449138817594,20,545,699,1080,India,vol,0.5887096774193549,0.9717741935483871,1.196482012954676,True
0.2660621474220408,0.5122856505896863,1.9254360515142115,-0.30018985039029467,-0.43381300829990976,0.13362315790961513,0.016843588913518802,20,533,699,1103,India,vol,0.5524193548387096,0.6512096774193549,0.5032138599391494,True
0.09882671839081877,0.7718337378000989,7.809970323488997,0.7544400450823687,0.5147929415262292,0.2396471035561395,0.010034596691869912,20,352,699,1311,India,vol,0.04233870967741935,0.5907258064516129,0.1869148802579479,True
0.11521648462850274,0.10633423521425198,0.9229081720129705,0.0592948667641906,-0.11498903465889335,0.17428390142308395,0.07321535519606198,20,111,699,1312,India,vol,0.9112903225806451,0.8971774193548387,0.21791349322066528,True
0.25350377510995387,0.9530692229257878,3.7595859174578634,0.8998521970388307,0.41873454985870245,0.4811176471801282,0.01160215099284656,20,103,699,1391,India,vol,0.18951612903225806,0.655241935483871,0.4794617138073141,True
0.1883056991462425,0.579935955444198,3.079757851586884,-0.5228519469826374,-0.27520264967743135,-0.247649297305206,0.06811683658065397,15,15,699,1392,India,vol,0.2661290322580645,0.7862903225806451,0.35615001470168184,True
0.17059964494736513,0.1537577322620224,0.9012781492567647,0.10798178797783287,0.13253582049842025,-0.024554032520587393,0.07556671870661157,20,91,699,1393,India,vol,0.9133064516129032,0.8850806451612904,0.32266185426984295,True
0.13016240801034026,0.495892645827944,3.8097992608476456,0.41138143484846523,0.21001704115082093,0.2013643936976443,0.027576887127692826,20,140,699,1394,India,vol,0.18548387096774194,0.8266129032258065,0.2461813090982808,True
0.2690563826114735,1.163178708358919,4.3231782761258195,1.1284599313000516,1.0623871244682541,0.06607280683179748,0.061741318189048044,20,131,699,1399,India,vol,0.1532258064516129,0.3387096774193548,0.508876975349738,True
0.10122233803435497,0.15241864401669106,1.5057807098365976,0.12072130904588185,0.05191890224688531,0.06880240679899655,0.08716748173857315,20,34,699,1410,India,vol,0.7036290322580645,0.9536290322580645,0.1914458104163731,True
0.09725021477839832,0.06807665348754068,0.7000154564456775,0.03961680663513434,-0.24859391015114662,0.28821071678628096,0.02255598777981421,20,82,699,1430,India,vol,0.9516129032258065,0.8064516129032258,0.1839331766383206,True
0.12269266693235022,0.8381434009672747,6.831242827490308,-0.8158699311371631,-0.8413021935042563,0.025432262367093166,0.011662652252965377,20,467,699,1511,India,vol,0.05846774193548387,0.4112903225806452,0.23205349243205325,True
0.10861488525220668,0.23571920564880267,2.170229293171524,0.177017753219479,-0.00585759837393568,0.18287535159341467,0.0649191910642121,20,40,699,1512,India,vol,0.46774193548387094,0.9919354838709677,0.20542762728255315,True
0.145235458219144,0.27863099224274934,1.9184777302959066,-0.16396253593341825,-0.06558027745047881,-0.09838225848293944,0.06077397901362276,20,32,699,1520,India,vol,0.5544354838709677,0.9435483870967742,0.2746895649705341,True
0.14463564074146615,0.535798400355822,3.7044700573737073,0.4943991941050143,0.4661905028041716,0.028208691300842716,0.007899586876062514,20,282,699,1621,India,vol,0.1935483870967742,0.6270161290322581,0.2735551064572664,True
0.17852740230718805,0.6768871528504534,3.7915028399155726,0.6430597991457638,0.015838376572659518,0.6272214225731043,0.04995605557808037,20,54,699,1629,India,vol,0.1875,0.9838709677419355,0.3376559352405922,True
0.2592861900255895,1.4022817352588022,5.408239193612309,1.1719770507750145,1.1759035600788679,-0.003926509303853354,0.0061361374820611495,20,451,699,1701,India,vol,0.0846774193548387,0.3004032258064516,0.49039822378312464,True
0.1332110787033069,0.9775154583051947,7.338094307323767,0.9416789235174559,0.8599406212667992,0.08173830225065669,0.01089904479985923,20,149,699,1709,India,vol,0.04838709677419355,0.40524193548387094,0.2519473805291694,True
0.2623309620142738,0.8181809332495386,3.1188881669447017,0.6918624733432006,0.7848223394735278,-0.09295986613032717,0.009118773495446724,20,352,699,1811,India,vol,0.25806451612903225,0.43548387096774194,0.4961569214404431,True
0.1317402731813987,2.315490037921609,17.57617455926567,-1.9893347062910527,-2.036001312229699,0.04666660593864665,0.009915239683166988,20,906,699,1812,India,vol,0.0020161290322580645,0.10887096774193548,0.24916558788759827,True
0.5806828342515987,0.5790346621947386,0.9971616656122024,0.5742943918155898,0.18865951418690374,0.3856348776286861,0.5533347301723089,20,74,699,2011,India,vol,0.875,0.842741935483871,1.0982684055415,True
0.7548260339047306,0.6813940465936749,0.9027166737596601,0.5764877065817728,0.34798101434389306,0.22850669223787975,0.039531370171297375,20,594,699,2012,India,vol,0.9133064516129032,0.7116935483870968,1.4276323249441403,True
0.32502649641641757,1.606121056482468,4.941508074543981,1.5931673109880702,-0.13189272478886704,1.7250600357769372,0.15049143950660462,20,313,699,2013,India,vol,0.10483870967741936,0.8850806451612904,0.6147354647362149,True
0.43697076985487804,0.4344088343749462,0.9941370552524996,0.325605407059534,1.222601855415269,-0.896996448355735,0.09246486320783763,20,526,699,2022,India,vol,0.8810483870967742,0.28024193548387094,0.8264600955447262,True
0.20934480732292868,1.4930352948530674,7.131943294633329,1.4670912060681474,1.44246736448578,0.02462384158236748,0.07035517811088741,20,283,699,2023,India,vol,0.05040322580645161,0.22580645161290322,0.395942111915998,True
0.191562283168808,0.9459021137634588,4.9378306528635045,0.9359635159681403,-0.301040204174978,1.2370037201431183,0.05538848803178114,20,235,699,2029,India,vol,0.10685483870967742,0.7580645161290323,0.362309320834064,True
0.21050289875697056,0.20715957083738132,0.9841174257488531,0.0585227084375326,-0.11158682287982868,0.17010953131736128,0.06052637107557582,20,175,699,2030,India,vol,0.8870967741935484,0.9032258064516129,0.39813245603797587,True
0.44475465089035937,0.6858280215720934,1.542036761614806,0.6738478826632228,0.25783588194909224,0.4160120007141306,0.11897980067904693,14,14,699,2100,India,vol,0.6875,0.7983870967741935,0.8411820575341498,True
0.3903574628711169,1.0698116238554036,2.7405947768664025,1.0563508458063726,0.10229100858221285,0.9540598372241598,0.12976775935471335,20,209,699,2211,India,vol,0.3407258064516129,0.9153225806451613,0.7382985048821538,True
0.2601770680259703,0.9548427815273433,3.669972871829092,0.9440279181990352,0.4891838453938422,0.454844072805193,0.19874040328167908,20,223,699,2219,India,vol,0.20161290322580644,0.6028225806451613,0.49208317657197576,True
0.1490554318201512,0.35397282863930657,2.374773091573118,0.31863734227597007,0.20697794529258717,0.1116593969833829,0.01772486295469636,20,79,699,2220,India,vol,0.41330645161290325,0.8306451612903226,0.28191443208994177,True
0.1413544710769006,0.36592209874225856,2.5886842910203183,0.279759602331481,0.2429323098360725,0.03682729249540849,0.04055701373346856,20,116,699,2310,India,vol,0.36693548387096775,0.8104838709677419,0.2673493005280142,True
0.31130712699473717,0.856774794450949,2.752184965124275,0.7898451933316046,0.8860350693179263,-0.09618987598632169,0.03073112885261541,20,482,699,2391,India,vol,0.3407258064516129,0.39919354838709675,0.588787478863336,True
0.7893536320880425,2.1614617925314965,2.738268001394858,2.050868178413708,0.4282096954841592,1.622658482929549,0.07016118523401425,20,224,699,2392,India,vol,0.3407258064516129,0.6512096774193549,1.4929357366643037,True
0.11577992954881385,0.3224098473919741,2.7846782136453387,0.2352065370233749,0.2762384506521958,-0.04103191362882091,0.02369053864532605,20,190,699,2393,India,vol,0.3387096774193548,0.7842741935483871,0.21897915887795663,True
0.1530935698598471,0.22777836001295426,1.4878375376671862,0.2148449474926135,0.04142477337673886,0.17342017411587465,0.05193972555724358,20,459,699,2399,India,vol,0.7096774193548387,0.9637096774193549,0.28955192223880966,True
0.8302640105862468,0.6583177805880696,0.7929017423304107,-0.38017801570770615,-1.6220757866045592,1.241897770896853,0.7448399874518057,20,123,699,2410,India,vol,0.9314516129032258,0.17540322580645162,1.5703111531792933,True
0.3854766279826309,0.5740377241124313,1.4891634990080298,0.398762433750079,-2.381219008669146,2.779981442419225,0.08758792739709827,20,193,699,2420,India,vol,0.7096774193548387,0.07459677419354839,0.7290671888615974,True
0.2689978412020142,0.2404121309241854,0.8937325662165397,0.1750544975976407,0.08118560224351588,0.0938688953541248,0.10132763048116028,20,108,699,2431,India,vol,0.9153225806451613,0.9314516129032258,0.5087662536672073,True
0.2894375437784582,1.7452392953144285,6.029761282973962,1.6129840101740953,1.5654097819189612,0.04757422825513406,0.02206165122605406,20,146,699,2511,India,vol,0.06854838709677419,0.18951612903225806,0.5474246713683361,True
0.20530612636753207,0.969561692384159,4.722517099409311,0.6274107215726836,0.38341220882525673,0.24399851274742693,0.023921124859672623,20,382,699,2512,India,vol,0.11693548387096774,0.6875,0.3883035949291976,True
0.831179097172008,0.9124162429137342,1.0977372337900777,0.04552665192188954,-0.35603022716566174,0.4015568790875513,0.10312844943472367,20,631,699,2513,India,vol,0.8306451612903226,0.7056451612903226,1.5720418926229203,True
0.2840718181240885,0.7746946143839031,2.7271083048635973,0.7488131155561533,0.7578190530777088,-0.009005937521555546,0.06932530857628558,20,452,699,2520,India,vol,0.3407258064516129,0.44556451612903225,0.5372762622689129,True
0.097329138983184,0.24217520483655466,2.4882086430292616,0.20139458068335614,-0.18584458490341232,0.38723916558676846,0.02046016320548315,20,100,699,2593,India,vol,0.3850806451612903,0.844758064516129,0.18408244910762014,True
0.17751805105168822,0.33272537447598455,1.874318541155594,0.2995086680566832,0.2360119589846637,0.0634967090720195,0.03056471763236908,20,63,699,2599,India,vol,0.5685483870967742,0.8125,0.33574690929971374,True
0.22949368919507107,2.311638254512441,10.072774822786235,2.103933446919413,2.077261393182214,0.026672053737199098,0.05417254609523991,20,306,699,2610,India,vol,0.024193548387096774,0.10685483870967742,0.43405048891956866,True
0.22847957207005615,0.5450645684769508,2.385616199901774,0.3306387023362838,0.37468813034765464,-0.04404942801137086,0.021995889879037476,20,101,699,2620,India,vol,0.4092741935483871,0.6935483870967742,0.4321324491012263,True
0.26424280358526586,2.150145623627637,8.137007307121717,1.7862098275334901,2.110990159303268,-0.3247803317697781,0.019633854664165732,20,50,699,2630,India,vol,0.034274193548387094,0.10080645161290322,0.4997728630009123,True
1.1210780272677177,0.768059385595946,0.6851078755578273,-0.4202374896830037,2.2622543605047523,-2.682491850187756,0.2543758336852662,20,163,699,2640,India,vol,0.9516129032258065,0.08266129032258064,2.1203392021770218,False
0.2507527617658194,1.163595030307167,4.640407635445548,1.1478084141384421,-0.3343521768297075,1.4821605909681497,0.1174996202180051,20,260,699,2651,India,vol,0.12701612903225806,0.7237903225806451,0.47425861349011605,True
0.19213963295822006,0.7029554962034017,3.6585658324654777,-0.5491682802537117,-0.735716596389548,0.18654831613583628,0.044135458980150345,20,535,699,2652,India,vol,0.20362903225806453,0.46169354838709675,0.3634012853201066,True
0.2419664609835496,1.4708429338253988,6.078705816693314,1.4595234298707833,1.4205161944240334,0.03900723544674991,0.11121628761936929,20,278,699,2660,India,vol,0.06854838709677419,0.22782258064516128,0.45764073539632266,True
0.14028885711836725,0.2950212974251475,2.102956025767794,0.014317803428834708,0.03321162002585007,-0.01889381659701536,0.0046972950554096116,20,280,699,2670,India,vol,0.48185483870967744,0.9717741935483871,0.2653338627121718,True
0.7094842068317975,2.2785230845110327,3.211520513875538,-1.7702311289024824,-1.2752830710873362,-0.4949480578151461,-0.08376191107460071,20,872,699,2680,India,vol,0.25,0.2661290322580645,1.3418755345132518,True
0.3073615819694543,0.44791916369394696,1.4573036773947283,0.3537125369828793,0.43852367538099657,-0.0848111383981173,0.23564370540299737,20,100,699,2710,India,vol,0.7137096774193549,0.6471774193548387,0.5813251135439023,True
0.32329762260924727,1.2857002132368616,3.9768316353839057,0.7024171961293089,0.7513769577099647,-0.048959761580655826,0.007120220815030074,20,290,699,2720,India,vol,0.17943548387096775,0.4495967741935484,0.6114655773422978,True
0.27625695189766536,1.5233341138031646,5.51419286768739,0.8582375149239354,1.0589842805893834,-0.20074676566544794,0.007571264111733972,20,390,699,2731,India,vol,0.08266129032258064,0.3407258064516129,0.5224956967626575,True
0.26339966681608623,2.0128835173730293,7.641936459921518,1.8606605556813758,1.6660918294953428,0.19456872618603296,0.10191865108720854,20,180,699,2732,India,vol,0.046370967741935484,0.16330645161290322,0.498178205090396,True
1.1341083414543542,0.4026263390864658,0.35501576381154826,0.08197499828074228,0.7548513667617321,-0.6728763684809899,0.0900498663911547,20,308,699,2733,India,vol,0.9919354838709677,0.4475806451612903,2.144983950637524,False
0.1707391204421348,0.20030498621634066,1.1731639808009087,0.0937031351285249,0.144958049168828,-0.0512549140403031,0.05476056002740958,20,67,699,2740,India,vol,0.8125,0.875,0.3229256497881834,True
0.14838068287157058,0.4820677842027275,3.24885810520212,0.4118533592504594,0.32290971378260835,0.08894364546785102,0.01274628982501466,20,114,699,2750,India,vol,0.24596774193548387,0.7338709677419355,0.2806382527228462,True
0.20153481478306703,1.3337736762111743,6.618080740277327,1.2373364397225721,1.4031868455734469,-0.16585040585087477,0.07399508253527126,20,109,699,2790,India,vol,0.06048387096774194,0.23387096774193547,0.38117076420584955,True
0.4151856804870082,0.45675725924546406,1.1001276795232746,0.3884722287957345,-0.0975694634352714,0.4860416922310059,0.16073864308966535,20,389,699,2811,India,vol,0.8306451612903226,0.9193548387096774,0.7852570946062434,True
0.4840948168143271,1.7788891626541852,3.6746709546705847,1.7480866654424911,1.8310312191893832,-0.08294455374689204,0.06938463859819276,20,232,699,2812,India,vol,0.19959677419354838,0.1431451612903226,0.9155876689187868,True
0.2644647020431588,0.27478306800406915,1.03901604214549,0.16023722474398028,0.010477494067449578,0.1497597306765307,0.21880192049102734,20,95,699,2813,India,vol,0.8629032258064516,0.9899193548387096,0.5001925483285427,True
0.5404539248063412,1.5450381954032884,2.8587787496536654,1.4833156130172611,0.6936465244095742,0.7896690886076869,0.4947896397426248,20,116,699,2814,India,vol,0.3245967741935484,0.4737903225806452,1.0221818783927175,True
0.4232317327229559,1.3269057902173251,3.1351755731555864,1.2275283460148962,0.9256786876879617,0.3018496583269346,0.28517357906939106,20,606,699,2815,India,vol,0.2560483870967742,0.3870967741935484,0.8004749113537746,True
0.25773790835474647,1.1084971092057185,4.300869500655683,1.021833116713438,0.6810016743766321,0.3408314423368059,0.0406143620104094,20,248,699,2816,India,vol,0.15524193548387097,0.48185483870967744,0.4874698974375431,True
0.25280266190419487,0.9671990742522844,3.825905419535597,0.872418129626114,0.7802790204625828,0.0921391091635312,0.019655754734856954,20,158,699,2817,India,vol,0.18346774193548387,0.4375,0.4781356706781325,True
0.14604886971135136,0.9001131120977505,6.163095365795843,0.5531186931349907,0.5974958789683789,-0.04437718583338818,0.04910117095615876,20,127,699,2818,India,vol,0.06451612903225806,0.5282258064516129,0.2762280022893281,True
0.2639654197657827,0.919978897410302,3.485225065565793,0.8621865704952594,0.6252873217969248,0.23689924869833456,0.13723167031136557,20,118,699,2819,India,vol,0.22580645161290322,0.5161290322580645,0.499248236014927,True
0.5632579598900924,2.412036678875745,4.282294881986935,2.3929138599147777,0.5210721268493572,1.8718417330654205,0.3415666340026722,20,254,699,2821,India,vol,0.15524193548387097,0.5866935483870968,1.0653120516543784,True
0.20820656221562286,0.5329791355227806,2.5598575273089463,0.487841917835091,0.46958998695888116,0.01825193087620988,0.03035334244842874,20,378,699,2822,India,vol,0.37298387096774194,0.6229838709677419,0.39378930393653133,True
0.8460308221874919,1.4745140523663602,1.7428609143977356,1.3580718130536766,1.1159321450968913,0.24213966795678532,0.5700412473876246,20,668,699,2823,India,vol,0.6129032258064516,0.3286290322580645,1.6001315474054982,True
0.2784809076383596,1.0618413996156648,3.8129773729213476,1.0120117494070158,0.6969840357948314,0.31502771361218446,0.11588546204843472,20,373,699,2824,India,vol,0.18548387096774194,0.4737903225806452,0.5267019521937744,True
0.554186938109732,1.2862868015183408,2.321034136794558,1.1651095488225565,0.7655556613620625,0.3995538874604939,0.34235832592852167,20,664,699,2825,India,vol,0.4274193548387097,0.43951612903225806,1.0481556694785756,True
0.10553863767037092,0.37491554894799495,3.552400876340375,0.33392638950244447,0.3264682859308091,0.007458103571635361,0.018203256226334927,20,326,699,2826,India,vol,0.21774193548387097,0.7318548387096774,0.19960939859131238,True
0.3210655625097573,0.7915541234848456,2.465397152211832,0.7826000661436794,0.4950543337954169,0.2875457323482625,0.15700934547754627,20,336,699,2829,India,vol,0.38911290322580644,0.5967741935483871,0.6072439938169313,True
0.6712024499627521,3.6259893305670468,5.402228985857051,3.546226075504652,0.6944085524148944,2.8518175230897578,0.11182687906807522,20,267,699,2910,India,vol,0.0846774193548387,0.4737903225806452,1.2694717340253643,True
0.24170164311857023,1.6103651008141644,6.6626154462018965,1.5471403591775061,1.440257193332702,0.10688316584480415,0.017647110519658425,20,296,699,2920,India,vol,0.05846774193548387,0.22580645161290322,0.4571398748969683,True
0.31701696200135576,0.4335160564467746,1.3674853664294486,0.4052549004466499,0.0887913828686025,0.3164635175780474,0.2561860392120719,20,88,699,2930,India,vol,0.7379032258064516,0.9274193548387096,0.5995867155872978,True
2.577377931166708,2.7157081120720923,1.0536708952275253,-0.6084756049699411,-2.179251366803121,1.5707757618331801,0.27494669407009725,20,549,699,3011,India,vol,0.8588709677419355,0.09475806451612903,4.874696794832139,False
0.3155681035439134,0.5609929132462477,1.7777237526421354,-0.0784465827287395,0.5684655090737676,-0.6469120918025071,0.06640070707398073,20,504,699,3020,India,vol,0.5967741935483871,0.5524193548387096,0.5968464322965726,True
0.4557539317540683,1.0766141498474104,2.3622706790566266,1.0504722418455401,0.8156862652375471,0.23478597660799302,0.09823579807182221,20,130,699,3030,India,vol,0.4153225806451613,0.41935483870967744,0.8619854323607159,True
0.3017676589784945,1.0840065063628306,3.5921891366101706,1.0062070583882612,0.7036528225279646,0.3025542358602966,0.025110309232097613,20,371,699,3091,India,vol,0.21370967741935484,0.4717741935483871,0.5707451057985012,True
0.44653811269662264,1.0099509946086809,2.261735260422978,-0.04591485360711012,0.3268879464840086,-0.3728028000911187,0.049978893207746775,20,200,699,3092,India,vol,0.4435483870967742,0.7298387096774194,0.8445551893692477,True
0.1574683670395941,0.6205318712319283,3.9406763586739983,0.1377429085200772,0.11631282790160062,0.02143008061847658,0.014207030508182101,20,217,699,3099,India,vol,0.17943548387096775,0.8971774193548387,0.2978261491312933,True
0.11398924867836813,0.15676850336089954,1.3752920137515536,0.11422353414966047,-0.21523049937634275,0.3294540335260032,0.023449327492674307,20,56,699,3100,India,vol,0.7379032258064516,0.8266129032258065,0.21559237334131723,True
0.16656352878797637,0.1995293116072261,1.1979171734600607,-0.08941521552517173,-0.09161113354992229,0.002195918024750561,0.12239448659668396,20,23,699,3211,India,vol,0.8044354838709677,0.9233870967741935,0.31502818818314826,True
0.24904245857904012,0.2692372843579696,1.0810898908328925,-0.0864691311299044,-0.3012136001778522,0.2147444690479478,0.19677510794392655,17,17,699,3212,India,vol,0.8407258064516129,0.7580645161290323,0.47102384944485626,True
0.16128353634520137,0.23140102464641085,1.434746719287791,0.025910901897683303,0.005567282162903527,0.020343619734779776,0.009002736898519069,20,303,699,3220,India,vol,0.717741935483871,0.9919354838709677,0.3050419296968416,True
0.10317717366459192,0.488639657312034,4.735927918519095,0.37486742274992046,0.2805029484617656,0.09436447428815489,0.05795865879127262,20,108,699,3230,India,vol,0.11693548387096774,0.780241935483871,0.19514306834114553,True
0.23736149927108652,0.9139353926982087,3.8503944216092885,0.8962355368658201,0.6007806116530219,0.2954549252127982,0.04746903680414763,20,326,699,3250,India,vol,0.18346774193548387,0.5282258064516129,0.448931189222042,True
0.18655371761780293,0.20558554823689648,1.102017964917132,0.1737461994733689,0.011647447796495514,0.16209875167687338,0.03894305500785513,20,23,699,3290,India,vol,0.8306451612903226,0.9879032258064516,0.3528364227608121,True
0.7677589718394194,1.2880751592554467,1.67770772664426,0.6711621010146391,0.7755678276504638,-0.10440572663582466,0.166787514983117,20,826,699,Wastes,India,vol,0.6330645161290323,0.4375,1.452092901848922,True
0.9550366496280535,1.14158632425681,1.1953324772420093,1.0571699867883702,1.9489251641079046,-0.8917551773195346,0.11218885518758835,20,164,704,2410,Vietnam,vol,0.8044354838709677,0.12096774193548387,1.8062985791073618,True
0.6512391918083005,0.3446814256369242,0.52927008996471,-0.08239918336625784,-1.2833004150181246,1.2009012316518668,0.5427580113300207,20,119,710,2410,South Africa,vol,0.969758064516129,0.26411290322580644,1.2317144344989188,True
0.09473701597892313,0.367298327501635,3.8770307857633037,0.10161815452432243,0.13704938661492294,-0.03543123209060052,0.0023828989400948523,20,197,710,2599,South Africa,vol,0.18346774193548387,0.8830645161290323,0.1791798643730014,True
0.5281293221583919,0.4158286814667924,0.7873614738287164,0.08778641003023857,0.027023195438286247,0.06076321459195232,0.03434402839751724,20,244,764,2410,Thailand,vol,0.9334677419354839,0.9758064516129032,0.9988718700702893,True
0.6923478996705648,1.170417803431312,1.6905053138577064,1.1391526258423266,1.3248019197477046,-0.18564929390537807,0.1346233617025142,20,323,792,1040,Turkiye,vol,0.6310483870967742,0.2560483870967742,1.309464959182413,True
0.32925783440185163,0.960910355733334,2.918413034815035,-0.9451840206654403,-0.9074555780002512,-0.03772844266518907,-0.004608552436773747,20,413,792,1079,Turkiye,vol,0.3024193548387097,0.39314516129032256,0.6227383615818901,True
0.26848314488097613,0.1922890903997167,0.7162054455409566,-0.03147114224563907,0.1145393083816664,-0.14601045062730547,0.011356878680692713,20,266,792,2011,Turkiye,vol,0.9435483870967742,0.8991935483870968,0.5077927881633181,True
0.8069609016798494,1.1800946812592483,1.4623938765839175,0.9219399122109131,1.122788977931909,-0.20084906572099584,0.11241984632362739,20,707,792,2029,Turkiye,vol,0.7137096774193549,0.32661290322580644,1.5262370618626897,True
0.3289086797809204,1.0199507001012367,3.1010148494123224,-0.887517811612426,-1.0178276306123832,0.13030981899995708,0.15238234696826244,20,82,792,2410,Turkiye,vol,0.2620967741935484,0.3588709677419355,0.6220779916411947,True
1.1210447218579949,1.907273598770019,1.7013358714262046,1.5960300375383643,1.909557849902481,-0.3135278123641167,0.028756270181896696,20,579,818,2410,Egypt,vol,0.6310483870967742,0.13306451612903225,2.1202762103386643,False
1.9598937118228976,2.4211297795917206,1.2353372863979584,2.1190499235038303,2.184323836094196,-0.0652739125903658,0.09436999930504376,20,522,12,2011,Algeria,tgt,0.8104838709677419,0.09879032258064516,4.3238755329112575,False
0.15895101970523007,1.0202245536593926,6.418483854657671,0.7946408432365395,0.8072216609871267,-0.012580817750587132,-0.023883411608132767,20,230,32,1040,Argentina,tgt,0.07661290322580645,0.4213709677419355,0.35067433549521215,True
0.3362511419687026,0.9923004120227847,2.9510692698707492,0.21185868037577293,-0.05471284469775689,0.2665715250735298,0.025437169286242067,20,407,32,1920,Argentina,tgt,0.3407258064516129,0.9455645161290323,0.7418300680804076,True
0.1676057172250688,0.4690225115110131,2.798368213664142,-0.379227639288338,-0.3981299030493451,0.01890226376100706,0.025700053819765954,20,247,32,2011,Argentina,tgt,0.37701612903225806,0.7016129032258065,0.3697681438099357,True
0.19564546981909883,0.36832489594267737,1.8826139766141503,0.04837621176303131,-0.4767800369648516,0.5251562487278829,-0.005046103641481927,20,541,32,2013,Argentina,tgt,0.6209677419354839,0.6330645161290323,0.431628845468826,True
0.760130916624976,0.9392397047127784,1.2356288688836068,0.32385029927103837,0.23245085732917586,0.0913994419418625,0.3034891480842994,20,669,32,2023,Argentina,tgt,0.8104838709677419,0.7983870967741935,1.6769845488953428,True
0.29933165533183587,2.3578326720397453,7.876990722634655,2.233864037269967,0.9436018906069576,1.2902621466630095,0.04584870388359748,20,295,32,2100,Argentina,tgt,0.04032258064516129,0.3649193548387097,0.6603790873492559,True
0.1486734920404328,0.3919402408247981,2.6362483011982207,-0.23868004654994301,-0.3506486518926829,0.1119686053427399,0.0074299225266323465,20,227,32,2220,Argentina,tgt,0.40725806451612906,0.7258064516129032,0.3280002740700632,True
0.9211420426729994,0.6977864473297974,0.7575231777554506,0.07026004791259766,0.5393068518523978,-0.4690468039398002,0.6918504888361151,20,267,32,2410,Argentina,tgt,0.9435483870967742,0.5907258064516129,2.0322038468837067,False
0.2969820647119835,0.6666677465973264,2.244808107330886,0.6549944016044815,0.44431678898886245,0.21067761261561907,0.016747715215886864,20,139,32,2420,Argentina,tgt,0.5060483870967742,0.6612903225806451,0.6551954708438036,True
0.13762249985573757,0.44711358405919577,3.2488407384539695,-0.03236414989643954,-0.24269718869596532,0.21033303879952578,0.005501988081219105,20,209,32,2599,Argentina,tgt,0.29838709677419356,0.7963709677419355,0.3036198117860376,True
0.21775654546839654,0.9111981399437611,4.184481058807048,0.6427048801998172,0.7062790749946692,-0.06357419479485207,-0.011699063085426868,20,793,32,2610,Argentina,tgt,0.2056451612903226,0.4778225806451613,0.4804098270239051,True
0.1480695664640621,0.8740952972651906,5.903274508994675,0.6202702240641331,0.650366141661993,-0.030095917597859907,0.008497088588815028,20,168,32,2620,Argentina,tgt,0.0967741935483871,0.5080645161290323,0.32666790639746135,True
0.3009393921832339,0.8083501496479467,2.686089527142276,0.2632971623802778,0.3980937607959064,-0.1347965984156286,0.14737363250789945,20,581,32,2651,Argentina,tgt,0.3951612903225806,0.7016129032258065,0.663926041958674,True
0.6874767689671277,0.7512179036513784,1.0927175107022395,0.19506306280864827,-0.160623257346881,0.35568632015552926,0.4167539997734362,20,556,32,2710,Argentina,tgt,0.8548387096774194,0.8467741935483871,1.516696524331958,True
0.8414581522410053,0.7359152663787183,0.8745714381859622,0.5004821622709548,0.4111371262845085,0.08934503598644625,-0.007770685139610171,20,308,32,2750,Argentina,tgt,0.9213709677419355,0.6935483870967742,1.8564069543646624,True
0.07830354494567536,1.2643542022613374,16.146832217347352,1.0705533894605335,1.068722353564526,0.0018310358960075082,0.004684419872251847,20,328,32,2790,Argentina,tgt,0.010080645161290322,0.31048387096774194,0.17275160386933136,True
0.14093318668015284,0.3988702928513816,2.8302084288820897,-0.27688534028600564,-0.30162441162670706,0.024739071340701416,0.05217121124020207,20,279,32,2813,Argentina,tgt,0.3689516129032258,0.7600806451612904,0.3109237781546558,True
0.2953770696359112,0.37199300775518884,1.2593834999233904,0.19551953291495394,-0.12952265852045286,0.3250421914354068,0.1702664072175957,20,390,32,2814,Argentina,tgt,0.8044354838709677,0.8830645161290323,0.6516545650803898,True
0.24078225362879513,1.227919703009531,5.099710150992142,1.0694138997156681,1.2866254873218863,-0.21721158760621814,0.04333597246650569,20,360,32,2819,Argentina,tgt,0.1431451612903226,0.24798387096774194,0.531208651236725,True
0.1557708203451013,0.768379228180665,4.932754584448903,0.6415294268386811,0.6027290762152958,0.03880035062338531,0.022208350691435574,20,793,32,2821,Argentina,tgt,0.15120967741935484,0.5423387096774194,0.3436582477757148,True
0.642090862018796,1.1142432484242921,1.735335782417154,-1.0130048843788764,-0.9060665697640434,-0.10693831461483291,0.199683127453443,20,871,32,2824,Argentina,tgt,0.6693548387096774,0.37298387096774194,1.4165671084309532,True
0.28198695439940286,0.5269210371685263,1.868600759530889,-0.22858192334215488,-0.0459184057565451,-0.18266351758560978,0.0795967454153434,20,756,32,2829,Argentina,tgt,0.625,0.9576612903225806,0.6221135796153411,True
1.5420377706282153,2.198744611533829,1.4258694912758691,-1.3886509097678879,-4.810149217379237,3.4214983076113494,-0.3240067140016739,20,348,32,2910,Argentina,tgt,0.7479838709677419,0.012096774193548387,3.402010704469706,False
0.4080235284992596,0.5611858373304129,1.3753761686109023,0.0995127606051387,0.4127758057299994,-0.3132630451248607,0.13019083807076628,20,407,32,2930,Argentina,tgt,0.7741935483870968,0.6935483870967742,0.9001727701290214,True
0.2902183565898214,0.5955600622351025,2.052110242898364,0.30788379870528804,0.36590544768300937,-0.05802164897772131,0.058634512996699056,20,687,32,3250,Argentina,tgt,0.5463709677419355,0.717741935483871,0.6402735228398128,True
0.6121886360900468,0.8157399329141741,1.33249767281565,0.8097957254701562,-0.007553766865434075,0.8173494923355903,0.5723586052056008,20,23,50,1410,Bangladesh,tgt,0.782258064516129,1.0,1.3505974579887121,True
0.17930026253546996,1.1409403011898291,6.3632940914636045,-1.0994606829249154,-0.6941746826285524,-0.4052860002963629,0.0028762359618862117,20,85,50,1512,Bangladesh,tgt,0.08266129032258064,0.4838709677419355,0.3955683992172223,True
0.0907953324004345,0.14298342115782556,1.5747882339064085,0.04972439954450891,0.17991490693808368,-0.13019050739357477,-0.004180309547108443,20,201,50,2220,Bangladesh,tgt,0.7137096774193549,0.8306451612903226,0.20031071782134427,True
0.8625327270131176,2.2708002567115133,2.6327119952597213,1.9878411069969903,1.4862364967562092,0.5016046102407812,-0.10268861975353318,20,254,50,3100,Bangladesh,tgt,0.40725806451612906,0.20766129032258066,1.902901229882742,True
0.09693885506889445,0.41247926897268106,4.255045808819714,-0.3663514690368075,-0.36011813686176664,-0.006233332175040862,0.002031706249381154,20,364,68,1030,Bolivia,tgt,0.1975806451612903,0.719758064516129,0.21386442595959462,True
0.44580257546328916,0.9230539433605068,2.0705442143335446,-0.5625541813079717,-0.5864658928343295,0.02391171152635779,0.032855573466043946,20,649,68,1079,Bolivia,tgt,0.5443548387096774,0.5564516129032258,0.9835200944451646,True
0.196246383430051,0.7993636988156123,4.073265885689726,-0.4410304502605715,-0.7341955368593542,0.29316508659878265,-0.013758920770017684,20,391,68,1101,Bolivia,tgt,0.20766129032258066,0.46774193548387094,0.4329545682078274,True
0.28811219166644547,0.792388785047473,2.7502785649724983,-0.4188041425892024,-0.36666826152452436,-0.05213588106467802,-0.020423382456378245,20,210,68,1392,Bolivia,tgt,0.3810483870967742,0.717741935483871,0.6356269468925942,True
0.47680915138558216,2.8015230233196724,5.875564710070255,2.733662701200414,3.290658197521618,-0.5569954963212038,0.01479306486951305,20,371,68,1410,Bolivia,tgt,0.0967741935483871,0.03225806451612903,1.0519261381918232,True
0.18295216268548323,1.40225337444984,7.664590316215514,1.353452690453766,1.3210012595239653,0.03245143092980071,0.028235831493208963,20,366,68,1430,Bolivia,tgt,0.04435483870967742,0.23387096774193547,0.4036251431171712,True
0.7545983150178506,1.9860984979284106,2.631994345072753,-0.8534678163659848,-0.8686730360265374,0.015205219660552658,0.019018823150337528,20,264,68,1520,Bolivia,tgt,0.40725806451612906,0.3810483870967742,1.6647786417188026,True
0.47842382682030227,0.8791795621561049,1.837658395902443,-0.7264511409726495,-0.08885460326082384,-0.6375965377118257,0.018651117779669043,20,544,68,2011,Bolivia,tgt,0.6370967741935484,0.907258064516129,1.0554884005551661,True
0.4770954983911301,1.1661353199498719,2.444238782135514,-0.7169404566938202,-0.6465402342697161,-0.07040022242410417,-0.054478143929113425,20,293,68,2220,Bolivia,tgt,0.4596774193548387,0.5120967741935484,1.052557870822905,True
0.6221381828779122,0.39450106723018374,0.6341052166341641,0.25178553898683287,0.106970383721609,0.14481515526522387,0.2873944054642546,20,283,68,2620,Bolivia,tgt,0.969758064516129,0.8951612903225806,1.3725479350273846,True
0.26190540208182844,0.9908877341146909,3.7833802824926184,-0.05934534838338301,-0.7805178952014227,0.7211725468180397,-0.01633765189655008,20,340,68,2640,Bolivia,tgt,0.22580645161290322,0.4314516129032258,0.577810088969373,True
0.9455406191433984,1.6431868182782594,1.7378278468532484,-1.3952007446346326,-1.3423790045012256,-0.052821740133407,-0.033005911331542404,8,8,68,3240,Bolivia,tgt,0.6693548387096774,0.22983870967741934,2.0860314637599813,False
0.2327358280507366,2.4046341823428583,10.332032684794221,-0.8564776264197009,-0.8612732036259766,0.004795577206275648,-0.0011430391103149614,20,173,68,3290,Bolivia,tgt,0.02217741935483871,0.39314516129032256,0.5134567994528858,True
0.5492379815541506,0.2733280387626085,0.4976495580097832,-0.1944068980791318,-0.3909616937277746,0.1965547956486428,0.4197563182407235,20,66,76,2011,Brazil,tgt,0.9858870967741935,0.7076612903225806,1.2117170721358763,True
0.275634646788156,0.8257151939792511,2.995687238890071,-0.6953356048663739,-2.3044477977360414,1.6091121928696674,0.04134071990381633,20,202,76,2013,Brazil,tgt,0.33064516129032256,0.08870967741935484,0.6080992546077623,True
0.17580529723384863,0.29858367235086014,1.6983769946004357,0.1779074660187554,0.18842167301327176,-0.01051420699451636,0.004845876443141283,20,483,76,2023,Brazil,tgt,0.6774193548387096,0.8225806451612904,0.3878578816187966,True
0.9971731477380835,0.7600377115575158,0.7621923166318018,-0.11945129604106519,0.11591256869794747,-0.23536386473901266,0.11541763295640434,20,564,76,2030,Brazil,tgt,0.9415322580645161,0.8931451612903226,2.199942042556243,False
0.1507885231420918,0.307882598485066,2.041817189196425,-0.10455057395459022,-0.901817710754304,0.7972671367997137,0.02564429241950011,20,165,76,2100,Brazil,tgt,0.5524193548387096,0.37701612903225806,0.3326664103899271,True
0.20487175426572096,0.3827933646267068,1.8684535894109617,0.35139888443668,0.33149450838792327,0.019904376048756736,0.061250631677602675,20,108,76,2220,Brazil,tgt,0.625,0.7399193548387096,0.4519836766200135,True
0.7649614717605391,0.5296602436899805,0.6924012035154936,0.49799271470274675,0.7048272122475312,-0.20683449754478445,0.6701246605662298,20,35,76,2410,Brazil,tgt,0.9576612903225806,0.4778225806451613,1.6876416161817178,True
0.6387689718726407,0.5695102176908529,0.8915746424270639,-0.4781866100545731,-1.5367210450106759,1.0585344349561028,0.5085892293990457,20,96,76,2420,Brazil,tgt,0.9173387096774194,0.19556451612903225,1.4092384255338486,True
0.32361970401612367,0.6454954901622257,1.994611212332316,0.5671289106528405,0.4204279951181036,0.14670091553473696,0.28194104483426136,20,109,76,2599,Brazil,tgt,0.5806451612903226,0.6875,0.713962860190933,True
0.07827180171291173,0.17619830451534102,2.2511083258515985,-0.1208688229847592,-0.10884799878062476,-0.012020824204134441,0.0003064172719467512,20,409,76,2610,Brazil,tgt,0.5060483870967742,0.8931451612903226,0.17268157262903797,True
0.16595606232857732,0.423560825415199,2.552246778286343,-0.23758722961647827,-0.3059399719716375,0.06835274235515927,0.03718357995554846,20,83,76,2620,Brazil,tgt,0.42338709677419356,0.7560483870967742,0.36612871050717133,True
0.41946995153550537,0.2969367353188798,0.7078855928342845,-0.18257435476149197,-0.2242936884847104,0.04171933372321843,0.14452937571118485,20,69,76,2630,Brazil,tgt,0.9576612903225806,0.8044354838709677,0.9254256234889833,True
0.14043906937966547,0.3240461664529306,2.307379049749315,-0.0326491992284037,-0.31634339014366797,0.28369419091526427,0.021194851782920857,20,280,76,2651,Brazil,tgt,0.48588709677419356,0.75,0.30983366714859606,True
0.18968265253618216,0.4750440697695981,2.50441494474031,-0.42222217557209163,-0.42436573325359417,0.0021435576815025123,0.01999118415972021,20,454,76,2660,Brazil,tgt,0.43548387096774194,0.6854838709677419,0.4184738056820799,True
0.4564289257528867,0.2551004900550633,0.5589051781375841,0.18472302475998248,0.3068473331667648,-0.12212430840678233,0.36270383150698216,20,116,76,2710,Brazil,tgt,0.9818548387096774,0.7560483870967742,1.0069637208745794,True
0.1039047273496447,0.2106486099725907,2.0273246015433677,0.14993566003250614,0.12484227764880956,0.025093382383696572,0.00879761436722762,20,172,76,2790,Brazil,tgt,0.5665322580645161,0.8830645161290323,0.2292323842006089,True
0.6006188345278967,0.19724049211995004,0.32839544946169835,-0.12468549330256451,-0.358973273851845,0.2342877805492805,0.47500768371372876,20,151,76,2813,Brazil,tgt,0.9979838709677419,0.7217741935483871,1.3250724095672395,True
0.28975553505379775,0.3568630400242386,1.2316004246751706,-0.256427108235771,-0.3206074803251021,0.06418037208933115,0.0006934740285297765,20,360,76,2816,Brazil,tgt,0.8145161290322581,0.7459677419354839,0.6392524558790663,True
0.3400924604624813,0.4913062802584974,1.444625616193858,0.4579340358699717,0.323194016481905,0.13474001938806673,0.2942012363406409,20,168,76,2819,Brazil,tgt,0.7399193548387096,0.7459677419354839,0.7503047026736892,True
0.29967958766340447,0.7416106241630812,2.4746784722489905,0.6544113171428041,0.6932241956580005,-0.03881287851519641,0.007952734340729316,20,486,76,2821,Brazil,tgt,0.4495967741935484,0.4838709677419355,0.6611466882076611,True
0.40077034215491464,0.31890849476023386,0.7957387591244521,0.1840468191296356,-0.22975070385648982,0.41379752298612543,0.03106299514666572,20,340,76,2822,Brazil,tgt,0.9354838709677419,0.8004032258064516,0.8841709457541733,True
0.4713713534250584,0.5953585087941897,1.2630349817998507,0.4541925380658167,-0.8879466167689609,1.3421391548347776,0.2886249345268652,20,134,76,2824,Brazil,tgt,0.8044354838709677,0.3790322580645161,1.0399293847900508,True
0.3642773856022773,0.3788736091776102,1.040068980815815,0.25971747558330094,0.2942147449515516,-0.03449726936825064,0.014495410536061374,20,462,76,2829,Brazil,tgt,0.8770161290322581,0.7661290322580645,0.8036609665600564,True
0.7828165568301866,1.2748447689896842,1.6285357761872574,-0.6680999802719345,-1.2366580383766717,0.5685580581047371,0.03095278930083771,20,220,76,2910,Brazil,tgt,0.6995967741935484,0.25806451612903225,1.7270331224685007,True
0.6447751300288809,0.638857055864956,0.990821491263691,-0.5893668018937852,-0.6889953685857061,0.09962856669192086,0.5065298380390015,20,111,76,2930,Brazil,tgt,0.8931451612903226,0.48588709677419356,1.42248908302711,True
0.7029690163296507,1.2451886490807271,1.7713279250657723,1.181230088288764,0.527029413335153,0.6542006749536111,0.04302471015356128,20,517,100,2011,Bulgaria,tgt,0.6612903225806451,0.6008064516129032,1.5508751886730552,True
1.371139111389395,0.6641691580561411,0.4843922491446757,0.414309024810791,-3.1527709146489005,3.5670799394596915,-0.21610041098161178,20,863,100,2013,Bulgaria,tgt,0.9858870967741935,0.04032258064516129,3.0249777425124056,False
0.3898722945593966,1.43791570426077,3.6881710353021897,1.2847125843669147,2.38857409165581,-1.103861507288895,-0.027392567143866117,20,351,100,2100,Bulgaria,tgt,0.2318548387096774,0.08064516129032258,0.8601279065472488,True
2.6363625528789933,2.6474312440525214,1.0041984707912956,1.9927663752833267,2.5895021078577907,-0.5967357325744641,-0.2039292548182142,20,813,100,2410,Bulgaria,tgt,0.8891129032258065,0.06854838709677419,5.816286602437459,False
0.6176281855646475,1.1928207230860537,1.931292565600053,1.0202922670468872,0.16139230453583298,0.8588999625110543,0.03306696822182318,20,571,100,2420,Bulgaria,tgt,0.6068548387096774,0.8467741935483871,1.3625980755433296,True
0.385161730520958,0.2596359664205399,0.6740959598176179,0.0023913683980989475,-0.06301368598784098,0.06540505438593992,-0.017525604299268173,20,252,100,2599,Bulgaria,tgt,0.9576612903225806,0.9354838709677419,0.8497355610495574,True
0.526293030717144,0.5572214716399183,1.0587665789163696,-0.34752334821721576,-0.6188725288185035,0.2713491806012877,0.020967226588892437,20,242,100,2640,Bulgaria,tgt,0.8649193548387096,0.530241935483871,1.1610964130003825,True
0.1558950385166043,0.6723084653793964,4.312571277294301,0.6370411906230924,0.6796719519051141,-0.04263076128202171,0.008093617884762271,20,430,100,2651,Bulgaria,tgt,0.18951612903225806,0.4879032258064516,0.3439322952453631,True
0.2622617861563917,0.8375207072321714,3.193453074146082,0.734651830489117,0.3444195669314325,0.3902322635576845,-0.005923987916689425,20,320,100,2710,Bulgaria,tgt,0.3024193548387097,0.7318548387096774,0.578596335882166,True
0.21949581186915273,0.49557628986893365,2.2577938305463423,-0.3399373002161976,-0.3662203626059158,0.026283062389718163,0.006619255474109697,20,258,100,2790,Bulgaria,tgt,0.5,0.717741935483871,0.4842469593082113,True
0.2570926996594232,0.30142704189470704,1.172444967492327,0.018078250523416273,-0.18416497162599998,0.20224322214941626,0.022716400983050843,20,520,100,2816,Bulgaria,tgt,0.8266129032258065,0.8266129032258065,0.5671924079564237,True
0.27513498618653287,0.8610400811748876,3.129518688659717,0.7244043108808356,0.4973514015839654,0.22705290929687014,-0.0038748531250998915,20,744,100,2829,Bulgaria,tgt,0.32056451612903225,0.6108870967741935,0.6069969140894549,True
0.1660850994880062,0.33051953959751595,1.9900613638214086,0.12522743177459716,0.15989780902324863,-0.03467037724865147,-0.006663277890243064,20,545,100,2930,Bulgaria,tgt,0.5806451612903226,0.8487903225806451,0.3664133895247758,True
0.7734455711832127,0.3134538693974179,0.40526946054897944,0.1198287538941738,-0.026360302119339096,0.1461890560135129,0.30518137186427213,20,458,152,2410,Chile,tgt,0.9959677419354839,0.9758064516129032,1.706359054628094,True
0.1426503554467117,0.9277737788698672,6.5038308244275305,0.8143852460528418,0.8042192505526047,0.01016599550023716,0.0008043140992967001,20,240,152,2599,Chile,tgt,0.07661290322580645,0.4254032258064516,0.3147121591116504,True
0.231368280713289,0.18247623422336617,0.7886830193871315,0.031908974661470246,0.12037663310837599,-0.08846765844690574,0.01320547448073201,20,734,152,2610,Chile,tgt,0.9375,0.8850806451612904,0.5104397458051204,True
0.24438713569771636,0.7026216965255441,2.8750355231243443,0.5887481622446487,0.5470306119788054,0.04171755026584318,0.0823872625482847,20,153,152,2620,Chile,tgt,0.3548387096774194,0.5866935483870968,0.5391616648531325,True
0.23755407097763614,0.8083338174477427,3.402736118649135,0.49733783094386474,0.47612326557081114,0.021214565373053614,0.036821160180320174,20,470,152,2710,Chile,tgt,0.26411290322580644,0.6330645161290323,0.5240867038081921,True
0.24261385046214115,0.5254152706407806,2.1656441692836057,0.4324707066514426,0.3728146099883507,0.05965609666309193,0.03545494220017192,20,319,152,2790,Chile,tgt,0.5221774193548387,0.7137096774193549,0.5352494809440139,True
0.29561611118283704,0.25177080954825126,0.8516816236464606,0.16918044438168955,0.2624477437179761,-0.0932672993362865,0.011127830973911366,20,372,152,2817,Chile,tgt,0.9254032258064516,0.7842741935483871,0.6521819334217783,True
0.19217433393956326,0.514262275560517,2.676019554839445,0.4128863336438382,0.15940553005746777,0.25348080358637043,0.004081181253910124,20,419,170,1040,Colombia,tgt,0.3951612903225806,0.8487903225806451,0.42397089983106256,True
0.15747009059972003,0.2906660290901839,1.8458491259082357,-0.08901776211403067,-0.012538746446811438,-0.07647901566721924,0.005973922336600394,20,511,170,1101,Colombia,tgt,0.6330645161290323,0.9939516129032258,0.34740714141899093,True
0.15202995960478274,0.5349699423204834,3.518845520390796,-0.26491777654452253,-0.20857262221326833,-0.056345154331254185,0.009449602231236394,20,405,170,1102,Colombia,tgt,0.24798387096774194,0.8104838709677419,0.335405240926661,True
1.3423103264612801,1.779173093553053,1.3254558640277097,-1.4670720602177632,-1.9178233226009223,0.450751262383159,-0.35397170951587814,20,342,170,1311,Colombia,tgt,0.7862903225806451,0.1310483870967742,2.961376294616388,False
0.3128539112392227,0.7256495556299214,2.319451761864201,-0.3571797853492136,-0.3971766586543603,0.03999687330514673,0.012623901418748867,20,311,170,1312,Colombia,tgt,0.48185483870967744,0.7016129032258065,0.6902115987324028,True
0.4565904698668175,0.5810959713833985,1.2726852830566042,0.2438114369645108,0.19145851445287454,0.05235292251163624,-0.013291833408240887,20,299,170,1394,Colombia,tgt,0.8044354838709677,0.8205645161290323,1.0073201160390202,True
0.1661355233166431,0.36734616937801173,2.211123557710621,-0.21232118761043317,-0.487605353575506,0.2752841659650728,0.026004147181678115,20,276,170,1399,Colombia,tgt,0.5181451612903226,0.6270161290322581,0.3665246334956114,True
0.11735950779412271,0.354743699867986,3.022709506334103,-0.32407020376091644,-0.06761996367620976,-0.2564502400847067,0.003940364550151413,20,100,170,1410,Colombia,tgt,0.3286290322580645,0.9334677419354839,0.2589160326625763,True
0.427525938070659,0.9909694376407511,2.3179165271534226,0.9810011348366796,0.9818326641519443,-0.0008315293152646626,-0.027717950234781033,20,518,170,1701,Colombia,tgt,0.48185483870967744,0.3467741935483871,0.9431985684516031,True
0.20568165865725502,0.6154049425538374,2.992026350678839,0.44720994545450843,0.05666709641887163,0.3905428490356368,-0.0026787006940038275,20,310,170,2011,Colombia,tgt,0.33064516129032256,0.9455645161290323,0.4537704703432784,True
1.4445625351276925,1.6726574522310853,1.1578989566438052,-0.011521411549867189,2.0669967126089777,-2.078518124158845,0.5541126913323575,20,699,170,2012,Colombia,tgt,0.8306451612903226,0.11290322580645161,3.1869629274892572,False
0.3297813759752014,0.3555716442470368,1.0782041381068612,0.30536447914735554,0.49657604193986926,-0.19121156279251372,0.007938501892593567,20,319,170,2021,Colombia,tgt,0.8568548387096774,0.6129032258064516,0.7275566089054496,True
0.8009499674700062,1.2528480193305123,1.564202597183361,1.2241420902210214,0.6941021639325711,0.5300399262884503,0.011156078182874925,20,518,170,2030,Colombia,tgt,0.7157258064516129,0.4838709677419355,1.767038664667431,True
0.5180270135437788,0.5270497478208364,1.0174174976230175,-0.3560799202923839,-0.31818577634113854,-0.03789414395124537,0.029587317656181448,20,459,170,2219,Colombia,tgt,0.8891129032258065,0.7479838709677419,1.1428601029418666,True
0.11038380077133385,0.2550573471009166,2.310641102395831,0.14189262193324836,0.17861193800801653,-0.036719316074768166,0.0011745686753691263,20,111,170,2220,Colombia,tgt,0.48588709677419356,0.8306451612903226,0.24352637722430243,True
0.25181204049820793,0.19338341577517598,0.7679673116208763,-0.025602173058778988,-0.1068051500259605,0.08120297696718151,0.04164787915726849,20,139,170,2310,Colombia,tgt,0.9415322580645161,0.8951612903225806,0.5555423308083188,True
0.4914717037889803,1.2865771912172261,2.617805219096875,-1.0259719749957057,-0.8269440133538071,-0.19902796164189865,-0.015639996081913535,20,397,170,2410,Colombia,tgt,0.4092741935483871,0.40725806451612906,1.0842743472832819,True
0.15504508528676506,0.8380497561029363,5.405200394149313,-0.7600102784179281,-0.8629550274532555,0.10294474903532737,0.006110196225999751,20,216,170,2593,Colombia,tgt,0.12903225806451613,0.3870967741935484,0.3420571466327363,True
0.11974480914311454,0.37506675641787135,3.1322172468420364,0.24157537668795648,0.19603244040241652,0.04554293628553997,0.007590946008832104,20,177,170,2599,Colombia,tgt,0.32056451612903225,0.8205645161290323,0.2641784334138564,True
0.4628362628018522,1.2457744487652491,2.6916094284051066,1.0761529119962923,1.1920655048830522,-0.11591259288676002,0.06890849877482856,20,418,170,2710,Colombia,tgt,0.39314516129032256,0.2661290322580645,1.021099450649114,True
0.38892434758686795,0.5478778991369435,1.408700438880527,0.08643991743065271,0.034920535595452294,0.05151938183520042,-0.0014662601065799793,20,279,170,2790,Colombia,tgt,0.7600806451612904,0.967741935483871,0.8580365662381859,True
0.24631577886718625,0.3227255631231123,1.3102106759353256,0.2884357898303662,0.6316533352187266,-0.34321754538836036,0.008611336967013468,20,421,170,2813,Colombia,tgt,0.7862903225806451,0.5201612903225806,0.5434165961087827,True
0.3648125624824237,0.3152460577608067,0.8641315847668896,-0.11396017463751384,-0.02932138888914837,-0.08463878574836547,-0.02323546690115103,20,550,170,2816,Colombia,tgt,0.9254032258064516,0.9717741935483871,0.8048416623314064,True
0.15158916097718914,0.46937492001906805,3.0963620155513545,0.39920443769445946,0.3737279825290759,0.025476455165383566,0.0065009356199530995,20,350,170,2819,Colombia,tgt,0.32661290322580644,0.7137096774193549,0.33443276043483877,True
0.2946715472431142,0.3256204347970696,1.1050284217920148,0.14234685780006373,0.025992037500156565,0.11635482029990717,-0.021041659875654387,20,714,170,2825,Colombia,tgt,0.844758064516129,0.9758064516129032,0.6500980566872389,True
0.3564361329626849,0.4332799592920689,1.2155893278570296,0.10815975194364569,0.4987729775492374,-0.3906132256055917,-0.014341590734995807,20,510,170,2910,Colombia,tgt,0.8165322580645161,0.6108870967741935,0.7863617629189698,True
0.15278611949371207,0.4050086773818601,2.650821152627862,0.2676547007203105,0.6601436247825321,-0.3924889240622216,0.0024569785215722687,20,533,191,2011,Croatia,tgt,0.39919354838709675,0.5060483870967742,0.33707346467929983,True
0.14770970954399354,0.43085870252358327,2.9169287777609316,0.3225691893100553,0.054577252268753484,0.2679919370413018,0.017782058664159515,20,176,191,2100,Croatia,tgt,0.3467741935483871,0.9455645161290323,0.32587399776729076,True
0.255242636455154,0.9483075499101417,3.7153179542429573,0.7061975534661133,0.6487674480179833,0.05743010544813013,-0.006808232505854373,20,354,191,2220,Croatia,tgt,0.22782258064516128,0.5100806451612904,0.5631108381370895,True
2.224017369711058,2.1915411135118243,0.9853974808643454,-1.8544426710902133,0.5899856210269596,-2.444428292117173,0.3815205745051072,20,645,191,2410,Croatia,tgt,0.8971774193548387,0.5564516129032258,4.90657949033323,False
0.8884302906635685,4.1823747227302475,4.707600322369054,3.972564344692156,3.9291396114439996,0.04342473324815647,-0.1052236829380738,20,638,191,2420,Croatia,tgt,0.16330645161290322,0.02217741935483871,1.9600358801725508,True
1.6911917303561166,0.7539542481214385,0.44581240233635566,-0.2623532900463106,-0.5299510241594032,0.2675977341130926,-0.10578168261852222,20,272,191,2431,Croatia,tgt,0.9879032258064516,0.5987903225806451,3.731070976061914,False
0.3462896781196932,0.74296078388262,2.1454892560378873,0.5738022970151482,0.02568211838685308,0.5481201786282951,0.018357008862020005,20,301,191,2599,Croatia,tgt,0.5262096774193549,0.9758064516129032,0.7639768715461639,True
0.7114816783089292,0.6159815235581994,0.8657728545059411,0.04372299424200765,0.2855496738568635,-0.2418266796148558,-0.02923917333496777,20,205,191,2630,Croatia,tgt,0.9254032258064516,0.7721774193548387,1.5696556412201024,True
1.0793377949485603,1.09896931997534,1.0181884903119838,0.8835963226467767,1.0700063667862583,-0.1864100441394815,-0.039162018971125256,20,354,191,2640,Croatia,tgt,0.8891129032258065,0.31048387096774194,2.3812119275507864,False
0.17404157090596084,0.3597713080939524,2.0671573246620842,0.29221936790662895,0.6504545449692493,-0.3582351770626203,0.004111765835350182,20,647,191,2651,Croatia,tgt,0.5443548387096774,0.5080645161290323,0.3839667863670993,True
0.5181281670098374,1.8591912224446447,3.588284406876002,1.8054574431405843,2.001567705270538,-0.19611026212995386,0.0027697452565617164,20,404,191,2710,Croatia,tgt,0.23790322580645162,0.125,1.1430832655523295,True
0.9405865946706972,0.45960127234083276,0.4886325990024777,0.3163506150269644,0.23267660884915595,0.08367400617780843,-0.016839089347819938,20,354,191,2790,Croatia,tgt,0.9858870967741935,0.7983870967741935,2.075102001066296,False
0.6414884568299705,0.5212866518280068,0.812620470840641,0.21640885453040504,-1.1231885823323193,1.3395974368627244,-6.030022908182725e-05,20,713,191,2816,Croatia,tgt,0.9354838709677419,0.2923387096774194,1.4152380950047923,True
0.534763699282756,0.49893580481305505,0.9330023812054659,-0.09540288531135666,-0.07770746272418289,-0.017695422587173777,-0.014749673897136682,20,486,191,2829,Croatia,tgt,0.9112903225806451,0.9254032258064516,1.1797842205775517,True
0.6325216546171984,0.39961469206080785,0.6317802547055157,0.3461167110115291,0.5707332941790593,-0.22461658316753022,-0.018835237561296368,20,649,191,2930,Croatia,tgt,0.969758064516129,0.5685483870967742,1.3954557280007172,True
2.186324076708014,2.0512374572779994,0.9382129022549041,0.5031434727874444,0.8001799603213211,-0.2970364875338767,-0.1870297971725911,20,685,191,3020,Croatia,tgt,0.9092741935483871,0.4254032258064516,4.823421354569261,False
0.7378779893788694,0.6259539294649987,0.8483163049651528,0.4318366373310365,0.6129182272447581,-0.1810815899137216,-0.09272786694821011,20,474,218,1040,Ecuador,tgt,0.9274193548387096,0.5342741935483871,1.627890617385352,True
1.7098625275411423,1.910618885756844,1.1174108181108562,-1.347179889205632,-2.3254837832616926,0.9783038940560608,-0.5895841225769085,20,409,218,1311,Ecuador,tgt,0.842741935483871,0.0846774193548387,3.772262088947925,False
0.23797918008423619,1.6742997780531395,7.03548847197682,-0.9844225246439047,-0.8734630289654498,-0.1109594956784549,-0.11228664292259345,20,389,218,1312,Ecuador,tgt,0.06048387096774194,0.3810483870967742,0.5250245704148134,True
0.47075687883813183,2.37619731036372,5.047610384851684,1.7692722413672386,2.1297712067866956,-0.3604989654194569,-0.09163715448968533,20,329,218,1399,Ecuador,tgt,0.14516129032258066,0.10887096774193548,1.0385737441162837,True
0.14646070551714876,0.3900206408522297,2.662971200876559,0.32181814267343434,0.3108918140267295,0.010926328646704826,-0.0062871928808026145,20,288,218,1410,Ecuador,tgt,0.3971774193548387,0.7540322580645161,0.3231184718325916,True
0.9731415722831157,0.7490611683197494,0.7697350412873178,0.4744536643275854,0.3059543786245986,0.16849928570298675,-0.1964782350895241,20,424,218,1709,Ecuador,tgt,0.9415322580645161,0.7560483870967742,2.1469240954603266,False
0.4808830044002592,1.1353108764532807,2.3608879208971034,-1.043998701159448,-1.074392778511439,0.030394077351991174,-0.0036650625068615546,20,674,218,2011,Ecuador,tgt,0.47580645161290325,0.3064516129032258,1.0609137854650292,True
1.1716435378636068,1.5293274554979859,1.3052839076692093,1.4415382772370435,-1.2698054462914876,2.711343723528531,-0.03407855130263285,20,779,218,2013,Ecuador,tgt,0.7883064516129032,0.25201612903225806,2.5848548807017235,False
1.300736719048081,0.7041713689717798,0.5413634893670981,-0.6137758749431637,-0.0003755640812922456,-0.6134003108618714,0.5285819257322667,20,742,218,2029,Ecuador,tgt,0.9838709677419355,1.0,2.869657492303585,False
0.06227210366447241,0.7779966178455658,12.493501456727403,0.7032161936118992,0.6284047558099597,0.07481143780193952,-0.001804088967179641,20,282,218,2220,Ecuador,tgt,0.014112903225806451,0.5241935483870968,0.13738338145250228,True
0.7025672037071069,1.0501040754947344,1.49466708658452,-0.470271127927564,-0.521353326779084,0.05108219885151994,0.0234268994164335,20,849,218,2410,Ecuador,tgt,0.7318548387096774,0.6028225806451613,1.5499887182706291,True
0.9509258957701975,0.09500230445404924,0.09990505556387505,-0.01863872938482558,-0.027804865500895212,0.00916613611606963,0.07620432212967336,20,177,218,2420,Ecuador,tgt,1.0,0.9717741935483871,2.0979123457201148,False
1.8523001035273579,1.7978631484103755,0.9706111579795751,-1.7001612347673216,-1.7670509986439107,0.06688976387658906,-0.9075138683849272,20,408,218,2431,Ecuador,tgt,0.8991935483870968,0.15120967741935484,4.086504818570826,False
0.27744630702390605,0.5682503459385957,2.0481452863224905,0.3994786936414796,0.3920305245870479,0.007448169054431671,0.04000973984849205,20,364,218,2593,Ecuador,tgt,0.5524193548387096,0.7056451612903226,0.6120961006204074,True
0.11701880401190598,1.0190363341062487,8.708312674282398,0.5905082971378439,0.6245168659490632,-0.03400856881121924,-0.0025987442273746357,20,319,218,2599,Ecuador,tgt,0.03024193548387097,0.530241935483871,0.25816437927494074,True
0.22266923346554562,0.210259993042905,0.9442705207652284,0.02852096992973685,-0.1001090847442595,0.12863005467399635,0.01597911851080043,20,645,218,2651,Ecuador,tgt,0.905241935483871,0.8991935483870968,0.4912480940705108,True
0.1806297551683136,2.0222793449327976,11.195715473612896,1.911452022969856,1.8870037140363618,0.02444830893349425,0.0025255485655487128,20,626,218,2710,Ecuador,tgt,0.020161290322580645,0.13306451612903225,0.39850149739068985,True
1.21856346774112,0.5478461097120775,0.4495835664002244,0.20540661488475287,0.8074865355784946,-0.6020799206937417,0.08650935601663944,20,304,218,2750,Ecuador,tgt,0.9879032258064516,0.4213709677419355,2.688368625135648,False
0.34859265485979435,0.4971822827425181,1.426255762452847,-0.21766754472115402,-0.9455674386426308,0.7278998939214768,-0.011638135723593734,20,507,218,2819,Ecuador,tgt,0.7479838709677419,0.3629032258064516,0.7690576495084165,True
0.5057455810909252,1.261920593549634,2.4951687977729664,0.8836886941012949,1.0008335623843276,-0.11714486828303283,0.007956147569415024,20,683,218,2822,Ecuador,tgt,0.4375,0.34475806451612906,1.1157650696899843,True
0.4372023829970516,1.790120472463775,4.094489284784724,-1.3132284338919797,-0.6690162468443295,-0.6442121870476503,-0.025419735472715112,20,858,218,2824,Ecuador,tgt,0.2056451612903226,0.4959677419354839,0.9645465340123872,True
1.0423354600066208,1.913531305752999,1.8358113862314964,1.7191201703295556,2.1177037587505687,-0.3985835884210133,-0.03752959373426263,20,458,218,2826,Ecuador,tgt,0.6370967741935484,0.10887096774193548,2.2995781686633063,False
0.6513944033609145,0.7376823947315588,1.1324665838782701,-0.4003024521285816,-0.4820125029044724,0.0817100507758908,0.03248881795294555,20,826,218,2829,Ecuador,tgt,0.8407258064516129,0.6330645161290323,1.4370923820904107,True
0.8032116903617458,1.375835126708747,1.7129172087735756,1.1386748356697343,0.11446652240261468,1.0242083132671196,0.013022895541921577,20,289,218,2910,Ecuador,tgt,0.6774193548387096,0.8931451612903226,1.7720284292729422,True
0.1709655250886634,0.17744948980530553,1.0379255684049724,0.06970560933318026,0.05511518364489587,0.014590425688284394,-0.014067674263167391,20,290,348,2011,Hungary,tgt,0.8790322580645161,0.9455645161290323,0.37718047996318943,True
0.8917626509499419,1.0453281815886573,1.172204487903963,0.7965409394664853,0.5933462698763252,0.20319466959016008,0.10805368808818082,20,512,348,2013,Hungary,tgt,0.8266129032258065,0.5524193548387096,1.967387662068771,True
0.07496760674534247,0.8577212737559881,11.441225230379597,0.661033398014256,0.6331389875233837,0.027894410490872226,5.0915220941502327e-05,20,677,348,2029,Hungary,tgt,0.018145161290322582,0.5201612903225806,0.16539192845596037,True
0.45094638437220064,2.130067927375096,4.723550295985937,1.5682892575425331,1.8255540434287927,-0.2572647858862595,-0.017026060758823614,20,315,348,2100,Hungary,tgt,0.16330645161290322,0.1431451612903226,0.9948682554974937,True
0.29022618707924513,0.5157903098583613,1.7772011376682793,0.10625035390856574,0.4697821944394905,-0.36353184053092474,0.013092182633261567,20,611,348,2391,Hungary,tgt,0.6612903225806451,0.6411290322580645,0.6402907982978775,True
0.2122588133803932,0.6362453009275894,2.9974976812263696,0.21431026176343604,0.25302086360224185,-0.038710601838805814,0.001764484468544855,20,794,348,2410,Hungary,tgt,0.33064516129032256,0.7903225806451613,0.46828084823366817,True
0.2105979030541241,1.5628542174372677,7.421034088053625,1.227277320893581,1.3521652615260087,-0.1248879406324278,0.008881422392492799,20,669,348,2420,Hungary,tgt,0.04838709677419355,0.22983870967741934,0.46461658344278056,True
0.28978738593841424,0.540109314031289,1.8638123680996705,-0.24420013373880423,0.11989000281559797,-0.3640901365544022,0.01467947011704625,20,403,348,2431,Hungary,tgt,0.625,0.8870967741935484,0.639322724618572,True
0.15360398614663912,0.6007014839374492,3.9107154638811608,0.41562061442306764,0.8087887230689694,-0.3931681086459018,-0.001948555578022073,20,196,348,2599,Hungary,tgt,0.21774193548387097,0.4173387096774194,0.338877824573126,True
0.22881517210806773,0.755948438221229,3.303751369529815,0.723507080871066,0.683883529919029,0.03962355095203699,0.0033161752817235557,20,109,348,2640,Hungary,tgt,0.2862903225806452,0.4879032258064516,0.5048071322789952,True
0.07492090091921048,0.4540695130782507,6.060652067810661,-0.3996852800954649,-0.5340651262079168,0.13437984611245196,0.0015930333654685053,20,179,348,2651,Hungary,tgt,0.08870967741935484,0.5967741935483871,0.16528888706262446,True
0.3111713023675614,0.2107014481777442,0.6771236504607345,0.09084280022946167,0.081311929159972,0.009530871069489676,0.012460822911231356,20,135,348,2710,Hungary,tgt,0.9576612903225806,0.9213709677419355,0.6864994630753785,True
0.36677136438056346,0.20405931770195151,0.5563665474445784,0.009197881316234557,-0.8854257646783017,0.8946236459945363,-0.028876253891523908,20,110,348,2790,Hungary,tgt,0.9838709677419355,0.3790322580645161,0.8091631291283528,True
0.7903203321179497,1.0102331764918857,1.2782578600560608,-0.5556976045294988,-2.411683723888166,1.855986119358667,0.016053097182188836,20,219,348,2811,Hungary,tgt,0.7983870967741935,0.07459677419354839,1.7435877908035737,True
0.21937579310608973,0.3034121596892526,1.383070371590739,0.2058361483993565,0.17762473544798085,0.028211412951375647,0.007095750089184414,20,340,348,2816,Hungary,tgt,0.7701612903225806,0.8306451612903226,0.48398217648352654,True
0.11942377986707003,0.24375224384501865,2.0410695768994915,0.19678897001753093,0.19731472804346495,-0.0005257580259340126,0.005638843511298316,20,151,348,2819,Hungary,tgt,0.5524193548387096,0.8205645161290323,0.2634701855003785,True
0.26750666822400354,0.21542933324686966,0.805323226808217,-0.014287854887628626,0.07632613249196711,-0.09061398737959574,0.009629071547958678,20,425,348,2829,Hungary,tgt,0.9354838709677419,0.9274193548387096,0.5901674823725841,True
0.7001843012577886,0.1951546346806096,0.27871895203882757,0.08642425438826429,-0.1445125054485604,0.23093675983682468,0.17148405520111867,20,45,348,2910,Hungary,tgt,1.0,0.8608870967741935,1.5447316099204327,True
0.14094768290050375,0.1470079981118272,1.0429969126601497,0.07352547308087409,0.21850075160923899,-0.1449752785283649,0.005927536115182102,20,212,348,2930,Hungary,tgt,0.8770161290322581,0.8084677419354839,0.3109557594055353,True
0.20995830409647567,0.4101579226838681,1.9535208404779305,0.29725107987865584,0.2922705589241696,0.004980520954486243,-0.0072553649937388606,20,579,348,3020,Hungary,tgt,0.6008064516129032,0.7681451612903226,0.4632055139204036,True
0.4264118649003327,0.7969357376493937,1.8689342470235093,0.7521857970781358,0.34865479025434437,0.40353100682379145,0.12947093961792497,20,56,360,1040,Indonesia,tgt,0.625,0.7278225806451613,0.9407407240828052,True
0.7248360176424331,0.6435315567608778,0.8878305452507695,0.26219991685346145,0.8065626076994945,-0.5443626908460331,-0.0015339758004710386,20,530,360,1072,Indonesia,tgt,0.9173387096774194,0.42338709677419356,1.5991176986541384,True
0.1619158489567047,0.5274189938856438,3.2573648428120983,-0.5038402980250289,-0.2815416972024921,-0.2222986008225368,0.03789320626701954,20,165,360,1312,Indonesia,tgt,0.2923387096774194,0.7762096774193549,0.3572152782934761,True
0.2318824016483976,0.7561303739228147,3.2608355293358238,-0.7305002002333545,0.10014294597114426,-0.8306431462044988,0.045018018734885666,20,85,360,1392,Indonesia,tgt,0.2903225806451613,0.8991935483870968,0.5115739884014733,True
0.10878907339648736,0.0920962659486199,0.8465580510367097,0.0364637204591034,-0.12223532047776933,0.15869904093687273,0.07797738144396699,20,25,360,1410,Indonesia,tgt,0.9274193548387096,0.8850806451612904,0.2400081238434346,True
0.5950968477555287,0.9748050998858969,1.6380612728205137,-0.8433482394590399,0.16804685231186234,-1.0113950917709023,0.4473741679561782,20,168,360,1701,Indonesia,tgt,0.6955645161290323,0.8407258064516129,1.3128899206118083,True
0.09171824369405591,0.3696993106580135,4.030815416518633,0.331704505018827,0.07600007117345742,0.25570443384536956,-0.0004753210933705015,20,177,360,2011,Indonesia,tgt,0.21169354838709678,0.9274193548387096,0.2023468249517792,True
1.702026857255821,1.6146054730176793,0.9486368949670446,-1.4859538415384215,11.38268798638275,-12.868641827921172,0.04474602195898359,20,446,360,2012,Indonesia,tgt,0.905241935483871,0.0020161290322580645,3.754975200977277,False
0.6734570602994479,1.5852575832239095,2.3539104074713184,-1.3713648685102822,-1.7241216899175174,0.35275682140723513,0.10864324339657165,20,448,360,2013,Indonesia,tgt,0.47580645161290325,0.16129032258064516,1.485766543322762,True
1.126946538803413,0.933798856010787,0.8286097200336501,-0.6113952861335825,0.39816556722627183,-1.0095608533598543,-0.07747844066920989,20,529,360,2022,Indonesia,tgt,0.9334677419354839,0.7016129032258065,2.486245318629516,False
0.6377817576342698,0.7584495576297534,1.18919920262862,-0.4233997387644024,0.16514379103946597,-0.5885435298038684,0.041473944825445065,20,283,360,2029,Indonesia,tgt,0.8205645161290323,0.842741935483871,1.407060454623853,True
0.3971716461810431,0.35012960271141064,0.8815573973571385,0.21746953102239353,0.6947288491667218,-0.4772593181443283,0.08386816375710927,20,249,360,2030,Indonesia,tgt,0.9193548387096774,0.4838709677419355,0.8762315797681798,True
0.26195514475392634,0.6839342955147169,2.610883234063551,-0.045077483654470285,0.1843074118660854,-0.2293848955205557,0.018301568459722892,20,583,360,2100,Indonesia,tgt,0.4112903225806452,0.8266129032258065,0.5779198301872402,True
0.5637181988652652,0.6095015132081386,1.081216668958059,0.12659986066452333,0.4530920688134086,-0.32649220814888524,0.019546734526655642,20,398,360,2410,Indonesia,tgt,0.8548387096774194,0.6532258064516129,1.2436630174517231,True
0.279534028841223,0.6695051131050744,2.3950755329518656,-0.46160320007244593,-0.3157086237312049,-0.14589457634124103,0.011938431856553128,20,181,360,2420,Indonesia,tgt,0.46774193548387094,0.75,0.6167019877820259,True
0.2154414634977128,0.24386851677952248,1.1319479213531776,-0.18925250906782765,0.550960765262194,-0.7402132743300216,0.025891035235870937,20,112,360,2599,Indonesia,tgt,0.8407258064516129,0.5826612903225806,0.4753023427611932,True
0.39737343110246354,0.2986498725081891,0.7515597398638905,-0.19283370569706015,-0.6184287446005663,0.4255950389035062,0.25102176384063263,20,36,360,2620,Indonesia,tgt,0.9455645161290323,0.530241935483871,0.8766767533402857,True
0.5642816143558996,1.1685020470935963,2.0707781670813166,0.9772664675774916,1.1953242188373674,-0.21805775125987573,0.029413577768912867,20,48,360,2630,Indonesia,tgt,0.5443548387096774,0.2661290322580645,1.244906012640759,True
0.7301711520637463,1.4900441518285266,2.0406779254659475,-1.431190222764684,-1.4162328931567567,-0.014957329607927219,0.0026352573850324424,20,458,360,2660,Indonesia,tgt,0.5524193548387096,0.21975806451612903,1.6108879579544004,True
0.45801953591481076,0.2914387644839677,0.6363020387369979,0.024046999483736897,0.2552431266915025,-0.2311961272077656,0.005944983231207149,20,88,360,2750,Indonesia,tgt,0.969758064516129,0.7883064516129032,1.0104728909484744,True
0.20780212700780895,0.5278544150946363,2.5401781141287363,0.33569772740283454,1.0578596641841322,-0.7221619367812978,0.04111538009010942,20,210,360,2819,Indonesia,tgt,0.4254032258064516,0.3165322580645161,0.4584486022052073,True
0.45379167992510894,1.5198090823386463,3.3491338637796675,0.9619935530275905,1.3013776258931182,-0.3393840728655277,0.029824057316909635,20,737,360,2822,Indonesia,tgt,0.27419354838709675,0.24193548387096775,1.001145485609977,True
0.9315830574156602,2.296928474671983,2.465618557988784,2.0331747089669925,3.404414988682378,-1.3712402797153853,0.06476537088254132,20,483,360,2910,Indonesia,tgt,0.4495967741935484,0.028225806451612902,2.055238589998713,False
0.11443790752084447,0.3126266427226344,2.7318451507485886,-0.28445006213693524,-0.24991962040583748,-0.03453044173109776,0.005661267863020408,20,213,360,2930,Indonesia,tgt,0.3850806451612903,0.7923387096774194,0.25247046071019474,True
2.3456109656351543,4.124030826414501,1.7581904616044368,-3.6343307110873244,-3.142415286974006,-0.4919154241133182,-0.2887773572603187,20,543,360,3011,Indonesia,tgt,0.6653225806451613,0.04032258064516129,5.1748366775487,False
0.29990573607682963,0.6361383752627194,2.1211277369491657,0.3857284830584824,0.5694053009320281,-0.18367681787354578,0.00030733665811540203,20,472,360,3030,Indonesia,tgt,0.530241935483871,0.5705645161290323,0.6616456119940466,True
0.31727259419776244,0.6380000486622224,2.0108892489609236,-0.5777654019640881,-0.4323032698407666,-0.1454621321233215,0.12995548366839058,20,65,360,3230,Indonesia,tgt,0.5745967741935484,0.6774193548387096,0.6999600024426997,True
0.44261987612366704,0.4145070938891328,0.9364854952273323,0.011617502421858994,0.44138313214001884,-0.42976562971815985,0.05544966759246408,20,524,404,1061,Kenya,tgt,0.9092741935483871,0.6653225806451613,0.9764984913244499,True
0.1313770637176162,1.6907410777732692,12.869377880201167,0.9924245350541687,1.0251988008707469,-0.0327742658165782,0.009047889355393902,20,391,404,2599,Kenya,tgt,0.012096774193548387,0.33064516129032256,0.2898412643336526,True
0.3806122218310063,1.142239592946386,3.001058629834399,-1.0690769854871505,-0.8595501011084082,-0.20952688437874223,0.05565878405441926,20,92,458,1040,Malaysia,tgt,0.33064516129032256,0.39314516129032256,0.839698532412452,True
0.1311338162474382,0.2696646569001884,2.0564082142729263,-0.21267369697299543,0.06795599669237529,-0.2806296936653707,-0.0021278173873935783,20,148,458,2011,Malaysia,tgt,0.5463709677419355,0.9334677419354839,0.28930461697446136,True
0.07539691098958737,0.8426704390771139,11.176458398852578,0.6988692213878487,0.7013760898578597,-0.002506868470010993,-0.0031007378825454106,20,467,458,2013,Malaysia,tgt,0.020161290322580645,0.48185483870967744,0.16633905028540844,True
0.20314779496147892,0.40921271632091577,2.014359626194865,-0.26409427784929385,-0.14363075676767625,-0.12046352108161759,-0.012540895611996561,20,300,458,2029,Malaysia,tgt,0.5745967741935484,0.8649193548387096,0.448180314524212,True
0.5724605612086394,0.36494067243679446,0.6374948724263083,0.22863014908979729,0.31515533789836114,-0.08652518880856383,-0.002256774584924641,20,307,458,2100,Malaysia,tgt,0.969758064516129,0.75,1.262950230022655,True
0.11000147259886313,0.15009895556124406,1.3645176924912852,0.06306671945795372,0.2867312796302751,-0.2236645601723214,-0.000639268839947572,20,72,458,2220,Malaysia,tgt,0.7782258064516129,0.7721774193548387,0.24268289299833834,True
0.3102482962382972,1.5369261651087542,4.953858518301947,1.145433739281854,1.4836294959786296,-0.33819575669677543,-0.007460561815027169,20,435,458,2392,Malaysia,tgt,0.14919354838709678,0.20766129032258066,0.6844631467205794,True
0.36311348293413775,1.766693275152122,4.865402575735719,-1.5170940828404955,-2.5234268814215124,1.0063327985810167,0.005543889929478529,20,588,458,2399,Malaysia,tgt,0.1532258064516129,0.06854838709677419,0.8010931894203573,True
0.588386373459736,0.6926798759035013,1.1772534292908847,0.5902253982203209,0.46130816009218256,0.1289172381281384,-0.020987456485986333,20,353,458,2410,Malaysia,tgt,0.8245967741935484,0.6532258064516129,1.29808541593547,True
0.06634122646986361,0.15121297295881062,2.2793213361453475,0.10567874538428335,0.21694980065421346,-0.11127105526993011,0.0013780845655354636,20,82,458,2599,Malaysia,tgt,0.4959677419354839,0.8084677419354839,0.14636059303928659,True
0.37306895013687796,0.3236381130936531,0.8675021412929464,-0.13893936360880765,0.02079938711138324,-0.1597387507201909,0.034946030162240564,20,54,458,2640,Malaysia,tgt,0.9254032258064516,0.9818548387096774,0.8230567279515318,True
0.13682874307450346,0.2649968700373714,1.9367047016801153,0.24672443812836597,0.050390827788455966,0.19633361033991,0.02657619458661322,20,65,458,2651,Malaysia,tgt,0.6028225806451613,0.9516129032258065,0.30186864257479074,True
0.11847323412790195,0.6254020410356269,5.278846700179149,0.5557544088960391,0.5377130147663418,0.018041394129697248,-0.006540316269894769,20,216,458,2660,Malaysia,tgt,0.1350806451612903,0.5907258064516129,0.2613731118480123,True
0.1251318828556796,0.13078989094914673,1.0452163586477217,0.03897004861753217,0.03222522154277975,0.006744827074752425,0.002616756805074742,20,89,458,2710,Malaysia,tgt,0.8729838709677419,0.9717741935483871,0.2760632800661193,True
0.27584361958971393,0.9548814649005922,3.461676823704931,0.8599181899050912,0.8456561073389111,0.014262082566180098,-0.0036901008614273227,20,98,458,2720,Malaysia,tgt,0.25806451612903225,0.39919354838709675,0.6085602859270881,True
0.11129486436280375,0.20136975159165807,1.809335522753542,0.02509923075233189,-0.44346105267263736,0.46856028342496925,0.0012550370918519799,20,27,458,2750,Malaysia,tgt,0.6512096774193549,0.6633064516129032,0.24553634620798725,True
0.13469456834241886,0.7814921536887169,5.8019574456931124,0.7517441311788868,0.76447527861034,-0.012731147431453227,-0.0007126328296177643,20,130,458,2819,Malaysia,tgt,0.1028225806451613,0.44556451612903225,0.2971602719874719,True
0.12682624996257547,0.8905368588107606,7.021707722758851,0.4179697318690234,0.43228822366829095,-0.014318491799267516,-0.002880403568824877,20,520,458,2910,Malaysia,tgt,0.0625,0.6774193548387096,0.2798013564898977,True
0.13764227111215294,0.18652730330108097,1.3551600231087135,-0.15195637423432018,-0.30841753542738737,0.15646116119306716,-0.0072698600127778104,20,277,458,2930,Malaysia,tgt,0.780241935483871,0.7540322580645161,0.30366343070850954,True
0.15333896219726317,0.1689495816069805,1.1018046502077863,-0.1310192552101963,-0.19547670451178195,0.06445744930158566,0.004868313319924928,20,302,484,1311,Mexico,tgt,0.8487903225806451,0.8205645161290323,0.3382931344119048,True
0.1399706378185636,0.23164528139949325,1.654956246607682,0.19550751074707406,0.17038655654158372,0.02512095420549034,0.014990162276992468,20,98,484,1312,Mexico,tgt,0.6875,0.8387096774193549,0.30880022347066927,True
0.28714274822859637,0.5759198264988084,2.0056916988212237,0.14398822192020688,0.6067356385547369,-0.46274741663452995,7.738896153968773e-05,20,140,484,1391,Mexico,tgt,0.5766129032258065,0.5403225806451613,0.633488181542121,True
0.7377727048696909,0.42697812056559653,0.5787393837523598,0.4109189878019972,-0.1049242241756343,0.5158432119776315,0.7096821735291304,17,17,484,1410,Mexico,tgt,0.9778225806451613,0.8951612903225806,1.6276583409560308,True
0.3425250440797986,2.0157464558285487,5.884960795330741,-1.798372709281944,-1.5851850723736902,-0.21318763690825365,-0.0055431953507665685,20,510,484,1920,Mexico,tgt,0.0967741935483871,0.18951612903225806,0.7556714165527271,True
0.09572497629408264,0.29999469652465627,3.133922912689202,0.1900883900400423,0.11792382188988713,0.07216456815015516,0.05532196804413852,20,60,484,2011,Mexico,tgt,0.3185483870967742,0.8911290322580645,0.21118639260366975,True
0.10022592613735898,0.23183741398254643,2.3131481335958397,0.1409974569102861,0.11376474920875121,0.027232707701534884,0.052122923433798624,20,71,484,2013,Mexico,tgt,0.48588709677419356,0.8931451612903226,0.22111629175320177,True
0.7617109394165522,0.7579914013635773,0.9951168640746791,0.7233608899282906,-0.11192792466732282,0.8352888145956134,0.730549070834352,20,32,484,2410,Mexico,tgt,0.8911290322580645,0.8931451612903226,1.6804703613395209,True
0.2801403229183801,0.20913877616925886,0.746550064590995,0.17226222370875988,0.06280951184444851,0.10945271186431137,0.2560893385411043,20,25,484,2599,Mexico,tgt,0.9455645161290323,0.9354838709677419,0.6180395807903377,True
1.0441729279137941,1.6411722505076158,1.571743728106988,1.626173615205028,-1.0262751129292096,2.6524487281342375,0.9790863704317269,11,11,484,2813,Mexico,tgt,0.7137096774193549,0.33064516129032256,2.303631951007935,False
0.2548334362816316,0.4181718363459158,1.6409614156117616,-0.10192728769256121,-0.01538036354029855,-0.08654692415226266,0.04788058502084492,20,122,484,2824,Mexico,tgt,0.6935483870967742,0.9919354838709677,0.5622080694779101,True
0.14184177619992994,0.25885451963577066,1.8249526096663369,-0.1939235810951203,0.33944664833668103,-0.5333702294318013,0.07250942801552557,20,35,484,3230,Mexico,tgt,0.6451612903225806,0.7358870967741935,0.31292828889435803,True
0.23591225025212642,0.7292550871719495,3.0912133066111362,0.04396739858307441,0.09187704062607532,-0.04790964204300092,-0.006419594023437402,20,680,484,Wastes,Mexico,tgt,0.3286290322580645,0.907258064516129,0.5204645540856669,True
0.7029728640559949,0.6158244248173669,0.8760287292801017,0.4138326975820146,0.5420292546242298,-0.12819655704221525,-0.18957653942153757,20,286,504,2220,Morocco,tgt,0.9213709677419355,0.5887096774193549,1.550883677444511,True
0.6810638574011308,0.31654596366223003,0.46478162102175946,0.07668062933235475,0.5218214334525776,-0.44514080412022283,0.010228843363031133,20,624,504,2420,Morocco,tgt,0.9858870967741935,0.6028225806451613,1.5025484961773357,True
0.12564831928204773,1.459208001683799,11.613430326976816,1.1383252309414722,1.3094443463368517,-0.17111911539537947,-0.0008235995151189809,20,382,504,2599,Morocco,tgt,0.016129032258064516,0.23790322580645162,0.2772026310496991,True
0.5432668867107062,1.573776792103663,2.896875974960188,-1.4840233709161277,-1.5504840578055268,0.06646068688939911,-0.05647519165555461,20,768,524,1311,Nepal,tgt,0.35080645161290325,0.19556451612903225,1.1985437705723705,True
0.33445787794078946,1.522705401271228,4.552756869254547,1.1205665382217482,0.9741243559190305,0.1464421823027178,0.048417179826445805,20,140,524,1392,Nepal,tgt,0.17943548387096775,0.35080645161290325,0.7378738073875093,True
0.21471366523585117,0.6779596647292434,3.1575058997038776,-0.37340731690101236,-0.6106831107505092,0.2372757938494968,0.03161678298929018,20,390,524,2220,Nepal,tgt,0.31048387096774194,0.5362903225806451,0.4736966898227837,True
0.476467111807512,0.8605132911335277,1.8060287264510433,0.8342556152985097,0.7813206209009651,0.05293499439754453,0.04229149610380753,20,622,566,1030,Nigeria,tgt,0.6532258064516129,0.4314516129032258,1.051171537799984,True
0.8822141646146704,3.165298552594408,3.5879026653090897,0.7147484589930242,-1.8063143600900022,2.5210628190830264,0.06359518957540827,20,548,566,1040,Nigeria,tgt,0.23790322580645162,0.14717741935483872,1.9463219960112899,True
0.24335933730134077,1.0400459957383876,4.273704914188462,0.9835874324621781,0.9469546419838778,0.03663279047830029,0.005599231210608286,20,542,566,1061,Nigeria,tgt,0.19556451612903225,0.3629032258064516,0.5368941580429186,True
0.6462511275567615,1.4520455485662456,2.2468750717014565,1.2665235389759033,1.2061519081859773,0.06037163078992611,-0.11248244694150458,20,663,566,1062,Nigeria,tgt,0.5060483870967742,0.26411290322580644,1.4257453971623826,True
1.633564423268974,1.645539386223492,1.007330572816072,0.775003757954619,0.5039297826145348,0.2710739753400842,0.20084547103579517,20,628,566,1073,Nigeria,tgt,0.8891129032258065,0.6088709677419355,3.6039348453429154,False
0.5739933186573997,2.421245350760372,4.218246575454557,2.2787638124933594,2.25797923505831,0.020784577435049672,0.07975533845925555,20,412,566,1410,Nigeria,tgt,0.20362903225806453,0.09475806451612903,1.2663317666797718,True
2.3703785327184614,0.8941773896691099,0.37722978727942885,-0.08841061294385977,0.1910111348333488,-0.2794217477772086,0.24383994501805253,20,223,566,1520,Nigeria,tgt,0.9979838709677419,0.8225806451612904,5.229478353612675,False
1.8257122292154142,3.970725130365367,2.174891018871991,3.393545492201585,7.917647777095285,-4.5241022848937,0.2638976804643314,20,368,566,2220,Nigeria,tgt,0.5221774193548387,0.0020161290322580645,4.027847219683687,False
0.27134250759937967,0.8462868687118489,3.1188879184434266,0.3241967283011178,0.35048449329688414,-0.026287764995766332,0.01389252414917077,20,776,566,2651,Nigeria,tgt,0.3225806451612903,0.7258064516129032,0.5986300290521895,True
1.5258151867261287,1.5288051593834382,1.0019595903116714,-1.0389772673620543,-0.7548958183465901,-0.2840814490154641,0.003003742926104563,20,589,566,2829,Nigeria,tgt,0.8891129032258065,0.45564516129032256,3.3662207872962937,False
0.23575522798226173,1.1673932626214454,4.951717391858985,1.1148143395228054,1.0709033075778744,0.043911031944930894,0.038591738471181684,20,461,586,1311,Pakistan,tgt,0.14919354838709678,0.31048387096774194,0.5201181349167628,True
0.12461103173001818,0.55624035204021,4.463813069499002,0.4868374470193437,0.48780695530985935,-0.0009695082905156179,0.015469963126539487,20,131,586,1312,Pakistan,tgt,0.1814516129032258,0.625,0.2749141894675062,True
0.21664649751162848,0.40716042513472284,1.87937691036463,0.3597511470239425,0.2644405899609401,0.09531055706300239,0.16922438603408355,20,54,586,1410,Pakistan,tgt,0.6209677419354839,0.7842741935483871,0.4779608629950531,True
0.09311701067265052,0.34221257022630247,3.6750811452629035,-0.2249337612722755,-0.18577759490674056,-0.03915616636553492,0.001341766616146923,20,579,586,1511,Pakistan,tgt,0.2318548387096774,0.8225806451612904,0.2054327547032268,True
0.12386598212160856,0.6229325311448763,5.029084825996024,0.5885509344449478,0.5729954530977966,0.015555481347151161,0.009979227714701317,20,165,586,1520,Pakistan,tgt,0.14516129032258066,0.5685483870967742,0.2732704769778063,True
0.6985897951447787,2.5900954446178464,3.7076056115034777,2.419354706096409,2.163284032603825,0.25607067349258406,0.15090396138311907,20,633,586,2011,Pakistan,tgt,0.22983870967741934,0.1028225806451613,1.5412138446826902,True
0.6479280016605221,2.0073752193990932,3.0981454949539984,1.3032300846646319,1.376803684721398,-0.07357360005676614,-0.13138079010655793,20,472,586,2022,Pakistan,tgt,0.3245967741935484,0.22379032258064516,1.4294448808972833,True
0.24434056246404282,2.076637990407366,8.498949046632257,1.8309617337110264,1.733023168085175,0.09793856562585142,0.029848300785634697,20,765,586,2023,Pakistan,tgt,0.03024193548387097,0.1592741935483871,0.5390589159824388,True
1.0466295911925245,0.7276474106867483,0.6952291592077676,-0.20465033088946782,0.6031650669878676,-0.8078153978773355,-0.162879528196968,20,953,586,2029,Pakistan,tgt,0.9576612903225806,0.5423387096774194,2.3090517889202795,False
0.9244296398687919,3.3851570788630956,3.66188721441641,3.2818986621949326,3.0871304054241473,0.19476825677078546,0.12302518164793823,20,396,586,2030,Pakistan,tgt,0.23588709677419356,0.04233870967741935,2.0394568734081573,False
1.3506696718640698,0.43677836403947795,0.3233791156624378,-0.24839646115216318,-1.5743197046415849,1.3259232434894217,0.06297538160818807,20,476,586,2410,Pakistan,tgt,0.9979838709677419,0.19153225806451613,2.979818503415894,False
0.06427199800829902,0.19453556449435577,3.0267545824425226,-0.08510836443235448,-0.034009360053291006,-0.05109900437906347,0.0005587354323106035,20,200,586,2593,Pakistan,tgt,0.3286290322580645,0.967741935483871,0.1417955055230656,True
0.07435070930130502,0.44973231153208704,6.048796517993584,0.08167322629182117,-0.03311990742985553,0.1147931337216767,0.004114653866477721,20,261,586,2599,Pakistan,tgt,0.08870967741935484,0.967741935483871,0.1640309425267244,True
0.926049189559389,2.223533832738205,2.4010968939956143,0.5007857678025207,0.5011531633283623,-0.00036739552584159885,0.1817896721079828,20,280,586,2630,Pakistan,tgt,0.46774193548387094,0.6108870967741935,2.0430298892504264,False
0.441628242807639,0.7295545055512569,1.6519652387110364,0.42000877751918875,0.34987424197026373,0.07013453554892503,0.038603488865419824,20,751,586,2660,Pakistan,tgt,0.6895161290322581,0.7278225806451613,0.9743107711399684,True
0.5524873221402299,2.251003915003657,4.074308721300065,1.914639737132691,1.7798785451367687,0.1347611919959225,0.2153693435160716,20,522,586,2819,Pakistan,tgt,0.20766129032258066,0.14919354838709678,1.218885697747301,True
0.364786427540052,1.5156330600971062,4.1548504705008416,-0.4527784493008076,-0.34189277249581235,-0.11088567680499524,-0.06358591292075885,20,549,586,2822,Pakistan,tgt,0.2056451612903226,0.7358870967741935,0.8047840039812656,True
0.4116403351089292,1.1708121399219813,2.844260000935424,-0.9924133804230513,-1.0108927814223139,0.01847940099926262,-0.029873937731508624,20,643,586,2826,Pakistan,tgt,0.3629032258064516,0.34274193548387094,0.9081520914118458,True
0.21166401045960084,0.5527616858019773,2.611505303153461,0.5332805514919086,0.7464494381487545,-0.21316888665684602,0.019540901654444876,20,698,586,2930,Pakistan,tgt,0.4112903225806452,0.4576612903225806,0.46696860676842755,True
0.18672234059199047,0.5447906762344331,2.9176512810797646,-0.5262015399113462,-0.215835004716266,-0.31036653519508023,0.0355556687378531,20,87,586,3230,Pakistan,tgt,0.3467741935483871,0.8084677419354839,0.41194282887039857,True
0.1299819164714293,0.4121055150909953,3.1704834509158686,0.39788628581599284,-0.2720475136931364,0.6699337995091292,0.05207538388374919,20,282,586,3250,Pakistan,tgt,0.3064516129032258,0.780241935483871,0.2867633203583207,True
0.20476763472429124,1.2433263893454694,6.071889197819481,1.1231200173502565,0.46579010584196046,0.657329911508296,0.029684036949865475,20,731,586,Wastes,Pakistan,tgt,0.08870967741935484,0.6491935483870968,0.45175397031758996,True
0.23382377858759973,0.4559665479404619,1.9500435357545922,0.42676409998344234,0.39562576479780576,0.031138335185636568,0.003987103543975901,20,372,604,2011,Peru,tgt,0.6028225806451613,0.7036290322580645,0.5158570126271935,True
0.677295351376491,2.372672400941561,3.5031576639637287,-1.9804808551570936,0.8514778037531681,-2.8319586589102617,-0.0014159978785070622,20,566,604,2410,Peru,tgt,0.2540322580645161,0.39314516129032256,1.4942344988940783,True
1.0169469318437607,2.2600334340652415,2.222371063126884,-2.18405590204533,-3.3380727655174534,1.1540168634721233,0.011740082578415422,20,149,604,2630,Peru,tgt,0.5161290322580645,0.03024193548387097,2.243566541564449,False
1.4049425543137428,0.5643601598622873,0.40169625308129003,-0.04861066289116245,-0.22809025203054517,0.17947958913938272,-0.07833971068394673,20,458,604,2670,Peru,tgt,0.9979838709677419,0.8004032258064516,3.099554174339826,False
0.2782618770382695,0.4799953150251291,1.7249769179092942,0.3551387490051532,0.3864619493614062,-0.031323200356252995,0.022647828658782808,20,382,616,2011,Poland,tgt,0.6774193548387096,0.7076612903225806,0.6138953937194206,True
0.20880473617287879,0.41455153803738365,1.9853550529340382,0.33575758422620794,0.6645583675548763,-0.3288007833286683,0.007757874643155512,20,655,616,2013,Poland,tgt,0.5826612903225806,0.49798387096774194,0.46066053707278026,True
0.16823742598769212,0.42286130794985566,2.513479420332972,0.4043379267966021,0.06534267890162249,0.3389952478949796,0.005404715787843789,20,402,616,2029,Poland,tgt,0.4334677419354839,0.9354838709677419,0.37116180615302885,True
0.3028952958253952,0.25571808436328347,0.8442458099801353,-0.23850822908747205,0.16709691116112052,-0.40560514024859257,0.030587513191506523,20,400,616,2100,Poland,tgt,0.9294354838709677,0.8407258064516129,0.6682411146853513,True
0.216473767822604,0.2314871508419642,1.0693542832943315,-0.12612835244355125,-0.14414977588193892,0.01802142343838767,0.02378861209797023,20,495,616,2391,Poland,tgt,0.8588709677419355,0.8629032258064516,0.47757979045439697,True
0.49618885831853615,0.7708552721136405,1.5535521590022845,-0.6617931325295139,-0.2220661842443893,-0.4397269482851246,0.031277213645496585,20,570,616,2410,Poland,tgt,0.717741935483871,0.8044354838709677,1.0946812325813307,True
0.6445993583495729,0.6593512797535744,1.022885411244858,0.5490778826453901,0.3353349468363452,0.21374293580904496,0.15742423798950594,20,238,616,2420,Poland,tgt,0.8891129032258065,0.7358870967741935,1.4221012993126394,True
0.15941689559536493,0.33250510592665594,2.0857582546998463,-0.0746653292482069,-0.11366490849660887,0.03899957924840198,-0.00088371983671497,20,227,616,2431,Poland,tgt,0.5362903225806451,0.8931451612903226,0.3517021409065851,True
0.06536537820100859,0.6270278368277696,9.592659816020074,0.6019628666554873,0.5836205894088011,0.018342277246686103,0.002458766351149742,20,123,616,2599,Poland,tgt,0.028225806451612902,0.5584677419354839,0.14420769748781737,True
0.8774379292201827,1.0726607536444746,1.2224918913612441,-0.9914633154324637,-3.138837436552104,2.14737412111964,-0.11801966045388212,20,26,616,2630,Poland,tgt,0.8165322580645161,0.04032258064516129,1.9357847677743352,True
0.31183172240189566,0.736950895037303,2.3632967465943198,0.6979512252197839,0.6143248065155676,0.08362641870421629,0.011542696127660628,20,115,616,2640,Poland,tgt,0.47580645161290325,0.532258064516129,0.6879564676112245,True
0.1700348702413105,0.35094142427040576,2.0639379662086714,0.32227991817107693,0.35938761861685786,-0.03710770044578095,0.04933981504160056,20,255,616,2651,Poland,tgt,0.5443548387096774,0.719758064516129,0.37512728917035215,True
0.1281534896557374,0.19355325852606411,1.5103237457365548,0.06959011117904979,-0.07408691721332072,0.1436770283923705,0.016356803503942207,20,145,616,2710,Poland,tgt,0.7278225806451613,0.9294354838709677,0.2827294842760896,True
0.16839424197177713,0.6816916288437532,4.048188470470413,0.6271325606535143,0.4788488626682873,0.148283697985227,0.011107948030244104,20,131,616,2790,Poland,tgt,0.20766129032258066,0.6330645161290323,0.37150777021866377,True
0.31515537575667646,0.7474729176002347,2.3717600114089112,0.721596760715407,0.7283550141002717,-0.006758253384864696,0.01633670031823652,20,215,616,2816,Poland,tgt,0.4717741935483871,0.46975806451612906,0.6952890404614372,True
0.1120543291540029,0.6591192464763563,5.8821399534728345,0.6329331253127215,0.17154889268315737,0.46138423262956413,0.013014280372929317,20,132,616,2819,Poland,tgt,0.0967741935483871,0.8366935483870968,0.24721186116523425,True
0.2511729046334168,0.38425412033294787,1.5298390600441603,0.2987043596972896,0.1584665526840701,0.1402378070132195,0.018678305150044396,20,425,616,2829,Poland,tgt,0.7258064516129032,0.8487903225806451,0.5541322829514858,True
0.24869431239078993,0.8653477373387641,3.479563842935763,0.8378829677946147,0.6820796896923853,0.15580327810222933,0.05736905092981863,20,200,616,2930,Poland,tgt,0.2560483870967742,0.4879032258064516,0.5486640658286347,True
1.7292156579484954,3.4144974881319032,1.9745932049810317,-3.1613620014657116,-1.186704359703839,-1.9746576417618726,0.6767530614901586,20,460,616,3011,Poland,tgt,0.592741935483871,0.2701612903225806,3.814958550775829,False
0.54999290942826,0.7381657367481773,1.3421368241192977,-0.6266870606510064,-0.7410552875592425,0.11436822690823611,-0.03231267155160935,20,617,616,3020,Poland,tgt,0.782258064516129,0.46169354838709675,1.2133825778438048,True
0.18210912335310886,0.10292102400275133,0.5651612731295613,-0.025509751123111712,-0.3408523560933716,0.3153426049702599,0.009152748333507916,20,50,616,3100,Poland,tgt,0.9818548387096774,0.7358870967741935,0.4017652477970597,True
0.6683090071720602,3.4921952015852704,5.225419924179151,-2.4606099092437486,-2.472487506831454,0.011877597587705405,-0.022886068040346593,20,881,634,2029,Qatar,tgt,0.1350806451612903,0.07056451612903226,1.4744090187665273,True
0.8808483504302617,1.7687961040040594,2.008059733710199,0.14620289889735982,0.049029040147839556,0.09717385874952027,0.04689490185766567,20,222,634,2630,Qatar,tgt,0.5745967741935484,0.9576612903225806,1.9433087660086408,True
1.1254013730774237,1.4048100185916879,1.2482746619992278,-0.8865417521598733,-0.51058732632227,-0.3759544258376033,-0.2315641361440518,20,342,634,2790,Qatar,tgt,0.8064516129032258,0.6028225806451613,2.4828364070969187,False
0.4451647181301027,2.0204653968118222,4.538691667432023,1.8086881145366007,1.5685406752071327,0.24014743932946794,0.08039860387469772,20,515,634,2819,Qatar,tgt,0.17943548387096775,0.19556451612903225,0.9821128672573761,True
0.709514921053586,1.1274131678920336,1.5889914847990714,-0.5803388824673448,-0.4335238649071943,-0.14681501756015045,0.1385444438856407,20,641,642,2011,Romania,tgt,0.7096774193548387,0.6774193548387096,1.5653166234844702,True
0.08327418516619813,0.19970227602484023,2.3981294518376326,0.007909885710468245,-0.007064495646916129,0.014974381357384374,-0.000581891228233741,20,711,642,2013,Romania,tgt,0.46774193548387094,1.0,0.1837177238700088,True
0.4710305246221735,0.6927957607485035,1.4708086302988834,0.36376413509798766,0.3066859833312476,0.05707815176674006,0.03317365752614674,20,813,642,2029,Romania,tgt,0.7358870967741935,0.7560483870967742,1.0391774555844946,True
0.5974961129288355,0.8121602940670238,1.3592729333182387,0.547015345710335,0.34286618595612106,0.204149159754214,-0.039099565707831505,20,333,642,2100,Romania,tgt,0.780241935483871,0.7358870967741935,1.3181831280532355,True
0.25678895805966195,0.7116249464335307,2.771244339362103,0.6791297385954262,0.9523903217786593,-0.27326058318323315,0.010734417460932894,20,275,642,2410,Romania,tgt,0.3790322580645161,0.3588709677419355,0.5665222997441199,True
0.37606365562411975,0.9769924267218342,2.597944289778298,-0.4747546676279981,-0.2660274683475885,-0.20872719928040961,0.04137828329006445,20,556,642,2420,Romania,tgt,0.4112903225806452,0.7842741935483871,0.8296635830613002,True
0.5433962841258481,1.3092521248751359,2.4093873350299155,-0.8337952229794237,-0.7716418033883234,-0.06215341959110023,0.0033172583178538288,20,341,642,2431,Romania,tgt,0.46774193548387094,0.4435483870967742,1.1988292443784134,True
0.18373820950343947,0.6142886219842925,3.343281855442231,0.49018957665230545,0.7517969447957951,-0.26160736814348956,-0.0031460069221008846,20,195,642,2599,Romania,tgt,0.2762096774193548,0.45564516129032256,0.405359302772555,True
1.2226416098896582,1.20361597685207,0.9844389125286639,-0.6123817583073734,-0.7485629371276785,0.13618117882030517,-0.1341374964442144,20,124,642,2640,Romania,tgt,0.8991935483870968,0.4576612903225806,2.6973657350041202,False
0.12371775351268552,0.28819322918693474,2.329441175614174,0.2193521383349175,0.011526728015523097,0.20782541031939442,0.009381798921643248,20,295,642,2651,Romania,tgt,0.48185483870967744,0.9939516129032258,0.272943458195342,True
0.16228776722518848,0.6637703120103856,4.0900822246777615,0.6484142284500525,0.5444655929891093,0.10394863546094318,0.015586168250525067,20,195,642,2710,Romania,tgt,0.2056451612903226,0.5866935483870968,0.3580357964122082,True
0.4133553237305365,1.0541284056936597,2.5501749830633336,0.9647288862027104,0.940545228896344,0.024183657306366426,-0.0017913569294054229,20,137,642,2790,Romania,tgt,0.42338709677419356,0.3649193548387097,0.9119356625797395,True
0.3704451003486334,0.727424413239563,1.9636497082967734,0.43582343271728874,0.5636506696079729,-0.12782723689068418,0.018087940417967744,20,376,642,2816,Romania,tgt,0.594758064516129,0.5725806451612904,0.817268046742451,True
0.25843730227079625,0.3058333475857926,1.1833947533832936,-0.1429839141573641,-0.09691095076637027,-0.04607296339099384,0.016392769789604567,20,509,642,2829,Romania,tgt,0.8205645161290323,0.9012096774193549,0.5701588414409197,True
0.2219672194757968,0.32745366286760597,1.4752343325331034,0.27912955005384354,0.03813143640129843,0.24099811365254512,0.020377491055036015,20,253,642,2930,Romania,tgt,0.7338709677419355,0.9657258064516129,0.489699325841027,True
0.4145048258261386,0.5420124328374091,1.307614288343057,-0.48389336450887477,-0.35366606822872804,-0.13022729628014676,0.30538002444633183,20,93,643,2011,Russia,tgt,0.7862903225806451,0.7258064516129032,0.9144716694847166,True
0.6265810427849806,0.350573562683947,0.5595023448614784,0.2333029356642644,1.1351561896046394,-0.9018532539403749,0.507346687250201,20,100,643,2012,Russia,tgt,0.9818548387096774,0.2903225806451613,1.3823496774037392,True
0.28276912323931813,1.7886365500048476,6.325430901064319,-1.0353382396039574,-1.059419252028938,0.02408101242498065,0.011489225906008245,20,290,643,2013,Russia,tgt,0.08266129032258064,0.3165322580645161,0.6238391837586237,True
0.18812142378952518,1.2442324325594682,6.613985836889825,-0.06816050820779118,-0.24420377547712063,0.17604326726932945,0.0017418263163819377,20,591,643,2100,Russia,tgt,0.07459677419354839,0.7963709677419355,0.41502945625729953,True
0.36393593844537603,1.6310414739395094,4.481671914312239,0.07690806920632731,-0.4224204256539646,0.4993284948602919,-0.036069303317105846,20,287,643,2220,Russia,tgt,0.1814516129032258,0.6854838709677419,0.8029076731551122,True
0.881631482624365,1.6888636481743649,1.9156117736938119,0.06524721717362603,-1.5357259200897482,1.6009731372633742,0.7942287532344943,20,56,643,2410,Russia,tgt,0.6149193548387096,0.19556451612903225,1.9450364954833015,True
0.8941102594186622,1.220535107206628,1.3650834383672128,1.0867484863880126,-0.43848951345420084,1.5252379998422134,0.8201893916305426,20,46,643,2420,Russia,tgt,0.7782258064516129,0.6693548387096774,1.9725669055948463,True
0.26149571902138463,3.46836317118742,13.263556222516145,-1.76682275124303,-2.0290162575234114,0.2621935062803815,0.04959647495140713,20,296,643,2520,Russia,tgt,0.012096774193548387,0.11895161290322581,0.5769062549754093,True
0.09169682560120226,1.2734312546046644,13.887408274556105,-0.7437818835251981,-0.7590897477582575,0.015307864233059406,0.003467079830333604,20,451,643,2610,Russia,tgt,0.012096774193548387,0.4536290322580645,0.20229957281402658,True
0.12315373787117437,0.8179613898427498,6.641791016512895,-0.5174971553429266,-0.5118875479917924,-0.0056096073511342145,0.003830178592447356,20,450,643,2651,Russia,tgt,0.07459677419354839,0.6028225806451613,0.2716991389662951,True
0.1895152029924408,1.8355691342470473,9.685603609966124,-1.0468091528564845,-1.0572962397318961,0.010487086875411632,-0.0033455321073020306,20,631,643,2660,Russia,tgt,0.028225806451612902,0.3165322580645161,0.418104382084865,True
0.33163550958828886,0.5077493192097694,1.531046297907357,0.23973771403061583,0.14869184684281292,0.09104586718780291,0.009984287893581271,20,427,643,2710,Russia,tgt,0.7258064516129032,0.8608870967741935,0.7316471587735445,True
0.7048630905939419,2.5389394156262477,3.60203201090704,-0.9800105025249977,-1.003013648860638,0.023003146335640455,0.031183754778226425,20,784,643,2811,Russia,tgt,0.23790322580645162,0.34475806451612906,1.555053854750446,True
0.3014252798193197,1.1472051470619165,3.8059354137435784,-0.40287715961869175,-0.5123780166413218,0.10950085702263002,0.02822034048745808,20,213,643,2819,Russia,tgt,0.22379032258064516,0.6028225806451613,0.6649979968553819,True
1.59705953243045,2.538672958954783,1.5895919390627595,-1.2296343489563855,-1.8373151842177626,0.6076808352613772,-0.15275523892334839,20,806,643,2821,Russia,tgt,0.7096774193548387,0.1431451612903226,3.5233985369828655,False
0.45288946989138074,1.2006135683296941,2.651007912852654,-0.7815224019007747,-0.8335902582913228,0.05206785639054817,-0.012913325988539448,20,729,643,2829,Russia,tgt,0.39919354838709675,0.4032258064516129,0.9991550491557695,True
1.2911137053875974,2.8300986647551385,2.1919825131943216,-1.9728283656841885,-3.5949328770009354,1.622104511316747,0.05383221696541295,20,412,643,2910,Russia,tgt,0.5181451612903226,0.028225806451612902,2.8484274056573375,False
0.26639930280778124,1.1439854357995591,4.294250862304226,-0.7900079368178154,-1.6617294626008738,0.8717215257830585,0.04905100592784512,20,96,643,3030,Russia,tgt,0.1935483870967742,0.17540322580645162,0.5877244365072334,True
0.9017248965118159,4.465877538148844,4.952594250668252,-2.309579849243164,-1.1077026872587064,-1.2018771619844577,0.5215173201127485,20,377,643,3211,Russia,tgt,0.14919354838709678,0.2963709677419355,1.9893661548706973,True
0.17837521273200235,1.3569648420450033,7.607362151173765,-0.939812943310562,-1.0038842013768734,0.06407125806631139,0.0016470704076469193,20,615,643,3250,Russia,tgt,0.04435483870967742,0.34475806451612906,0.39352757415216416,True
0.17718277999129886,0.2884215685490694,1.6278194109113386,0.10343671433141921,0.09924511069288082,0.004191603638538394,-0.013894633751906905,20,158,682,2011,Saudi Arabia,tgt,0.6995967741935484,0.8991935483870968,0.3908968545773896,True
0.1479358947162864,1.4771241369321366,9.984893387537802,1.380761820421041,1.2708744274777943,0.10988739294324659,0.030575248502052267,20,235,682,2012,Saudi Arabia,tgt,0.02620967741935484,0.25201612903225806,0.3263730026503029,True
0.8196424053684913,1.4729647993459556,1.797082227198514,1.3334544580526728,1.0785044981315752,0.25494995992109754,0.041540107753778054,20,515,682,2013,Saudi Arabia,tgt,0.6592741935483871,0.3064516129032258,1.8082775208320077,True
0.16531863053920381,1.080341943082143,6.5349074061313965,0.8617420815603865,0.8978638237720716,-0.03612174221168513,-0.0028027242844722074,20,727,682,2023,Saudi Arabia,tgt,0.07661290322580645,0.3790322580645161,0.36472242214502926,True
0.6038733755714898,0.9547606631684794,1.5810610333083805,-0.8353121330017093,-0.8857304994419438,0.050418366440234556,0.10186995617796817,20,388,682,2029,Saudi Arabia,tgt,0.7137096774193549,0.3790322580645161,1.3322525083166554,True
0.1655107262827035,1.7565280340869966,10.612774613088991,1.7311594632548886,1.7080900834760842,0.023069379778804508,0.015413201290578145,20,202,682,2220,Saudi Arabia,tgt,0.020161290322580645,0.16129032258064516,0.365146219660315,True
0.382262010595321,2.2288790816403137,5.830762722586893,2.0556289567624475,2.314774775861696,-0.2591458190992485,0.08340253989124671,20,280,682,2310,Saudi Arabia,tgt,0.09879032258064516,0.08669354838709678,0.843338261051541,True
0.7674241251409546,1.2076893532535067,1.5736921914354562,0.9500555936738913,1.1594583440280661,-0.20940275035417494,0.04662559356690627,20,367,682,2410,Saudi Arabia,tgt,0.7137096774193549,0.28024193548387094,1.6930746693281131,True
0.9584837041823258,2.779861753316901,2.9002702301427,2.659422610179483,1.8196573546930974,0.8397652554863856,0.11822924566921503,20,250,682,2420,Saudi Arabia,tgt,0.35080645161290325,0.14516129032258066,2.1145862207769603,False
1.8510787309606418,0.9148842413084236,0.49424382983085346,0.07603257851020118,0.7527191649329374,-0.6766865864227363,-0.5957360096983663,20,190,682,2720,Saudi Arabia,tgt,0.9858870967741935,0.45564516129032256,4.083810252571692,False
1.157325390358015,1.9311906057023855,1.6686669296220813,1.479045419429955,1.1550891983320062,0.32395622109794864,-0.22892390770752238,20,369,682,2732,Saudi Arabia,tgt,0.6834677419354839,0.28225806451612906,2.553266490319849,False
0.4341660284209905,0.9062706558337429,2.0873826981114574,-0.8093820966769307,-0.6942621069244861,-0.11511998975244463,0.15600475680171932,20,329,682,2813,Saudi Arabia,tgt,0.5362903225806451,0.4838709677419355,0.9578477935748445,True
0.7285227043852952,1.148392457709951,1.5763303611504171,0.688450419120537,0.5906901745472906,0.09776024457324639,-0.13197911915618785,20,603,682,2816,Saudi Arabia,tgt,0.7137096774193549,0.5544354838709677,1.6072511879902225,True
0.6165951024898609,1.1736984560671404,1.9035156966502833,0.7535021021912396,1.577237372685783,-0.8237352704945432,0.16833048868907016,20,408,682,2819,Saudi Arabia,tgt,0.6169354838709677,0.19153225806451613,1.360318909788785,True
0.8408888425522602,1.3579005558097297,1.6148395448894757,0.13070016382588445,-0.07670741144306456,0.207407575268949,0.07174374921837258,20,874,682,2824,Saudi Arabia,tgt,0.7016129032258065,0.9274193548387096,1.855150955521988,True
0.5255276170835484,0.7155093315310811,1.3615066235754634,0.551411452911152,0.18619502972012592,0.3652164231910261,0.08118385576965133,20,793,688,1079,Serbia,tgt,0.7782258064516129,0.8225806451612904,1.1594077738344442,True
0.2895253754448348,1.8814042716791897,6.498236186685012,1.8302973232624016,0.355481570832497,1.4748157524299046,0.09761276962922674,20,197,699,1040,India,tgt,0.07661290322580645,0.7258064516129032,0.6387446826789912,True
1.0209074699556486,0.8258876009830648,0.8089740013548377,0.6304132487667662,1.2962449821814515,-0.6658317334146853,0.03271695507685137,20,477,699,1072,India,tgt,0.9354838709677419,0.2439516129032258,2.2523041959259333,False
0.12161039913449281,0.07630205463503867,0.6274303445929307,0.002833890274759554,0.030307272793719968,-0.027473382518960414,0.0709303681631833,20,95,699,1312,India,tgt,0.969758064516129,0.9717741935483871,0.2682942580983807,True
0.19978531117092108,0.3315726618702522,1.6596448453939836,-0.275896362793123,-0.1563946541291466,-0.11950170866397641,0.08535510563782674,10,10,699,1392,India,tgt,0.6854838709677419,0.8528225806451613,0.440762074798201,True
0.13950705010972192,0.3411591406221171,2.445461647664375,0.3226240163384375,0.094357689716175,0.2282663266222625,0.11535610239964246,20,29,699,1410,India,tgt,0.4576612903225806,0.9032258064516129,0.3077774661958605,True
0.5806691306802284,0.5794377388192558,0.9978793571142138,0.5746905611872606,0.10646313827718623,0.46822742291007435,0.5533743666460864,20,55,699,2011,India,tgt,0.8911290322580645,0.8951612903225806,1.2810598001918423,True
0.32877557423419745,2.0677829187459094,6.289344710483148,2.044692281770768,0.17567048380712125,1.8690217979636468,0.15810448022197174,20,288,699,2013,India,tgt,0.08266129032258064,0.8326612903225806,0.7253376306452246,True
0.185583322963441,0.9515987755477102,5.127609315063135,0.9399953616107055,-0.025006026537500947,0.9650013881482065,0.05295056008791461,20,216,699,2029,India,tgt,0.14112903225806453,0.9758064516129032,0.4094299525720921,True
0.12519900840098772,0.15800730263323912,1.2620491539930805,-0.018466823170120605,-0.06956801663675378,0.05110119346663318,0.01575071326843336,20,157,699,2030,India,tgt,0.8044354838709677,0.9294354838709677,0.27621137100658216,True
0.647381030058214,0.6766124214744667,1.045153302396927,0.6707943719943579,1.5653537041800445,-0.8945593321856866,0.4307912795025193,10,10,699,2100,India,tgt,0.8729838709677419,0.19556451612903225,1.4282381638625021,True
0.1651661792952165,0.3715590679296079,2.2496074530215213,0.33724620035837205,0.08273746671424792,0.25450873364412413,0.02093417912143022,20,68,699,2220,India,tgt,0.5060483870967742,0.9153225806451613,0.36438608747552026,True
0.7827491886859462,0.5802083631388556,0.7412442855583031,-0.2505404814599288,-2.0446084328218364,1.7940679513619073,0.7086413597070589,20,105,699,2410,India,tgt,0.9455645161290323,0.11895161290322581,1.7268844963114691,True
0.31357882393425573,0.5828429936045426,1.8586809730708735,0.4792161025931101,-2.194876959170406,2.674093061763516,0.040588258122106584,20,178,699,2420,India,tgt,0.6270161290322581,0.09879032258064516,0.691810885595074,True
0.2167580333209381,2.166899159856404,9.99685744817601,1.9633991263112343,1.311242218818145,0.6521569074930894,0.05778863959532465,20,272,699,2610,India,tgt,0.02620967741935484,0.23790322580645162,0.47820693090884253,True
0.1332453828971052,0.520959176013556,3.9097728167875907,0.469119053739691,0.5387598564653202,-0.06964080272562923,0.01867996291857953,20,85,699,2710,India,tgt,0.21774193548387097,0.5907258064516129,0.293963110094537,True
0.6682349133113562,3.7630550226879333,5.6313355494111725,3.687477703956368,3.560160323949151,0.12731738000721726,0.11227638107743475,20,255,699,2910,India,tgt,0.125,0.028225806451612902,1.474245554477875,True
0.15729318510391274,0.16929126866415417,1.0762784703756563,-0.0024048078760081637,-0.03461438433969705,0.03220957646368889,0.13344838768058087,15,15,699,3211,India,tgt,0.8568548387096774,0.967741935483871,0.34701685630284185,True
0.22597750928373816,1.4582689880265447,6.453159841652813,1.4315105126314247,1.0027670723909736,0.42874344024045097,0.049153845119425714,20,291,699,3250,India,tgt,0.07661290322580645,0.34475806451612906,0.4985467413288358,True
0.279096303978532,0.5540499308176081,1.985156818344056,0.5034004081078347,0.41834418430077697,0.08505622380705774,0.0018399411799296737,20,346,704,2011,Vietnam,tgt,0.5826612903225806,0.6895161290322581,0.6157362885645025,True
0.14326349492203394,1.4950306979685104,10.435531387686218,1.3947706126857593,1.3103908304909837,0.08437978219477564,0.025319405810540374,20,76,704,2220,Vietnam,tgt,0.02217741935483871,0.23790322580645162,0.3160648542907895,True
0.9549085738093753,1.1303596443168584,1.183735988260702,1.0487446704889614,1.83891383407642,-0.7901691635874586,0.11382975660075348,20,152,704,2410,Vietnam,tgt,0.8205645161290323,0.1431451612903226,2.1066988447150257,False
0.24656678756265196,0.5416616642084192,2.196815189761859,0.5102201379632039,0.36890309041596964,0.14131704754723423,0.05845084417303797,20,76,704,2599,Vietnam,tgt,0.5181451612903226,0.717741935483871,0.5439703661169851,True
1.613784869640505,2.717297123167395,1.6838038169069671,2.5459508558550734,-1.4276604093162661,3.9736112651713396,-0.27644733680729544,20,46,704,2610,Vietnam,tgt,0.6794354838709677,0.21975806451612903,3.560297617737089,False
0.348448483518947,1.2160964481440513,3.490032259181652,0.9864024427211842,2.230313015151853,-1.2439105724306685,0.05131277299086792,12,12,704,2620,Vietnam,tgt,0.2540322580645161,0.09475806451612903,0.7687395817838882,True
0.38022740738282124,1.9861732494722653,5.223645668110776,1.798818034509985,1.2003452438734765,0.5984727906365085,0.011716990386428866,20,289,704,2651,Vietnam,tgt,0.1350806451612903,0.2661290322580645,0.8388495630182543,True
0.4337423461418845,1.4059603902488134,3.241464437942842,1.3331208887720507,1.2235951976707582,0.10952569110129255,0.07389185521704743,20,111,704,2710,Vietnam,tgt,0.29838709677419356,0.2620967741935484,0.9569130748044828,True
0.6025772219207397,1.4032082788792097,2.328677931778479,1.366055175075017,0.28973259702299137,1.0763225780520256,0.0986432268892989,20,82,704,2790,Vietnam,tgt,0.48185483870967744,0.7701612903225806,1.3293929618914775,True
0.20804455641138067,3.5215811359947025,16.927052534992747,3.2012132717735238,3.124826746418156,0.07638652535536787,0.013352227342705237,20,501,704,2910,Vietnam,tgt,0.010080645161290322,0.04032258064516129,0.4589834447633719,True
0.4577601594421566,1.50898128128226,3.296445202048951,-0.005168106521899141,-0.4484621490538094,0.44329404253191024,-0.028920012393367178,20,377,710,1621,South Africa,tgt,0.2862903225806452,0.6592741935483871,1.0099006601294473,True
0.18696669547249498,0.23016872347829104,1.23106804073644,-0.15919271640694,-0.6003820679941754,0.4411893515872353,0.017052590253089504,20,336,710,1701,South Africa,tgt,0.8145161290322581,0.5443548387096774,0.4124819193745352,True
0.31749146193562267,0.4888184025761188,1.5396269228658372,-0.03827383662836237,0.04868658838086354,-0.0869604250092259,-0.027969655128941975,20,414,710,1709,South Africa,tgt,0.7217741935483871,0.9576612903225806,0.7004428637585806,True
0.2681014849618492,0.17879824916911108,0.6669051057085865,-0.09885987096510895,-0.4469164912376626,0.34805662027255363,0.19521424029695938,20,139,710,2011,South Africa,tgt,0.9576612903225806,0.6612903225806451,0.5914797543207118,True
0.3089693783324417,1.096441141827539,3.548704883782371,0.13079114947174464,-0.06623685596023743,0.19702800543198207,0.01379298142150494,20,738,710,2012,South Africa,tgt,0.24798387096774194,0.9354838709677419,0.6816416254266582,True
0.1769989386544627,1.0186567423370532,5.75515734772667,0.3527815524363227,1.3604225362317433,-1.0076409837954206,-0.0007496438593549728,20,578,710,2013,South Africa,tgt,0.10685483870967742,0.22983870967741934,0.3904912677573042,True
0.12019598861877434,0.4157661410834993,3.459068358780133,0.05044179593837228,0.03813689914934013,0.012304896789032148,0.008796659922654791,20,319,710,2100,South Africa,tgt,0.2600806451612903,0.9657258064516129,0.2651738159103606,True
2.540660705328461,0.9037132179936377,0.35570008073030124,0.546029455714526,-0.37980922223133273,0.9258386779458587,-1.034870861969938,20,405,710,2394,South Africa,tgt,0.9979838709677419,0.7096774193548387,5.605151235972472,False
0.5627831797552659,0.3678166023718205,0.6535671562390523,-0.07774217371040493,-1.021607107733336,0.943864934022931,0.4662669516600886,20,103,710,2410,South Africa,tgt,0.9637096774193549,0.3326612903225806,1.241600198316103,True
0.23256240759167227,0.9303658667685634,4.000499807355273,0.873800051826473,0.2785868406300086,0.5952132111964644,0.0887313056716918,20,47,710,2420,South Africa,tgt,0.21370967741935484,0.7762096774193549,0.5130742029501617,True
0.2096054034570486,1.138540960716277,5.4318302006445265,-1.0299850738864276,-1.058905816923527,0.028920743037099555,0.014971488986146107,20,271,710,2511,South Africa,tgt,0.12903225806451613,0.3165322580645161,0.46242695208760487,True
0.31900025440657825,0.5938231368266332,1.8615130509262305,-0.49220128885036196,-0.003452240272588669,-0.4887490485777733,0.0034613066801864145,20,259,710,2593,South Africa,tgt,0.625,1.0,0.7037715293949114,True
0.09473701597892313,0.367298327501635,3.8770307857633037,0.10161815452432243,0.13704938661492294,-0.03543123209060052,0.0023828989400948523,20,196,710,2599,South Africa,tgt,0.22379032258064516,0.8729838709677419,0.20900677571504153,True
0.10672033053684157,0.5977352543076463,5.600950177916648,-0.49149209299634045,-0.5632547512249255,0.07176265822858507,0.007384991222538611,20,344,710,2710,South Africa,tgt,0.125,0.5725806451612904,0.23544410765176696,True
0.6612237659823629,1.2150187831506591,1.8375304180809917,0.3285654548300565,-0.9995562741888091,1.3281217290188656,-0.06347279402381072,20,383,710,2720,South Africa,tgt,0.6370967741935484,0.34475806451612906,1.458777711395061,True
0.5761433261466227,0.4075717823443054,0.7074138740272112,0.34795175816364043,0.17096518598425134,0.1769865721793891,0.025937331143247325,20,231,710,2732,South Africa,tgt,0.9576612903225806,0.8387096774193549,1.2710750671568065,True
0.07985841787555173,0.3381420372488108,4.234269175927806,-0.2815101558974158,-0.07010173324311417,-0.21140842265430163,0.0017605311581890928,20,218,710,2750,South Africa,tgt,0.20161290322580644,0.9294354838709677,0.17618193122724982,True
0.06414651020937957,0.6131863415590054,9.559153562017855,-0.5116492008233529,-0.4873072573733306,-0.024341943450022285,0.0033347539385057763,20,320,710,2813,South Africa,tgt,0.028225806451612902,0.6270161290322581,0.14151865702860209,True
1.1582655521321725,0.5038340747083114,0.43499012275797844,0.13724118468279656,-0.5619139626090706,0.6991551472918671,1.081575255959488,20,47,710,2910,South Africa,tgt,0.9899193548387096,0.5766129032258065,2.555340655090997,False
0.19730778682127564,2.1439631134855244,10.866084648892029,-1.898428864191981,-1.9406519114968128,0.042223047304831694,0.05546399595584684,20,570,710,3020,South Africa,tgt,0.020161290322580645,0.12903225806451613,0.4352962136379751,True
0.24064073948399273,0.2591800423627622,1.0770414141783449,0.10870375628252482,0.17803872465677922,-0.0693349683742544,-0.007132205763175101,20,475,764,1040,Thailand,tgt,0.8568548387096774,0.8306451612903226,0.5308964457612032,True
0.14724970928732545,0.3191098861058649,2.167134235105294,0.10044081766049828,0.19335260918461736,-0.09291179152411908,0.015519410976516374,20,54,764,1512,Thailand,tgt,0.5221774193548387,0.8205645161290323,0.3248591550526366,True
0.12300696588469909,0.21015382327023255,1.7084709126735214,-0.026042805263648106,-0.08309167702521603,0.05704887176156792,-0.007487693845040414,20,242,764,2013,Thailand,tgt,0.6774193548387096,0.9153225806451613,0.27137533375307926,True
0.13233058192171043,0.194408530480841,1.4691126394037712,0.052896629166069076,-0.12558770382788534,0.17848433299395441,0.01514614322168516,20,74,764,2219,Thailand,tgt,0.7358870967741935,0.8830645161290323,0.29194489577447896,True
0.46022246893994906,0.4283362799288231,0.9307157056356444,-0.10880560345968782,-0.35121346674804055,0.2424078632883527,0.017999529266777937,20,223,764,2410,Thailand,tgt,0.9133064516129032,0.7258064516129032,1.0153329546093646,True
0.4828459637840916,1.8416197074821936,3.814093614968455,1.7517629562448933,1.8969908046583883,-0.1452278484134951,0.008018193289949481,20,803,784,1079,UAE,tgt,0.22379032258064516,0.1310483870967742,1.0652444244178718,True
0.20103073683549505,2.4897258240236098,12.384801763229724,-1.6659685638246735,-1.6632817151509336,-0.0026868486737399223,0.006807701124181811,20,198,784,1312,UAE,tgt,0.016129032258064516,0.17540322580645162,0.4435097062266944,True
0.9292220891475168,0.3714371115204843,0.39972910228731934,0.2749246187302461,-0.28361598040817726,0.5585405991384234,0.3081126685731456,20,255,784,1410,UAE,tgt,0.9979838709677419,0.7741935483870968,2.050029872369271,False
0.6015957833921413,1.1372456264762616,1.8903816447379669,0.6926867262032737,0.8291533703884104,-0.13646664418513674,0.0037251037319798123,20,493,784,2011,UAE,tgt,0.6209677419354839,0.40524193548387094,1.3272277332286861,True
0.6713607917826454,1.2179274222362757,1.8141175909340004,1.0483230707392668,0.3901747490440345,0.6581483216952323,0.06982655798916802,20,725,784,2029,UAE,tgt,0.6471774193548387,0.7076612903225806,1.4811418006157793,True
0.38868501505169345,1.360531722694884,3.500345189571919,1.2793489597104681,0.9962233818965431,0.283125577813925,0.07907293046143642,20,246,784,2410,UAE,tgt,0.2540322580645161,0.34475806451612906,0.8575085559247552,True
0.3436931239293963,0.5506636560071065,1.6021957312134865,0.5310567317921091,0.055180966115432106,0.475875765676677,0.039482159233941966,20,82,784,2420,UAE,tgt,0.7056451612903226,0.9455645161290323,0.7582484093006984,True
0.5955718526430663,0.8004160583269547,1.3439454110781393,0.4700622900880056,0.46213853390744164,0.00792375618056393,0.02292668054860519,20,232,784,2640,UAE,tgt,0.782258064516129,0.6532258064516129,1.3139378662217398,True
0.5545644679265458,1.447008870063984,2.609270794925228,0.6618983613192988,0.6813066821457444,-0.01940832082644559,0.016377024836264745,20,347,784,2670,UAE,tgt,0.4112903225806452,0.4879032258064516,1.2234682522958267,True
0.6116011290926938,1.5456299335578447,2.5271862003439667,1.4803512026139423,1.1351950017562173,0.3451562008577248,0.03772542964458061,20,389,784,2710,UAE,tgt,0.4314516129032258,0.2903225806451613,1.3493013126335103,True
0.7027126381978662,3.1902636873300563,4.5399264420682846,3.1404410561534988,3.0982731313843606,0.04216792476913835,0.036864153841938835,20,331,784,2720,UAE,tgt,0.17943548387096775,0.04233870967741935,1.550309572729441,True
0.820695816490668,1.2843400779912402,1.5649404470990673,1.1374673614080049,1.1871083929711501,-0.04964103156314528,0.024571484489041836,20,381,784,2817,UAE,tgt,0.7137096774193549,0.2701612903225806,1.8106015338893484,True
0.16645326812918199,1.1230221469608457,6.746771388647559,1.0496174648449426,0.6997459178620401,0.34987154698290246,0.026214946849258555,20,217,784,2819,UAE,tgt,0.07056451612903226,0.48185483870967744,0.36722563529604496,True
0.31477313881280683,1.0174922270705655,3.232462054761478,0.8835953461241708,-2.2621953335477336,3.1457906796719044,0.02012672532516517,20,229,788,1040,Tunisia,tgt,0.29838709677419356,0.09274193548387097,0.6944457575020591,True
0.3561368691623599,1.1261471144734791,3.1621188705404095,1.0641699448913062,1.1959672368633876,-0.13179729197208126,-0.0013792283562205783,20,890,788,1079,Tunisia,tgt,0.31048387096774194,0.2661290322580645,0.7857015335318834,True
0.8141312112886872,2.938092443017362,3.60886845053718,-2.807713488337831,-2.6803174430192533,-0.12739604531857765,-0.19348133210180973,20,429,788,1312,Tunisia,tgt,0.23790322580645162,0.05846774193548387,1.7961188424837686,True
0.10370380187281265,0.5953426276649223,5.740798475209995,0.4932311088645349,0.7446182970088095,-0.2513871881442746,0.009615384858086318,20,175,788,1392,Tunisia,tgt,0.10685483870967742,0.4576612903225806,0.2287891067167475,True
0.26733070904830764,0.9589911912270062,3.587284059661522,0.6899785074259457,1.2004422786826257,-0.5104637712566801,-0.027504521771794025,20,439,788,1399,Tunisia,tgt,0.23790322580645162,0.2661290322580645,0.5897792850075978,True
0.19345037529874193,0.37238466192718694,1.9249622098283345,0.2598271763085549,0.010711835930596963,0.24911534037795793,-0.03867706381475777,20,151,788,1410,Tunisia,tgt,0.6108870967741935,0.9959677419354839,0.42678607494931103,True
0.5480586342666821,2.294180654011464,4.186013157298657,1.6044821799209368,1.7181032898210646,-0.11362110990012791,-0.12472507063995009,20,236,788,1709,Tunisia,tgt,0.2056451612903226,0.16129032258064516,1.2091152214077838,True
0.7439250826563814,2.152984829558318,2.8940882351627613,1.8174946238849987,2.155386926217159,-0.33789230233216017,-0.04241812195413304,20,756,788,2011,Tunisia,tgt,0.35080645161290325,0.1028225806451613,1.6412315850664754,True
0.6628580198917713,2.2080484575428656,3.3311031793858157,-1.8917248782784455,-1.3372330097526013,-0.5544918685258443,0.026639567571335444,20,691,788,2023,Tunisia,tgt,0.28024193548387094,0.2318548387096774,1.4623831673699585,True
1.1273539528550824,0.7766858876884788,0.6889459035660286,0.37939577010478054,-1.8801004933671153,2.259496263471896,0.2599360083782622,20,898,788,2029,Tunisia,tgt,0.9576612903225806,0.13709677419354838,2.487144146784916,False
1.4666371555346538,1.888542269537844,1.2876683659697596,1.7761920946092742,-2.837065378899773,4.613257473509047,-0.029272186763908,20,761,788,2219,Tunisia,tgt,0.7963709677419355,0.04838709677419355,3.2356634822694383,False
0.3602304427799125,2.1279492940407745,5.9071889583215285,1.831497668629292,2.059869167932485,-0.2283714993031933,0.008009065056462816,20,350,788,2220,Tunisia,tgt,0.0967741935483871,0.11491935483870967,0.7947326879768067,True
1.0209140208841798,2.447720670150678,2.397577680469887,1.7996664869117835,1.8622580880627413,-0.06259160115095766,0.05921749777042453,20,373,788,2310,Tunisia,tgt,0.46774193548387094,0.14112903225806453,2.2523186484441604,False
0.8481805815527961,1.3036288739551496,1.5369709025506657,1.1899240457449807,0.6880236979068566,0.5019003478381241,0.0788690735911671,20,841,788,2420,Tunisia,tgt,0.7258064516129032,0.48588709677419356,1.8712378339412608,True
0.5908340544344243,0.6829692646136573,1.1559409270466465,0.40696224033961936,0.4526530726706779,-0.04569083233105851,0.04243439983928669,20,415,788,2593,Tunisia,tgt,0.8326612903225806,0.6532258064516129,1.3034854372810067,True
0.5032809188752513,0.9114835047603029,1.8110829768736636,-0.6872391018595376,-0.9352374647165924,0.24799836285705482,0.06946811285660838,20,227,788,2599,Tunisia,tgt,0.6491935483870968,0.3649193548387097,1.1103275846942644,True
0.2534047593502088,1.3136592914089527,5.184035591034254,1.2054587864910928,1.235726610148148,-0.030267823657055225,0.012711520821228768,20,578,788,2651,Tunisia,tgt,0.13911290322580644,0.25806451612903225,0.5590561530291002,True
0.14260666119202403,0.2753223808435631,1.9306417985120166,-0.25448081000133804,-0.27622393798775186,0.021743127986413795,0.001262741469058975,20,259,788,2710,Tunisia,tgt,0.6068548387096774,0.7762096774193549,0.3146157617827376,True
0.47898307885827424,1.040784585003518,2.1729047036157922,-0.7416759757133358,-0.8166393039300661,0.07496332821673037,-0.03471800406956833,20,247,788,2750,Tunisia,tgt,0.5221774193548387,0.4173387096774194,1.0567222104241045,True
0.828710689249074,0.7794118875120134,0.9405114446131592,0.5260883889474375,-0.4394047835277817,0.9654931724752192,0.030734070620388063,20,498,788,2813,Tunisia,tgt,0.9092741935483871,0.6693548387096774,1.8282837745182219,True
0.9432527913812038,2.2642271844438415,2.4004457820138936,1.9540964441877922,1.1467094729248573,0.8073869712629349,0.12478480548390011,20,414,788,2819,Tunisia,tgt,0.46774193548387094,0.2862903225806452,2.080984107148348,False
2.294348130870941,1.9940095307191976,0.8690963258318893,-0.8477964429267244,8.393529255382674,-9.2413256983094,-0.005555613539465896,20,866,788,2824,Tunisia,tgt,0.9254032258064516,0.0020161290322580645,5.061741709363668,False
0.14023455447398545,0.6266819192714608,4.4688124237433575,-0.6029767489064888,-0.5929633160249098,-0.010013432881578943,0.012627310643806117,20,400,788,2930,Tunisia,tgt,0.1814516129032258,0.5524193548387096,0.30938247074368336,True
0.7086143542715777,0.7290450344106169,1.0288318745109826,-0.0700795876799507,-0.41629059299639726,0.34621100531644655,-0.05588134315421653,20,619,788,3250,Tunisia,tgt,0.8870967741935484,0.6895161290322581,1.5633298123370143,True
0.2102667892510327,1.7424133182485044,8.286678673579198,1.5451796174497998,1.4766961624668413,0.06848345498295853,0.029137023502535442,20,149,788,3290,Tunisia,tgt,0.03225806451612903,0.20967741935483872,0.4638860872617073,True
0.07054230347123773,0.574815003715526,8.148514797931085,0.5525958416564603,0.3714907667563736,0.18110507490008662,0.005249423112010861,20,187,792,1030,Turkiye,tgt,0.034274193548387094,0.7137096774193549,0.1556289191472481,True
0.06568152479099608,0.5259445778546463,8.007496469185886,-0.5115098703027225,-0.20001111464040733,-0.3114987556623152,-0.0011526316870716419,20,117,792,1312,Turkiye,tgt,0.038306451612903226,0.8205645161290323,0.14490517332388644,True
0.24971642618011874,0.2569466565177438,1.0289537634677262,-0.17839080538241525,0.08938943376691733,-0.2677802391493326,0.14101422605339842,20,34,792,1392,Turkiye,tgt,0.8870967741935484,0.907258064516129,0.5509190313805266,True
0.13835760988333495,0.2617248878959793,1.8916551689254342,0.2372708981927154,0.38615031744645933,-0.14887941925374393,-0.01988356329312876,20,82,792,1410,Turkiye,tgt,0.6209677419354839,0.7076612903225806,0.30524159578542076,True
0.22900038630496927,1.1024093907146149,4.8140066857637995,0.961133137581319,0.9462805447342659,0.014852592847053103,0.018941134178885575,20,262,792,1709,Turkiye,tgt,0.15524193548387097,0.3629032258064516,0.5052157478735549,True
0.8790879004391348,0.8878600287859432,1.009978670326854,0.5374413997770819,0.3945681992916697,0.14287320048541224,0.1153789806608113,20,562,792,1920,Turkiye,tgt,0.8891129032258065,0.7056451612903226,1.9394248989409377,True
0.10151816125695114,0.4730331859534391,4.659591742960668,0.44599246038577967,0.3381534282755258,0.10783903211025388,0.0026672635290308348,20,248,792,2011,Turkiye,tgt,0.16330645161290322,0.7358870967741935,0.2239671931988604,True
0.5797245972049745,1.691028322461559,2.9169511361334535,1.6212327163361504,1.643451970312236,-0.0222192539760857,-0.017534183467426766,20,631,792,2013,Turkiye,tgt,0.3467741935483871,0.18346774193548387,1.2789759906673617,True
0.14782335202698163,0.9453706827922594,6.39527293779473,0.8343028897905,0.8137629631810311,0.020539926609468878,0.0007809653107318969,20,406,792,2023,Turkiye,tgt,0.08064516129032258,0.4173387096774194,0.326124713379432,True
0.7465183427497086,1.3734094522272322,1.8397531227008397,1.0714625385596541,1.1742852234028751,-0.10282268484322094,0.04708930467537717,20,696,792,2029,Turkiye,tgt,0.6350806451612904,0.2762096774193548,1.6469527799457548,True
0.209978765100123,1.0898629803191897,5.190348556433868,-0.9223295639033164,-1.1241861248558338,0.20185656095251742,0.04537185975549269,20,343,792,2100,Turkiye,tgt,0.13911290322580644,0.2923387096774194,0.4632506545484467,True
0.09630638032020224,0.5800508921140763,6.022974699968023,0.5602822698497221,-0.052385026898077,0.6126672967477991,-0.00707912716636711,20,108,792,2220,Turkiye,tgt,0.08870967741935484,0.9516129032258065,0.21246907371444104,True
0.11995709842657623,0.12593378864700663,1.049823564414478,-0.028555329688909836,-0.11630781159015945,0.08775248190124961,0.0194384074754289,20,154,792,2310,Turkiye,tgt,0.8689516129032258,0.8931451612903226,0.26464678148453086,True
0.3506454223733435,1.1247915425268098,3.2077747797580196,-0.9934743029129258,0.42912747204243007,-1.422601774955356,0.11481143652515723,20,68,792,2410,Turkiye,tgt,0.3024193548387097,0.6794354838709677,0.7735864212336622,True
0.2375027132357871,1.8699750696906385,7.87348929287461,1.79864812287863,2.403562803897616,-0.6049146810189863,0.024578204467689314,20,377,792,2420,Turkiye,tgt,0.04032258064516129,0.07862903225806452,0.5239733994580291,True
0.3172046584912026,1.1989018849553779,3.7795847345307143,0.8250799394821335,0.9606771137096484,-0.1355971742275148,0.0018903640484715983,20,349,792,2431,Turkiye,tgt,0.22580645161290322,0.3588709677419355,0.6998101241418342,True
0.1263137057134134,0.1563134362366635,1.2375017845752614,-0.008426907258648697,-0.03301965700326607,0.024592749744617372,0.008632824294918639,20,136,792,2593,Turkiye,tgt,0.8104838709677419,0.967741935483871,0.278670592344313,True
0.1544645147975648,0.32192057519575684,2.0841069912895756,0.2901315613484847,0.2756978404660022,0.014433720882482539,0.004580032504783721,20,99,792,2599,Turkiye,tgt,0.5362903225806451,0.7782258064516129,0.34077630445326496,True
0.13908466320953927,1.4594630121571068,10.493342533089644,1.2421218163303678,1.2649849694564215,-0.022863153126053647,-0.0015643561149014057,20,320,792,2710,Turkiye,tgt,0.02217741935483871,0.25201612903225806,0.3068456052627371,True
0.20718148807097625,0.1965162849896627,0.948522412979002,0.07856938756832754,-0.30473118916311553,0.3833005767314431,0.0008903095676044162,20,51,792,2750,Turkiye,tgt,0.905241935483871,0.7560483870967742,0.4570793618746962,True
0.20660100229290262,0.21617147114359342,1.0463234386303826,-0.16306818514985366,-0.20269617854467603,0.03962799339482236,0.00857051115245207,20,253,792,2814,Turkiye,tgt,0.8709677419354839,0.8165322580645161,0.4557987065830983,True
0.06357868232688643,0.1912887672965299,3.0086934849173,0.1548145824729641,0.10645458970068647,0.048359992772277614,0.0056002108093814555,20,156,792,2819,Turkiye,tgt,0.33064516129032256,0.8951612903225806,0.14026592731514567,True
1.50007372377165,0.6056648658543922,0.40375673292347464,-0.19308295375303608,-0.8251943316026754,0.6321113778496393,0.1678044089777573,20,95,792,2910,Turkiye,tgt,0.9959677419354839,0.4092741935483871,3.309430523018804,False
1.4810398514907939,1.8941928938692099,1.2789614620852652,1.4690267440687546,-0.11675153566831953,1.585778279737074,0.08584585535734361,20,798,792,3020,Turkiye,tgt,0.7983870967741935,0.8931451612903226,3.2674384016321785,False
0.19234457025670834,0.2728115931582169,1.4183482943870735,0.012714790817355492,-0.10998233521784415,0.12269712603519964,0.03395131122964624,20,85,792,3030,Turkiye,tgt,0.7520161290322581,0.8931451612903226,0.4243464715480777,True
0.14019289687734787,0.5666952912882343,4.042253950883298,0.5449828585596332,0.4305402921087849,0.11444256645084831,0.0020054211915438588,20,88,792,3100,Turkiye,tgt,0.20766129032258066,0.6774193548387096,0.3092905666461425,True
0.3932540324347445,0.5991028096841374,1.5234498829546037,-0.526312682371529,-0.3479391289200021,-0.17837355345152683,0.04723569733921709,20,434,804,2011,Ukraine,tgt,0.7258064516129032,0.7298387096774194,0.867588624222768,True
1.2127472246565048,2.167372474943346,1.7871592949282786,-1.0600645861390365,-1.0996601759072495,0.03959558976821293,0.15412837339803212,20,402,804,2013,Ukraine,tgt,0.6612903225806451,0.2963709677419355,2.6755369542060845,False
1.2961965626120378,0.7941227145005575,0.6126560873609144,-0.23498969516035295,-2.467206956161986,2.232217261001633,0.039163654351132754,20,602,804,2100,Ukraine,tgt,0.9717741935483871,0.07056451612903226,2.85964109640876,False
0.3355850440238759,0.47811668067282653,1.424725830865126,0.05664828918684783,-0.36530700506348834,0.4219552942503362,0.0014367358304674192,20,167,804,2410,Ukraine,tgt,0.7479838709677419,0.717741935483871,0.7403605370600341,True
0.7888384463336842,0.32915744339191105,0.417268510329015,0.0021547760648079617,-0.8699639703871723,0.8721187464519803,0.030891681175499484,20,614,804,2420,Ukraine,tgt,0.9959677419354839,0.3810483870967742,1.7403184861231709,True
0.2897770240221508,0.6981535525194427,2.4092784956825124,-0.6569117595671461,-0.6280715758370431,-0.028840183730103042,-0.010553239881811116,20,366,804,2593,Ukraine,tgt,0.46774193548387094,0.5241935483870968,0.6392998643808278,True
0.24532688848935374,0.45730916444225606,1.8640808892095884,0.4181205585659207,0.27115938603767087,0.1469611725282498,-0.01199680737912418,20,307,804,2599,Ukraine,tgt,0.625,0.780241935483871,0.5412349273358039,True
0.3873880455292933,1.2333904402717104,3.1838629366750673,-0.05644668023308963,-0.15162416425987404,0.09517748402678441,-0.01806729200004842,20,744,804,2610,Ukraine,tgt,0.3024193548387097,0.8608870967741935,0.8546472095410159,True
0.402531650195995,0.6875982910118684,1.7081844140133398,-0.4649985538767556,-0.3777059876429978,-0.08729256623375782,0.04830430039108928,20,497,804,2710,Ukraine,tgt,0.6774193548387096,0.7116935483870968,0.8880567058333074,True
0.21826142757526099,0.49706160034529073,2.277368043759788,-0.37552060058065706,-0.028288228343151922,-0.34723237223750514,0.0125325405443287,20,438,804,2819,Ukraine,tgt,0.4959677419354839,0.9717741935483871,0.48152368711524923,True
0.48318282961276543,0.5127263785694447,1.0611436233782483,0.1910136932182409,0.11176380253297763,0.07924989068526328,0.02704289419715611,20,845,804,2829,Ukraine,tgt,0.8629032258064516,0.8931451612903226,1.0659876105945967,True
0.6201902019495757,0.7587941358949329,1.2234861716770984,-0.1329118914363212,-1.4310525741398972,1.298140682703576,0.010481948282212272,20,761,804,3250,Ukraine,tgt,0.8165322580645161,0.21975806451612903,1.3682503412222706,True
0.555606960227432,0.8277110941321832,1.4897421259686312,0.04623852293231678,-0.9195423025726432,0.96578082550496,0.07297585146317065,20,370,818,1312,Egypt,tgt,0.7338709677419355,0.3709677419354839,1.2257681764834796,True
0.16348045026070704,1.8142888690353385,11.097894984642133,-1.619253846628716,-1.1686076583185017,-0.4506461883102145,0.014108026648744372,20,85,818,1392,Egypt,tgt,0.020161290322580645,0.2782258064516129,0.3606670681820433,True
0.12280760766231774,0.09831974217838704,0.800599767798876,-0.0037775352927837957,0.14509188737977882,-0.14886942267256262,0.018529738751439432,20,64,818,1410,Egypt,tgt,0.9354838709677419,0.8608870967741935,0.2709355139124218,True
0.5336481998224241,1.2342136790047828,2.3127852383189484,1.0201051090006192,0.9515754336818582,0.0685296753187611,0.029815808902018726,20,273,818,1512,Egypt,tgt,0.48588709677419356,0.3588709677419355,1.1773232295582894,True
0.6175410136245255,2.939771347484003,4.760447132457877,-1.6381290211959776,-1.4039213438406009,-0.23420767735537684,0.08498613655006276,20,273,818,1520,Egypt,tgt,0.15725806451612903,0.2217741935483871,1.3624057586759526,True
1.2197270288049433,1.3952272273536683,1.1438848155399783,1.2987360051991024,1.3443924131263594,-0.04565640792725689,0.00957159314545289,20,737,818,2011,Egypt,tgt,0.8346774193548387,0.22983870967741934,2.6909356486352207,False
0.6130482572884826,1.404489698804028,2.290993705807268,1.224352848155652,1.1159366089338114,0.10841623922184064,0.12403265968850635,20,362,818,2012,Egypt,tgt,0.4899193548387097,0.2963709677419355,1.3524939358666024,True
1.6541104121353074,1.455556149853055,0.8799631144175335,1.3019401657052017,0.5334945063320579,0.7684456593731438,-0.040177028995751644,20,631,818,2023,Egypt,tgt,0.9213709677419355,0.5967741935483871,3.6492629659561384,False
1.2792814001677864,1.9964515048518756,1.5606038707277599,1.8953494693886892,1.8839848162235047,0.01136465316518452,0.5742740202835809,20,386,818,2100,Egypt,tgt,0.7157258064516129,0.1350806451612903,2.8223232272882495,False
0.22070511950186159,1.183335536342874,5.361613446093591,1.0698534555958563,1.0384687151139596,0.03138474048189676,0.03531004673227998,20,223,818,2220,Egypt,tgt,0.1310483870967742,0.32661290322580644,0.4869149079083266,True
1.1210447218579949,1.907273598770019,1.7013358714262046,1.5960300375383643,1.909557849902481,-0.3135278123641167,0.028756270181896696,20,562,818,2410,Egypt,tgt,0.6774193548387096,0.1310483870967742,2.4732248564809436,False
1.0337008061381727,2.7425155610530965,2.6531038234350666,2.490260004374316,2.748201720600645,-0.25794171622632855,0.1721066796361551,20,815,818,2420,Egypt,tgt,0.3971774193548387,0.05040322580645161,2.2805285802230153,False
0.5217079257481441,0.5344609955430136,1.0244448457948598,0.3193367031001628,0.11548090210485565,0.20385580099530717,0.04761785435598091,20,224,818,2599,Egypt,tgt,0.8870967741935484,0.8931451612903226,1.1509808526147896,True
0.6503461441539591,0.7374177638361796,1.1338850402434426,0.35745267313052853,0.3475920210287191,0.009860652101809442,0.1578149246915972,20,669,818,2710,Egypt,tgt,0.8407258064516129,0.7298387096774194,1.434779735078095,True
0.17422189628845056,0.8182144732515485,4.696392879898812,0.2830725091022259,0.2290242600498891,0.05404824905233682,0.0034398748412979396,20,332,818,2740,Egypt,tgt,0.16330645161290322,0.8004032258064516,0.3843646163640051,True
1.3775540439226877,2.762258367487706,2.005190561977496,-1.2320292054769997,-1.3744988915554057,0.142469686078406,0.24629061271337419,20,230,818,2750,Egypt,tgt,0.5766129032258065,0.22379032258064516,3.039130229281794,False
1.0806004643128944,0.979183742321709,0.906147808241345,0.5275240282863329,1.185136254320219,-0.657612226033886,0.04322804694777718,20,391,818,2790,Egypt,tgt,0.9133064516129032,0.2721774193548387,2.3839976016603903,False
0.12894457377453522,0.7086109887113932,5.495469626743875,-0.5309423519929641,-0.5493502189787965,0.01840786698583236,0.002094377811159731,20,122,818,3290,Egypt,tgt,0.12701612903225806,0.5846774193548387,0.28447475711670867,True
