pre,post,ratio,tau_scm,tau_aug,corr,gap_pre,n_pool,n_cand,i,k,name,p_aug,fit_x,meas
0.20008079550109018,0.8312216135969607,4.154429771809017,0.49935572283905216,0.8230249685230007,-0.32366924568394856,-0.017741123614415277,20,246,32,1040,Argentina,0.2261904761904762,0.3763819197618213,vol
0.1877239544640732,0.6164147337525901,3.2836232089419375,0.43584325590676914,0.46831997555593047,-0.032476719649161316,-0.024581537338841053,20,852,32,1079,Argentina,0.4430379746835443,0.35313685248759225,vol
0.3863192183453977,1.4945125304446365,3.8685948290266854,-1.2578652277100872,-1.052757238442695,-0.2051079892673922,-0.042290412191339534,20,413,32,1312,Argentina,0.23795180722891565,0.7267242649529286,vol
0.7565437032980662,1.032869619158112,1.3652477902538007,-0.8984627030569454,-0.8037528904998273,-0.09470981255711805,-0.14957111139210275,20,520,32,1399,Argentina,0.38961038961038963,1.4231719277100354,vol
0.4836453995771681,0.6765675577300903,1.3988917465597446,-0.22031303045336015,-0.10852229908987854,-0.11179073136348161,-0.010935689963471662,20,394,32,1410,Argentina,0.9281914893617021,0.9098093773614362,vol
0.22315820043613907,0.6600340479574068,2.957695691520366,0.4021278948758742,1.0237495335581839,-0.6216216386823096,-0.019497353986463354,20,345,32,1709,Argentina,0.2198952879581152,0.4197939721320714,vol
0.1780223958942893,0.338483189517357,1.9013517249725715,0.02926159066856382,-0.2069973580357114,0.23625894870427522,0.01077234615444715,20,270,32,2011,Argentina,0.8040540540540541,0.3348867689149432,vol
0.1635228217812388,0.5908746492811588,3.6134078585778826,0.5699012855968886,0.5137481457718416,0.056153139825046966,-0.02033974789550969,20,571,32,2013,Argentina,0.39097744360902253,0.3076109000504123,vol
0.43166013060684116,0.6348717901939832,1.4707677294668395,0.3327820521191164,0.5106842529481133,-0.17790220082899685,-0.024606044688393214,20,712,32,2023,Argentina,0.5354107648725213,0.8120173064863496,vol
0.7227814434234063,1.5902250535215792,2.2001464868682623,-1.554320867439115,-4.11991705409435,2.5655961866552355,0.015895101746068653,20,134,32,2029,Argentina,0.01098901098901099,1.3596600641386376,vol
0.22437897494959091,2.9123084566561053,12.979417778828813,2.748193943326561,2.7239993816068013,0.024194561719759526,0.013969670733081852,20,311,32,2100,Argentina,0.015625,0.4220904316889148,vol
0.14600902136043287,0.5839372298454494,3.999322948709874,-0.4131794656638095,-0.6227037445183509,0.20952427885454142,0.000982191370127137,20,232,32,2220,Argentina,0.31666666666666665,0.2746648204019414,vol
0.20980176089815245,0.5562260345202604,2.6511981221658023,0.29576008377786134,0.3837542689788096,-0.08799418520094829,-0.05642004137705409,20,385,32,2310,Argentina,0.6022099447513812,0.39466851048094204,vol
0.7450814901895298,0.9015691315773335,1.210027551950052,0.5192807148024068,0.6772925364804303,-0.15801182167802358,-0.3684317172906714,20,363,32,2393,Argentina,0.4772234273318872,1.4016097894563093,vol
0.6105504976574958,1.6834960940406838,2.7573412854461137,1.3242288657263024,2.408482027877126,-1.0842531621508238,0.34195526653009706,20,289,32,2410,Argentina,0.07126436781609195,1.1485368590440832,vol
0.23578938018138992,0.8082282036280176,3.4277549014559408,0.7586251147188738,0.4852342199970975,0.27339089472177636,-0.009299189959629589,20,157,32,2420,Argentina,0.49261083743842365,0.4435551115731041,vol
0.5973690274146674,1.6879446864188579,2.8256314086521273,0.4169079914246856,-0.035069261239780714,0.4519772526644663,-0.09967229484237698,20,436,32,2511,Argentina,0.9747126436781609,1.1237405408224672,vol
0.6936795099444599,1.0702689849541043,1.5428868369483717,-0.9123850093816559,-0.7372348028368262,-0.17515020654482968,-0.2031397564024212,20,640,32,2512,Argentina,0.4358407079646018,1.3049149719664757,vol
0.17019671146732418,0.9800685837515067,5.758446066918682,-0.771628639156831,-0.7662232814897063,-0.005405357667124644,0.005606932591479718,20,291,32,2593,Argentina,0.22695035460992907,0.32016548534200134,vol
0.14894379736230468,0.5358919740604926,3.597947571841071,-0.25688707390727616,-0.2973607819823796,0.04047370807510341,-0.007109683724041274,20,210,32,2599,Argentina,0.6967213114754098,0.2801855732702466,vol
0.4551033297544951,1.087658579865676,2.389915671354046,-0.2551373139080755,-0.022696350615285382,-0.2324409632927901,-0.13725632799376372,20,812,32,2610,Argentina,0.9862637362637363,0.8561174725140512,vol
0.1382988377619817,0.7072473520697048,5.113906693033155,0.5866530831433276,0.5823261876764919,0.004326895466835709,-0.0060001279167631975,20,171,32,2620,Argentina,0.33636363636363636,0.260160811172903,vol
0.18025646163046882,1.0245408065857748,5.683795173379773,1.0077235948385983,0.865747727110153,0.1419758677284453,-0.00931371287273084,20,195,32,2630,Argentina,0.2,0.3390893809075208,vol
0.149230484755721,0.8384013436356199,5.618164043412573,-0.5843722944558951,-0.5707355329415499,-0.013636761514345251,-0.021362658731787765,20,357,32,2640,Argentina,0.3442622950819672,0.2807248751619415,vol
0.10415320716363881,0.35128316341600974,3.37275416650489,0.22320715983466377,0.3275505566015979,-0.10434339676693412,-0.0010064337316554922,20,621,32,2651,Argentina,0.6621621621621622,0.19592776989627403,vol
0.19955303012592596,0.7093462493306879,3.5546754107570404,-0.5598377906382899,-0.6425179496657171,0.08268015902742717,-0.024782076456599314,20,660,32,2660,Argentina,0.3630952380952381,0.3753891141075323,vol
0.2667296754874032,0.7160077517467108,2.684394791986787,0.41733848487550573,0.11017758592980914,0.3071608989456966,-0.04417327343542224,20,568,32,2710,Argentina,0.9196787148594378,0.501758437465076,vol
0.3274296743646477,0.984160375623168,3.005715280793826,-0.6525595492541214,0.18521371952650045,-0.8377732687806219,-0.013555256464353727,20,348,32,2732,Argentina,0.8724137931034482,0.615944219512475,vol
0.7049900326918648,1.0060708648409615,1.4270710480820263,0.4083595000442011,0.2809793241681081,0.127380175876093,-0.06529911342557808,20,316,32,2750,Argentina,0.7858719646799117,1.3261917579494402,vol
0.14040841801918813,0.3569846696107679,2.542473411829073,-0.07854349324301435,-0.0749879644413788,-0.0035555288016355566,-0.025021844068732726,20,334,32,2790,Argentina,0.9557522123893806,0.2641292473494508,vol
0.18676070293150573,1.8515894089859348,9.914234525370164,-1.145643239157578,-1.124884906794712,-0.020758332362866058,0.0018108631211155883,20,839,32,2811,Argentina,0.1282051282051282,0.35132483219782246,vol
0.3344800119831372,0.5545832809661809,1.6580461046926183,-0.3621623908190736,-0.21663280717547523,-0.14552958364359836,-0.0635890443968793,20,660,32,2812,Argentina,0.8327645051194539,0.6292069597028578,vol
0.13291620911126373,0.2635168207520876,1.9825785170527888,-0.025852985573846965,0.3304147294187446,-0.3562677149925916,0.002899553227448988,20,296,32,2813,Argentina,0.6372549019607843,0.2500352811346581,vol
0.13298892414231617,0.6048397909331014,4.548046349227104,-0.09221151020656837,-0.286473679903134,0.1942621696965656,0.02553552125875822,20,409,32,2814,Argentina,0.7549019607843137,0.2501720689903567,vol
0.20985525544307332,1.3423432119343286,6.396519396667963,1.29371879196206,1.3205525328134065,-0.026833740851346304,-0.027125514773999625,20,556,32,2816,Argentina,0.11602209944751381,0.39476914172575334,vol
0.4867736648585592,0.8079100153627573,1.6597241668723184,-0.5457589747190177,-0.2689139551084899,-0.27684501961052776,-0.06370078159291535,20,301,32,2818,Argentina,0.7973684210526316,0.9156941125214771,vol
0.1256145559563704,1.8381451669148938,14.633217885619366,1.7139796100278963,1.3469118080034004,0.367067802024496,0.0019246485890012704,20,374,32,2819,Argentina,0.030927835051546393,0.2362997788092551,vol
0.2868094295720173,0.8012872778019504,2.7937968392379813,-0.6282601612658523,-0.6877018738605932,0.05944171259474097,-0.030741475058854738,20,823,32,2821,Argentina,0.3840304182509506,0.539531459967234,vol
0.3525014615457843,0.6250479998339524,1.773178463127503,-0.5223490547943508,-0.5088659805671182,-0.013483074227232566,-0.04879816774121529,20,706,32,2822,Argentina,0.5225806451612903,0.6631080033602087,vol
0.1219438523662673,0.6993461773969663,5.734985108527068,0.5921434131664352,0.6423439823545833,-0.0502005691881482,-0.008055671508176897,20,651,32,2823,Argentina,0.32978723404255317,0.22939463601101945,vol
0.4210687564938017,0.9436140177966706,2.2409974695203037,-0.8332008158251835,-0.754337682279362,-0.07886313354582146,-0.019540065269294506,20,893,32,2824,Argentina,0.3688760806916426,0.7920933467100116,vol
0.33749259657447295,0.6305667641871874,1.8683869530395554,-0.19159683024146681,-0.008961039413686617,-0.1826357908277802,-0.09970832745408194,20,752,32,2825,Argentina,0.9932432432432432,0.6348740821725185,vol
0.5711037334472017,1.9520068771894572,3.4179550279019835,-0.23555949086767036,-0.006026107629309357,-0.229533383238361,-0.09215910632313133,20,554,32,2826,Argentina,0.9953271028037384,1.0743315920934051,vol
0.2686555811735891,0.9944686038429997,3.701648778330921,-0.6784319058276801,-0.7226728732680516,0.04424096744037152,0.0018231526804616917,20,784,32,2829,Argentina,0.34523809523809523,0.5053813542854109,vol
2.281981643064564,2.4264328795936603,1.063300788140919,-1.8444122045652467,-1.2589259108043143,-0.5854862937609324,-1.5227854043485378,20,363,32,2910,Argentina,0.2560483870967742,4.292748984363149,vol
1.1835959009560253,1.150683430051452,0.9721928143904613,0.8446845267586824,0.9546783094612377,-0.10999378270255523,-0.16646869006508683,20,445,32,2920,Argentina,0.3603238866396761,2.2265210227116676,vol
0.16357554485588433,0.561703555805579,3.4339091231544367,0.4541440796669187,0.46051122942892925,-0.006367149762010522,-0.010756295689600692,20,447,32,2930,Argentina,0.43609022556390975,0.30771008004417993,vol
0.25740334103516055,0.7822414929344434,3.038971793406487,-0.5423511534694769,-0.4649019693228346,-0.0774491841466423,-0.03805277461066361,20,725,32,3091,Argentina,0.5230125523012552,0.4842142066123115,vol
0.42273250206693197,0.6320200250129617,1.4950826395480064,0.1836675178476299,0.15761255697695456,0.026054960870675346,-0.049902606448343635,20,275,32,3230,Argentina,0.8962536023054755,0.7952231011236809,vol
0.40599368535941094,0.770917419643778,1.8988409116789928,-0.6457224750324927,-0.3955108131279484,-0.2502116619045443,-0.10975672942652609,20,721,32,3250,Argentina,0.6297376093294461,0.7637348818213756,vol
0.1319188907892992,1.0701066420359964,8.111852939585205,-0.831030820058579,-0.8347532697133152,0.0037224496547362137,-0.024377871051606572,20,137,32,3290,Argentina,0.17647058823529413,0.2481591761157104,vol
0.6178089795577432,1.916888242995327,3.1027199448728084,-1.8734091586412287,-1.7601753415081751,-0.1132338171330536,-0.15452880608537514,20,911,76,1812,Brazil,0.1278538812785388,1.1621911497786312,vol
0.22858499984834885,0.4497279210909871,1.9674428391598402,-0.3880313865059062,-0.20369606794009862,-0.18433531856580757,-0.016203591881276038,20,86,76,2011,Brazil,0.8307692307692308,0.4300025939831311,vol
0.261940098934319,1.1078261829965597,4.229311157412157,-1.0139563551851536,-1.703014271100666,0.6890579159155125,-0.187983559337534,20,223,76,2013,Brazil,0.07317073170731707,0.49274852717667855,vol
0.22736470821186142,2.1384078143121044,9.405187951682931,-1.948647344986373,-2.0294722458951733,0.08082490090880043,-0.06628280072483839,20,451,76,2021,Brazil,0.046153846153846156,0.42770704279012356,vol
0.485794311196662,0.244425661815998,0.5031464061691086,-0.05972004086353594,0.494604972494411,-0.5543250133579469,-0.23874968227764806,20,531,76,2023,Brazil,0.5567282321899736,0.9138518017166471,vol
0.20779789099857698,0.41363304240963167,1.9905545740715158,0.37681416236398535,0.4429468885865747,-0.06613272622258934,-0.10332848107203395,20,275,76,2029,Brazil,0.5083798882681564,0.3908989313073575,vol
0.950356925453734,0.9502612838626833,0.9998993624516336,-0.2028909898520137,1.0067659167403453,-1.209656906592359,-0.22415939817933198,20,574,76,2030,Brazil,0.3381742738589212,1.7877636040250025,vol
0.1861897933671278,0.19018252456398255,1.0214444149953048,-0.17426536045435626,-0.48974526469681745,0.3154799042424612,-0.1568188176218311,20,189,76,2100,Brazil,0.41935483870967744,0.35025086586680704,vol
0.13694366079129205,0.4136999292779651,3.020949833584932,-0.2893813003697179,-0.25209525727828574,-0.03728604309143212,-0.016432195858296292,20,348,76,2219,Brazil,0.7777777777777778,0.257611520479772,vol
0.35397592559146507,0.5941848795352727,1.6786025166610918,-0.5648779193556495,-0.5702807159048955,0.005402796549246058,-0.1969542095819847,20,121,76,2220,Brazil,0.4838709677419355,0.6658816908935036,vol
0.5532902474644109,1.3109403901570758,2.3693538719772915,-1.2240028938677399,-0.6707584129059999,-0.55324448096174,-0.2000646230461485,20,236,76,2393,Brazil,0.4666666666666667,1.0408217590528996,vol
0.295194627662017,0.28063992329466336,0.9506945486012773,-0.07703092934897171,0.5349139384097608,-0.6119448677587325,-0.047497743422997646,20,51,76,2410,Brazil,0.4924812030075188,0.5553052724752917,vol
0.2678166763085955,0.3230810588652199,1.2063515361266943,-0.2112026524593258,-0.5597979103297577,0.3485952578704319,-0.15192916955698396,20,116,76,2420,Brazil,0.456,0.5038032486866548,vol
0.5784054956409189,1.6562475584761869,2.8634713379424825,-1.6285768897660196,-0.8815754735627016,-0.747001416203318,-0.31269940176373384,20,394,76,2512,Brazil,0.34418604651162793,1.0880672995371545,vol
0.793873546953009,1.476992962875657,1.8604889513506906,-1.0185935183099517,-1.1210480372081049,0.10245451889815307,-0.32725882461775285,20,722,76,2513,Brazil,0.2957446808510638,1.4933949502848307,vol
0.31240716029285764,0.5866262139804153,1.8777617434584353,-0.5838208254928718,-0.5185900955948525,-0.06523072989801935,-0.13928328392335232,20,141,76,2593,Brazil,0.5,0.5876846223241056,vol
0.21146233025292632,0.193874665904008,0.9168283810743879,0.05480752583198267,-0.00437487250436084,0.05918239833634351,-0.10218956395844737,20,121,76,2599,Brazil,1.0,0.39779228995254073,vol
0.2631582210262595,0.3092650738581815,1.1752058235236404,-0.21895790218809819,0.002654274277875346,-0.22161217646597353,-0.1499057011282801,20,462,76,2610,Brazil,1.0,0.49503999713170654,vol
0.47760792929405566,0.8351186006184448,1.7485442543904572,-0.8108665231653265,-0.4580806575343544,-0.3527858656309721,-0.3853277972699167,20,86,76,2620,Brazil,0.5871313672922251,0.8984519922112435,vol
0.5623760859687505,0.45547529032146294,0.8099122663383881,-0.4223498459133579,-0.23048738333758775,-0.19186246257577014,-0.49337522657208854,20,75,76,2630,Brazil,0.8364928909952607,1.0579135810358375,vol
0.9804767053714859,1.6549414798330409,1.6878947462663192,1.6288997381925583,2.483763595956715,-0.8548638577641567,-0.885766939683394,20,178,76,2640,Brazil,0.07246376811594203,1.8444234176760597,vol
0.578813913288272,0.5805250788952017,1.0029563311586767,-0.4161451941988987,-0.4249335885175507,0.008788394318651957,-0.5038253528201051,20,321,76,2651,Brazil,0.6372093023255814,1.088835594254248,vol
0.43292084339231407,0.8725015309303701,2.01538351467108,-0.8319465137486002,-0.23854037643548986,-0.5934061373131103,-0.2740764874608661,20,504,76,2660,Brazil,0.827683615819209,0.8143888959098933,vol
0.8469436701812535,2.5184502277795104,2.973574650177785,-2.4092337460734337,-1.7469932443151786,-0.6622405017582551,-0.7418956958338513,20,414,76,2670,Brazil,0.14285714285714285,1.5932277943747284,vol
1.0708388404767384,1.6398584757127515,1.5313774713127561,-1.2103129024431434,-0.9105026786755306,-0.2998102237676128,-0.2777375336803136,20,773,76,2680,Brazil,0.3683127572016461,2.0144081171046797,vol
0.29285326605320006,0.18439853107143658,0.6296618561117175,-0.03146495949020078,0.20984445409424554,-0.24130941358444633,-0.09083591276868086,20,131,76,2710,Brazil,0.8377358490566038,0.5509008208887408,vol
1.2420835455978516,0.8353605103386338,0.672547763231619,0.16679023500699985,0.6217902432742978,-0.4550000082672979,-0.8693343781422495,20,261,76,2720,Brazil,0.5404858299595142,2.3365450353486916,vol
0.48075792564140907,1.456868407709287,3.0303575458804723,-1.2007641966116065,-1.1530060368059796,-0.04775815980562687,-0.1147107897500892,20,645,76,2731,Brazil,0.224,0.9043776067585584,vol
0.3231611152949281,0.18281684385900399,0.5657142372842691,-0.0101659585211209,0.06571559375676016,-0.07588155227788106,-0.04640894313172565,20,213,76,2750,Brazil,0.950354609929078,0.6079144210840244,vol
0.3744641623395672,1.3752262608215386,3.672517690957225,1.3641388954887517,1.6448905422938709,-0.2807516468051192,-0.2862285879891556,20,183,76,2790,Brazil,0.08895705521472393,0.7044231304178349,vol
0.40984042650710856,0.4282033386122739,1.0448050287807487,-0.24483261922008726,0.16375959808061147,-0.4085922173006987,-0.18343947966967084,20,543,76,2811,Brazil,0.8866279069767442,0.77097117761064,vol
0.48318307731736276,1.252223418639525,2.591612739402799,-0.42643248453815774,0.004897729035613307,-0.43133021357377105,-0.12863470885391565,20,250,76,2812,Brazil,0.9946808510638298,0.9089396800011355,vol
0.22619400639272194,0.4441154006334103,1.9634269170790029,-0.4246618792581587,-0.2598672537741199,-0.1647946254840388,-0.04972841773436572,20,166,76,2813,Brazil,0.7743589743589744,0.4255047774649941,vol
0.1874209884426223,0.5779172220962281,3.0835245662635784,-0.5122518925194841,-0.3656222570697823,-0.1466296354497018,-0.08414170964091795,20,169,76,2814,Brazil,0.5886075949367089,0.3525669280603592,vol
0.559337235947256,1.7439253899701532,3.1178424712182053,-1.5986097587013093,-1.5072390069874464,-0.09137075171386294,-0.25263579664560554,20,655,76,2815,Brazil,0.1496437054631829,1.0521970493612514,vol
0.41115611043438416,0.6618830109542133,1.6098094960936797,-0.5878662469668166,-0.07432629427941562,-0.5135399526874009,-0.27083624392932487,20,403,76,2816,Brazil,0.9476744186046512,0.7734461759787121,vol
0.31075550589749057,1.0552189519956492,3.395656495121718,0.4894734227654107,0.838735219377205,-0.34926179661179424,-0.04274874555827835,20,320,76,2817,Brazil,0.27472527472527475,0.5845776132253342,vol
1.1193540947384057,0.8115394554214928,0.7250069117861675,-0.755932367864387,-0.06960559288221224,-0.6863267749821748,-1.0267505713347307,20,178,76,2818,Brazil,0.9550102249488752,2.105672571001954,vol
0.2541120752004262,0.461104654464857,1.814571991910141,-0.2924786560889614,-0.057972365899487316,-0.23450629018947408,-0.1602573154962078,20,185,76,2819,Brazil,0.948936170212766,0.47802284301731296,vol
0.24314307542048838,0.7680609767283078,3.1588848475328093,0.6422305126592596,0.6936269439245973,-0.051396431265337814,-0.05099749584484034,20,522,76,2821,Brazil,0.3691588785046729,0.45738851284734167,vol
0.269714282780719,0.3590428093154673,1.3311968710510353,-0.10596967280371217,-0.07746273883646415,-0.028506933967248023,-0.06218968301228937,20,367,76,2822,Brazil,0.9365079365079365,0.5073729304501723,vol
0.28834169564481643,0.2009759429975504,0.697006177161126,0.14679285784323087,0.2938620622721867,-0.1470692044289558,-0.14013449833795144,20,491,76,2823,Brazil,0.7424242424242424,0.5424138817639971,vol
0.33439766355248024,0.25749653850389587,0.7700309139973535,0.23936176252142127,-0.04697646877760431,0.2863382312990256,-0.20700316636270594,20,157,76,2824,Brazil,0.9556313993174061,0.6290520499808007,vol
0.25405177841963855,0.3518023304946293,1.3847662578198054,0.021614271363617793,0.277243647521355,-0.25562937615773723,-0.09359390607244662,20,569,76,2825,Brazil,0.7617021276595745,0.47790941574883633,vol
0.37767350825884677,1.3348465971425059,3.5343929821724207,-1.305988099490948,-0.9864899779191139,-0.31949812157183427,-0.20352783438826821,20,466,76,2826,Brazil,0.25766871165644173,0.7104603903920018,vol
0.3103276642107122,0.6919301197493712,2.2296759185463766,0.6046068761039181,0.6418596146611417,-0.037252738557223615,-0.00444714757979181,20,499,76,2829,Brazil,0.42124542124542125,0.5837727789831447,vol
1.883661664805589,3.4514461810027472,1.8323068550418091,-3.351269389127602,-2.9319208517211086,-0.4193485374064934,-1.3099203464897897,20,238,76,2910,Brazil,0.05858585858585859,3.543449494019095,vol
0.5835918022556648,1.6032119968876197,2.7471461913806516,0.8769662111002829,2.65458004747944,-1.7776138363791572,-0.09288838406154745,20,348,76,2920,Brazil,0.05104408352668213,1.0978235184448348,vol
0.07820459522393829,0.21037793603386779,2.690096859800273,-0.15784083866159904,-0.5256592465035006,0.3678184078419016,-0.014668004419140835,20,134,76,2930,Brazil,0.37209302325581395,0.14711454745501384,vol
1.3916762297431566,2.7320507814326747,1.9631367720758537,-2.7124824776876695,-0.16296116740843702,-2.5495213102792325,-0.43877662206362317,20,533,76,3011,Brazil,0.8927125506072875,2.6179512617679928,vol
0.6602624034568123,0.7925295813525064,1.200325169513223,-0.4682241852192842,-0.045033003581186615,-0.4231911816380976,-0.28013848733844954,20,558,76,3020,Brazil,0.9662162162162162,1.242052393570552,vol
0.37908794201199525,0.7650943783284873,2.018250367626512,-0.6733796072975657,0.48302131558510486,-1.1564009228826706,-0.015918983863071598,20,24,76,3030,Brazil,0.5351681957186545,0.7131211519611103,vol
0.31644657434499857,0.474893544749587,1.500706859388673,0.3453898376863829,0.6462461180280721,-0.3008562803416892,-0.1547835953556733,20,333,76,3250,Brazil,0.4259927797833935,0.595283364681412,vol
0.9855296441236324,0.8966685122112468,0.9098341359468654,0.033966187290100314,0.04562779130976423,-0.011661604019663912,0.23190517306712702,20,566,100,1061,Bulgaria,0.9668737060041408,1.8539287516748013,vol
0.21642611458942052,0.9027525097524425,4.171181058556837,-0.21827896326095075,-0.20246133706143507,-0.01581762619951569,-0.011481603408782338,20,431,100,1312,Bulgaria,0.8260869565217391,0.4071299111528881,vol
0.6572314521657591,1.3512043022107605,2.055903286061812,0.9093749002175944,1.163295959597653,-0.2539210593800586,-0.19983682299973926,20,371,100,1399,Bulgaria,0.2528216704288939,1.2363507205900237,vol
0.6023054579620379,0.6296532325330093,1.0454051581460102,-0.18278321430490907,-0.4834341702935662,0.30065095598865715,0.014186537678436391,20,556,100,2011,Bulgaria,0.5885057471264368,1.1330267054517964,vol
1.1430945094706226,0.6270592142529443,0.548562878272717,-0.39125328379600577,-3.9962880001480503,3.6050347163520446,-0.03294512267617431,20,875,100,2013,Bulgaria,0.022357723577235773,2.150331844024511,vol
1.0220579969682924,2.383745600721193,2.3322997401243803,2.3023163824130615,2.7604998093814492,-0.45818342696838776,-0.20190935534730164,20,409,100,2022,Bulgaria,0.0577319587628866,1.922644050087014,vol
0.42041469416174165,0.6077721771425812,1.4456492258302456,-0.27206835104449567,-0.7789406723652168,0.5068723213207211,-0.042185381644919,20,561,100,2029,Bulgaria,0.34293948126801155,0.7908629575786204,vol
0.28734152125594375,0.9123797644553527,3.1752451245730984,0.8106010999430855,0.9928618533814864,-0.18226075343840087,-0.005956731131220538,20,366,100,2100,Bulgaria,0.23574144486692014,0.5405324040557656,vol
0.32611896102372034,0.45881493532330236,1.4068943856653902,0.2105895669913762,0.15375021298642202,0.05683935400495418,-0.022190020839092425,20,306,100,2220,Bulgaria,0.8958333333333334,0.6134785715612053,vol
2.204491052073699,3.1729789255168477,1.439324928323987,2.2988850023145,-2.861860955876822,5.160745958191322,-0.5050723057528835,20,821,100,2410,Bulgaria,0.06048387096774194,4.146977585726038,vol
0.5990840207653623,0.43027002534632847,0.7182131561389924,0.03733913983117976,0.08043890992424449,-0.04309977009306473,-0.006147793559308975,20,591,100,2420,Bulgaria,0.9517241379310345,1.1269666999753072,vol
0.2035740642754105,0.304685818130288,1.4966828864706745,0.0972768480908639,0.1731866688779579,-0.07590982078709399,-0.012697184553241557,20,287,100,2593,Bulgaria,0.8571428571428571,0.38295328111726706,vol
0.32389041955340897,0.31688817467804636,0.9783808212511579,0.23961158590164078,0.352073254565246,-0.11246166866360524,-0.020725907957587844,20,259,100,2599,Bulgaria,0.6666666666666666,0.6092863515394689,vol
0.23291842587748407,0.27696282219538404,1.1890979477126788,-0.09799817290108903,-0.12110582857499136,0.023107655673902324,-0.0004307684167001598,20,615,100,2610,Bulgaria,0.9154228855721394,0.4381544168700152,vol
0.5154248623155908,0.3738039352074068,0.7252345832291835,0.22072067318598387,-0.024636716727769487,0.24535738991375336,0.15255651094945943,20,109,100,2620,Bulgaria,0.9848101265822785,0.9695913027807682,vol
0.15270055135566396,0.45649884320419665,2.9895035685950995,0.43353781539003045,0.42457690630984507,0.008960909080185387,-0.0033383788887853386,20,159,100,2630,Bulgaria,0.47580645161290325,0.2872525897550234,vol
0.4891261037377553,0.8482205213382886,1.734155087729813,-0.6753364591495092,-0.793860319959845,0.11852386081033575,0.002992890000761972,20,255,100,2640,Bulgaria,0.3464566929133858,0.9201194021113985,vol
0.235639934114606,0.15742503464881608,0.6680745147902254,0.013120773199911007,0.05568956596238739,-0.04256879276247638,0.0058957859409170385,20,478,100,2651,Bulgaria,0.9556650246305419,0.4432739811558838,vol
0.2823510748394482,1.0361168806376053,3.669604874806186,-0.7278462894771156,-0.3920896896195627,-0.3357565998575529,0.0009507663038604084,20,460,100,2670,Bulgaria,0.6254826254826255,0.5311446274927778,vol
0.2071861388614262,0.6700418301923875,3.2340089635076237,0.6452445678783216,0.05011141593497659,0.595133151943345,0.003026535898692567,20,350,100,2710,Bulgaria,0.9497206703910615,0.3897481339845932,vol
0.2230574422448079,1.0370918618955287,4.649438509912211,1.0194770820780918,1.3486642865703948,-0.32918720449230293,0.0007749740584894319,20,703,100,2731,Bulgaria,0.11518324607329843,0.41960443089504273,vol
0.48992287422872577,1.0859029232412423,2.216477287268438,0.29723383270447024,0.5865494547714218,-0.28931562206695155,0.0031766765229642017,20,292,100,2740,Bulgaria,0.5118110236220472,0.9216182466469273,vol
0.27999011495314247,0.9233448177306316,3.2977764871633317,-0.8006867663781478,-0.6067601662062418,-0.19392660017190594,0.006499798125260137,20,268,100,2790,Bulgaria,0.444015444015444,0.5267033086132576,vol
0.3040650960176628,0.49146031213810343,1.616299662719443,-0.3205232067542423,-0.5025074012926489,0.18198419453840667,0.01759875466350773,20,355,100,2813,Bulgaria,0.5074626865671642,0.5719919509769585,vol
0.2563697392392558,0.6544787594816096,2.5528705588408798,0.4813326423541132,0.48286374265188703,-0.0015311002977738163,0.010129899026976434,20,573,100,2814,Bulgaria,0.5084033613445378,0.48226984694881864,vol
0.29857337822680985,0.8916985300220791,2.9865305986681254,-0.6021628006199449,-0.5216413163238306,-0.08052148429611425,0.03529947724818736,20,399,100,2819,Bulgaria,0.49624060150375937,0.5616612079402031,vol
0.34663822318952664,0.4866859316315782,1.4040169233312727,0.3438871901974445,1.7688820702156762,-1.4249948800182317,0.014075563267362106,20,588,100,2822,Bulgaria,0.06291390728476821,0.6520783745393987,vol
0.3444697696886842,0.6319946274455724,1.834688216666269,0.03397760197281219,0.10185109032554034,-0.06787348835272815,0.02158008792363464,20,769,100,2829,Bulgaria,0.93,0.6479991889807983,vol
0.6750266353433589,1.9258624434771197,2.853016966504604,-1.7722997752770646,-1.482200891629137,-0.29009888364792763,-0.06131812439531315,20,464,100,2910,Bulgaria,0.1767337807606264,1.2698261233148285,vol
0.17577376801196015,0.4203599697452755,2.3914829527729817,-0.046646432270168514,0.04848337586700793,-0.09512980813717645,-0.0012282086644364637,20,586,100,2930,Bulgaria,0.9517241379310345,0.33065676334613586,vol
1.2514184006770621,2.6116613382885827,2.086960953167686,-2.436759064089078,-2.9504910110016254,0.5137319469125473,-0.21292279785506774,20,294,100,3092,Bulgaria,0.05668016194331984,2.3541052947759513,vol
1.3080927989913607,2.1644377839594027,1.654651555018382,-1.9503744078336305,-1.707607719096341,-0.24276668873728938,-0.3404517574858507,20,343,170,1311,Colombia,0.16396761133603238,2.4607183197065003,vol
0.2395184927895937,1.1084022804301448,4.627627151127019,-0.7399453607106413,-0.7310628710860436,-0.008882489624597721,-0.006564580622139387,20,308,170,1312,Colombia,0.3349282296650718,0.4505701304756859,vol
0.11441083730315883,0.2728122734645283,2.384496782779826,-0.13907208206400767,-0.13312455878715695,-0.005947523276850723,0.013985608921953885,20,291,170,1399,Colombia,0.9294117647058824,0.21522390731141253,vol
0.32091664058321,0.7361897883491337,2.2940218587955963,0.6484950792790506,0.6138363160604433,0.03465876321860731,-0.013183810327181663,20,519,170,1701,Colombia,0.44483985765124556,0.6036922282506861,vol
0.10059263559592486,0.41404845142481517,4.116091093268748,-0.07562919706492499,-0.2672014546615078,0.19157225759658283,-0.0052418706028028094,20,335,170,2011,Colombia,0.7916666666666666,0.18922980191414338,vol
0.11750585358047765,0.3845783927354219,3.2728445521399583,0.1467108338784262,0.13701732698569258,0.009693506892733635,0.001710472971292696,20,706,170,2029,Colombia,0.9318181818181818,0.22104609611885853,vol
0.4997160555550501,0.44439065368154806,0.8892863231859732,-0.24131815705284476,-0.7089333337134882,0.4676151766606435,0.07865310127605923,20,497,170,2219,Colombia,0.41818181818181815,0.9400406863365849,vol
0.16879147700252445,0.42646342622291766,2.5265696692525506,-0.403836276055606,-0.5207293650137781,0.11689308895817209,0.0150273025236638,20,145,170,2310,Colombia,0.3897058823529412,0.31752202901101173,vol
0.5263682637791988,1.2199345101665375,2.3176444974241006,-0.8853912462794384,-0.6879981589682922,-0.1973930873111463,-0.016610170006230964,20,419,170,2410,Colombia,0.43424317617866004,0.9901774786867644,vol
0.09929118889806762,0.3680205206810849,3.7064771281860156,0.20094019368567562,0.20971716958430675,-0.008776975898631143,0.006163431781306547,20,180,170,2599,Colombia,0.8309859154929577,0.18678158590530347,vol
0.3180380803608139,0.3669671744579941,1.153846652707972,-0.16928327774659963,-0.22174854645082198,0.05246526870422234,0.012802771438068522,20,573,170,2816,Colombia,0.8273381294964028,0.5982772256766407,vol
0.1479049399074487,0.27817354210407597,1.880758967740649,0.09603538350243401,0.09633724509192185,-0.0003018615894878294,-0.011002179821484225,20,361,170,2819,Colombia,0.9262295081967213,0.27823132692572206,vol
0.968840467320754,1.6881885523109388,1.7424835246400068,-0.4952238255453194,0.7988454546973438,-1.2940692802426632,0.22186318251003964,20,199,191,1399,Croatia,0.3995859213250518,1.8225339124620714,vol
0.28466018019943223,0.4160095385330561,1.461425121847393,-0.10243840939087612,0.2641289588811019,-0.366567368271978,0.029425375706999383,20,569,191,2011,Croatia,0.7854406130268199,0.5354884002479114,vol
0.49182148554587607,2.0496744955658834,4.167517190288943,-1.3784521805563754,-1.1851966063485657,-0.19325557420780978,0.011477500912978722,20,832,191,2029,Croatia,0.21204188481675393,0.9251898186743218,vol
0.49570202491306664,0.1091674488934002,0.22022796641297837,0.048494123405179224,-0.627409774358986,0.6759038977641653,0.4433070017931453,20,193,191,2100,Croatia,0.4817708333333333,0.9324896939725813,vol
0.22236557651652464,1.0510392513749562,4.726627510606843,0.6776024341850271,0.642708124128343,0.034894310056684114,-0.0007298277523157259,20,363,191,2220,Croatia,0.39790575916230364,0.41830292791782553,vol
2.6496835768422886,1.8908643176611675,0.7136189144194229,-1.4178472204273753,-1.8982568974142973,0.480409676986922,0.8266666461087678,20,654,191,2410,Croatia,0.1310483870967742,4.984451350843595,vol
0.9695705248915951,3.8883564787465685,4.01039055841896,3.806888740146734,3.7148112921488754,0.09207744799785873,0.139355193691009,20,647,191,2420,Croatia,0.022774327122153208,1.8239072600108037,vol
1.6923179309757659,0.8106293820532089,0.47900537317229264,-0.020098035149282767,-0.4103030150500297,0.39020497990074693,-0.09006690048482181,20,277,191,2431,Croatia,0.6727272727272727,3.1835032948204245,vol
0.20888270049512056,0.13554469131392333,0.6489033844958818,0.07157625732348105,-0.3409832022957055,0.41255945961918655,0.034504678513233286,20,220,191,2593,Croatia,0.6388888888888888,0.39293962031932567,vol
0.4256892787223762,0.526166830442828,1.236034959635384,-0.08046925518487291,-0.7023365851806421,0.6218673299957692,0.07833517520467247,20,306,191,2599,Croatia,0.4068767908309456,0.8007852405139002,vol
0.1563330119771152,0.800361630884689,5.1195945166197525,-0.7746659308362673,-0.8668103522633328,0.09214442142706547,0.003964522165299381,20,623,191,2610,Croatia,0.1732283464566929,0.29408579180590977,vol
0.5167297086931837,1.1683776361068137,2.261100177618307,0.776421676650304,0.21965458608919208,0.556767090561112,0.005495840549807774,20,239,191,2620,Croatia,0.8354430379746836,0.9720459140959755,vol
0.7114670996767325,0.566692561787268,0.7965126736636939,0.10352147295097003,0.3121669551266012,-0.2086454821756312,0.00029510717973364866,20,218,191,2630,Croatia,0.7417218543046358,1.3383760902842101,vol
0.9912743481978125,1.2025426522063285,1.2131279845913623,1.027794192896124,1.0797602485697153,-0.05196605567359119,-0.005630617172377036,20,368,191,2640,Croatia,0.3119834710743802,1.864735399771578,vol
0.6421755265489802,0.49769930726515366,0.7750206706564563,-0.4703297585855979,0.12469284107659873,-0.5950225996621966,0.43828942883910926,20,688,191,2651,Croatia,0.916289592760181,1.2080282712852701,vol
0.49740860068510406,1.6464037060516723,3.3099622800731705,1.6101509455098002,1.743014562003026,-0.13286361649322587,0.002463801962870034,20,422,191,2710,Croatia,0.1015625,0.9357000184002195,vol
0.8013945505889128,0.6602132389539983,0.8238304571310523,0.6333465026762426,0.37570227017242397,0.2576442325038186,0.059055197809369846,20,363,191,2790,Croatia,0.6978723404255319,1.5075430836922754,vol
0.16292732757890735,0.8410976294397384,5.162409780718869,-0.65862167867259,-0.7043256883595442,0.045704009686954254,0.0051808707244415915,20,596,191,2813,Croatia,0.25757575757575757,0.3064906863361514,vol
0.7342943784554796,0.2567467890222286,0.3496510344560607,0.16176195533682347,0.17313139683704815,-0.011369441500224684,0.2389483815786617,20,555,191,2814,Croatia,0.8760869565217392,1.3813176179214106,vol
0.27682251457498275,1.1467625932914622,4.142591490624002,1.0877839001280485,1.1115907488927244,-0.023806848764675804,0.028309002200815357,20,445,191,2819,Croatia,0.20233463035019456,0.5207445782494355,vol
0.6234181288892565,0.5647526868997332,0.9058971190105629,-0.2239262269180029,-1.313529228093594,1.089603001175591,0.03286562381547328,20,696,191,2822,Croatia,0.21541950113378686,1.1727427991177815,vol
0.6007084553962103,0.5619151776680005,0.9354207896031314,-0.4071464495397361,-0.14326039236160726,-0.26388605717812885,0.084527957141611,20,516,191,2829,Croatia,0.9080459770114943,1.1300225046233991,vol
0.8818233889921355,2.7411871156641463,3.108544352398203,-1.5972298031935717,-1.5529867555152523,-0.044243047678319235,-0.01261187438368046,20,531,191,2910,Croatia,0.17708333333333334,1.658841765440336,vol
0.7032148151749206,0.319362434483708,0.4541463399121767,-0.17514706882420583,0.28730199146595675,-0.4624490602901626,0.15758584513756183,20,681,191,2930,Croatia,0.7770419426048565,1.3228523081269377,vol
0.45412921436474174,1.757045169770463,3.869042365460465,-1.3238286940926298,-0.8426922122862887,-0.48113648180634117,-0.016661221963513707,20,873,218,2824,Ecuador,0.31129476584022037,0.8542850156830661,vol
0.2946101471729335,0.8146142370210621,2.7650583146509575,0.6884773145720794,0.6616226908856983,0.026854623686381186,0.029602775415895077,20,572,348,1030,Hungary,0.40977443609022557,0.5542057772039258,vol
0.46348690236018714,0.8433793897293408,1.8196401784703073,0.098530689950596,-0.18214951412989572,0.2806802040804917,0.05585141717825608,20,646,348,1062,Hungary,0.8695652173913043,0.8718882272428617,vol
0.16285709239568175,0.35184654060745124,2.160461883677721,0.25190154154779054,0.23691489078506708,0.014986650762723465,-0.004136239893313303,20,897,348,1079,Hungary,0.7575757575757576,0.30635856344534085,vol
0.546356282836513,1.102994135902576,2.018818435062504,-0.6739406043707197,-0.5044313338327274,-0.16950927053799222,0.1337476721674901,20,444,348,1101,Hungary,0.5731414868105515,1.027777933873813,vol
1.097866605893726,1.7738107929053573,1.6156888126325457,1.5635156661071474,2.531440220987631,-0.9679245548804837,-0.0090548329642592,20,414,348,1312,Hungary,0.07172131147540983,2.0652513887392256,vol
0.4435218663331195,1.1616326216794215,2.619110149592816,1.1359963413999596,1.0543804538212325,0.08161588757872715,0.0945637184111145,20,347,348,1399,Hungary,0.25277777777777777,0.8343310065752705,vol
0.463508961222403,1.1394504241312506,2.4583136885340915,-0.6043507341629617,-0.6897137808786366,0.08536304671567488,0.1347746070040287,20,842,348,1920,Hungary,0.42391304347826086,0.8719297232639455,vol
0.27847948249615845,0.4645122542284428,1.668030441829231,0.43941706794564483,0.06615614227261624,0.3732609256730286,0.0225945048769058,20,322,348,2011,Hungary,0.9459459459459459,0.5238615828854575,vol
1.017781045760815,0.8639603449949754,0.8488666089759463,0.4414682698757164,0.6056756958456893,-0.16420742596997287,0.18783229003781188,20,545,348,2013,Hungary,0.5443298969072164,1.9145984647915015,vol
0.6194521952996724,0.8710298913996606,1.4061293155612797,0.7589788779631981,0.5021679314547962,0.2568109465084019,0.030652104936594548,20,915,348,2022,Hungary,0.5795454545454546,1.1652822845073854,vol
0.18167458045965218,0.8039993078210705,4.42549147925309,0.5263183572770589,0.35212338789753767,0.17419496937952123,0.022453663219683017,20,703,348,2029,Hungary,0.5986842105263158,0.34175707465614696,vol
0.9422528638730829,2.7958345860575338,2.967180778379804,2.336352229118347,1.338472076105933,0.9978801530124142,0.8443103703585538,20,329,348,2100,Hungary,0.2203742203742204,1.7725186513649815,vol
0.11234260691865858,0.37711535106732863,3.356832829599354,-0.34612660814586693,-0.35027625381639105,0.0041496456705240985,0.032223380047079135,20,383,348,2219,Hungary,0.6341463414634146,0.211333256433709,vol
0.28534755778750015,0.5440428423876307,1.9065971568356028,-0.452178276140879,-0.4860380938564816,0.03385981771560257,0.02916498826894057,20,131,348,2220,Hungary,0.5210727969348659,0.5367814603617035,vol
0.148486133731551,0.622650199586015,4.193322190688243,-0.4696484252111528,-0.5814701084759912,0.11182168326483842,0.04057487070454884,20,242,348,2310,Hungary,0.3360655737704918,0.279324639488387,vol
0.27194117779748445,0.5346671928133243,1.9661133968151483,-0.45331632693560575,-0.5366101550338136,0.08329382809820783,0.1291543086133138,20,525,348,2399,Hungary,0.48031496062992124,0.511562053246386,vol
0.3530191851346324,0.7167350161434505,2.030300466163351,-0.08665804266672872,-0.12333084079830822,0.0366727981315795,0.0174716189656377,20,805,348,2410,Hungary,0.9193548387096774,0.6640819189116167,vol
0.3405824521401081,1.3191700634031784,3.8732766621238044,0.9932381687778773,1.2187630165763317,-0.22552484779845447,0.07653651225308906,20,692,348,2420,Hungary,0.16666666666666666,0.6406865629089528,vol
0.4108198991887533,1.2510816913052605,3.0453288503691605,-1.1848759016528314,-0.876204312180245,-0.30867158947258644,0.045786550658554775,20,408,348,2431,Hungary,0.29069767441860467,0.7728137123094273,vol
0.18046173160795012,0.43403456431189275,2.4051335451818954,0.3917557116766084,0.9162830818157078,-0.5245273701390994,0.015786835012638608,20,213,348,2593,Hungary,0.18666666666666668,0.33947552445518303,vol
0.23873631528329092,0.6743244308952586,2.8245574205796347,0.4319118477771484,0.5888032166072892,-0.15689136883014076,0.031175811070330305,20,202,348,2599,Hungary,0.4326923076923077,0.4490987375282546,vol
1.0165847262772238,0.6518007000927479,0.6411671189273811,-0.2747645378112793,-0.9148964012966087,0.6401318634853294,0.9731569723649458,20,345,348,2610,Hungary,0.3649484536082474,1.9123480088056843,vol
0.23569564729990464,0.6050636568216082,2.5671397149380155,-0.5222936113553134,-0.6787233067839366,0.15642969542862317,0.08503320437062101,20,32,348,2620,Hungary,0.3793103448275862,0.44337878599527997,vol
0.8725932849277469,1.0812795754138091,1.2391564249813611,-0.9451491292688772,-0.06981127616239025,-0.8753378531064869,0.14964576897302517,20,78,348,2630,Hungary,0.9538784067085954,1.6414785583486438,vol
0.2961865715262781,0.9671845685854725,3.265457186669459,0.9346285657489122,0.5776157865668005,0.3570127791821117,0.027592620638280444,20,122,348,2640,Hungary,0.462406015037594,0.5571712673349758,vol
0.20202734225941954,0.5861412946573372,2.901296864583231,-0.27863216400146484,-0.5856698937644973,0.3070377297630324,0.07097604058005592,20,200,348,2651,Hungary,0.4011627906976744,0.3800436655279319,vol
0.47889821486083256,0.532896010743776,1.112754222520197,-0.42726705881234683,-1.112122125019099,0.6848550662067522,0.05386995682910579,20,558,348,2660,Hungary,0.24533333333333332,0.9008792124621836,vol
0.33539910644193494,0.6570276128332724,1.9589426453854268,0.4860924340096586,0.46997086918904357,0.01612156482061507,0.033174994472057344,20,384,348,2670,Hungary,0.5408163265306123,0.6309359139284664,vol
0.4123551389482818,0.7288130360767001,1.7674401680443443,0.318473610235805,-0.690794333989597,1.009267944225402,0.059982847666519686,20,148,348,2710,Hungary,0.40988372093023256,0.7757017280559604,vol
0.6654426497313055,5.25712948994445,7.900199201339425,5.013789095196935,4.270561421380579,0.743227673816356,0.1655760940350381,20,409,348,2720,Hungary,0.006756756756756757,1.251797212071247,vol
0.4679859351128349,0.5016796141122886,1.0719972043418993,-0.07916279839172269,-0.665712591978593,0.5865497935868703,0.05404599695001034,20,329,348,2731,Hungary,0.4501347708894879,0.8803515811608227,vol
0.19991936081573414,1.206754246164058,6.036205004058234,-1.1228944585542022,-1.2648076381732758,0.14191317961907346,0.06537007165832338,20,56,348,2740,Hungary,0.10119047619047619,0.3760782369588902,vol
0.30081975310059433,0.22995722049423278,0.7644352411170783,0.04259403188755684,0.3838025468420534,-0.34120851495449656,0.06961986589240123,20,116,348,2750,Hungary,0.6404494382022472,0.5658869752627601,vol
0.5697760833779956,0.4651689329562642,0.8164065613257167,0.42702066201486844,-1.0447567275088396,1.471777389523708,0.1060891881801056,20,125,348,2790,Hungary,0.297423887587822,1.071834083621549,vol
0.8029927443419763,0.9518374171356248,1.1853624131007825,-0.3832704794222419,-0.45075942389162177,0.06748894446937988,0.05046711697868575,20,235,348,2811,Hungary,0.625531914893617,1.5105495253221324,vol
0.3091855762877566,0.6013786591294636,1.9450411185085983,0.32173144034885937,0.011766022937607645,0.3099654174112517,0.04839040331443132,20,167,348,2813,Hungary,0.9889705882352942,0.5816243406789974,vol
0.3721940842328277,1.2884155716583598,3.461676652690658,1.2115761395317326,0.8111779931324103,0.40039814639932225,0.30349696056080355,20,321,348,2814,Hungary,0.30030959752321984,0.7001527737667427,vol
0.3590637893016279,0.8959999307704936,2.495378140227384,-0.8685582661913447,-0.9217154128110897,0.053157146619744994,0.030837472401649135,20,718,348,2815,Hungary,0.2715654952076677,0.6754527239650268,vol
0.21814817960164237,0.5859511842814735,2.6860237172341828,0.5514379424533817,0.4472916530705325,0.10414628938284927,0.03714822884870433,20,384,348,2816,Hungary,0.5185185185185185,0.4103693731593813,vol
0.5861973314071457,1.2557580070817884,2.1422103783164386,-0.9221175700373632,-1.2535833242443308,0.33146575420696756,0.015008322629165759,20,150,348,2817,Hungary,0.21809744779582366,1.1027249087135698,vol
1.1966549925304877,2.0233573988043765,1.690844404973998,2.006517374406723,2.095175962537768,-0.08865858813104478,1.1192822384281162,20,166,348,2819,Hungary,0.11538461538461539,2.2510871283433036,vol
0.3776618082599803,0.9477927937896284,2.509633680346023,0.8319704955240512,0.9090419542961966,-0.07707145877214536,0.028155392845037885,20,702,348,2822,Hungary,0.27607361963190186,0.7104383809431513,vol
0.33467455099196936,0.5575825221601846,1.6660439836477556,-0.4865596294403076,-0.14646256233151983,-0.3400970671087878,0.07326832684603604,20,451,348,2829,Hungary,0.9013605442176871,0.62957291669253,vol
0.6242032361059744,0.2914786611554024,0.4669611503038034,0.09354883039375395,0.3255329714298384,-0.23198414103608442,0.19473162974861918,20,49,348,2910,Hungary,0.7256235827664399,1.1742197032889543,vol
0.17281450800888826,0.5949875278015055,3.4429257974735776,0.12215146088262685,0.2693719036127592,-0.14722044273013232,0.03409942814254643,20,236,348,2930,Hungary,0.7323943661971831,0.32508995240737937,vol
0.5153731272286535,1.1854983772293726,2.300272006040019,-0.9871222682608636,-1.0261716401767853,0.0390493719159218,-0.084905144590076,20,298,348,3092,Hungary,0.2810126582278481,0.9694939813397386,vol
0.2171993590559548,0.5623503040503266,2.589097437923167,0.4808317146975599,0.509520809199866,-0.028689094502306032,0.026381175424041305,20,125,348,3290,Hungary,0.46236559139784944,0.40858449971562594,vol
0.6787396858485931,1.36968485276433,2.0179825658078085,-0.7068737292472562,-1.404123371438048,0.697249642190792,-0.1986351233995361,20,250,360,1010,Indonesia,0.19239373601789708,1.2768109269979238,vol
0.11580701752655388,0.30132517482403326,2.601959546665133,0.2769818213509634,0.23372632815914207,0.04325549319182133,0.013433813204228833,20,69,360,1020,Indonesia,0.7906976744186046,0.2178503312592924,vol
0.36652694950070885,0.3688517334031689,1.0063427366135749,0.2050031557427654,-2.633216979217306,2.8382201349600713,-0.03697466389196411,20,68,360,1040,Indonesia,0.025,0.689492045211152,vol
0.6460123988160243,0.6748045000746915,1.0445689607683006,0.54131834176007,1.9962102228024516,-1.4548918810423817,-0.03535779232696576,20,566,360,1061,Indonesia,0.09954751131221719,1.2152460022330815,vol
0.2503826557074778,1.5217454591914579,6.077679202226028,-1.3501478750726488,-1.2332470379280815,-0.11690083714456732,0.0003848756646680294,20,335,360,1311,Indonesia,0.16371681415929204,0.4710072468185991,vol
0.10827293545757397,0.42848095681534254,3.9574151657062995,-0.40409262952016156,0.27655999632580575,-0.6806526258459673,-0.003844313355636589,20,181,360,1312,Indonesia,0.7692307692307693,0.20367759536195676,vol
0.12105762401048367,0.3217036272751654,2.6574421058132254,-0.12951738643775212,0.04793628592499549,-0.17745367236274762,-0.015923214603071598,20,88,360,1392,Indonesia,0.978494623655914,0.22772750784381168,vol
0.12932031848841466,1.2725707391199808,9.840454725093998,-1.2117869454326569,-1.4740523142532989,0.262265368820642,-0.004288269625001148,20,403,360,1393,Indonesia,0.039603960396039604,0.24327087272408637,vol
0.06560171957691328,0.17525477723716937,2.6714966980659063,0.11889036687246346,0.3339937746546229,-0.21510340778215944,0.006064526118834124,20,29,360,1410,Indonesia,0.7931034482758621,0.12340665225864089,vol
0.09977971493194933,0.7105970988995448,7.121658940238289,0.6453727739704558,0.6469943406454073,-0.0016215666749514889,-0.0047454689407843646,20,55,360,1512,Indonesia,0.2676056338028169,0.1877005764862112,vol
0.05673762094905858,0.4557783099071732,8.033088139462,0.3977355691772533,0.3961015214768343,0.0016340477004189538,-0.0017980297484806956,20,21,360,1520,Indonesia,0.7391304347826086,0.10673195616822126,vol
0.13421512375905986,1.0198916465024408,7.5989323552934955,0.9768427717667016,1.0215800466160223,-0.04473727484932063,0.02373294254148507,20,442,360,1610,Indonesia,0.12380952380952381,0.25247873397839493,vol
0.11764849562705246,0.5737339828410705,4.876679296094155,0.5219592143319551,0.5308125689030789,-0.008853354571123752,-0.004365227898343018,20,90,360,1621,Indonesia,0.3977272727272727,0.22131442715579852,vol
0.1381030243855359,0.6139436103473755,4.445547902220137,-0.5427898566680704,-0.37038683769541,-0.17240301897266047,-0.007420700579529684,20,67,360,1629,Indonesia,0.5871559633027523,0.25979245690703184,vol
0.23854496877090717,0.6076069728790737,2.5471380763540847,-0.5121844193543335,-0.4935410249412149,-0.018643394413118557,-0.01880502057556287,20,186,360,1701,Indonesia,0.47596153846153844,0.44873878610218015,vol
0.09985170067289857,0.36233807892517395,3.628762219204931,0.20373588236526485,0.31952182937761514,-0.1157859470123503,0.0013926693629473922,20,152,360,1709,Indonesia,0.6619718309859155,0.18783599243808252,vol
0.07654736645535724,0.5327531708541968,6.959784451433751,0.4819644159654737,0.4843088597711038,-0.0023444438056301102,-0.012369484710537277,20,194,360,2011,Indonesia,0.40476190476190477,0.14399705212598488,vol
1.6129071080459243,0.8527178438347077,0.5286837906417288,-0.3872859037865758,5.652153859144478,-6.039439762931054,-0.10893791085883507,20,474,360,2012,Indonesia,0.006060606060606061,3.0341196525305927,vol
1.3465865928111638,0.6378574828336373,0.47368471232290527,0.4001687077991355,0.15627114543776505,0.24389756236137045,-0.1011913531952255,20,560,360,2022,Indonesia,0.9008097165991903,2.533130906734296,vol
0.09900793421151383,0.8239451107197516,8.322010930553619,0.6411424589979112,0.6405661502599364,0.0005763087379748203,-0.0030090947688314884,20,584,360,2023,Indonesia,0.2857142857142857,0.1862487414489445,vol
0.590204195440183,0.7802930181533453,1.3220729777621985,-0.6956814621634675,-0.5526919640744168,-0.14298949808905073,-0.0009340059365625249,20,310,360,2029,Indonesia,0.5496535796766744,1.1102624196136148,vol
0.07193304965639347,0.4541381952566573,6.313345498709759,-0.06682899926869368,-0.0636959336613802,-0.00313306560731348,0.0013737623686597448,20,225,360,2219,Indonesia,0.9736842105263158,0.13531683166387787,vol
0.09006241560261757,0.4137238973169517,4.593746398524616,0.33152718076426946,0.4612637124330117,-0.12973653166874224,-0.0005255509367767732,20,113,360,2220,Indonesia,0.42857142857142855,0.169420882189143,vol
0.07625359366024427,0.5799873701656771,7.606033267754835,0.4216578024360632,0.9277336268926732,-0.50607582445661,-0.004726062185286475,20,224,360,2310,Indonesia,0.16666666666666666,0.14344442153332104,vol
0.44666960587629256,1.857015003093276,4.157468918105849,1.6887694824539665,1.659069352609388,0.02970012984457848,0.03979305688285409,20,423,360,2410,Indonesia,0.09418282548476455,0.8402523757361764,vol
0.21768383711571096,0.4592771008466928,2.1098355621256424,-0.20235620907867613,-0.14976433617847812,-0.05259187290019802,-0.01314901565786815,20,196,360,2420,Indonesia,0.8936170212765957,0.4094958754513972,vol
0.13953624664084485,0.5401382221585221,3.8709527822458543,-0.46646967093987124,-0.4976997858375001,0.031230114897628846,-0.0016745930551831075,20,184,360,2593,Indonesia,0.38738738738738737,0.26248856246052865,vol
0.06090530071464992,0.3630162824362187,5.960339710610775,0.27173622470954606,0.37229118945798545,-0.10055496474843942,-0.00017399768002990257,20,124,360,2599,Indonesia,0.7692307692307693,0.11457198552834652,vol
0.2785280899140402,0.4376712985750501,1.5713722041827987,-0.32725304796399435,-0.44592915127466204,0.1186761033106677,-0.004396290745508866,20,298,360,2610,Indonesia,0.5598455598455598,0.523953020712917,vol
0.1521645437747143,0.3342795364220416,2.1968293541296706,0.31858465846139516,0.33624679208052544,-0.01766213361913027,0.008765748957044295,20,44,360,2620,Indonesia,0.6178861788617886,0.28624427927815094,vol
0.49663819462967557,1.1640478045376716,2.3438547762232793,0.9357261477636718,0.5676772940999317,0.36804885366374,-0.005496959017212316,20,54,360,2630,Indonesia,0.5234375,0.9342507693135589,vol
0.3190059334272281,0.4364356558483838,1.3681114052003795,-0.38501317313902383,-0.2876992953434572,-0.09731387779556668,-0.0012131294367857233,20,75,360,2640,Indonesia,0.762589928057554,0.6000979021402265,vol
0.755882812861992,0.6802445680730486,0.8999339004646036,-0.5987626070146366,-1.3610580211103551,0.7622954140957187,-0.009704117483380313,20,505,360,2660,Indonesia,0.2077922077922078,1.4219286938931224,vol
0.11111312856383948,0.4836673174472871,4.352926820608768,0.3779690878307098,0.35400855051217467,0.023960537318535154,0.0014304757349193795,20,172,360,2710,Indonesia,0.625,0.20902042364866597,vol
0.09013294825716245,0.3695876904793828,4.100472664279162,-0.356303219832687,-0.3657255323658225,0.009422312533135536,-0.0016711978947911382,20,120,360,2720,Indonesia,0.6491228070175439,0.16955356466802365,vol
0.2209174337852311,0.4836604161336814,2.1893266087993792,0.27205356711746864,0.4921969224013816,-0.22014335528391296,0.008568562000337752,20,123,360,2732,Indonesia,0.4656084656084656,0.41557875471605304,vol
0.11074743130684293,0.2102765905420641,1.898703997562347,0.08852383587702961,0.10106429218053684,-0.012540456303507218,-0.003200717649798396,20,101,360,2740,Indonesia,0.9375,0.20833249237922413,vol
0.8490685381528222,2.3707526807461856,2.7921805769694865,2.2618457496640962,1.5969837671966465,0.6648619824674498,-0.25277087391203806,20,87,360,2750,Indonesia,0.16352201257861634,1.5972249890299002,vol
0.21936426335877107,2.131850960043284,9.718314767417853,1.4366326618976548,1.58793578428822,-0.15130312239056526,0.026680676628315234,20,133,360,2790,Indonesia,0.07936507936507936,0.41265700870157795,vol
0.6397116860532859,1.512648870972814,2.3645790814063936,-1.3343500636672336,-1.3036892201271446,-0.03066084354008902,-0.020701558153269187,20,756,360,2811,Indonesia,0.2171945701357466,1.2033934185827213,vol
0.14860177188946969,0.8742912442689315,5.883451005680008,0.8336773042422959,0.848965940762968,-0.01528863652067218,-0.007581148687264954,20,300,360,2813,Indonesia,0.1721311475409836,0.27954217216945293,vol
0.07367930476423715,0.7296576316352934,9.903155763617608,-0.632212915354222,-0.39715248442218287,-0.2350604309320391,0.0015074280171183069,20,362,360,2814,Indonesia,0.6,0.13860179886044477,vol
0.09993792726796516,0.14256958355634916,1.426581353584361,0.03588318824218151,0.04392604952982717,-0.008042861287645663,-0.0007881090707456381,20,119,360,2817,Indonesia,0.971830985915493,0.1879981975677873,vol
0.12422600075501686,0.9090097619403897,7.317387313570742,0.7908116316391554,0.7913590948532024,-0.0005474632140470715,-0.00022062936250639103,20,219,360,2819,Indonesia,0.20618556701030927,0.23368769866897068,vol
0.8073980403768627,1.3843822892653588,1.7146218098562411,1.2611846944162963,0.9682211908814297,0.29296350353486666,0.03283344191518736,20,512,360,2821,Indonesia,0.33970276008492567,1.5188365464456597,vol
0.19565227952672865,0.5648686225839963,2.8871047347384873,0.4188652762625444,0.37308826345098095,0.045777012811563454,0.004918438444081619,20,562,360,2824,Indonesia,0.5975609756097561,0.3680512184571226,vol
0.07501798830269493,0.6529329692625019,8.70368539646705,0.16907557685373842,0.3088811691341049,-0.13980559228036651,-0.006054117428916413,20,715,360,2825,Indonesia,0.6829268292682927,0.14112006293919563,vol
0.5667748834214099,1.8800942957704445,3.3171799787968936,-1.6988256820460883,-1.6008630508138024,-0.09796263123228588,-0.4153244632198252,20,650,360,2826,Indonesia,0.1391509433962264,1.0661883773536396,vol
0.26808667585512275,0.5331001132673021,1.988536399904469,-0.4528022652768181,-0.3315236328620971,-0.12127863241472106,-0.009592381854971455,20,661,360,2829,Indonesia,0.6772908366533864,0.5043111582409038,vol
0.8388128802096516,2.3763403759224984,2.8329803129972913,2.1798258188343076,3.5285616074675445,-1.3487357886332367,-0.22519293769951965,20,481,360,2910,Indonesia,0.0273109243697479,1.5779325616112472,vol
0.4397683049765611,1.8659910794320014,4.243123158981308,-1.788879123075982,-1.6784422724659385,-0.11043685061004342,-0.0990204256424784,20,408,360,2920,Indonesia,0.09217877094972067,0.8272699959181156,vol
0.1262613764302338,0.37436130718523214,2.9649709021831145,-0.3334675352241385,-0.25224854673496855,-0.08121898848916997,-0.0154963703819962,20,235,360,2930,Indonesia,0.7835051546391752,0.23751654492158614,vol
2.4296015212456785,3.344994306614008,1.3767666332786126,-2.776279700879793,-2.235560362833865,-0.5407193380459279,-0.32641094590633896,20,553,360,3011,Indonesia,0.10685483870967742,4.57044406752025,vol
0.19207526006239126,0.6129818110015048,3.1913626502569445,0.5009354760372334,0.5177530176695397,-0.016817541632306334,-0.001453534879191158,20,490,360,3030,Indonesia,0.422360248447205,0.3613223095199059,vol
0.048849146993073966,0.6718290520780088,13.753137842371403,0.6271223415482599,0.5066943656613991,0.1204279758868607,0.0008066816355720101,20,45,360,3100,Indonesia,0.5833333333333334,0.09189255609432241,vol
0.1753069854728709,1.090007581249202,6.217707630469082,0.6961719158014961,0.465373391551242,0.23079852425025407,-0.0066766543202658535,20,304,360,3211,Indonesia,0.4305555555555556,0.3297786755329916,vol
0.11102204133712099,0.2760315472682521,2.486276994584129,-0.1596755357561883,0.12210067429659671,-0.281776210052785,-0.017038879594874178,20,67,360,3230,Indonesia,0.925,0.20884907494339802,vol
0.35813608398662716,0.16380811058120479,0.45739069003535926,0.04117378628381785,0.10494457596390175,-0.0637707896800839,-0.01576776796095228,20,344,360,3250,Indonesia,0.9329073482428115,0.6737075714302282,vol
1.329097836467421,3.3290934196036543,2.5047767954027944,-3.2620567021415434,-2.3996750018385966,-0.8623817003029469,-1.1444809156217437,20,798,360,Wastes,Indonesia,0.08906882591093117,2.500231938742794,vol
1.3203309597557293,2.636017695700574,1.996482530552988,2.608638048171997,0.8799883711455176,1.7286496770264794,1.1393049413507634,20,363,458,2410,Malaysia,0.3825910931174089,2.4837401316265844,vol
0.5246708627446799,0.27107412913391876,0.5166555804449757,-0.03751557150738449,0.8796407908992183,-0.9171563624066028,-0.40635835532799564,20,38,484,2410,Mexico,0.32338308457711445,0.986984413313459,vol
0.26470375995175743,0.13913912729965872,0.525640917699911,-0.11405700992574719,0.06793630337325626,-0.18199331329900345,0.01506907622606776,20,62,586,1410,Pakistan,0.9395161290322581,0.4979473871507669,vol
0.06278133705550204,0.4003356532988876,6.376666571229116,0.1694699299285869,0.1860097730945648,-0.016539843165977904,-0.0029659852935042252,20,232,586,2220,Pakistan,0.9629629629629629,0.1181010906468286,vol
0.4542598234402441,0.618514979079975,1.3615885604757603,-0.022662617166044452,-0.07557970225507762,0.05291708508903318,-0.009374412328837047,20,407,586,2310,Pakistan,0.9476584022038568,0.8545307109006046,vol
1.3693566730597393,0.9210697053566775,0.672629508058413,-0.8593192970714423,-0.8469878885235725,-0.012331408547869687,-0.1805452499826804,20,501,586,2410,Pakistan,0.39068825910931176,2.5759648353761024,vol
0.08654892251994045,0.5096414120003117,5.8884778361381995,-0.293418965531941,-0.4369736724877398,0.14355470695579875,0.0036140829284696126,20,206,586,2593,Pakistan,0.4423076923076923,0.1628114758829756,vol
0.08636754003348483,0.4822811988922026,5.584056217245755,0.21859761211040807,-0.2021953203895449,0.420792932499953,0.0021588518435067465,20,265,586,2599,Pakistan,0.8627450980392157,0.16247026828085484,vol
1.1770992486061636,1.2718300029358267,1.0804781367771974,-0.1254408855390765,0.11101297827232323,-0.23645386381139974,-0.3203279986474582,20,244,586,2640,Pakistan,0.9331983805668016,2.214299847374263,vol
0.7710904398043005,0.9175728510470289,1.1899678736516368,-0.4903037578296583,-0.25718223425997666,-0.23312152356968163,-0.4557027113753762,20,305,586,2750,Pakistan,0.8125,1.4505365160943113,vol
0.660615659314796,1.9329048527527113,2.925914373203868,1.7127741546101272,1.7540108890720305,-0.041236734461903415,-0.03592429357222171,20,516,586,2819,Pakistan,0.13513513513513514,1.2427169207065125,vol
0.13875833023073847,0.5209630609043499,3.7544633178999107,0.22851546340051687,0.19667555394287858,0.03183990945763829,0.019374029077024953,20,313,586,3250,Pakistan,0.8558558558558559,0.2610251852727442,vol
0.195230440435762,0.21817533658618388,1.1175272467715998,0.11243396415830365,0.12937421171778826,-0.01694024755948461,0.020159197357640893,20,94,586,3290,Pakistan,0.9024390243902439,0.36725767599598347,vol
0.3263278425245799,0.4082304177376962,1.250982492267564,0.2965890132996025,0.1640197380971133,0.13256927520248923,-0.007102710614345107,20,543,616,1061,Poland,0.8819444444444444,0.6138715089248307,vol
0.10367945727055444,0.6631634323011361,6.39628572293345,0.5741986420629582,0.6432002084233381,-0.06900156636037985,-0.005210040011657969,20,638,616,1079,Poland,0.28378378378378377,0.19503657544755404,vol
0.2728357649406623,1.1905599382467729,4.36365055917688,-1.1012266315867665,-0.8516631478717143,-0.24956348371505221,-0.03263510480585242,20,334,616,1312,Poland,0.2677165354330709,0.5132449055436306,vol
0.09160172815529026,0.9111433975476702,9.946792663158387,-0.8965829236345293,-1.0538844430719625,0.15730151943743317,0.004852968604801888,20,267,616,1399,Poland,0.13793103448275862,0.17231655946910093,vol
0.2725317312183472,1.6011310731695991,5.875026243776376,1.5124917955946922,2.1813477852150625,-0.6688559896203704,-0.008310877274802881,20,807,616,1610,Poland,0.051181102362204724,0.5126729726112834,vol
0.16664399214525752,0.23069349772211972,1.3843493230829023,0.07008438034335773,0.03045921000304512,0.03962517034031261,0.013091055855031553,20,423,616,2011,Poland,0.9774436090225563,0.3134822886090741,vol
0.17490915941934906,0.32911286438034765,1.8816216684873053,-0.16870734138853888,-0.3043204477610595,0.13561310637252064,-0.004467537457775137,20,687,616,2013,Poland,0.6458333333333334,0.32903030518899723,vol
0.3782789623709511,0.6370964654907093,1.6841974544329916,-0.4694405321473733,1.0042489167446604,-1.4736894488920338,-0.02879250799513318,20,707,616,2022,Poland,0.25076452599388377,0.7115993401871124,vol
0.13452583542365523,0.3360241557275603,2.49784106279167,0.3139123356930582,0.3800424255818671,-0.06613008988880892,-0.0076703470759401544,20,431,616,2029,Poland,0.580952380952381,0.25306322911956985,vol
0.1935124827653725,0.42055818364288466,2.1732871059940746,-0.38549120012836513,0.02216856755695573,-0.40765976768532086,-0.0019023556602680242,20,418,616,2100,Poland,0.9877300613496932,0.364025940514168,vol
0.07062698520938976,0.18125253060872856,2.5663353755135407,-0.06985283481309512,-0.004031542539526756,-0.06582129227356837,-0.0022352753288438524,20,300,616,2219,Poland,1.0,0.13285992897781654,vol
0.07537632915532361,0.3672385856722092,4.872067793530539,0.30437584374618853,0.02795894360843154,0.276416900137757,-0.003968941951089039,20,127,616,2220,Poland,1.0,0.14179415571108653,vol
0.07982010913202722,0.3351467458763127,4.198775841335421,-0.24922784570289558,-0.16088227903093633,-0.08834556667195924,-0.002701916707918407,20,145,616,2310,Poland,0.9555555555555556,0.15015357088855036,vol
0.17610579759960757,0.3821553905678061,2.170032990263449,-0.2834768312901747,-0.27939738120088575,-0.004079450089288952,-0.0002961347056183248,20,533,616,2391,Poland,0.7191780821917808,0.3312813606909409,vol
0.9091304708635535,0.6446308660127816,0.7090630956417815,0.6098840381685833,0.24233602103306984,0.36754801713551344,-0.11285929690946915,20,290,616,2395,Poland,0.8375,1.710210473127234,vol
0.09018402132605924,0.4317382887338243,4.787303586439994,-0.23651561783860564,-0.17674004392696974,-0.059775573911635904,-0.0059229522788274225,20,566,616,2399,Poland,0.9473684210526315,0.1696496407540436,vol
0.40926995494291846,0.9198081880330216,2.2474363850170938,-0.7638537038359589,0.5418562289084893,-1.3057099327444481,-0.02535778963296094,20,599,616,2410,Poland,0.5160349854227405,0.7698980352235276,vol
0.4998077142618525,0.629028394602052,1.2585407880929582,0.44924992175963974,0.24682209491239235,0.2024278268472474,0.02257104283840575,20,266,616,2420,Poland,0.8207792207792208,0.9402131100814165,vol
0.17488865653666227,0.5359041454656588,3.064259032450833,-0.40973235167533795,-0.3208323310700964,-0.08890002060524156,-0.008533034348118291,20,234,616,2431,Poland,0.6180555555555556,0.3289917361982704,vol
0.26681069341196706,0.488727796428809,1.8317399133407013,0.27640457441472854,0.12150465840453034,0.1548999160101982,-0.043991074224933285,20,179,616,2511,Poland,0.9116465863453815,0.5019108443060529,vol
0.12002788637012775,0.19564226404486837,1.6299734166906013,-0.14035706310877405,-0.10972788223950436,-0.030629180869269683,-0.0017093050220655256,20,152,616,2593,Poland,0.9456521739130435,0.22579041723520274,vol
0.043408772245817566,0.32770033443800634,7.549173069956621,0.3110594534628792,0.33920350498302393,-0.0281440515201447,-0.003645182779996249,20,131,616,2599,Poland,1.0,0.08165839700640065,vol
0.36615358609713733,0.6285181904226304,1.7165424955195987,-0.5130815877759962,0.057284775877581295,-0.5703663636535775,-0.03054967371232037,20,573,616,2610,Poland,0.95,0.6887896927727127,vol
0.4475126606450506,1.064538704345684,2.3787901392806274,0.7832139847509483,1.0399498414904085,-0.2567358567394602,0.004493246853127252,20,101,616,2620,Poland,0.25761772853185594,0.841838287924974,vol
0.7240008043356425,1.5227793485200332,2.1032840563172654,-1.429435565697439,-2.1516857908775755,0.7222502251801366,0.04909498977512008,20,32,616,2630,Poland,0.09649122807017543,1.3619538645000395,vol
0.26692332498441484,0.3458148639394459,1.2955588049850546,0.31088144395122064,1.1143511732314904,-0.8034697292802697,-0.011840960525779189,20,128,616,2640,Poland,0.19678714859437751,0.5021227211498925,vol
0.09599903015303342,0.11009132568088187,1.1467962281013018,0.009697352510571466,0.15823505399440824,-0.14853770148383677,-0.0010804894218283678,20,289,616,2651,Poland,0.9393939393939394,0.18058854261240087,vol
1.2456890905755151,3.078809694479418,2.471571532393361,3.072008564882142,4.015966081274854,-0.9439575163927121,0.005385088774978614,20,393,616,2660,Poland,0.022267206477732792,2.343327605045508,vol
0.2812677937686457,0.5794394196393976,2.0600987118916656,-0.2829003236349933,-0.24437693062079555,-0.03852339301419775,-0.030233843324269635,20,365,616,2670,Poland,0.803088803088803,0.5291068136783676,vol
0.05752634729677003,0.1794978541028789,3.1202720585904,-0.07618748573861112,0.08350911611776596,-0.15969660185637707,-0.0012700658922240845,20,159,616,2710,Poland,1.0,0.10821566846642006,vol
0.1733288568219816,2.7096137211209865,15.63279058549328,2.2622145883817155,2.3798786924131727,-0.11766410403145719,-0.027463980747250014,20,224,616,2720,Poland,0.013986013986013986,0.32605751950053513,vol
0.26023453358775533,0.6711959320571453,2.5791962458003566,0.4830388191199454,0.546764300654964,-0.06372548153501854,0.0026941994013736244,20,523,616,2731,Poland,0.4567901234567901,0.4895401035105732,vol
0.15244440789948807,0.27786150341075994,1.8227070919778425,-0.21314711430458622,-0.24224133828605482,0.029094223981468603,0.0033977969046051063,20,93,616,2740,Poland,0.7661290322580645,0.2867707455803815,vol
0.1606918847617534,0.19690732556302593,1.2253719337162958,0.0465611954065035,-0.24856102306705563,0.29512221847355913,-0.004115801111034348,20,92,616,2750,Poland,0.7480916030534351,0.3022854838481715,vol
0.13720650951610097,0.3790665469417519,2.7627446269032085,0.300797732179896,0.2292595980615199,0.07153813411837612,0.0001015506640494374,20,142,616,2790,Poland,0.8055555555555556,0.2581059782682007,vol
0.1654804730994992,0.554722507713585,3.3521931459553205,-0.43664773209299756,-0.685498926199982,0.24885119410698442,7.281305499782434e-05,20,412,616,2811,Poland,0.2706766917293233,0.3112935351556245,vol
0.08077857662111297,0.17675882655711472,2.188189417921924,-0.024593591365492884,-0.1971859825211071,0.17259239115561423,-0.0006343508103329479,20,169,616,2813,Poland,0.8888888888888888,0.15195659167656705,vol
0.10837358036587576,0.2542236796392051,2.345808625874781,-0.1409692822817603,-0.06149357000153352,-0.07947571228022679,0.0015562540822395428,20,186,616,2814,Poland,0.9615384615384616,0.20386692349665358,vol
0.5664943208005357,0.9250354027129657,1.6329120500374323,-0.37002170626887854,0.44232184078776415,-0.8123435470566427,-0.02400982600206527,20,582,616,2815,Poland,0.6155660377358491,1.0656605970757096,vol
0.29658980324105755,0.2460309396900016,0.829532698027506,0.19208635484447178,0.4255092961915702,-0.23342294134709837,0.00011462961625927839,20,249,616,2816,Poland,0.5902255639097744,0.557929806536789,vol
0.6691795191228651,0.5751414884229178,0.8594726407299363,-0.5199637932522196,-0.10318317257968312,-0.4167806206725365,-0.05952597610768428,20,303,616,2817,Poland,0.9351230425055929,1.2588268226441754,vol
0.04125745908592012,0.13058103402511712,3.1650285043772928,0.04106083125910143,-0.016303610669369,0.05736444192847043,-0.00029095955876618456,20,145,616,2819,Poland,1.0,0.07761145499428405,vol
0.17371223035758793,0.22083364326887447,1.2712613430515904,-0.02902386841240956,0.09832389089406493,-0.1273477593064745,-0.013283141274511608,20,434,616,2822,Poland,0.9236111111111112,0.3267787024954148,vol
0.4969051185833765,0.580514656136783,1.1682605681176486,-0.2510213716476175,-0.03529027009410904,-0.21573110155350847,-0.02398969012953799,20,578,616,2824,Poland,0.9739583333333334,0.9347528932174186,vol
0.22031414232887578,0.4359819910892815,1.9789105977521213,0.1760240960781445,-0.2728042318203201,0.4488283278984646,0.01769137985171887,20,460,616,2829,Poland,0.7513227513227513,0.41444387320006226,vol
1.2652150221374345,2.260888899685232,1.7869602084440332,-1.6160329353662855,-2.1515452916236573,0.535512356257372,-0.17727570739132362,20,246,616,2910,Poland,0.11538461538461539,2.3800588044992463,vol
0.1545441758486087,0.27605856706436965,1.7862760958057478,0.15401967409772954,0.2316425173290478,-0.07762284323131827,-0.031372264228613105,20,218,616,2930,Poland,0.7741935483870968,0.29072072333694265,vol
1.3182261781548072,4.359613204266773,3.3071814810787328,-4.147554496732074,-2.4881691010702123,-1.6593853956618614,0.024832748911490243,20,481,616,3011,Poland,0.07894736842105263,2.4797807224406583,vol
0.5817538832403324,0.7359080338591042,1.2649817303498567,-0.6683655811500311,-0.6620108146626005,-0.006354766487430657,-0.06857081220499493,20,670,616,3020,Poland,0.4733178654292343,1.0943661177201671,vol
1.1556755635145333,1.259093644189359,1.0894871224587637,1.2341467977675933,0.13476276314141744,1.0993840346261758,1.0406801326163475,20,72,616,3030,Poland,0.9166666666666666,2.173998689519678,vol
0.38909375672273394,0.31084379894464254,0.7988917672769242,0.04422957875669023,-0.13881760427953607,0.1830471830362263,-0.16400565553423904,20,129,616,3092,Poland,0.9069069069069069,0.7319435868688543,vol
0.35602037718578905,0.46895289718974875,1.3172080230256762,0.19009769333975846,0.8761956411532957,-0.6860979478135373,-0.24084406004503764,10,10,616,3240,Poland,0.2806451612903226,0.6697276103082311,vol
0.25649637687007154,0.19268086776617913,0.7512030778656253,-0.15674499014528787,0.7853468506038346,-0.9420918407491224,0.0176960375526139,20,72,616,3290,Poland,0.29411764705882354,0.48250807128454826,vol
0.5410500229762322,0.8392280372867708,1.5511098819852325,-0.46979157339833844,-0.36464228816919714,-0.10514928522914131,-0.05864758560248109,20,933,616,Wastes,Poland,0.6924939467312349,1.0177960649594788,vol
1.8018476152136615,3.4944344093484343,1.939361786115341,3.1655674780334806,1.928698107036759,1.2368693709967216,0.30960503811393525,20,558,642,1040,Romania,0.13131313131313133,3.3895450227189956,vol
0.6018560861535585,1.1151022302554197,1.85277220902093,0.7228015586138374,0.5656836730483762,0.15711788556546122,0.0037674000800245995,20,256,642,1061,Romania,0.5448275862068965,1.132181369828561,vol
0.50852394060817,2.340737361082101,4.603003269192582,1.9577379031062607,2.297216045539407,-0.33947814243314633,0.20654500592608394,20,823,642,1079,Romania,0.06666666666666667,0.9566096362801922,vol
0.45354003591890024,1.9342949030054697,4.26488236939539,-1.7404728355845125,-1.7906789986892873,0.05020616310477485,0.09422841480498965,20,379,642,1312,Romania,0.08539944903581267,0.8531766828519579,vol
0.32756905757461574,0.41269522767380185,1.2598724395077991,0.22776161377201734,0.1857903574253452,0.04197125634667214,0.12118457925179986,20,399,642,1399,Romania,0.8689655172413793,0.616206420190051,vol
1.279397935841876,6.514221375715602,5.091630362393136,-6.156269051532497,-6.200474079106221,0.04420502757372326,0.13438049856637999,20,764,642,1920,Romania,0.004048582995951417,2.4067389877448435,vol
1.634913560314567,0.8993970862200223,0.5501190448545629,0.19541686401947078,0.8530530961354723,-0.6576362321160015,1.1397620802425186,20,679,642,2011,Romania,0.3898989898989899,3.0755170826601304,vol
0.33153819037536736,0.8785339384656395,2.6498725153532505,0.8325178807957987,0.728629178017755,0.1038887027780438,0.08380258101845378,20,738,642,2013,Romania,0.3745704467353952,0.6236729529954365,vol
0.38025978415424294,1.029572637521627,2.7075506809418646,0.8073745615042389,0.4804390467615742,0.32693551474266475,0.08774382794256065,20,920,642,2022,Romania,0.5365853658536586,0.7153255624046633,vol
0.6828092177280806,0.5911103943456516,0.8657035947939608,0.41228126348573996,0.6426947839967108,-0.23041352051097086,0.13386095211770913,20,837,642,2029,Romania,0.49330357142857145,1.2844663254958024,vol
0.4288015694655986,0.8960183266038615,2.089587329917052,0.6602793373019644,0.6178731862093466,0.04240615109261778,0.0785381180733037,20,349,642,2100,Romania,0.4742857142857143,0.8066399251769498,vol
0.276853833455507,0.6689121092690072,2.416120090952281,0.5926952644388601,0.3117988263730177,0.2808964380658424,0.05169418173375135,20,414,642,2219,Romania,0.7042801556420234,0.5208034937507808,vol
0.11222987142880787,0.15424246360015306,1.374344117448228,0.07071904534634799,0.13632882662252047,-0.06560978127617248,0.011685575709226681,20,229,642,2220,Romania,0.926829268292683,0.2111211841056826,vol
0.3570978232824857,0.6859112369442795,1.920793665554446,-0.6108692441803745,-0.7645509553093265,0.15368171112895201,0.2223827095905856,20,317,642,2310,Romania,0.3333333333333333,0.6717544476631053,vol
0.9894261125072804,0.5860556052181247,0.592318716688218,0.029021739959716797,0.005364172117780491,0.023657567841936306,0.4265974218195135,20,879,642,2399,Romania,0.9958677685950413,1.8612585918369007,vol
0.559681047789946,1.9507404602880152,3.485450272063077,1.8701422214508057,1.6469495527965838,0.22319266865422174,0.4858675870028409,20,295,642,2410,Romania,0.12826603325415678,1.0528438108910845,vol
1.3172187292158795,1.1283343482857084,0.8566036325321528,0.23691391944885254,-0.2741970470351943,0.5111109664840469,1.2425235401500354,20,580,642,2420,Romania,0.7995951417004049,2.477885560215088,vol
1.1573914089753745,1.102962952894252,0.9529731639106364,-0.5397806353867054,-0.2250516343504934,-0.314729001036212,0.9317006197842684,20,338,642,2431,Romania,0.8455284552845529,2.1772264516192266,vol
0.18993658084562945,0.4377026856564144,2.304467542311696,-0.418472459914744,-0.43899121803340124,0.020518758118657214,0.0500829426394185,20,254,642,2593,Romania,0.4968944099378882,0.35729913384558126,vol
0.44071335666639516,0.5617965162596078,1.2747435669050267,0.3837624165136495,0.5935258963309172,-0.2097634798172677,0.15437391151457472,20,202,642,2599,Romania,0.4860335195530726,0.8290477795799761,vol
0.3994526430794685,0.44289449621212196,1.1087534502156517,0.2740880237486617,0.3059464788351398,-0.03185845508647814,0.053830386363666875,20,688,642,2610,Romania,0.7197640117994101,0.7514302023822409,vol
0.8289066863847038,1.4705331447142527,1.7740635572961994,-1.3844939933901252,-1.0127964341878273,-0.37169755920229797,0.4237278051979861,20,109,642,2620,Romania,0.33544303797468356,1.5592975284986053,vol
0.5836328353004159,0.7107431818616076,1.2177916300678382,0.6184766172031884,-0.18925643539722115,0.8077330526004095,0.35002508492850876,20,50,642,2630,Romania,0.8654292343387471,1.0979007077428802,vol
1.0690062166641807,1.1106323296512683,1.038939074757658,0.73279105495207,-1.5443557152447827,2.2771467701968526,0.15785472378867607,20,139,642,2640,Romania,0.1831275720164609,2.0109606774488933,vol
0.5125646197781357,0.7613582190007809,1.4853897237978224,0.7219528143459919,0.37365094128876264,0.34830187305722926,0.22323446531956945,20,330,642,2651,Romania,0.6836734693877551,0.9642107585134604,vol
0.6051537540860821,1.705543843683261,2.818364477072467,-1.5117425642522806,-1.6138021964042362,0.10205963215195553,0.16367872483541393,20,338,642,2670,Romania,0.1471264367816092,1.1383847767276176,vol
0.25753617049205096,0.993153659053634,3.8563657180896396,0.9687827206582131,0.7755509430594231,0.1932317775987901,0.030075688581109095,20,213,642,2710,Romania,0.301255230125523,0.48446407869953567,vol
2.027531603370097,2.0745556451882443,1.0231927540562058,1.892926608792554,0.2813343875933607,1.6115922211991933,-0.08789892696302165,20,641,642,2731,Romania,0.7983870967741935,3.8140903795539076,vol
0.4197769778395807,0.26713876082772886,0.6363825910667662,0.20466815979988362,0.6188656193515572,-0.4141974595516735,0.15000020863521663,20,172,642,2740,Romania,0.47109826589595377,0.7896633177381386,vol
0.38269228488283913,0.5207779342682667,1.3608268440209144,0.4748323158050063,0.3295046214106981,0.1453276943943082,0.02925189393720666,20,149,642,2790,Romania,0.6909090909090909,0.7199014603150955,vol
1.4981019871569754,1.6520547655480369,1.1027652187306858,-1.4852531566092635,-0.4165502510375909,-1.0687029055716726,0.4971325515911269,20,906,642,2811,Romania,0.6639676113360324,2.818154038787143,vol
0.8928910391539435,0.599314536297398,0.6712067990572251,0.5719554424285889,1.283994622804366,-0.7120391803757771,0.7981882962313566,20,213,642,2813,Romania,0.23958333333333334,1.679661671742292,vol
0.9789797189602963,0.5543917546923279,0.5662954440783589,0.5210037231445312,0.11749656929020974,0.4035071538543215,0.8920204856178977,20,210,642,2814,Romania,0.927536231884058,1.8416073622026206,vol
0.48724999998560947,0.8488263361340156,1.742075600121262,0.69829993159121,0.619532534309134,0.07876739728207596,0.10608614262888333,20,419,642,2816,Romania,0.48947368421052634,0.9165901701821845,vol
1.5728253555737313,1.1744838577319767,0.7467350736493891,-0.9503832124173641,-0.7141721204751423,-0.23621109194222178,1.3495710546320134,20,266,642,2817,Romania,0.4666666666666667,2.958719877629058,vol
0.5558838339491339,1.2819389275893884,2.306127376437956,1.258801031054071,0.5656541768399882,0.6931468542140827,0.3805044080627196,20,200,642,2819,Romania,0.5391923990498813,1.045700683378163,vol
0.8386299866198701,0.7454557945397466,0.8888971375139284,-0.339886182916487,-0.8146264355538556,0.47474025263736863,0.3369445367554143,20,654,642,2822,Romania,0.3865546218487395,1.5775885113976238,vol
0.4435626572001676,0.48039088171772776,1.0830282349511235,0.3604746412814088,0.9693957623968132,-0.6089211211154044,0.17654820221186487,20,540,642,2829,Romania,0.2722222222222222,0.834407740300813,vol
0.13068506474495528,0.408818889417676,3.128275524181177,0.26032685189861704,0.1029101780679324,0.15741667383068464,0.0009556580170494332,20,275,642,2930,Romania,0.9411764705882353,0.24583816467601047,vol
0.7242916893619237,1.245324538435673,1.7193688077972586,-1.1253252435705403,-0.33705523151459804,-0.7882700120559423,0.3114506611945181,20,159,642,3092,Romania,0.7192982456140351,1.3625010627673568,vol
0.38493615706062395,0.517035130427406,1.343171123168816,0.4038806076628445,0.36279394671792403,0.041086660944920465,0.047145768554688106,17,17,642,3240,Romania,0.6586102719033232,0.7241225196919321,vol
0.2594997623846291,0.5566439784631014,2.1450654649850773,0.3755038967882851,0.4385115396884968,-0.06300764290021173,0.015557610091279529,20,151,642,3290,Romania,0.5619834710743802,0.48815788891408607,vol
0.05876278771451748,0.7529736863125744,12.813784294419214,-0.3164879919748577,-0.307939908366362,-0.008548083608495722,-0.0016450239585349665,20,562,643,1061,Russia,0.8,0.11054159793375044,vol
0.17773610736921375,0.9072530780042016,5.10449503723828,-0.03204431380069006,-0.14847717515688258,0.1164328613561925,-0.02071225946716371,20,837,643,1079,Russia,0.8783783783783784,0.3343482173542906,vol
0.17462098226884892,1.2252179263824516,7.0164416123607,-0.9943729867229548,-0.4646411151209364,-0.5297318716020184,-0.0021607118333906387,20,174,643,1392,Russia,0.4305555555555556,0.32848820084127567,vol
0.5068123879591359,0.8732769440015863,1.72307734528383,-0.7939971042039335,-0.7659158345184826,-0.02808126968545104,-0.07717654230096582,20,337,643,1410,Russia,0.36666666666666664,0.9533899496021004,vol
0.216262973696779,0.945129022706966,4.370276643065704,0.22641112470603436,0.4382131364695814,-0.21180201176354702,-0.01441655962426134,20,192,643,1520,Russia,0.5271739130434783,0.40682301871870774,vol
0.16940893436473006,1.3651133265250155,8.058095233548816,0.4971626804572713,0.5582038928442276,-0.06104121238695623,0.018041100885907338,20,115,643,2011,Russia,0.35766423357664234,0.3186835587159291,vol
0.279351079666755,1.21037809186374,4.332820525725659,0.3451367060419601,1.6688144235515108,-1.3236777175095507,0.0257770059611265,20,115,643,2012,Russia,0.07335907335907337,0.525501187603674,vol
0.3464082551019909,2.1318305725114834,6.154098642608333,1.9393190673141394,1.6836165785445876,0.2557024887695519,-0.023611753378826594,20,784,643,2029,Russia,0.0728476821192053,0.6516457701504873,vol
0.14763354759330824,0.6493327620262254,4.398273784051895,0.213299626220602,0.1581776416683251,0.05512198455227691,-0.00378759000426121,20,588,643,2100,Russia,0.860655737704918,0.2777207973671556,vol
0.4738254315340582,2.1135703149453127,4.460651907396387,-1.2876150164676075,-1.4474227511899584,0.15980773472235102,0.032208650847941354,20,310,643,2211,Russia,0.13978494623655913,0.8913365478486941,vol
0.44642988848989057,0.5739976497776388,1.285750942257167,0.4495022392848891,0.004484308779553414,0.44501793050533567,-0.05756002749523663,20,293,643,2220,Russia,0.9944598337950139,0.83980143145705,vol
0.09362636133341909,0.9435965298055325,10.078321066491391,-0.2834130046959739,-0.2461996112693806,-0.037213393426593286,-0.004114236367811567,20,293,643,2310,Russia,0.8064516129032258,0.17612519747700736,vol
1.8394045496415994,2.665074320616398,1.4488788348031851,-2.6454117091147547,-2.8737020664916813,0.22829035737692668,0.499708107248002,20,387,643,2393,Russia,0.06060606060606061,3.460195237023442,vol
0.19058670798189345,0.4192729942433778,2.1999067966650143,0.1486844718136886,0.0891490071673185,0.05953546464637011,-0.012080714453584841,20,911,643,2399,Russia,0.9316770186335404,0.35852212028475183,vol
0.14550118970854384,1.3145188959721898,9.03442025873003,-0.9985422679409108,-0.9807935599036361,-0.017748708037274692,0.004644238249745944,20,69,643,2410,Russia,0.13333333333333333,0.27370951306434754,vol
0.34678798860285276,0.8735516062704908,2.518978842923237,0.2645075840420201,-1.2952308759996447,1.5597384600416648,0.019180044387889984,20,61,643,2420,Russia,0.1456953642384106,0.6523601056952572,vol
0.2180602460644199,0.9419563514225128,4.319706908632203,-0.16389618297954278,-0.16341984858423414,-0.00047633439530864836,-0.009175063522761167,20,258,643,2599,Russia,0.8677248677248677,0.4102039570160261,vol
0.08546896902252903,0.5045437838111281,5.903239381279231,-0.2971433220952624,-0.30889922343682436,0.011755901341561957,-0.0019685654912278746,20,499,643,2610,Russia,0.7058823529411765,0.16077992173210762,vol
0.5290516681597777,1.2095420875926164,2.286245673886289,-0.38754028245639827,0.8503926336632377,-1.237932916119636,-0.02488700883319771,20,236,643,2620,Russia,0.3308641975308642,0.9952253639159795,vol
0.30662584136061244,0.5007337006793762,1.6330446855275969,-0.3811934308220747,-0.8717408672730285,0.4905474364509538,-0.03945967845213283,20,158,643,2630,Russia,0.26296296296296295,0.5768090961996508,vol
0.16656199310311282,0.8192466681612914,4.918569073883043,-0.5345332563492227,-0.4644281511963719,-0.07010510515285077,-0.00304476402914418,20,275,643,2640,Russia,0.42857142857142855,0.31332803613909693,vol
0.09472403993133395,0.7891364983274871,8.330899937328867,-0.36979701636474216,-0.3598771812684745,-0.009919835096267674,-0.003485363526722281,20,497,643,2651,Russia,0.625,0.1781900951946017,vol
0.1422595325731129,0.9696959895266986,6.816386726339992,-0.4788211752721275,-0.4332383891907742,-0.04558278608135328,-0.010286431092928488,20,666,643,2660,Russia,0.47413793103448276,0.2676114708570111,vol
0.0978218966346576,0.8431278059704024,8.619008984453572,-0.12991351746338864,-0.7226614781506675,0.5927479606872789,0.0012091846903223543,20,275,643,2670,Russia,0.2647058823529412,0.18401762726845147,vol
0.25231750802190794,0.9899275033812872,3.923340521004729,0.5493264489669031,0.5098667596818818,0.039459689285021256,0.0026308685465796585,20,441,643,2710,Russia,0.4889867841409692,0.4746469935855838,vol
0.10539766881121455,1.3828995612325468,13.12077939512646,-0.1317798514880334,-0.13064712179592494,-0.0011327296921084533,0.005210557638939867,20,590,643,2731,Russia,0.9210526315789473,0.19826878849734195,vol
0.24435154819175647,0.7730052985956447,3.163496627363391,0.3509482518735103,0.5159255279481131,-0.16497727607460277,-0.002867930879318349,20,360,643,2740,Russia,0.46511627906976744,0.45966183098609975,vol
0.5642730792510573,1.0346280875339753,1.8335591853986832,0.8243524670592999,1.7815756450442342,-0.9572231779849344,-0.10608765408712326,20,312,643,2750,Russia,0.1182033096926714,1.0614821092975417,vol
0.1949376982968954,0.9773600418007689,5.013704636607656,-0.7354041824882316,-0.7562752440089374,0.02087106152070586,0.013922208380074378,20,171,643,2790,Russia,0.26993865030674846,0.36670698422196363,vol
0.6403376459725222,1.4617111970558094,2.282719446918999,-0.5909270149209072,-0.5189722519091531,-0.07195476301175406,-0.026723463494821156,20,807,643,2811,Russia,0.5746606334841629,1.2045709428698776,vol
0.1138695660036062,0.7782824026308343,6.834858776981607,-0.539996207469063,-0.5376473309397072,-0.002348876529355824,-0.004377847341234617,20,394,643,2813,Russia,0.38823529411764707,0.21420569499209735,vol
0.1763098635656889,0.7263024046632417,4.119465524925885,0.17909487743999652,-0.26866505668310825,0.4477599341231048,0.007782751124215993,20,221,643,2819,Russia,0.726027397260274,0.3316652393129715,vol
1.633983170793945,1.7313702996424953,1.0596010599064067,-0.9931256641071246,-0.9046068561177428,-0.08851880798938173,-0.37493675479124416,20,830,643,2821,Russia,0.37373737373737376,3.073766880732849,vol
0.7993604633034121,0.4711685958341197,0.5894319489945538,-0.28403443648725,-0.25295226446282054,-0.031082172024429488,-0.06421596498662967,20,797,643,2825,Russia,0.8170212765957446,1.5037166610935324,vol
0.46638810150258514,0.4414556208743942,0.9465413449702839,-0.1916513415425407,-0.24927086125626663,0.05761951971372591,-0.03647677448634456,20,757,643,2829,Russia,0.8135135135135135,0.877345817013496,vol
1.1776140500203962,2.139390512447979,1.8167161918719674,-1.7833742499351501,-3.1850935359428636,1.4017192860077137,-0.018247344277121803,20,422,643,2910,Russia,0.048582995951417005,2.215268265877897,vol
0.46989374214459434,1.4488519696098572,3.083360853024556,-0.7771968090285113,-0.7507112240969619,-0.026485584931549393,-0.08842409270531297,20,438,643,2920,Russia,0.3870967741935484,0.8839404517035969,vol
0.16746481761715798,0.2820510870711822,1.6842408518067382,-0.06951551608944695,-0.12320491344532039,0.05368939735587344,-0.021490878815979695,20,611,643,2930,Russia,0.9104477611940298,0.3150263841637203,vol
0.14554603013916523,1.2200341418502592,8.382462515011312,-0.5039314576510616,0.1384303053330007,-0.6423617629840623,0.014060263071728222,20,107,643,3030,Russia,0.8833333333333333,0.2737938646250156,vol
0.2561649992654494,1.9428803562211192,7.584487973736886,-0.8877098971899813,-0.7998515445579191,-0.08785835263206215,-0.0049060204856800575,20,181,643,3100,Russia,0.2857142857142857,0.48188470041738735,vol
0.797427838611502,3.303179190686341,4.142292293730184,-2.0812651542479124,-0.2419860103997078,-1.8392791438482046,0.17217517683426484,20,394,643,3211,Russia,0.8361702127659575,1.5000811048178864,vol
0.4642827088387237,1.105462096644708,2.3810106980070813,0.9639620173083785,0.31577222575670894,0.6481897915516696,-0.04978336944116264,20,220,643,3230,Russia,0.7235772357723578,0.8733852583267313,vol
0.1792759696452583,0.6976968375126896,3.891747672001188,-0.4692120405366179,-0.5283915525675977,0.05917951203097983,-0.0056871298170731496,20,655,643,3250,Russia,0.40268456375838924,0.3372449287461808,vol
0.280580428869842,0.9618090307627837,3.4279262977709526,0.7602079321383854,0.9569833503102259,-0.19677541817184047,-0.03130075500150504,20,158,643,3290,Russia,0.2471042471042471,0.5278137774349807,vol
0.40596407939474594,1.7897138985422094,4.408552355692414,-1.7567710876464844,-0.6211521425301458,-1.1356189451163385,-0.1704923456365412,20,194,699,1030,India,0.46938775510204084,0.7636791885711108,vol
0.8700321547920505,1.1671860219374524,1.3415435458433438,-1.0548160414046053,-1.185441117152634,0.13062507574802865,-0.6054756169325476,20,210,699,1040,India,0.2620545073375262,1.636660689273208,vol
0.6971268992653815,0.5654819534930482,0.8111607141955673,-0.48497996558230305,0.6346355592389934,-1.1196155248212964,-0.5089546424104431,20,167,699,1061,India,0.5055187637969095,1.3114000272039126,vol
1.614335088021296,1.8316254286747535,1.1346005189788646,-1.6574621714689797,0.5055029740008576,-2.1629651454698373,-1.377138718148398,20,606,699,1062,India,0.6060606060606061,3.0368058965709857,vol
0.5026058114933267,0.5001701496528308,0.9951539321973633,0.4445058298897355,0.857415027187957,-0.4129091972982215,-0.022756574795485852,20,153,699,1079,India,0.3178294573643411,0.9454767497277151,vol
2.1529275040389044,1.19150957519505,0.5534369238907354,-1.0293118674939896,-0.4918456071346562,-0.5374662603593334,-1.8488307322113129,20,545,699,1080,India,0.6088709677419355,4.049978835044036,vol
1.7612688548120592,3.15840362640336,1.7932546855490645,-3.0910584049643504,-0.6045437681210029,-2.4865146368433475,-1.594095652933519,20,533,699,1103,India,0.5494949494949495,3.313210301521694,vol
1.272910714887043,1.671781701489226,1.3133534677155878,-1.6427398857288744,1.353554189921776,-2.9962940756506504,-1.235838643931074,20,352,699,1311,India,0.22874493927125505,2.3945355542729594,vol
0.13479598798583617,1.0636573677896721,7.890868145878622,-0.8885251670263781,-0.8063749016084351,-0.08215026541794303,-0.011739393616583736,20,111,699,1312,India,0.19811320754716982,0.25357142651916326,vol
1.1215201054382,1.7861767416550063,1.5926390735163074,-1.6008668185170523,-0.23850111274921004,-1.3623657057678422,-0.9950515471913165,20,103,699,1391,India,0.8404907975460123,2.1097471612862013,vol
0.1517527802762153,0.4470658382919584,2.9460141519530922,0.33544866689357056,0.31421155333622075,0.02123711355734979,0.006538592949958924,15,15,699,1392,India,0.6475409836065574,0.285469690514323,vol
0.26784918580010963,0.7133794560218576,2.663362421247896,-0.687902255641279,-0.22514757988184525,-0.4627546757594338,-0.03183268695597094,20,91,699,1393,India,0.816,0.503864403905455,vol
0.8522314503074222,2.1680263705951353,2.543940815388908,-2.1408595095359835,-0.36860023184579616,-1.7722592776901873,-0.6365548332984733,20,140,699,1394,India,0.7044025157232704,1.6031749001435824,vol
0.14475629101625517,0.45082862177188077,3.11439743728482,0.42720820392824743,0.4335706388720304,-0.006362434943782968,-0.04177770638654701,20,131,699,1399,India,0.4745762711864407,0.27230824714509966,vol
0.14569200216828845,0.6713601886577498,4.608078540112747,-0.6363035278813118,-0.13505241045105265,-0.5012511174302592,-0.053386417366443825,20,34,699,1410,India,0.9,0.2740684598574832,vol
0.09073674334329387,0.7270039330866543,8.012233041427372,-0.6345016764217823,-0.599324914979313,-0.03517676144246939,-0.04452982905515594,20,82,699,1430,India,0.3333333333333333,0.17068939358699484,vol
1.5445181719330734,2.890208568069033,1.8712687364835165,-2.8835194304302663,-0.700983575640421,-2.1825358547898452,-1.2527113526285831,20,467,699,1511,India,0.47368421052631576,2.9054698288423264,vol
0.08069478965682442,0.7048188011487592,8.734378070085869,-0.591154954911294,-0.5301255402444234,-0.06102941466687065,-0.03311665655933129,20,40,699,1512,India,0.35555555555555557,0.15179897585746277,vol
0.153071356960816,0.5295608964740547,3.459568837621361,-0.4995411408947863,-0.3916312469467075,-0.10790989394807882,-0.07743904887779472,20,32,699,1520,India,0.5483870967741935,0.28795013059184404,vol
1.263400158577796,2.3461382305782066,1.8570032737840114,-2.314195984466987,-0.4188303614408686,-1.8953656230261182,-0.8539132136468074,20,282,699,1621,India,0.6639676113360324,2.3766447745371413,vol
0.10576990588770373,0.1523847575770041,1.4407194210685175,0.06807504279033716,0.13399840211088615,-0.06592335932054898,-0.029161386782173015,20,54,699,1629,India,0.9210526315789473,0.19896902214597695,vol
1.5063690958630604,1.5056540416222675,0.9995253127253096,-1.4715845488935657,-0.045740397794964194,-1.4258441510986015,-1.2945822829614235,20,451,699,1701,India,0.9676113360323887,2.833705707491194,vol
1.0263087489717888,1.5360171030875405,1.4966423160928959,-1.2679070234298706,-0.6448049823213582,-0.6231020411085124,-0.9636738517067649,20,149,699,1709,India,0.5092783505154639,1.9306403507589527,vol
1.708350277628733,2.069064307997128,1.2111475820222783,-2.0372507690288337,-0.37176619283691914,-1.6654845761919146,-1.613668888015269,20,352,699,1811,India,0.7151515151515152,3.2136625382221626,vol
2.0788442144722117,4.4137667092854524,2.123183006479417,-4.19781010426456,-2.535618336085339,-1.662191768179221,-1.8175751663881896,20,906,699,1812,India,0.07258064516129033,3.9106170803111544,vol
0.17596834751963,0.134071335905344,0.76190597795088,-0.11633480905247984,0.12869234668823662,-0.24502715574071646,-0.045168102988640844,20,74,699,2011,India,0.9041095890410958,0.33102279652018274,vol
2.240188153728409,1.8246877079834944,0.8145243090169076,-1.6991687547047913,-0.3023314726315933,-1.396837282073198,-1.775352255346624,20,594,699,2012,India,0.7681451612903226,4.214129176247675,vol
0.7168503857382107,1.3547618766807088,1.8898809342002076,-1.311018900993159,-1.28172779327715,-0.029291107716008995,-0.49280864501670707,20,313,699,2013,India,0.22417582417582418,1.348502857010481,vol
1.044889249087834,0.9028343762419071,0.8640479141976646,-0.7917196731602414,1.213225723218037,-2.0049453963782784,-0.7299417868395931,20,526,699,2022,India,0.2613168724279835,1.965593052172886,vol
0.9894598816566141,1.2798430645417744,1.2934764594992807,-1.2362612303333216,-1.0713534296735194,-0.16490780065980223,-0.6896145953511793,20,283,699,2023,India,0.31611570247933884,1.8613221166605756,vol
0.41212604918311646,0.5178290456906988,1.2564822017853479,-0.24863177764184696,-0.293509012393041,0.044877234751194046,-0.30797979815956106,20,235,699,2029,India,0.752906976744186,0.7752707759228745,vol
1.030339130053963,1.8362241941998485,1.7821551571118899,-1.7920811766221312,-0.32627169320482574,-1.4658094834173054,-0.8699414669718241,20,175,699,2030,India,0.7360824742268042,1.9382221007479075,vol
0.35645672994814126,0.5562537661293598,1.5605085257060116,0.4990494828509302,-0.023832271233550473,0.5228817540844807,0.09199753959535541,14,14,699,2100,India,0.9839743589743589,0.6705484551573141,vol
1.271002109786294,1.1661646846891094,0.9175159314921892,-1.1515301450764426,0.4329072351891827,-1.5844373802656253,-1.2617966063177901,20,209,699,2211,India,0.6518218623481782,2.3909451824429793,vol
0.8048677897772122,1.068329151135945,1.3273349545167648,-1.0197635699989038,-0.418780672896386,-0.6009828971025178,-0.5313585206778619,20,223,699,2219,India,0.6496815286624203,1.5140767663988548,vol
0.11497302102176216,0.29395855571699114,2.5567611697473835,-0.2771691776117007,-0.22265995958837764,-0.05450921802332302,-0.039076006742828545,20,79,699,2220,India,0.8,0.21628145902064494,vol
0.30449633954990585,0.7951201326585003,2.611263353227217,-0.6546058594417044,-0.46488605471169087,-0.18971980473001349,-0.2032269252473666,20,116,699,2310,India,0.5333333333333333,0.5728031845995759,vol
1.1048945870009323,1.2149596781792493,1.09961592035406,-1.1785858337894932,0.2817012841370321,-1.4602871179265253,-0.9344222001932423,20,482,699,2391,India,0.7930327868852459,2.078472072986084,vol
1.593939828446868,2.0403399673436398,1.2800608472979456,-2.0178832411766052,-0.5518577715799104,-1.4660254695966948,-1.2815486734563655,20,224,699,2392,India,0.5797979797979798,2.998439361024989,vol
0.6599720280590411,1.7173362446713234,2.6021348961136432,-1.6952696261896734,-0.1553028332629407,-1.5399667929267327,-0.4943357032171542,20,190,699,2393,India,0.8941441441441441,1.2415061539907313,vol
0.7730783919501547,2.1176460165244135,2.7392383988155133,-2.0872849130796984,-0.920911965036693,-1.1663729480430054,-0.5405662820048274,20,459,699,2399,India,0.35560344827586204,1.4542761515909484,vol
0.46656291316018794,0.8664565355116085,1.857105464390228,-0.7591925076135984,-1.2470207530797974,0.487828245466199,-0.043284710736001646,20,123,699,2410,India,0.1918918918918919,0.8776746639031763,vol
0.8748504941452272,1.094831508214104,1.2514498369047722,-1.0295892241905644,-1.0913154576012212,0.0617262334106567,-0.8023626726532256,20,193,699,2420,India,0.303347280334728,1.6457247066931244,vol
0.16042579470140603,0.9380832204350762,5.847458771708703,-0.8207968670905097,-0.9743378858687747,0.15354101877826495,-0.014797433836202668,20,108,699,2431,India,0.14615384615384616,0.3017849286225075,vol
0.7857321001590108,0.6262244152292964,0.796994821902485,-0.561193146674209,0.16018927589331777,-0.7213824225675268,-0.711218735361554,20,146,699,2511,India,0.8907922912205567,1.4780796704435573,vol
1.2609443005792793,1.9784181397550358,1.5689972497961633,-1.9262648526518438,0.564135482083217,-2.4904003347350607,-0.9671100265398099,20,382,699,2512,India,0.5728744939271255,2.3720249381064176,vol
2.25745205744004,3.112857113146088,1.3789250154335861,-2.8857010372890826,-1.9438191540799792,-0.9418818832091034,-1.9305415824948056,20,631,699,2513,India,0.12903225806451613,4.24660516278748,vol
1.194434606923878,0.9712224059683771,0.8131231298376752,-0.6905267021955679,0.14172642252966783,-0.8322531247252357,-0.9090624871645306,20,452,699,2520,India,0.9129554655870445,2.2469102507217698,vol
0.14775907843309743,0.2720983297741126,1.8414999109331454,-0.2526362253506531,-0.010987096321328521,-0.2416491290293246,-0.07353890380079436,20,100,699,2593,India,0.9836065573770492,0.27795693966332574,vol
0.1675110316016393,0.17690548628674538,1.0560826030099748,-0.14139630518999358,-0.015401592499665134,-0.12599471269032844,-0.04631200626874967,20,63,699,2599,India,0.9850746268656716,0.31511331958476035,vol
1.0852081107490692,0.9109312604106203,0.8394069776919069,-0.7330552450774293,-0.7212598236911741,-0.011795421386255093,-0.7264729168980679,20,306,699,2610,India,0.4609053497942387,2.0414388649439785,vol
0.6994314119925996,0.5318193324600339,0.7603595196631815,-0.36773110926151276,0.3676586495815939,-0.7353897588431066,-0.41234900734641333,20,101,699,2620,India,0.6997792494481236,1.3157351605294954,vol
0.35481418156113304,2.1069510768459416,5.938181691542457,1.7380123396521365,2.0982706881316266,-0.36025834847949006,-0.025363026593434732,20,50,699,2630,India,0.054838709677419356,0.6674585758230406,vol
0.9725488829390697,1.2788881026767325,1.3149859355263431,-1.1126709712828442,1.6308217071590312,-2.7434926784418754,-0.07421849158099136,20,163,699,2640,India,0.16356107660455488,1.8295099972292312,vol
1.0743172393961735,1.7572444290610474,1.635684846729926,-1.7378604418355512,-0.2360037482357702,-1.501856693599781,-1.051343351487577,20,260,699,2651,India,0.8395061728395061,2.0209515060377132,vol
1.7701616310796775,3.2798766017202,1.852868429714918,-3.1916809175156136,-1.6968824308522552,-1.4947984866633584,-1.6432569860181494,20,535,699,2652,India,0.16565656565656567,3.329938944544309,vol
0.9548083128591994,1.385204944984382,1.450767579553584,-1.3341718376398912,-1.2335721982288306,-0.10059963941106069,-0.657267279134246,20,278,699,2660,India,0.2525879917184265,1.7961373299144698,vol
0.7248620899971893,1.9443548212647814,2.6823789629725576,-1.9383789951981678,-1.2023417494787767,-0.7360372457193911,-0.3861197529363599,20,280,699,2670,India,0.25219298245614036,1.3635740717265472,vol
1.8081004365312525,3.7427289340935843,2.0699784472558487,-2.999995922650327,-1.6720372589487378,-1.3279586637015892,-0.8614352871831195,20,872,699,2680,India,0.16565656565656567,3.4013075153937598,vol
0.13236520942750898,0.11047221462795608,0.8346015928638498,0.052926413807825146,0.1825569427805698,-0.12963052897274466,-0.01602354409326652,20,100,699,2710,India,0.8921568627450981,0.24899876826874123,vol
0.8568965221370579,1.919699497167234,2.2402932531218562,-1.7376747658213811,-1.0136660801141502,-0.724008685707231,-0.35630480052568136,20,290,699,2720,India,0.3333333333333333,1.611950598414212,vol
1.4805905233950623,1.895760381372897,1.2804082907580896,-1.466213895021281,0.5809909181745365,-2.0472048131958176,-1.1999757475258503,20,390,699,2731,India,0.5647773279352226,2.7852123547437464,vol
0.9106019955369945,0.8112961074520412,0.8909447941343558,-0.692946087682258,1.3825907073065604,-2.0755367949888184,-0.6549911795537573,20,180,699,2732,India,0.20625,1.7129786312614494,vol
1.2565777533542823,1.534069449380592,1.2208312977733204,-1.5101945801371115,-0.21132181608626155,-1.29887276405085,-0.5775779938733142,20,308,699,2733,India,0.8603238866396761,2.3638108092933097,vol
0.14717382990004865,0.863340067219938,5.866124893306541,-0.8240738904467289,-0.6108596657214361,-0.2132142247252927,-0.030362937990956282,20,67,699,2740,India,0.32231404958677684,0.27685599958631824,vol
1.037184156410029,0.8106690894039977,0.7816057393413525,-0.7423394391614726,-0.4738741347994019,-0.2684653043620707,-0.9876469023338391,20,114,699,2750,India,0.6131687242798354,1.9510986197274731,vol
0.12750306836008155,0.3298044985224657,2.5866397002389343,0.06080733507829428,0.14809119547769006,-0.08728386039939579,-0.012203159953072024,20,109,699,2790,India,0.92,0.23985235326910095,vol
1.2758834204947276,1.8170667494809194,1.4241636189428235,-1.7815201634826883,-0.8314470512592309,-0.9500731122234574,-1.098148813432072,20,389,699,2811,India,0.39271255060728744,2.4001276584062166,vol
0.784569234397149,0.9202422405533429,1.1729267478356362,0.7290753100820945,2.853974838199026,-2.1248995281169316,-0.38955412608312123,20,232,699,2812,India,0.04721030042918455,1.4758921459148853,vol
0.11029362350358356,0.40480822039685477,3.6702776419681427,-0.3544236482125158,-0.31717524970453664,-0.03724839850797917,-0.01915735029136661,20,95,699,2813,India,0.675,0.20747881198593157,vol
0.14898170981231226,0.4089729682112174,2.7451219933402777,0.3825218750749504,0.4406678785325512,-0.058146003457600764,-0.05815167134765038,20,116,699,2814,India,0.45901639344262296,0.2802568922625617,vol
1.1358352069397541,1.3966571048740277,1.2296300522652384,-1.3392688801533628,-0.390787216464733,-0.9484816636886297,-0.9179004732473627,20,606,699,2815,India,0.6863543788187373,2.136676009560952,vol
1.3392252257884183,0.8962220685581027,0.6692093691936588,-0.8477240242757995,1.4138051917792072,-2.2615292160550067,-1.3159646975269634,20,248,699,2816,India,0.20850202429149797,2.5192830736868848,vol
1.1182143492818113,1.7269646440630564,1.5443949947272841,-1.5299102663993835,-0.5714390639316108,-0.9584712024677727,-1.0111350146206943,20,158,699,2817,India,0.5685071574642127,2.1035285392275975,vol
0.8850513744995221,0.7570809780876195,0.8554090755643794,-0.1535335613693285,0.8411673037476678,-0.9947008651169963,-0.711871099192932,20,127,699,2818,India,0.38125,1.6649140892692709,vol
0.2517820652228887,0.2601608577600016,1.0332779561947576,-0.20884058994282606,-0.0025424461417470623,-0.206298143801079,-0.13922710004661878,20,118,699,2819,India,1.0,0.4736397455480459,vol
0.5740537977170188,0.8219448219614776,1.4318254233841985,-0.7139372428569253,0.7201205720787971,-1.4340578149357224,-0.3825773276873109,20,254,699,2821,India,0.42990654205607476,1.0798811044817067,vol
0.6947114850922049,1.0900533013525662,1.5690733847704992,-1.0825032134683656,0.19291812567615763,-1.2754213391445233,-0.31489333852504736,20,378,699,2822,India,0.8672566371681416,1.3068562716613414,vol
1.1712244638892129,2.060397120101866,1.759182106955,-1.7698793257249963,0.8660835231982387,-2.635962848923235,-0.6991046264718687,20,668,699,2823,India,0.3866396761133603,2.2032484981210003,vol
1.0009277832591892,1.2753240894053397,1.2741419618233296,-1.2313615222486693,0.2788474515841557,-1.510208973832825,-0.6197441488985912,20,373,699,2824,India,0.7933884297520661,1.8828949558229096,vol
1.297706237089327,1.9406655103543302,1.4954582592645314,-1.8440997719484833,-0.49651039749373327,-1.34758937445475,-1.0544053290671191,20,664,699,2825,India,0.6052631578947368,2.4411796423505767,vol
1.242480332087014,2.273100224568693,1.8294858806742884,-2.241986613008968,-0.07746193761859876,-2.164524675390369,-0.8654182515590783,20,326,699,2826,India,0.9554655870445344,2.337291450116548,vol
0.9217635558474064,1.3933290554299709,1.5115905229612157,-1.3625485514913853,0.2984534527412328,-1.6610020042326181,-0.6369995272233645,20,336,699,2829,India,0.7692307692307693,1.733975196607209,vol
1.2158465507448604,1.346995762505837,1.1078665820786604,1.050678083725176,-0.9289489896478598,1.9796270733730357,-0.6271128208143659,20,267,699,2910,India,0.36639676113360325,2.287189321489107,vol
0.9807321703734609,0.7665520108503203,0.781611977262272,-0.6633833321826283,0.6007840458843694,-1.2641673780669977,-0.6064105318736267,20,296,699,2920,India,0.5424430641821946,1.8449039855768146,vol
0.12721771857828143,0.24781570827689364,1.9479653545618658,-0.1920662353267697,-0.008910870000562288,-0.1831553653262074,-0.033255760206174816,20,88,699,2930,India,1.0,0.2393155676250387,vol
2.8435274881395673,4.905441619941544,1.725125443802558,-4.188800719567368,-3.3903993299573476,-0.7984013896100203,-0.9292947551332739,20,549,699,3011,India,0.038306451612903226,5.349100758026767,vol
1.279015445066593,1.6385671800960313,1.281116022809809,-1.5537313759199507,1.389180826932876,-2.9429122028528267,-0.9037793319287597,20,504,699,3020,India,0.2165991902834008,2.406019465354243,vol
0.7678820246621605,1.9073307049120378,2.4838850808510493,1.161135602762646,0.9313510300981165,0.22978457266452954,-0.46600010991442564,20,130,699,3030,India,0.35205183585313177,1.444501007051241,vol
1.5436934980351154,1.6680700881548167,1.0805707805843672,-1.6497980058193207,0.7954107342223011,-2.445208740041622,-1.227528377012773,20,371,699,3091,India,0.4089068825910931,2.903918493822323,vol
1.2497446158123404,2.040392486974344,1.6326475514744094,-1.9621646481910302,0.1489001595487327,-2.111064807739763,-0.5789474789840284,20,200,699,3092,India,0.9068825910931174,2.3509566549523515,vol
1.3852370597769474,2.676212765479646,1.9319529076926176,-2.5282214283943176,-1.8267852170508747,-0.701436211343443,-1.0280699079686946,20,217,699,3099,India,0.1437246963562753,2.605838219396861,vol
0.10027921793176843,0.38051627205307587,3.794567607337995,-0.3592557921806878,-0.2723346393283017,-0.08692115285238614,-0.04272721056597181,20,56,699,3100,India,0.7887323943661971,0.18864021638282324,vol
0.10487078274194707,0.08555028837143941,0.8157685690393947,0.0057377186875786634,-0.006759139096304916,0.01249685778388358,0.004413863645524914,20,23,699,3211,India,1.0,0.19727763694903866,vol
0.18820904414729853,0.8009170312299119,4.25546516565425,-0.7550175631235937,-0.5591120881029406,-0.19590547502065314,-0.06496550697777197,17,17,699,3212,India,0.3860759493670886,0.35404937877864257,vol
0.9682158689938369,1.198772952545043,1.2381257020614622,-1.1064030518347194,-0.5713813549170781,-0.5350216969176413,-0.795604099731047,20,303,699,3220,India,0.5652173913043478,1.8213589495338387,vol
0.6104449877282844,1.2739713285812613,2.0869551789133856,-1.2358150871701894,-0.4218690716979612,-0.8139460154722282,-0.5248593878515648,20,108,699,3230,India,0.639080459770115,1.1483383790769726,vol
1.3467940730630683,1.1605978310467815,0.8617485436412612,-1.1294730021877752,0.2894553092537173,-1.4189283114414926,-1.331386216596448,20,326,699,3250,India,0.7854251012145749,2.5335212081389304,vol
0.2640189885067906,0.1821192344694207,0.6897959707346449,0.13751398856832364,1.019854929839065,-0.8823409412707414,-0.06138100334626588,20,23,699,3290,India,0.22983870967741934,0.4966592295821747,vol
1.6877384086670615,2.0259264542795763,1.2003794212869803,-1.9634325971297109,-0.6348167758120407,-1.3286158213176702,-1.429032866692279,20,826,699,Wastes,India,0.5252525252525253,3.174888528001723,vol
0.5932747907271514,0.5401542401554735,0.9104621477231988,-0.022914236712016756,0.4118076934359828,-0.43472193014799954,0.013652147208249527,20,164,704,2410,Vietnam,0.6466512702078522,1.1160386688834478,vol
0.28809685092902787,0.6717873114584031,2.3318106716268714,-0.5204084374480811,-0.7104029715288631,0.18999453408078207,0.11013288402390745,20,119,710,2410,South Africa,0.36742424242424243,0.5419532922109556,vol
0.08286133258425538,0.39896037944412455,4.814795598881446,0.07118612018965531,0.0742260861479991,-0.0030399659583437814,0.001945780098227616,20,197,710,2599,South Africa,0.9782608695652174,0.15587456734154612,vol
0.4327111136599864,0.36185360989804577,0.8362475528705309,0.05532262118726461,-0.032165453696749474,0.08748807488401408,0.0056738988068435366,20,244,764,2410,Thailand,0.9716713881019831,0.8139943628959329,vol
0.498469671143999,0.9814241740551135,1.968874398722641,0.9549530566236635,-0.6809624970226758,1.6359155536463392,0.007804815891934946,20,323,792,1040,Turkiye,0.4375,0.9376960507296654,vol
0.36857730422215046,0.6968937088401538,1.8907667424365313,-0.6941960070528017,-0.3412324120624916,-0.3529635949903101,-0.024220523917693762,20,413,792,1079,Turkiye,0.684375,0.6933490692914301,vol
0.11571683378839412,0.28940523955062364,2.500977861871379,-0.02317668131625572,0.0026347436737212994,-0.02581142498997702,-0.003125502164290982,20,266,792,2011,Turkiye,1.0,0.21768068215121655,vol
0.6600020112385434,0.9467844105599544,1.4345174627320336,0.536854152193439,0.7474462614663919,-0.21059210927295288,-0.07674691997918606,20,707,792,2029,Turkiye,0.42342342342342343,1.2415625568385578,vol
0.2786879436988543,1.3622666329883313,4.888143401209973,-1.276087122230786,-2.557708499222373,1.2816213769915872,0.09363748894365247,20,82,792,2410,Turkiye,0.019305019305019305,0.5242537296053364,vol
1.1564833762513935,1.540124947122249,1.3317311590888448,1.1182970230410905,1.7816471474395357,-0.6633501243984452,-0.12182522759405053,20,579,818,2410,Egypt,0.1524390243902439,2.175518306172271,vol
1.026405833525678,2.300403014743467,2.241221687957132,1.998115285283764,2.2644018040801397,-0.2662865187963757,-0.1380796431315644,20,522,12,2011,Algeria,0.059548254620123205,2.0010511797293455,tgt
0.20008079550109018,0.8312216135969607,4.154429771809017,0.49935572283905216,0.8230249685230007,-0.32366924568394856,-0.017741123614415277,20,230,32,1040,Argentina,0.2727272727272727,0.39007174238612324,tgt
0.3298789172479841,0.759558491157418,2.302537238493557,-0.021927311964013096,0.11726439603597608,-0.13919170799998917,-0.002627917147012816,20,407,32,1920,Argentina,0.8885245901639345,0.6431224131486813,tgt
0.17489420502971745,0.36963018241243933,2.113450141756458,-0.04918894524956219,-0.09072380231448848,0.04153485706492629,0.01055007974802055,20,247,32,2011,Argentina,0.9085365853658537,0.3409686927639492,tgt
0.23769768736682492,0.32196572941019,1.3545177194480615,-0.15254550968353486,-0.6091835154023826,0.4566380057188478,-0.026704397794637534,20,541,32,2013,Argentina,0.41304347826086957,0.46340854873212556,tgt
0.46784480740193857,0.5337317631370703,1.1408307940853695,-0.4240406649521392,-0.3411261420179432,-0.08291452293419602,-0.03431133032114348,20,669,32,2023,Argentina,0.6812339331619537,0.9120967293864047,tgt
0.2858304573202183,2.445666136936472,8.556352461055512,2.3041550185231965,2.087781103483652,0.2163739150395446,-0.0003420088052200116,20,295,32,2100,Argentina,0.02127659574468085,0.5572468073944282,tgt
0.13575305879705313,0.6232848262473313,4.591313313824656,-0.4939607585447554,-0.6442828680764838,0.1503221095317284,0.0031753045930827646,20,227,32,2220,Argentina,0.31092436974789917,0.2646602441108538,tgt
0.7932981439599854,0.8903799450004304,1.122377446335412,0.30177516688160333,1.0426525520483394,-0.740877385166736,0.5168506086756838,20,267,32,2410,Argentina,0.2907949790794979,1.5465911581927068,tgt
0.23654345952408812,0.8094296589400927,3.4219067420786806,0.7596911706609424,0.6099114462373783,0.1497797244235642,-0.009201355137973832,20,139,32,2420,Argentina,0.4148471615720524,0.46115829945358117,tgt
0.14894379736230468,0.5358919740604926,3.597947571841071,-0.25688707390727616,-0.2973607819823796,0.04047370807510341,-0.007109683724041274,20,209,32,2599,Argentina,0.6060606060606061,0.29037652718850415,tgt
0.4551033297544951,1.087658579865676,2.389915671354046,-0.2551373139080755,-0.022696350615285382,-0.2324409632927901,-0.13725632799376372,20,793,32,2610,Argentina,0.9790575916230366,0.8872563124235231,tgt
0.1383079228183268,0.7114091366914845,5.143661492378495,0.5906773121862117,0.5858786414258187,0.004798670760392963,-0.005999329592375005,20,168,32,2620,Argentina,0.35,0.26964113324537553,tgt
0.08713447695965668,0.39575691716170625,4.541909597333579,0.2599430172914984,0.44773985664389626,-0.1877968393523979,-0.003994388409872621,20,581,32,2651,Argentina,0.375,0.1698748606253497,tgt
0.29567329428204325,0.6804657362882789,2.301410879669036,0.3451997464351226,0.1788678404951868,0.16633190593993577,-0.04942083535205593,20,556,32,2710,Argentina,0.8137931034482758,0.5764361181631406,tgt
0.7299160434941198,0.744871046960065,1.0204886624965186,0.40135368095072277,0.2422084188124984,0.15914526213822436,-0.049438238110585786,20,308,32,2750,Argentina,0.7654584221748401,1.423023245025959,tgt
0.14040841801918813,0.3569846696107679,2.542473411829073,-0.07854349324301435,-0.0749879644413788,-0.0035555288016355566,-0.025021844068732726,20,328,32,2790,Argentina,0.9186991869918699,0.2737361980456812,tgt
0.17167054793374717,0.3196819264613912,1.8621827116481628,-0.18874221901348687,-0.10939153634063317,-0.0793506826728537,0.004230056458759987,20,279,32,2813,Argentina,0.8930817610062893,0.334683943959691,tgt
0.13302122026635887,0.601768629764103,4.5238543787159236,-0.09315070945778059,-0.2804420637705224,0.1872913543127418,0.025476106104808813,20,390,32,2814,Argentina,0.6173913043478261,0.25933433058218813,tgt
0.12561818490727053,1.8375136720489136,14.627768052892492,1.7132458368958399,1.4885082403764611,0.22473759651937866,0.0019205675837933311,20,360,32,2819,Argentina,0.05660377358490566,0.24490158657877908,tgt
0.2871371257194076,0.6531364911594592,2.274650098008255,-0.540087367224775,-0.6475697250368269,0.10748235781205182,-0.03918068873225399,20,793,32,2821,Argentina,0.41134751773049644,0.5597942503807286,tgt
0.4210687564938017,0.9436140177966706,2.2409974695203037,-0.8332008158251835,-0.754337682279362,-0.07886313354582146,-0.019540065269294506,20,871,32,2824,Argentina,0.3956043956043956,0.8209034910049653,tgt
0.26241331778634797,1.105025176382786,4.211010270761017,-0.8029564353316574,-0.9943919387844398,0.19143550345278232,0.003048741796075,20,756,32,2829,Argentina,0.22093023255813954,0.511593428234278,tgt
2.281981643064564,2.4264328795936603,1.063300788140919,-1.8444122045652467,-1.2589259108043143,-0.5854862937609324,-1.5227854043485378,20,348,32,2910,Argentina,0.23790322580645162,4.4488855283389395,tgt
0.1555733786369973,0.5583691277450842,3.589104592553324,0.4695194448646731,0.6066562181206003,-0.13713677325592719,-0.006680574113537558,20,407,32,2930,Argentina,0.3382352941176471,0.3033013674393301,tgt
0.40599368535941094,0.770917419643778,1.8988409116789928,-0.6457224750324927,-0.3955108131279484,-0.2502116619045443,-0.10975672942652609,20,687,32,3250,Argentina,0.6101694915254238,0.7915135675529941,tgt
1.1241625679435452,2.7474214651411994,2.4439716669868456,2.6898889541625977,0.6395000149956447,2.050388939166953,0.8851199583573774,20,23,50,1410,Bangladesh,0.5051124744376279,2.19163488682055,tgt
0.28460236024794194,0.5884847568292597,2.0677437682406405,-0.45305474859155037,-0.7535669986158997,0.30051225002434934,0.07501483377990993,20,85,50,1512,Bangladesh,0.3475177304964539,0.5548525447986484,tgt
0.24907121979296193,0.13705558926883077,0.5502666642206069,-0.09820902423804512,-0.01743412688842272,-0.0807748973496224,0.10115561741919944,20,201,50,2220,Bangladesh,0.987603305785124,0.48558205918542724,tgt
0.8744064785235592,1.9762010980714382,2.260048554773137,1.7478573262404073,-1.575359987618357,3.3232173138587644,-0.03852448769295589,20,254,50,3100,Bangladesh,0.13250517598343686,1.7047176255831138,tgt
0.11562490014043833,0.805379619066584,6.965451369803283,0.6650973510288418,0.6658125535209979,-0.0007152024921560913,-0.00238251404351261,20,364,68,1030,Bolivia,0.2268041237113402,0.2254189671129958,tgt
0.48121362852971616,0.7105512113313728,1.4765816452505032,-0.23133928765040224,-0.2355140031918748,0.004174715541472544,0.029048562277021652,20,649,68,1079,Bolivia,0.7709923664122137,0.938160197086543,tgt
0.2066620436793878,0.7875511952220866,3.810816835063728,0.09050728894625082,-0.045267623837049714,0.13577491278330053,-0.014255143734106484,20,391,68,1101,Bolivia,0.9593908629441624,0.40290235382764,tgt
0.24463852424705565,0.8514996647243634,3.4806442171979857,0.2514446682169511,0.2530825126363464,-0.0016378444193952907,-0.027449259616823814,20,210,68,1392,Bolivia,0.7100840336134454,0.4769402039252633,tgt
0.3730583622178584,0.9675054148293172,2.593442508773772,0.7836484632446281,0.7545237608858092,0.029124702358818956,-0.020258576358004786,20,371,68,1410,Bolivia,0.37425149700598803,0.727303812430317,tgt
0.13056376516862772,0.22717510890821493,1.7399552518634114,-0.01143467217699623,-0.037152405754723804,0.025717733577727574,0.010880485401364236,20,366,68,1430,Bolivia,0.9642857142857143,0.2545433470727167,tgt
0.6201798335542946,1.8812122636662196,3.0333334976161006,-0.4340651291785198,-0.38201969838895616,-0.05204543078956365,-0.022656967521117514,20,264,68,1520,Bolivia,0.6518847006651884,1.2090846983159935,tgt
0.41255089293250735,0.47806090535434537,1.1587925600067852,-0.07431789868492888,0.09558040797396189,-0.16989830665889077,0.0025482944457747066,20,544,68,2011,Bolivia,0.9,0.8042973101246856,tgt
0.6465563770006459,0.9040255359217357,1.3982161000645927,-0.21293642624518938,-0.13610789252223293,-0.07682853372295645,-0.27245998118851167,20,293,68,2220,Bolivia,0.8835164835164835,1.2605076459031122,tgt
0.3360074072851587,1.7180452115925129,5.113117075227044,1.6317462254760917,1.6469504562325858,-0.015204230756494052,0.028614188981780034,20,283,68,2620,Bolivia,0.07096774193548387,0.6550703403898226,tgt
0.19712496339320787,1.1986270430590253,6.080544150403252,0.36064981327144263,-0.08243829925907192,0.44308811253051456,-0.023079280439752544,20,340,68,2640,Bolivia,0.9243243243243243,0.38430913744627926,tgt
0.8109717523323358,1.249561653787107,1.54082019526993,-0.818781031058958,-0.8277982971141666,0.009017266055208615,-0.0075774247241087575,8,8,68,3240,Bolivia,0.3862212943632568,1.5810471148215632,tgt
0.31296995550417694,1.8640139414721113,5.955887805490115,-0.1296311417339342,-0.07161538860655962,-0.05801575312737457,-0.017413952049156987,20,173,68,3290,Bolivia,0.9191919191919192,0.6101571895107574,tgt
0.25683626467293486,0.635900827180327,2.4758996864796625,-0.5846985818955455,-0.4752764573898576,-0.10942212450568792,-0.03442212054028104,20,66,76,2011,Brazil,0.5060240963855421,0.5007205664991938,tgt
0.26194419867244945,1.1078418877313956,4.22930491816964,-1.0139745692350348,-1.7121981058293652,0.6982235365943303,-0.18799628537712587,20,202,76,2013,Brazil,0.06201550387596899,0.5106788471537362,tgt
0.36771596484907126,0.29897069195865983,0.8130478971218237,-0.07890665005775965,0.1809318529443396,-0.25983850300209926,-0.2086960925103518,20,483,76,2023,Brazil,0.8187311178247734,0.7168884287602213,tgt
1.0439274672508176,0.7835969501273562,0.7506239415186174,-0.42435394073510135,-0.35018966754637576,-0.07416427318872561,-0.2612464007918041,20,564,76,2030,Brazil,0.6885245901639344,2.0352108509736526,tgt
0.25071310827523685,0.3318385273226109,1.3235786896244501,-0.28395501973617776,-0.5525671988759668,0.26861217913978913,-0.17045329028897152,20,165,76,2100,Brazil,0.44672131147540983,0.48878303756758884,tgt
0.35438792546135484,0.5846717452539998,1.6498071837319324,-0.5552850997984677,-0.5723307572120081,0.01704565741354035,-0.19599605422955416,20,108,76,2220,Brazil,0.4754601226993865,0.6909044679630987,tgt
0.2851293033543451,0.2741286214006961,0.961418620169047,-0.12479281636798056,0.2102603560931221,-0.33505317246110267,-0.028955165661123286,20,35,76,2410,Brazil,0.7659574468085106,0.5558798578655436,tgt
0.2678098494880416,0.3231598179772175,1.2066763735351242,-0.21152044958017546,-0.5260830946920987,0.31456264511192317,-0.15235364659555686,20,96,76,2420,Brazil,0.4752851711026616,0.5221143506368986,tgt
0.22620157260968238,0.20343857164092147,0.8993685114292324,0.04444177584076181,-0.07293888158358836,0.11738065742435017,-0.10227008305352193,20,109,76,2599,Brazil,0.9333333333333333,0.44099605530536395,tgt
0.25880411557258776,0.18998010309024016,0.734069095732582,0.0885836690670792,0.20649517965124717,-0.11791151058416798,-0.11029744241671753,20,409,76,2610,Brazil,0.7747035573122529,0.5045570317994306,tgt
0.5749629787256703,1.2328615253423596,2.1442450574380194,-1.209327655922146,-0.9885626268299107,-0.22076502909223525,-0.46503870870310515,20,83,76,2620,Brazil,0.30045871559633025,1.1209312235956983,tgt
0.20476268036791936,0.5666606439078691,2.767401964506854,-0.5137129553391218,-0.6099749508999586,0.09626199556083685,-0.005777305353771089,20,69,76,2630,Brazil,0.39593908629441626,0.3991994099520258,tgt
0.3987898820817999,1.2910310228290318,3.2373715604053745,-1.2498373079065184,-0.516465163003086,-0.7333721449034324,-0.28543705736235114,20,280,76,2651,Brazil,0.5426136363636364,0.7774692406636136,tgt
0.49235245935522076,0.7076756658357217,1.4373354949064048,-0.6625346478369437,-0.2709698136011012,-0.39156483423584254,-0.3139673517161634,20,454,76,2660,Brazil,0.7375,0.9598761400753101,tgt
0.21798449646077347,0.25125872877660715,1.1526449488659916,-0.0705400534757481,0.23828688643694707,-0.30882693991269516,-0.023790813459591262,20,116,76,2710,Brazil,0.7246376811594203,0.42497628088025236,tgt
0.37520828711125725,1.4644225646094062,3.9029590094719144,1.4532176976833848,1.339452072722329,0.11376562496105597,-0.27880054279446204,20,172,76,2790,Brazil,0.1582089552238806,0.7314952439321117,tgt
0.22586286296127703,0.44225348302813466,1.9580619727819382,-0.4226651472634386,0.12102694862736518,-0.5436920958908038,-0.04955210245961386,20,151,76,2813,Brazil,0.8947368421052632,0.4403357167537025,tgt
0.48970339269921337,0.5548973524831341,1.1331294835932744,-0.4708255032587598,-0.060091147140391044,-0.4107343561183688,-0.31230267088992814,20,360,76,2816,Brazil,0.949874686716792,0.9547115962038311,tgt
0.25737648413340913,0.4239767853565773,1.6473019545049508,-0.27409614479325484,0.0016409081305065465,-0.2757370529237614,-0.15993220589595486,20,168,76,2819,Brazil,1.0,0.5017737627626849,tgt
0.2778718679266585,1.14555164907124,4.122589514436189,0.9775270071389667,1.014230993523738,-0.03670398638477117,-0.02976520714492353,20,486,76,2821,Brazil,0.22545454545454546,0.541730971284787,tgt
0.7303965939700706,0.4521570651443789,0.6190569190454178,-0.08375054569139484,0.19815295921254822,-0.28190350490394306,-0.4933330313051401,20,340,76,2822,Brazil,0.8017057569296375,1.4239601123599235,tgt
0.33445992347585524,0.2580143693832643,0.7714358321375697,0.23995835150311828,0.006410723486281855,0.23354762801683643,-0.2071733148712226,20,134,76,2824,Brazil,0.9902597402597403,0.6520534106325334,tgt
0.3014898092911124,0.5800357366885752,1.923898317002498,0.5070357743736349,0.5787123511136095,-0.07167657673997462,-0.00597024076042372,20,462,76,2829,Brazil,0.46048109965635736,0.5877758278965032,tgt
1.8836628188930868,3.4512989759923616,1.8322275841386932,-3.351141283876499,-2.9321627894342495,-0.4189784944422494,-1.3099158364657983,20,220,76,2910,Brazil,0.03225806451612903,3.6723346485774013,tgt
0.1007394259030752,0.3700172647342466,3.673013434583722,-0.32139839468359543,-0.4286899070723789,0.10729151238878348,-0.015625137328334884,20,111,76,2930,Brazil,0.38271604938271603,0.19639867629762695,tgt
0.5700247301670631,0.5415826412182186,0.9501037631463662,0.3676980240531509,0.2062067910637155,0.16149123298943538,0.030543780651041515,20,517,100,2011,Bulgaria,0.802784222737819,1.111303756777769,tgt
1.1430945094706226,0.6270592142529445,0.5485628782727172,-0.3912532837960062,-3.1094162325957817,2.7181629487997756,-0.03294512267617449,20,863,100,2013,Bulgaria,0.028455284552845527,2.2285440534385876,tgt
0.3505548821255294,1.0038149854847864,2.8635030823086147,0.884372078262416,1.9188314739318049,-1.0344593956693888,-0.011982146951476723,20,351,100,2100,Bulgaria,0.04375,0.6834316773391789,tgt
2.588160925215794,2.636496030111217,1.0186754635017112,1.988269934183777,2.1344201841032913,-0.14615024991951414,-0.08974677944433868,20,813,100,2410,Bulgaria,0.07258064516129033,5.045803817133987,tgt
0.5986393484470117,0.4665727951285204,0.779388786151298,0.053459554766553286,0.11349724409484668,-0.060037689328293405,-0.03334508401308899,20,571,100,2420,Bulgaria,0.903370786516854,1.1670899904451204,tgt
0.32389041955340897,0.31688817467804636,0.9783808212511579,0.23961158590164078,0.352073254565246,-0.11246166866360524,-0.020725907957587844,20,252,100,2599,Bulgaria,0.6336633663366337,0.6314474109369599,tgt
0.48912610373903204,0.8482205212884465,1.734155087623386,-0.6753364591083733,-0.8528835059303104,0.17754704682193717,0.002992890002418132,20,242,100,2640,Bulgaria,0.3433583959899749,0.9535861303139428,tgt
0.23611475993852482,0.39947711574019307,1.6918769324044016,0.19171945044171101,0.15294326361856952,0.03877618682314149,0.006688761366704579,20,430,100,2651,Bulgaria,0.8646288209606987,0.46032251911853156,tgt
0.2072580408887169,0.6950273903391875,3.3534399310102936,0.6736475533392032,0.02767785407534329,0.6459696992638599,0.0006003323531636715,20,320,100,2710,Bulgaria,0.9747474747474747,0.4040642927799419,tgt
0.2777209735883924,0.822646155794268,2.962131902264984,-0.7120837929773498,-0.49964328347967824,-0.21244050949767157,0.011636243948409635,20,258,100,2790,Bulgaria,0.509090909090909,0.5414367920393662,tgt
0.18392047262024033,0.36862648798636394,2.004271100083052,-0.3038403016904847,0.05947928101279648,-0.3633195827032812,0.01277775808501892,20,520,100,2816,Bulgaria,0.9470588235294117,0.35856604346150517,tgt
0.3713493245054063,0.6752981675670771,1.8184984406973002,0.15988973267408424,0.21408874676972192,-0.05419901409563769,-0.000754637858925307,20,744,100,2829,Bulgaria,0.7754491017964071,0.7239719218476642,tgt
0.17577376801196015,0.4203599697452755,2.3914829527729817,-0.046646432270168514,0.04848337586700793,-0.09512980813717645,-0.0012282086644364637,20,545,100,2930,Bulgaria,0.9451219512195121,0.34268346336031,tgt
0.6063386860535265,0.5883951040238447,0.970406668018379,0.41735283157934155,-0.41882879518058025,0.8361816267599218,0.09821803014234343,20,458,152,2410,Chile,0.6157303370786517,1.1821003967555843,tgt
0.1265068536126907,1.092569849766516,8.636447896423798,0.9968329351398957,0.9805074282042505,0.016325506935645127,0.0027596036176114665,20,240,152,2599,Chile,0.1388888888888889,0.2466341094301558,tgt
0.2640106852586089,0.8826628567868651,3.3432845944180705,-0.6628506159266363,-0.6483765481827835,-0.014474067743852846,-0.006272270476692387,20,734,152,2610,Chile,0.3923076923076923,0.5147076097406801,tgt
0.3949264138252538,0.7369324416450526,1.8659993756992128,0.6187358178328211,0.6915541097003303,-0.07281829186750924,0.23249741362147808,20,153,152,2620,Chile,0.42120343839541546,0.7699371344926532,tgt
0.10482561887866555,0.38544946835059996,3.677054068211639,0.12288284828497509,0.11544891620621116,0.007433932078763928,0.00511402714069969,20,470,152,2710,Chile,0.8588235294117647,0.20436500015056155,tgt
0.1810060912903218,0.6322362548091528,3.4929004339146115,0.5739248265920791,0.5366543906042814,0.037270435987797626,0.005659902533669053,20,319,152,2790,Chile,0.4117647058823529,0.35288424976165594,tgt
0.3875002976289751,0.42128226122152096,1.0871791939238495,0.053363175024921716,0.0651260672504067,-0.011762892225484992,-0.035766139908292915,20,372,152,2817,Chile,0.936231884057971,0.7554593927554235,tgt
0.1599795371409822,0.26221445628282286,1.6390499745710978,0.01167488263948191,-0.09696093017895711,0.10863581281843902,7.822053643323879e-05,20,419,170,1040,Colombia,0.9090909090909091,0.3118914868487137,tgt
0.15410345832570585,0.36046820629948195,2.339131192874421,-0.17720610696002698,-0.09881071045479649,-0.07839539650523049,0.009364787374483879,20,511,170,1101,Colombia,0.9029850746268657,0.3004356532384333,tgt
0.1459703230989396,0.8425475851831786,5.772047134622663,-0.715988581855727,-0.658262808685554,-0.05772577317017305,-0.011982174054326545,20,405,170,1102,Colombia,0.2992125984251969,0.28457952761167676,tgt
1.6332983967222825,3.106655730824646,1.9020748058402004,-2.929529826730859,-1.5013627834263719,-1.428167043304487,-0.6997204834789972,20,342,170,1311,Colombia,0.17338709677419356,3.184231399372115,tgt
0.2343585034373879,0.8617488653975948,3.6770539697008386,-0.561382246029194,-0.561988426005858,0.0006061799766640226,0.003756285029502421,20,311,170,1312,Colombia,0.43612334801762115,0.45689857214871005,tgt
0.48448560709196686,0.48141469403359205,0.9936614978578882,-0.36860288039771394,-0.3980848247009207,0.02948194430320675,-0.011891843169965883,20,299,170,1394,Colombia,0.6278481012658228,0.9445391520263748,tgt
0.12254661402429415,0.5365072116841595,4.377984785265467,-0.4032836146547225,-0.4983374827332882,0.09505386807856568,0.021944781863551442,20,276,170,1399,Colombia,0.34615384615384615,0.23891334066450015,tgt
0.05850023201824292,0.4050082952325843,6.923191263690802,-0.35282414441798515,-0.21979838633364812,-0.13302575808433703,0.0008559358393261233,20,100,170,1410,Colombia,0.72,0.11405036338544625,tgt
0.36641765089606915,1.0212544282220324,2.787132185702761,0.9912676192720351,1.2403218368608382,-0.24905421758880303,-0.008097331121361013,20,518,170,1701,Colombia,0.1661631419939577,0.7143572733610066,tgt
0.13083544075911246,0.4754936478897409,3.6342878132324676,0.26172150668875105,0.4096635701035759,-0.14794206341482488,-0.000917695155645528,20,310,170,2011,Colombia,0.46017699115044247,0.2550729979603931,tgt
1.4719906090641945,2.489728270673855,1.6914022788886394,-1.6296404945858372,1.4226318353539311,-3.0522723299397683,0.10807994750167368,20,699,170,2012,Colombia,0.18951612903225806,2.8697503936631072,tgt
0.31275581214577675,0.3222878951795042,1.0304777166835974,0.20423133749892575,0.4119087489927751,-0.2076774114938493,0.001049930099207407,20,319,170,2021,Colombia,0.5622895622895623,0.6097397018017428,tgt
0.7369707723260824,1.0154814954098257,1.37791284748605,0.9760635858486986,0.5125083442212262,0.46355524162747236,0.010210797203347081,20,518,170,2030,Colombia,0.5732484076433121,1.4367769406800244,tgt
0.5564191605743659,0.6260114280282665,1.1250716588948224,-0.43518177673441893,-0.47568209944946693,0.04050032271504802,0.059619572809573994,20,459,170,2219,Colombia,0.5864485981308412,1.0847787311055768,tgt
0.12844537052351065,0.2497924952796819,1.9447372393539077,-0.08001337216217141,0.5651198262934348,-0.6451331984556062,6.368922124440472e-05,20,111,170,2220,Colombia,0.33636363636363636,0.250413386032664,tgt
0.15697648307698844,0.6267559513427625,3.9926741831473747,-0.6156903398818749,-0.5992085167200663,-0.01648182316180863,0.016541057102238552,20,139,170,2310,Colombia,0.3381294964028777,0.3060368193465776,tgt
0.5059561115652168,1.1358340154643523,2.244925971840831,-0.7878754317672905,-0.45641189031299517,-0.3314635414542953,-0.0011182406080487907,20,397,170,2410,Colombia,0.6014669926650367,0.9863974276735448,tgt
0.14524590619193167,0.856445835621307,5.896523062685,-0.7874203500885864,-1.0730823612080829,0.2856620111194965,0.008077902290446753,20,216,170,2593,Colombia,0.14173228346456693,0.283167225324379,tgt
0.11892381486845362,0.37787175809884227,3.17742714961525,-0.2206703621322652,-0.2299840651711019,0.009313703038836699,0.0078877448264337,20,177,170,2599,Colombia,0.6633663366336634,0.23185043602392963,tgt
0.5019350157497406,0.9499184962636616,1.8925129079603418,0.7470899943921965,0.6336981387985107,0.11339185559368581,0.07397553849609184,20,418,170,2710,Colombia,0.48655256723716384,0.9785580153645518,tgt
0.3049298970555106,0.7496378454496662,2.458394052824539,0.6015880453339122,0.5901727107260377,0.011415334607874425,0.016330678657756174,20,279,170,2790,Colombia,0.4520547945205479,0.5944825236833693,tgt
0.19652308404459906,0.23674599727404103,1.2046727152944219,0.013119539573787753,0.15534982337798814,-0.14223028380420039,0.0072686367860153945,20,421,170,2813,Colombia,0.8486486486486486,0.3831357308450606,tgt
0.33247702909882454,0.4634538016011278,1.3939423209396282,-0.31044830413039787,-0.23155141550621466,-0.07889688862418322,0.0060693176998022754,20,550,170,2816,Colombia,0.7516339869281046,0.6481876170031204,tgt
0.10910260909027941,0.4699997175459863,4.307868725275621,0.3727951528213207,0.36021844949049403,0.012576703330826665,3.087264507649724e-05,20,350,170,2819,Colombia,0.4606741573033708,0.21270329678634997,tgt
0.2662473737413961,0.3255713665583387,1.222815316385293,0.08655796023159257,0.0904142538538907,-0.003856293622298126,-0.0030163463896045284,20,714,170,2825,Colombia,0.9080459770114943,0.5190681930313991,tgt
0.31888865303264935,0.49980955288492146,1.5673481891930114,-0.23308125065069996,-0.10761393487334842,-0.12546731577735154,0.0027560607158588616,20,510,170,2910,Colombia,0.8933333333333333,0.6216961113338421,tgt
0.28466018019943223,0.4160095385330561,1.461425121847393,-0.10243840939087612,0.2641289588811019,-0.366567368271978,0.029425375706999383,20,533,191,2011,Croatia,0.7056737588652482,0.5549652689067569,tgt
0.4938994497947558,0.10781670735148864,0.21829687681630908,0.04405219163177421,-0.5199530237780824,0.5640052154098566,0.43972732850042995,20,176,191,2100,Croatia,0.5618811881188119,0.9628921079731427,tgt
0.2176380175614675,1.1083831627114256,5.092782847088675,0.7959554853764252,0.744140024390437,0.051815460985988236,0.00472885075888366,20,354,191,2220,Croatia,0.30917874396135264,0.42430079562134065,tgt
2.6496835768422886,1.8908643176611675,0.7136189144194229,-1.4178472204273755,-0.1966414601811326,-1.221205760246243,0.826666646108767,20,645,191,2410,Croatia,0.8064516129032258,5.165746602527554,tgt
0.9695702413978405,3.888443114206753,4.010481085517579,3.8069889860744466,3.6617868472009962,0.14520213887345043,0.13935184477429324,20,638,191,2420,Croatia,0.016494845360824743,1.8902461502144972,tgt
1.6118764215603372,0.7172895660801122,0.4450028280615692,0.025693394988323348,-0.30444622547319805,0.3301396204615214,-0.08230435873157825,20,272,191,2431,Croatia,0.7237903225806451,3.142467735069177,tgt
0.4237909460460336,0.4648812661358873,1.096958938064218,0.043581033079461706,-0.9319354721520512,0.9755165052315129,0.08880176742720482,20,301,191,2599,Croatia,0.2876712328767123,0.8262105931637961,tgt
0.7114670996767325,0.5666925617872678,0.7965126736636936,0.10352147295096958,0.2325847149535442,-0.12906324200257463,0.0002951071797336689,20,205,191,2630,Croatia,0.7773019271948608,1.38705571679813,tgt
1.0031452210949139,1.2537262653705725,1.2497953825689905,1.0643132029680284,1.5279512855721107,-0.4636380826040822,-0.015235319972528633,20,354,191,2640,Croatia,0.15195071868583163,1.9557029612903245,tgt
0.6421755265489757,0.4976993072618469,0.7750206706513125,-0.47032975858202697,0.10663858127489445,-0.5769683398569214,0.43828942883986194,20,647,191,2651,Croatia,0.9032967032967033,1.2519668663418535,tgt
0.5005580005828352,1.6787914190118758,3.3538399487314954,1.61582519007895,1.7430035793462004,-0.12717838926725036,0.008391155991394767,20,404,191,2710,Croatia,0.09535452322738386,0.97587342635089,tgt
0.9287951527296823,0.326812275032085,0.35186690420551847,-0.15390709918949996,-0.21362076840082098,0.05971366921132102,-0.0036956158760482346,20,354,191,2790,Croatia,0.7933884297520661,1.8107522145626345,tgt
0.6053130053776707,0.4683644987160164,0.7737558825847322,-0.2612263370607939,-1.4278897358482903,1.1666633987874964,0.02439267939376376,20,713,191,2816,Croatia,0.16179775280898875,1.1801007593223125,tgt
0.6007096197451189,0.5618020602554888,0.9352306701761517,-0.4069198532414364,-0.06159638012450219,-0.34532347311693423,0.08452442932209098,20,486,191,2829,Croatia,0.950561797752809,1.1711261315972095,tgt
0.7032148151749206,0.319362434483708,0.4541463399121767,-0.17514706882420583,0.28730199146595675,-0.4624490602901626,0.15758584513756183,20,649,191,2930,Croatia,0.7241379310344828,1.3709673011846972,tgt
2.062661381701132,1.7078349691829786,0.8279764116078431,0.21303091085752812,0.3375149069067641,-0.12448399604923602,-0.05924580560274979,20,685,191,3020,Croatia,0.6995967741935484,4.021305078769267,tgt
0.6074519397931359,0.5476574587869928,0.9015650834426411,0.2247849217436908,0.4415583463204247,-0.21677342457673385,-0.0478724462273548,20,474,218,1040,Ecuador,0.604494382022472,1.1842707641056331,tgt
1.5217539108331504,2.6158583014368677,1.7189759019608515,-1.2166464641595516,-2.682690450009111,1.466043985849559,0.047095361061042264,20,409,218,1311,Ecuador,0.04838709677419355,2.9667674900780265,tgt
0.027351913342134472,1.4492947846042832,52.98696169718063,-1.049515557556238,-1.0490607240960246,-0.0004548334602134598,-0.001636560113686645,20,389,218,1312,Ecuador,,0.05332450057608109,tgt
0.5543724346764994,2.042708012252344,3.684721469681936,1.5678048424015483,1.4957220722283533,0.07208277017319499,0.12764692774880657,20,329,218,1399,Ecuador,0.14719626168224298,1.080788493386019,tgt
0.22304227567180582,0.5958085452838693,2.6712807851753095,0.5501204709869423,0.6503475501267274,-0.10022707913978512,0.03477354752255027,20,288,218,1410,Ecuador,0.38461538461538464,0.4348367812071863,tgt
0.8414839760076313,1.539169962690051,1.829113811522054,1.3710428930364484,1.3275601590280073,0.043482734008441264,-0.12114084771311485,20,424,218,1709,Ecuador,0.21161825726141079,1.6405328651820108,tgt
0.4251258599956614,1.4673547639554916,3.4515772904769113,-1.3872210788786983,-1.3821389698613478,-0.005082109017350426,0.0031449260818431257,20,674,218,2011,Ecuador,0.16120218579234974,0.8288131028597554,tgt
1.123799003646833,1.2789620141104432,1.1380700729935618,1.2180012719961115,-1.1424922796861994,2.360493551682311,0.06545736481641388,20,779,218,2013,Ecuador,0.25971370143149286,2.1909260923641267,tgt
2.0167749396323864,1.2873339089358207,0.6383131224203298,-1.1875507693650298,0.059020916586116856,-1.2465716859511466,1.3665410170310026,20,742,218,2029,Ecuador,0.9556451612903226,3.9318461960972515,tgt
0.17503362829227587,0.5024215473498198,2.870428684200403,0.431757937620727,0.4995305689488425,-0.06777263132811552,0.022819726916142476,20,282,218,2220,Ecuador,0.4329268292682927,0.34124050833135094,tgt
0.714891885459917,0.9651902304399231,1.3501205567873802,-0.5418711946443342,-0.5790975704103835,0.037226375766049306,0.018202081723685468,20,849,218,2410,Ecuador,0.5287846481876333,1.3937325802842047,tgt
1.1000653756272034,0.48923500612083154,0.4447326649490206,0.4269785327597564,0.33722601285681797,0.0897525199029384,0.3484808758273179,20,177,218,2420,Ecuador,0.6973415132924335,2.1446556963894636,tgt
1.3455784429417983,0.9336236459322451,0.6938455731284543,-0.535420881040118,-1.0834772395941914,0.5480563585540733,-0.22386062766519219,20,408,218,2431,Ecuador,0.2834008097165992,2.6233008842303116,tgt
0.7019465709389183,0.39558111983107547,0.5635487602738043,0.05608312591256959,0.15857640485104052,-0.10249327893847093,0.28928472513571957,20,364,218,2593,Ecuador,0.8599137931034483,1.3684947688376041,tgt
0.22791176575804994,0.610739344508275,2.6797183659075903,0.2967552781080198,0.3767802307840202,-0.08002495267600034,0.022622333075614464,20,319,218,2599,Ecuador,0.5801886792452831,0.44433019849251915,tgt
0.3881907099213275,0.5077717753378908,1.308047210714543,-0.2907784187401763,-0.18229043439007087,-0.10848798435010541,0.054276888479898616,20,645,218,2651,Ecuador,0.8202898550724638,0.7568054006277344,tgt
0.17504480817291443,2.709863676175065,15.480971440742087,2.574356822780171,2.45735987903134,0.11699694374883089,0.019419073121005912,20,626,218,2710,Ecuador,0.012195121951219513,0.3412623043038701,tgt
1.3087302197539308,0.6286056638281053,0.4803172222509668,0.5056418718111777,0.728163954803276,-0.2225220829920983,0.12776088544904293,20,304,218,2750,Ecuador,0.45546558704453444,2.551462652146484,tgt
0.30975066471931445,0.42789934562224485,1.3814315653204254,0.07875853989539727,-0.2013323939491593,0.2800909338445566,0.012695110490146239,20,507,218,2819,Ecuador,0.7747440273037542,0.6038809531405753,tgt
0.5751766805859199,1.016320681083256,1.7669712896704233,0.35034928289790646,0.2820585035012134,0.06829077939669301,0.07456930144242845,20,683,218,2822,Ecuador,0.7270642201834863,1.121347850572665,tgt
0.45248045142115617,1.8495054756063776,4.087481502896817,-1.4334640005769503,-0.7683095217611206,-0.6651544788158298,-0.015009250018707142,20,858,218,2824,Ecuador,0.3910761154855643,0.882142824549837,tgt
1.043333676604072,1.144849658885253,1.0972996315153976,1.0241506923069932,0.9063066512527378,0.11784404105425542,0.01779779180649419,20,458,218,2826,Ecuador,0.35655737704918034,2.0340532138720575,tgt
0.6224375473027763,0.925262617646845,1.4865147863529569,-0.38400252438683596,-0.46334864088193517,0.0793461164950992,0.03178363958207327,20,826,218,2829,Ecuador,0.5951327433628318,1.2134862718576909,tgt
0.8189694665126206,1.8657077024809292,2.2781163141839524,1.6300853083992743,0.2264560447724302,1.4036292636268441,0.06539369962734702,20,289,218,2910,Ecuador,0.7828810020876826,1.5966392274858339,tgt
0.25873039573280004,0.3035039440812674,1.173050979269968,0.25896701032725655,0.10318557944590134,0.1557814308813552,0.020234446530873394,20,290,348,2011,Hungary,0.9051383399209486,0.5044133097281424,tgt
1.140990141194929,1.4798376499365975,1.296976719173754,1.330635448209608,0.8541440137087326,0.4764914345008755,0.16469350528428411,20,512,348,2013,Hungary,0.38085539714867617,2.2244414378034083,tgt
0.08890990932009199,1.0680091632555806,12.012262428595575,0.8338069317496307,0.7955132861371759,0.03829364561245481,0.006565955381612168,20,677,348,2029,Hungary,0.13432835820895522,0.17333619229683409,tgt
0.4482192390632805,2.227704119663225,4.970121595670089,1.729493873124651,1.6512825176656387,0.0782113554590123,0.05735074458537018,20,315,348,2100,Hungary,0.09762532981530343,0.8738352879621748,tgt
0.5890792229108451,0.4549478190559577,0.7723032851301433,-0.35705213206428443,0.2169903881669748,-0.5740425202312592,0.16897651382163084,20,611,348,2391,Hungary,0.7918552036199095,1.1484518457097241,tgt
0.24603713200308988,0.6463814611361826,2.6271703619438425,-0.17228853744835404,-0.17228162179547402,-6.9156528800290014e-06,0.014775576405632873,20,794,348,2410,Hungary,0.8291666666666667,0.47966688922729195,tgt
0.36989318923139924,1.3240038770549825,3.579422156450431,1.0154512162973777,1.1188339060782309,-0.10338268978085309,0.10278898848622096,20,669,348,2420,Hungary,0.20658682634730538,0.7211330825574699,tgt
0.3104320903361797,0.48107325589209954,1.5496891940879098,-0.1161881750793361,0.7615275277447668,-0.8777157028241029,0.016312193999410238,20,403,348,2431,Hungary,0.3547297297297297,0.6052094408498103,tgt
0.21015684203987378,0.640457011754572,3.047519202982009,0.41321882300016743,0.6978382068659699,-0.2846193838658025,0.021242878824608787,20,196,348,2599,Hungary,0.3448275862068966,0.4097157118130919,tgt
0.2616052109604131,1.5763188387286646,6.025563607627059,1.5286811244424503,0.9201980162206941,0.6084831082217562,0.026235783935152336,20,109,348,2640,Hungary,0.22957198443579765,0.5100179664972477,tgt
0.2111360542599674,0.4364560606263061,2.0671792042154338,-0.18852848440191838,-0.5592699899191091,0.37074150551719076,0.1156522815336051,20,179,348,2651,Hungary,0.43137254901960786,0.4116247556865986,tgt
0.4252590793439565,0.6979944738164773,1.641339380439019,0.4584171847415335,0.047961501401283635,0.41045568334024984,0.06743464484423517,20,135,348,2710,Hungary,0.9562841530054644,0.8290728234550223,tgt
0.5667957238298308,0.8894256669640317,1.569217320402834,0.882788946909038,-0.1088064955966469,0.9915954425056849,0.15632717945566335,20,110,348,2790,Hungary,0.9046511627906977,1.105008579247184,tgt
0.7979953145712149,0.8198647794235288,1.0274055053369142,-0.1789409130752233,-0.2814824928804589,0.1025415798052356,0.04536774025342328,20,219,348,2811,Hungary,0.7280334728033473,1.5557486264045781,tgt
0.21814817960164248,0.5859511842814755,2.6860237172341903,0.5514379424533837,0.48078094431879537,0.0706569981345884,0.0371482288487051,20,340,348,2816,Hungary,0.4782608695652174,0.42529539280600265,tgt
0.19466760207089667,0.5070442988434004,2.6046671015074105,0.44331979964963386,0.4379594678526582,0.005360331796975669,0.017860922018280278,20,151,348,2819,Hungary,0.5054347826086957,0.3795183367586592,tgt
0.3774436107491926,0.2415202020895852,0.6398841978280907,0.09979851093284164,0.08099993418334485,0.018798576749496792,0.06295715676510459,20,425,348,2829,Hungary,0.9109792284866469,0.7358531663607116,tgt
0.6341028706626937,0.30552305438427513,0.48181938376178063,0.12799940042577784,0.4321880373986097,-0.3041886369728319,0.19722344639260755,20,45,348,2910,Hungary,0.6087912087912087,1.236228649491209,tgt
0.16867857856659332,0.38396552667645556,2.276314692353589,0.09394220317053747,0.20958113659497532,-0.11563893342443785,0.004493757786836835,20,212,348,2930,Hungary,0.7302631578947368,0.3288508868624882,tgt
0.20661034382620908,0.493497869106811,2.388543864589462,0.3010874656786513,0.26505013418053164,0.03603733149811967,0.03693425483160866,20,579,348,3020,Hungary,0.700507614213198,0.4028015612865066,tgt
0.38215942163643274,0.3721515813107697,0.9738123940977073,0.13202559980351758,-1.6570885376081244,1.789114137411642,-0.04914093803258563,20,56,360,1040,Indonesia,0.07917888563049853,0.745046975116531,tgt
0.668571284320752,0.7572587077404496,1.1326521576675272,0.5250000816486846,0.6246923715047172,-0.09969228985603264,-0.02605389637597993,20,530,360,1072,Indonesia,0.49455337690631807,1.3034272736230847,tgt
0.08023494370408199,0.4830252934377984,6.020136254089803,-0.4677121773686007,-0.43774986170736085,-0.029962315661239834,-0.006036765896939961,20,165,360,1312,Indonesia,0.33962264150943394,0.15642372978636646,tgt
0.15864579785871158,0.3028366501459377,1.9088854179147001,-0.06940525782412776,0.25644845125294174,-0.3258537090770695,-0.018732263147017512,20,85,360,1392,Indonesia,0.6666666666666666,0.30929126725032013,tgt
0.0657994096902292,0.16919219891874285,2.571333082094,0.11946845992257771,0.2951600142458335,-0.1756915543232558,0.004367467894553153,20,25,360,1410,Indonesia,0.48484848484848486,0.12828062944055127,tgt
0.2539130863404712,0.519276594375196,2.0450958312518788,-0.39505132090715467,-0.4038477235563831,0.008796402649228416,-0.011758643535977291,20,168,360,1701,Indonesia,0.5428571428571428,0.49502162241716047,tgt
0.11952863228702422,0.42128145526960026,3.5245233481629463,0.3616081695407911,0.6278599606520539,-0.26625179111126274,-0.01356738423728448,20,177,360,2011,Indonesia,0.27450980392156865,0.23302957060152094,tgt
1.600395861085983,0.8751655901886252,0.5468431976540872,-0.5035262160970164,12.344094958758177,-12.847621174855194,-0.03128853619907599,20,446,360,2012,Indonesia,0.0020161290322580645,3.120085565823073,tgt
0.5102755338382842,1.1044805466598613,2.164478744163916,-0.8840714142086088,-1.4677655281489632,0.5836941139403544,0.008890325516628071,20,448,360,2013,Indonesia,0.15085158150851583,0.994818448631289,tgt
1.3465865928111638,0.6378574828336371,0.4736847123229051,0.40016870779913505,0.8630563323495011,-0.46288762455036603,-0.10119135319522554,20,529,360,2022,Indonesia,0.3765182186234818,2.6252663441093813,tgt
0.538566347199819,0.7922681971790331,1.4710688874236058,-0.24257452112843203,0.7401273695324442,-0.9827018906608762,-0.03988266878308759,20,283,360,2029,Indonesia,0.4218009478672986,1.0499734015782567,tgt
0.17646197995400278,0.34680422975124925,1.9653198374043435,0.2819022576463157,0.413376546497195,-0.13147428885087928,0.006507178674811603,20,249,360,2030,Indonesia,0.49390243902439024,0.34402518149318323,tgt
0.1725225821640576,0.7651171743275034,4.434881304987235,0.4507527663927906,0.5582797582327282,-0.10752699183993762,-0.019810359016130707,20,583,360,2100,Indonesia,0.39375,0.33634504529606585,tgt
0.4613921333010779,0.9896368124320128,2.1448931202002806,0.7946873763958305,0.8750779135215173,-0.08039053712568682,0.0005273163678324815,20,398,360,2410,Indonesia,0.32727272727272727,0.8995167822542033,tgt
0.20919503006017798,0.45080975705808957,2.1549735523277374,-0.22154202722336214,-0.19108849452666657,-0.030453532696695564,-0.026545022227705658,20,181,360,2420,Indonesia,0.7860696517412935,0.40784059094590336,tgt
0.07998672974335908,0.32169275285752663,4.021826544099151,0.2290944127806076,0.24764060599123067,-0.018546193210623067,0.0012701111145379982,20,112,360,2599,Indonesia,0.6226415094339622,0.1559398190147141,tgt
0.1760539305185017,0.5093223164617475,2.8929903181469854,0.5023501335109088,0.45072944905481044,0.051620684456098395,0.004628297379383558,20,36,360,2620,Indonesia,0.4634146341463415,0.3432296600945055,tgt
0.5179232199108613,1.4504766847043917,2.8005631509512745,1.218483322620701,0.6916664916207814,0.5268168309999196,-4.42445345174771e-05,20,48,360,2630,Indonesia,0.45410628019323673,1.009728156602417,tgt
0.7213213157208805,0.693295733162473,0.9611468814970494,-0.5466511185642835,-0.46713965542517527,-0.07951146313910823,-0.0073345873924215935,20,458,360,2660,Indonesia,0.5906183368869936,1.4062672118972144,tgt
0.9296162457441122,2.440866098795104,2.6256706570799118,2.3308252664640388,-0.1478424758762693,2.478667742340308,-0.32670106664652876,20,88,360,2750,Indonesia,0.8698347107438017,1.812352993797831,tgt
0.09304266012913348,0.6813002673805312,7.322450437626758,0.5153209151347662,0.5641104997612127,-0.048789584626446614,0.0003576070523260649,20,210,360,2819,Indonesia,0.2702702702702703,0.1813932839576961,tgt
0.46688434370504,1.2446193992070833,2.6657981060795373,0.8865266973161994,1.2075642630175718,-0.32103756570137243,-0.039442030180746664,20,737,360,2822,Indonesia,0.21391752577319587,0.9102242370924314,tgt
0.9650029191833255,2.4448847126282853,2.5335516235509137,2.2046555135082277,5.608578885348628,-3.4039233718403996,-0.15703847216025715,20,483,360,2910,Indonesia,0.004123711340206186,1.8813418306880136,tgt
0.09911288825721927,0.20701023465008628,2.0886308359095556,-0.0462534725588033,-0.01008730366021355,-0.03616616889858975,-0.020489496828364085,20,213,360,2930,Indonesia,0.9873417721518988,0.19322762546295455,tgt
2.4296015212456785,3.344994306614008,1.3767666332786126,-2.776279700879793,-2.1090366195791104,-0.6672430813006826,-0.3264109459063389,20,543,360,3011,Indonesia,0.07661290322580645,4.736680980914601,tgt
0.21584063087835176,0.951744765943253,4.409479170210814,0.8623914812336664,0.94778636063345,-0.08539487939978359,-0.008816242387832069,20,472,360,3030,Indonesia,0.2222222222222222,0.42079666243620073,tgt
0.1327634043500289,0.19494460691038382,1.4683610130726614,0.12269070584275066,0.39209246084864036,-0.2694017550058897,-0.02435458809504273,20,65,360,3230,Indonesia,0.4608695652173913,0.2588317001151018,tgt
0.42840183624449335,1.1419940637585497,2.6657076770950203,1.0743782965123032,1.401420306449792,-0.32704200993748883,0.013877261294766125,20,524,404,1061,Kenya,0.15258855585831063,0.8351998515739291,tgt
0.20460555279631767,2.2868495088037952,11.176869237172296,1.4659425050740544,1.462192264488685,0.0037502405853695672,0.04379987796313279,20,391,404,2599,Kenya,0.1218274111675127,0.39889307857485357,tgt
2.0407230100329,0.4684560658447949,0.22955396863842023,0.20626139640808105,-1.234050036848662,1.440311433256743,1.9556120092218572,20,92,458,1040,Malaysia,0.2439516129032258,3.9785346627465312,tgt
0.7494072357576184,0.5853246760274177,0.7810502062148889,0.3885781764984131,0.06487359979658824,0.32370457670182484,0.6804718971252441,20,148,458,2011,Malaysia,0.9472573839662447,1.4610227107336229,tgt
0.051738388220616376,0.8262838968259131,15.970422064610448,0.636665905643131,0.6433229861231357,-0.006657080480004721,0.0005828382091304071,20,467,458,2013,Malaysia,0.22727272727272727,0.1008676679384531,tgt
0.720916684928897,0.8576731416636844,1.1896980047677428,0.8315058350563049,0.0999880614152614,0.7315177736410435,0.6164402528242632,20,300,458,2029,Malaysia,0.908315565031983,1.405478355387239,tgt
0.5772182948667001,0.6424492318966704,1.113009129492395,0.5971251673652715,0.4804177329910363,0.11670743437423525,0.062375520626947865,20,307,458,2100,Malaysia,0.589041095890411,1.1253281228311287,tgt
0.11940446952265397,0.30239886416645106,2.5325590019817352,0.2689218406045435,0.1902567348702504,0.07866510573429308,0.01932996408524914,20,72,458,2220,Malaysia,0.7156862745098039,0.23278750646080176,tgt
0.27839845208098607,1.6060663323902231,5.76894849948023,1.2302307659446625,1.4336432557833014,-0.20341248983863885,-0.020947117510258965,20,435,458,2392,Malaysia,0.11594202898550725,0.5427575845490787,tgt
0.5058894572480418,0.7299536267392428,1.4429113243633787,-0.5883766572490361,-1.8751951189275398,1.2868184616785037,0.038938682146168045,20,588,458,2399,Malaysia,0.08312958435207823,0.9862674803411539,tgt
0.7330964057546606,1.2130098856965281,1.6546389754125683,1.0899757493451312,0.8887015344358827,0.20127421490924846,0.08874298134790312,20,353,458,2410,Malaysia,0.35319148936170214,1.4292235874690271,tgt
0.14846442104878152,0.140959506898363,0.949449746293406,0.1263484264554866,0.10575763041126568,0.02059079604422093,0.04514034771077859,20,82,458,2599,Malaysia,0.8939393939393939,0.28944194896770936,tgt
0.39016538393480754,0.35087724940437437,0.8993038948401486,0.13028873908466787,-0.01765296960072063,0.1479417086853885,0.03789976861187567,20,54,458,2640,Malaysia,0.9798270893371758,0.7606551680736989,tgt
0.34982712890853096,0.9611136515182149,2.7473959910339505,0.9509001757691058,0.4639299970281759,0.4869701787409299,0.21570294974837664,20,65,458,2651,Malaysia,0.542319749216301,0.6820128706782461,tgt
0.9006765705251609,1.8033840858907009,2.002254910260622,1.7911625101744542,0.6454454822016986,1.1457170279727555,0.8320472378875895,20,216,458,2660,Malaysia,0.5,1.755933038506903,tgt
1.3534350519799418,1.2968005135093834,0.9581549640023674,1.2865434885025024,-0.05766421472660421,1.3442077032291067,1.3354721936312588,20,89,458,2710,Malaysia,0.9554655870445344,2.638617902383303,tgt
0.25367894960883275,1.2866584143338848,5.07199519833192,1.1888160441341664,1.0591705537442613,0.1296454903899052,0.055535006506282736,20,98,458,2720,Malaysia,0.18775510204081633,0.49456515620490815,tgt
0.14614491510810385,0.16628250561790914,1.1377919340875422,0.11046094306306031,0.06527149503965687,0.045189448023403446,0.0190901870247107,20,27,458,2750,Malaysia,0.952755905511811,0.2849199071521061,tgt
0.33017716578953876,0.6363440178732147,1.9272805142401415,0.505121972068004,0.7012172316323151,-0.1960952595643111,0.07223799355358893,20,130,458,2819,Malaysia,0.38688524590163936,0.6437038698945773,tgt
0.10024927650313771,0.8060155812225069,8.040113697950522,0.14569053611955018,0.13898738476022246,0.006703151359327729,0.0005979214725006459,20,520,458,2910,Malaysia,0.8125,0.19544309517858802,tgt
0.7616532388270956,0.8061137793166554,1.05837372996408,0.7772850394248962,-0.11973405566900597,0.8970190950939022,0.6751535589044745,20,277,458,2930,Malaysia,0.8989473684210526,1.4848971647641236,tgt
1.0470640319180313,1.8572734686452943,1.7737916803837739,-1.8412093594670296,-0.9750442672504237,-0.8661650922166059,-0.9519780765880238,20,302,484,1311,Mexico,0.32172131147540983,2.041325806893248,tgt
0.9056076690100704,0.6527343512581293,0.7207694607662061,-0.6457840800285339,-0.004502819068907038,-0.6412812609596269,-0.8914981321855024,20,98,484,1312,Mexico,0.9917355371900827,1.7655465657475806,tgt
0.6670524183487105,1.9001196122622066,2.848531179852336,-1.8166245706016748,-0.44686191290342414,-1.3697626576982507,-0.2512247330419509,20,140,484,1391,Mexico,0.6056644880174292,1.3004661363750976,tgt
1.4715466026210051,2.120849332510113,1.4412383058291325,-2.106795310974121,0.4066438011925344,-2.5134391121666555,-1.3718577298251065,17,17,484,1410,Mexico,0.6431451612903226,2.8688847715203534,tgt
0.828861267932499,2.648475392240774,3.1953180763858073,-2.3729319527498483,-1.1326064750859244,-1.2403254776639239,-0.4361508131170455,20,510,484,1920,Mexico,0.2604166666666667,1.6159239979483169,tgt
0.3711843997891119,0.4969275764155261,1.3387620188182885,-0.44960527575250264,0.1585278271323649,-0.6081331028848675,-0.21697115221087204,20,60,484,2011,Mexico,0.844311377245509,0.72365038938231,tgt
0.5069588273618851,0.511081252652621,1.0081316767126598,-0.48136638357152717,-0.19539498800924282,-0.28597139556228435,-0.33111234740421724,20,71,484,2013,Mexico,0.8019559902200489,0.9883522934413709,tgt
0.4730383889632052,0.2961315708762868,0.6260201661969576,0.07865508744679639,0.5295043936871321,-0.4508493062403357,-0.25824607374940206,20,32,484,2410,Mexico,0.5498721227621484,0.9222219860546125,tgt
0.3013650086136955,0.8435310311181115,2.799034416763995,-0.7544037447940983,-0.18855186950811575,-0.5658518752859826,-0.23299978457172063,20,25,484,2599,Mexico,0.7903780068728522,0.5875325200989253,tgt
0.6180883801783064,1.0252404415896799,1.6587279011683056,-1.0202985272715686,0.3502333912919504,-1.370531918563519,-0.5739511084615737,11,11,484,2813,Mexico,0.6822222222222222,1.2050072611964144,tgt
0.40369304915775966,0.40328214343460855,0.9989821332717806,-0.3611398223155129,0.13716373302154455,-0.49830355533705745,-0.23145795182126472,20,122,484,2824,Mexico,0.8753541076487252,0.7870283136358093,tgt
0.8719706117905085,0.6827471432988704,0.7829932959516999,-0.5849819108843803,0.7016814365120823,-1.2866633473964626,-0.8315492976795543,20,35,484,3230,Mexico,0.46790890269151136,1.6999687301261468,tgt
1.9474621000106291,2.1296705279200383,1.0935619891696042,-2.0346593717589814,0.16792914622298438,-2.2025885179819658,-1.7338976549272176,20,680,484,Wastes,Mexico,0.8487903225806451,3.796715885098256,tgt
0.5808164548084624,0.8892369357224557,1.531011954569541,0.17037502067044996,0.11451944974459799,0.05585557092585197,-0.12647683620410327,20,286,504,2220,Morocco,0.9020501138952164,1.1323429915712901,tgt
0.7015986494186351,0.4556149317852007,0.6493953945931001,-0.23003404296064045,0.32950796782002667,-0.5595420107806671,0.024815830288354223,20,624,504,2420,Morocco,0.7004310344827587,1.367816471086485,tgt
0.32128775134365994,0.6683907673811895,2.0803493584361914,0.35244402291949206,0.6963520695698943,-0.3439080466504022,-0.059169301454668914,20,382,504,2599,Morocco,0.38870431893687707,0.626373324136739,tgt
0.5699302266027385,2.183735881523488,3.8315846038564803,-2.0602094561546815,-2.054726003772543,-0.005483452382138368,-0.22284690387748587,20,768,524,1311,Nepal,0.05568445475638051,1.1111195153571696,tgt
0.358884582013715,1.3947537318993664,3.8863573466247847,0.8992781464995234,0.6834084900639587,0.21586965643556474,0.02382532019181438,20,140,524,1392,Nepal,0.4176829268292683,0.6996710197548299,tgt
0.23146093572655282,1.020961598338834,4.410945610040195,-0.8115573889827256,-1.1847129916489614,0.37315560266623576,-0.02876777814260986,20,390,524,2220,Nepal,0.16,0.4512495577952008,tgt
0.510076971382786,0.4348337639079046,0.8524865624282119,0.2861859968455267,0.3309444402763718,-0.044758443430845146,0.03228913818056214,20,622,566,1030,Nigeria,0.6909975669099757,0.9944313370007365,tgt
0.7382823683999222,3.4977626552872936,4.737703086243258,0.1641025393191209,-0.0009978139272063535,0.16510035324632724,0.002188962807779299,20,548,566,1040,Nigeria,1.0,1.4393339905185567,tgt
0.4858820366600621,1.056181054808425,2.1737396633729875,1.0245152913428237,1.476724509097119,-0.45220921775429546,0.009823498675801174,20,542,566,1061,Nigeria,0.14898989898989898,0.947261590796084,tgt
1.010711836549474,1.6116678436127803,1.5945868894886437,1.4389573164699807,1.2046391159527468,0.23431820051723393,-0.03697055514170946,20,663,566,1062,Nigeria,0.24229979466119098,1.9704546163251526,tgt
1.1710529973269452,1.2684047232343718,1.083131784923178,0.18847848674015344,1.0135784020646899,-0.8250999153245365,0.14830479969908875,20,628,566,1073,Nigeria,0.3144016227180527,2.283051114175147,tgt
0.8051226462393561,1.9940692953880002,2.4767273715403357,1.9489258807522316,1.7320904797676486,0.21683540098458293,0.11122706480867833,20,412,566,1410,Nigeria,0.11064718162839249,1.5696438664519443,tgt
2.0139992365923614,0.6858206517905622,0.34052676849617597,-0.39281548977963343,-0.5808843680493813,0.1880688782697478,0.10587449416057612,20,223,566,1520,Nigeria,0.5423387096774194,3.926434765587605,tgt
1.2808304136749928,3.4108268340132795,2.6629808268112902,2.7768982216846636,2.9405136052501684,-0.1636153835655049,0.11344460812394018,20,368,566,2220,Nigeria,0.030425963488843813,2.4970699957089146,tgt
0.23440529267868165,0.6582722144877647,2.808265150352692,-0.5264767558699613,-0.762884421717721,0.23640766584775963,0.006201440969458249,20,776,566,2651,Nigeria,0.31277533039647576,0.4569897911026865,tgt
1.3800929090388336,2.040394411349345,1.47844713786,-1.9187921861411499,-1.3841044406792302,-0.5346877454619196,0.025062132211234645,20,589,566,2829,Nigeria,0.20647773279352227,2.6905892908676394,tgt
0.19357277124965624,0.648329582697867,3.3492808854903364,0.548853829904485,0.5814871151262195,-0.03263328522173459,-0.0011676014135784723,20,461,586,1311,Pakistan,0.4175824175824176,0.3773838861983756,tgt
0.1487212000699414,0.5985641179547969,4.02473969866637,0.5613347430057267,0.8007693768755378,-0.23943463386981115,0.005757914437420585,20,131,586,1312,Pakistan,0.1893939393939394,0.2899425579339082,tgt
0.2646722255915758,0.13606625642881567,0.5140934456748925,-0.11036356199724295,0.03254046587270129,-0.14290402786994424,0.014984988171845388,20,54,586,1410,Pakistan,0.9653846153846154,0.515997329674534,tgt
0.12013069973441519,1.0405852446845083,8.66210924422344,-0.852974116673284,-0.8386473927329956,-0.01432672394028848,-0.006155078561798432,20,579,586,1511,Pakistan,0.13725490196078433,0.23420334391469472,tgt
0.13177943130055836,1.06339800152813,8.06952944805753,1.023514195830368,1.069583279488509,-0.046069083658140934,0.003048424725477016,20,165,586,1520,Pakistan,0.13157894736842105,0.25691337466609154,tgt
0.5883865664967193,1.3332429451304244,2.2659302931890752,0.8342256764811391,0.9451355248435988,-0.11090984836245961,-0.20809671294875132,20,633,586,2011,Pakistan,0.3167420814479638,1.1471014627623934,tgt
1.034366201685667,1.2008413147053445,1.1609440764290049,-0.01937307725820414,0.4871336638649014,-0.5065067411231056,-0.45290235617594293,20,472,586,2022,Pakistan,0.5934291581108829,2.0165704836706624,tgt
0.14222554342551547,1.4344872758789513,10.086003128054157,1.031265961570086,1.084245886301432,-0.052979924731345926,-0.07548543771525318,20,765,586,2023,Pakistan,0.144,0.2772788132757188,tgt
1.4240089371044695,0.9873555320861579,0.6933632973496728,-0.882395483619725,-0.5101757874694935,-0.3722196961502314,-0.5677343349553614,20,953,586,2029,Pakistan,0.5898989898989899,2.7762067112869175,tgt
1.1117424784479586,2.976102367125892,2.676970993570977,2.780227434598237,2.8704952056878765,-0.09026777108963946,-0.21992484001806717,20,396,586,2030,Pakistan,0.03067484662576687,2.167421038919747,tgt
1.3609662694869589,0.6044423908053423,0.44412738534159113,-0.5042829345109867,-1.0093583975802598,0.5050754630692731,-0.09941980318802521,20,476,586,2410,Pakistan,0.3157894736842105,2.6533005466015736,tgt
0.09353967545191454,0.5686974099926623,6.079745383390919,-0.41662636357167315,-0.40977248464685817,-0.006853878924814962,0.003264082696711372,20,200,586,2593,Pakistan,0.41333333333333333,0.18236225068168513,tgt
0.08692024455134209,0.5545949996870359,6.380504364083414,0.22665529406852203,-0.19223749058402068,0.4188927846525427,0.0060011350649039116,20,261,586,2599,Pakistan,0.7142857142857143,0.1694571993071929,tgt
0.8901824698153858,2.0653157949414855,2.3201038719284255,-0.3176468412200122,0.5617166240530518,-0.879363465273064,-0.27653547143944707,20,280,586,2630,Pakistan,0.5424430641821946,1.7354740427377906,tgt
0.30445616145348264,0.7651069131841909,2.513028179595867,-0.47080934244381945,-0.31281134734692817,-0.15799799509689127,-0.0521962192631703,20,751,586,2660,Pakistan,0.6666666666666666,0.5935589424308528,tgt
0.6727860053909156,1.6352910376738188,2.4306258224316797,1.2744012301032537,1.306215787148858,-0.03181455704560438,-0.07144893014537326,20,522,586,2819,Pakistan,0.20043572984749455,1.311644172138471,tgt
1.1888163666540774,2.087172076307024,1.7556723938629546,-1.190953011909586,-0.9645154429204996,-0.22643756898908624,-0.7545142852798982,20,549,586,2822,Pakistan,0.3265720081135903,2.317682066169962,tgt
0.4437164305399471,1.9114488560779996,4.307816263986454,-1.6506461254064368,-1.5989941189477868,-0.05165200645865015,-0.1266382948311426,20,643,586,2826,Pakistan,0.09866666666666667,0.8650567424654473,tgt
0.31686089842287496,0.3151224563699399,0.994513548179697,0.21112285608307324,0.7426745377645715,-0.5315516816814982,-0.06291016185833818,20,698,586,2930,Pakistan,0.36454849498327757,0.6177428594898294,tgt
0.3249353086595234,0.515340671975856,1.585979295699886,-0.3898362593683786,0.1423476984177895,-0.5321839577861681,0.08194746627437995,20,87,586,3230,Pakistan,0.8651315789473685,0.6334844965712987,tgt
0.13482455696412748,0.5328878730083992,3.952454100406825,0.27031577017018904,0.22474627540648084,0.04556949476370821,0.016710913680635254,20,282,586,3250,Pakistan,0.6949152542372882,0.26285006374411274,tgt
0.08825748922445496,0.7994362792678258,9.057999341389747,0.599183300274384,0.46595468291509967,0.1332286173592844,0.0006768937671656105,20,731,586,Wastes,Pakistan,0.3582089552238806,0.1720642529143686,tgt
0.15904271221146637,0.24351555230431385,1.5311330454458718,0.21690292010757384,0.3154322230778403,-0.09852930297026648,-0.004423695047772413,20,372,604,2011,Peru,0.6099290780141844,0.31006508001315614,tgt
0.6535292588760762,2.269732607713976,3.473039006114902,-1.928088199686875,1.2829899679880896,-3.2110781676749647,0.057159414648554736,20,566,604,2410,Peru,0.20614035087719298,1.2741017750937214,tgt
0.8208557341890129,1.9634523762284097,2.3919579220193383,-1.8798980084051058,-3.455533977599888,1.5756359691947823,-0.02043011235345461,20,149,604,2630,Peru,0.014613778705636743,1.6003166404893872,tgt
1.2372681368382061,0.5061340637032726,0.4090738689809631,-0.21571911947033673,-0.928341271628852,0.7126221521585153,-0.024293372720495397,20,458,604,2670,Peru,0.34685598377281945,2.4121422384722666,tgt
0.18497028966589257,1.4255947086154075,7.707155085232473,1.1032171488409153,1.1844427932885608,-0.08122564444764553,0.003537504450133243,20,382,616,2011,Poland,0.14035087719298245,0.3606127364644925,tgt
0.17134159574673755,0.29900229108871806,1.745065404495693,0.15558871003380467,0.6659589575360252,-0.5103702475022205,-0.0023216449706032747,20,655,616,2013,Poland,0.3333333333333333,0.3340426282730594,tgt
0.15859183441402946,0.25803256779752975,1.6270230352711241,0.1447384391982025,0.13071063824953813,0.014027800948664371,-0.012970295363778795,20,402,616,2029,Poland,0.8652482269503546,0.30918606167654383,tgt
0.19669897067162384,0.3895387276118159,1.9803801020500789,-0.36084623607552224,-0.18028362659365862,-0.18056260948186362,-0.006712692101009595,20,400,616,2100,Poland,0.8162162162162162,0.38347863433509394,tgt
0.20799412594622502,0.2868588971722553,1.3791682619268781,0.06784502385003266,0.07852055498534846,-0.010675531135315804,0.0030718883907373136,20,495,616,2391,Poland,0.93,0.40549934295658424,tgt
0.3493190852457744,1.158291927773788,3.3158564095026053,-1.0865252842708548,-0.7567651725816837,-0.329760111689171,-0.010445465938931626,20,570,616,2410,Poland,0.3605015673981191,0.6810224034210395,tgt
0.5046412578466181,0.5725484105214194,1.134565201752571,0.31524400295749766,0.35730093392722184,-0.042056930969724196,-0.007336390860231059,20,238,616,2420,Poland,0.6699266503667481,0.9838340268248417,tgt
0.19423833248721614,0.3032065436321754,1.5610026082371309,0.19419753284831612,0.20213379919581298,-0.00793626634749685,-0.007717733245394881,20,227,616,2431,Poland,0.7663043478260869,0.37868144517173663,tgt
0.05096333651957027,0.3081839635354463,6.047170075238335,0.28412690907664784,0.2959933494779351,-0.01186644040128725,-0.0032064421056138977,20,123,616,2599,Poland,0.6363636363636364,0.09935664951857313,tgt
0.7233294078781322,1.372581570572938,1.8975885061819484,-1.3018495570291977,-1.9642264503954177,0.66237689336622,-0.024980652815874107,20,26,616,2630,Poland,0.08102345415778252,1.4101821303914623,tgt
0.2536542306510729,0.4811100019782248,1.89671585899957,0.43151745845018175,0.5308471298647618,-0.09932967141458009,-0.00393876934872531,20,115,616,2640,Poland,0.4530612244897959,0.49451696483851937,tgt
0.09249121886683401,0.20332098232549736,2.1982733584496557,0.1355397906506206,0.19496561560123798,-0.05942582495061737,0.0010094357241975079,20,255,616,2651,Poland,0.6712328767123288,0.1803182099933506,tgt
0.06067112945081875,0.2591367100737592,4.2711700345684305,-0.18980494568176232,-0.13162208079899673,-0.05818286488276557,-0.0023525284343039617,20,145,616,2710,Poland,0.8620689655172413,0.11828268234412312,tgt
0.13076283051060156,0.36665921254792055,2.80400180323562,0.29512743549404585,0.34057903655301475,-0.045451601058968914,0.0036434034901524637,20,131,616,2790,Poland,0.5486725663716814,0.2549314391162232,tgt
0.28562734884770524,0.35857279862184277,1.2553867830528778,0.2589548473837233,0.7103881131593557,-0.45143326577563236,-0.004275416371684674,20,215,616,2816,Poland,0.3723404255319149,0.5568508329803515,tgt
0.04215416077724905,0.25889203281869555,6.141553480016656,0.10991086746086731,0.0999872053991625,0.009923662061704806,-0.003433857761953182,20,132,616,2819,Poland,0.8666666666666667,0.0821825348206231,tgt
0.18309021635352224,0.7000229364614201,3.8233770782692793,0.5924962805876419,0.3640046946684339,0.22849158591920804,-0.0016978696856883933,20,425,616,2829,Poland,0.5705882352941176,0.3569473998141994,tgt
0.15954837210903583,0.251583560093747,1.5768481794462563,0.07026677924145419,0.20780064051943323,-0.13753386127797904,-0.029038759297883698,20,200,616,2930,Poland,0.7394366197183099,0.3110508999505755,tgt
1.3182261781548072,4.359613204266773,3.3071814810787328,-4.147554496732074,-2.1194216342522547,-2.028132862479819,0.024832748911490485,20,460,616,3011,Poland,0.0728744939271255,2.5699756984874846,tgt
0.5235227830264152,0.7225203012289441,1.380112431883386,-0.5660384643683803,-0.40091999968054237,-0.16511846468783795,-0.06388942922282857,20,617,616,3020,Poland,0.6274038461538461,1.0206449031877898,tgt
0.21094758146236312,0.33409307942168803,1.5837729786027261,-0.3118039911543282,-0.38762749519775186,0.07582350404342364,-0.006142832829915184,20,50,616,3100,Poland,0.5441176470588235,0.41125731456177816,tgt
0.6475500803179209,2.437908345453314,3.764818227273479,-1.3007338618587907,-1.1921449065208711,-0.10858895533791967,0.05935088640735628,20,881,634,2029,Qatar,0.23464912280701755,1.262444941201312,tgt
1.2609521353758073,1.8669913160115768,1.4806202897266587,0.15228500342469076,0.38690014395763156,-0.2346151405329408,0.39692542015270077,20,222,634,2630,Qatar,0.6511156186612576,2.4583158782416175,tgt
0.7946077694964778,0.812024159270463,1.0219182223514143,-0.4299180969737395,0.14173118210900681,-0.5716492790827463,-0.027071930220405823,20,342,634,2790,Qatar,0.8807531380753139,1.5491443663285178,tgt
0.41407713508104665,1.1784695557770446,2.8460145609015206,0.8515848986020247,1.2823949561000152,-0.43081005749799045,-0.01595206315772988,20,515,634,2819,Qatar,0.175,0.8072728277534159,tgt
1.2299000522516035,0.9931321676134778,0.807490141817077,-0.4316340733335968,-0.4001557274801189,-0.03147834585347792,0.46471851136726167,20,641,642,2011,Romania,0.6450304259634888,2.3977776334858336,tgt
0.31368544642117435,0.29198181292990627,0.9308108369741598,0.116654475328557,0.12063374787830031,-0.003979272549743308,0.105374662538605,20,711,642,2013,Romania,0.8855218855218855,0.6115520899456325,tgt
0.5790782819773762,0.6805488459599452,1.1752277146987415,0.09354256211403444,0.014367516043599732,0.07917504607043471,0.1308260126586658,20,813,642,2029,Romania,0.9840182648401826,1.1289543000025066,tgt
0.4703640182483891,0.9216877473753947,1.9595200985137247,0.5786641028336428,0.4466802749976886,0.1319838278359542,0.00349370669635726,20,333,642,2100,Romania,0.5974358974358974,0.9170081101206323,tgt
0.8768405509500765,0.5362433223613278,0.6115630963694552,0.39734540448578404,0.47971241078817894,-0.08236700630239491,0.3046072624408222,20,275,642,2410,Romania,0.5962732919254659,1.7094630229118668,tgt
0.7777463385166599,0.9639780321242197,1.2394504279669722,-0.6775126566017251,-0.22319407594039792,-0.4543185806613272,0.2689119962307069,20,556,642,2420,Romania,0.7840670859538784,1.516271807295809,tgt
0.9747179235792341,1.3720473501960642,1.4076352932526446,-0.943272917119967,-0.27579601667521036,-0.6674769004447566,0.28377542796173477,20,341,642,2431,Romania,0.734020618556701,1.9002819227768633,tgt
0.39058337735101617,0.6739516160749698,1.7254999960464046,0.5987657003286109,0.8574999941757984,-0.25873429384718755,0.14106731346226017,20,195,642,2599,Romania,0.3103448275862069,0.7614700759700719,tgt
1.0943917231669142,1.2584600189393669,1.1499173397416396,0.9624356940219183,-0.27004086200222854,1.2324765560241469,0.19754569973197142,20,124,642,2640,Romania,0.7443762781186094,2.1335945073566247,tgt
0.8397097548811977,1.1637186408788602,1.3858581898259636,1.0034315586090088,0.305580377398197,0.6978511812108118,0.7755416956814852,20,295,642,2651,Romania,0.7151767151767152,1.6370738948973669,tgt
0.2172948815628152,0.678070327049622,3.1205075893773717,0.670204041767676,0.43935111954902084,0.23085292221865517,0.03609195272509917,20,195,642,2710,Romania,0.5024154589371981,0.4236318275850307,tgt
0.5174014765350246,1.9251320651274422,3.720770334904763,1.8532315900828225,1.4066945427817932,0.44653704730102933,0.11763201845745468,20,137,642,2790,Romania,0.1642512077294686,1.0087109807801131,tgt
0.4416205836879901,1.0270640982424577,2.3256708047107018,0.6845392628738947,0.5160871385659824,0.16845212430791226,0.047812969992419706,20,376,642,2816,Romania,0.5576407506702413,0.8609707399519634,tgt
0.36295940513989794,0.4035985753108215,1.1119661581858162,0.07581728782033359,0.173109373430906,-0.0972920856105724,0.05745919600975849,20,509,642,2829,Romania,0.8267477203647416,0.7076151772776182,tgt
0.13171781164405283,0.5060813746574198,3.842163549034864,0.29971860893561786,0.16174746614152966,0.1379711427940882,0.010525205502781758,20,253,642,2930,Romania,0.8070175438596491,0.2567932427627865,tgt
0.17558044291535338,1.335517230009267,7.606298331603563,0.45479652384874925,0.537022687193684,-0.08222616334493472,0.012260839253716117,20,93,643,2011,Russia,0.40853658536585363,0.3423065623334448,tgt
0.30261416486876974,1.218382671552255,4.026191807910291,0.3956584898374276,0.3958368123932831,-0.00017832255585553526,0.01346088348505167,20,100,643,2012,Russia,0.5773195876288659,0.5899678390694894,tgt
0.26823940132846535,0.7357336720536901,2.7428247617983876,-0.505505588312968,-0.5838062701574245,0.07830068184445647,-0.005033384621181514,20,290,643,2013,Russia,0.4448669201520912,0.5229517925034187,tgt
0.14763354759330824,0.6493327620262254,4.398273784051895,0.213299626220602,0.1581776416683251,0.05512198455227691,-0.00378759000426121,20,591,643,2100,Russia,0.8333333333333334,0.28782210206702535,tgt
0.44642988848989057,0.5739976497776388,1.285750942257167,0.4495022392848891,0.004484308779553414,0.44501793050533567,-0.05756002749523663,20,287,643,2220,Russia,0.9893899204244032,0.8703468217445461,tgt
0.1389107497679391,1.308393796599646,9.418952808083008,-0.9806617153378232,-1.0309160071075592,0.05025429176973589,0.006133849618233711,20,56,643,2410,Russia,0.1557377049180328,0.27081638726215246,tgt
0.35738692251936954,0.8747347188292779,2.447584574899685,0.26586653683254546,-0.6870229092034135,0.9528894460359589,0.008517045685390912,20,46,643,2420,Russia,0.4146341463414634,0.6967512260435077,tgt
0.19653670161436662,2.332813071038816,11.869605279201906,-1.4934422300504897,-1.40262212481661,-0.09082010523387977,0.011770488306200281,20,296,643,2520,Russia,0.11891891891891893,0.3831622792659272,tgt
0.08546896902252903,0.5045437838111281,5.903239381279231,-0.2971433220952624,-0.30889922343682436,0.011755901341561957,-0.0019685654912278746,20,451,643,2610,Russia,0.5573770491803278,0.16662783443592336,tgt
0.09472403993133395,0.7891364983274871,8.330899937328867,-0.36979701636474216,-0.3598771812684745,-0.009919835096267674,-0.003485363526722281,20,450,643,2651,Russia,0.4605263157894737,0.18467125347703262,tgt
0.1422595325731129,0.9696959895266986,6.816386726339992,-0.4788211752721275,-0.4332383891907742,-0.04558278608135328,-0.010286431092928488,20,631,643,2660,Russia,0.44,0.2773450775365757,tgt
0.25231750802190794,0.9899275033812872,3.923340521004729,0.5493264489669031,0.5098667596818818,0.039459689285021256,0.0026308685465796585,20,427,643,2710,Russia,0.47950819672131145,0.49191092899315264,tgt
0.6403376459725222,1.4617111970558094,2.282719446918999,-0.5909270149209072,-0.5189722519091531,-0.07195476301175406,-0.026723463494821156,20,784,643,2811,Russia,0.567032967032967,1.2483837874313595,tgt
0.15809139682992096,0.9614123915115179,6.081370718394194,0.5987230826974312,0.16293894696788203,0.4357841357295492,-0.0016103586252206416,20,213,643,2819,Russia,0.8085106382978723,0.30821042301067475,tgt
1.633983170793945,1.7313702996424953,1.0596010599064067,-0.9931256641071246,-0.9046068561177428,-0.08851880798938173,-0.37493675479124416,20,806,643,2821,Russia,0.3588709677419355,3.1855664151321497,tgt
0.46638810150258514,0.4414556208743942,0.9465413449702839,-0.1916513415425407,-0.24927086125626663,0.05761951971372591,-0.03647677448634456,20,729,643,2829,Russia,0.75,0.9092567776215097,tgt
1.1776140500203962,2.139390512447979,1.8167161918719674,-1.7833742499351501,-3.190213640261991,1.406839390326841,-0.018247344277121803,20,412,643,2910,Russia,0.02636916835699797,2.2958423530824694,tgt
0.1355115533043341,1.1826567826114949,8.727350205745665,-0.3853979851937561,-0.13885072677879556,-0.24654725841496056,0.006810025324633504,20,96,643,3030,Russia,0.8487394957983193,0.264189411974742,tgt
0.7974278394036223,3.3031936920330067,4.142310474767709,-2.08127943329261,-0.22763096705605923,-1.8536484662365509,0.17217634776201535,20,377,643,3211,Russia,0.7824267782426778,1.5546422932013872,tgt
0.1792759696452583,0.6976968375126896,3.891747672001188,-0.4692120405366179,-0.5283915525675977,0.05917951203097983,-0.0056871298170731496,20,615,643,3250,Russia,0.4107142857142857,0.34951125455269705,tgt
0.237915036877894,0.4819275206360506,2.0256286738336424,-0.33526645299981883,-0.33663375967946707,0.001367306679648246,-0.045839190843942064,20,158,682,2011,Saudi Arabia,0.6277056277056277,0.4638322870638188,tgt
0.11963974693672572,1.7460545209529694,14.594267922318586,1.5853193851214877,1.616629996108493,-0.0313106109870051,0.005334010801909498,20,235,682,2012,Saudi Arabia,0.049019607843137254,0.23324619651459338,tgt
0.7786026436736774,1.078929629686469,1.385725618135279,0.8954237188212382,0.9191824237238196,-0.02375870490258152,-0.10123669823512825,20,515,682,2013,Saudi Arabia,0.33962264150943394,1.5179412351075863,tgt
0.31814636877208646,0.9485539413440733,2.9815017062904086,-0.5277298874722433,-0.24727126578019148,-0.28045862169205177,-0.09894843182748629,20,727,682,2023,Saudi Arabia,0.725752508361204,0.620248975369901,tgt
0.5903426167886625,0.7218608241592515,1.222782844453988,-0.577180680130664,-0.046584056656040596,-0.5305966234746234,0.08259991164624986,20,388,682,2029,Saudi Arabia,0.9616252821670429,1.1509149219385344,tgt
0.2087555985327847,1.457410015265557,6.981417626683068,1.4431498199185628,0.6119261486697501,0.8312236712488127,0.007529827331219288,20,202,682,2220,Saudi Arabia,0.39,0.4069838879269034,tgt
0.2906382628047343,1.6957874349484165,5.834701248843252,1.521575761002338,1.5848347820183777,-0.06325902101603981,0.007929074755664426,20,280,682,2310,Saudi Arabia,0.07692307692307693,0.5666199661611251,tgt
0.6873115409088372,1.0474379278776131,1.5239638294048987,0.6022877740893602,0.7496227002505881,-0.14733492616122787,0.05978104525912784,20,367,682,2410,Saudi Arabia,0.4260869565217391,1.33996273681819,tgt
1.1007367162813064,1.4359122123590995,1.304501059263417,1.227387854443509,1.3942696614434205,-0.16688180699991143,-0.4808433530207438,20,250,682,2420,Saudi Arabia,0.1983640081799591,2.1459645227464597,tgt
1.8194958485749861,0.9020460486911409,0.49576702766187447,-0.044670512937500684,1.515088812067654,-1.5597593250051547,-0.2040173533921158,20,190,682,2720,Saudi Arabia,0.16532258064516128,3.547236575806675,tgt
1.386966611109861,1.2073822744860438,0.8705200722315064,0.11048703868503851,0.1122688602751473,-0.001781821590108794,-0.400137896822255,20,369,682,2732,Saudi Arabia,0.9068825910931174,2.703990061975,tgt
0.19862312813831393,1.0346084128979633,5.208902017581254,-0.9583712024900555,-0.8158843887664464,-0.1424868137236091,0.03376199413392202,20,329,682,2813,Saudi Arabia,0.27419354838709675,0.3872299161798974,tgt
0.8904598851802691,0.7228809889158622,0.811806349670113,0.08114558098428509,0.31274534288552974,-0.23159976190124465,-0.3777791956002718,20,603,682,2816,Saudi Arabia,0.7142857142857143,1.7360148837239218,tgt
0.4937266931946358,1.1869291545491658,2.4040206270177444,0.933676236965458,1.3626798898414099,-0.429003652875952,0.05071692624520438,20,408,682,2819,Saudi Arabia,0.1806930693069307,0.962555306693196,tgt
0.8794639624714976,1.942573895913191,2.2088158000858935,-1.3607667619718309,-1.3005363298467296,-0.060230432125101235,-0.08621954674782785,20,874,682,2824,Saudi Arabia,0.2153209109730849,1.7145775502736442,tgt
0.7600656241757163,0.9030191500621427,1.1880805042873213,0.7390255499145089,0.25106738065295153,0.48795816926155733,0.4080906450724402,20,793,688,1079,Serbia,0.751578947368421,1.4818019970757392,tgt
0.8700321547920505,1.1671860219374528,1.3415435458433442,-1.0548160414046057,-1.1128395958482495,0.058023554443643745,-0.6054756169325468,20,197,699,1040,India,0.2650103519668737,1.6961895703270498,tgt
1.6653595214344663,0.6031551783009595,0.36217715786764687,-0.35745148659369463,1.616625039986025,-1.9740765265797195,-1.0870656527156648,20,477,699,1072,India,0.13709677419354838,3.2467368424758343,tgt
0.13474681263944094,0.8435177900183352,6.260020355920717,-0.729586206390016,-0.679173804928566,-0.05041240146144999,-0.009510772187705322,20,95,699,1312,India,0.288135593220339,0.2626984956532564,tgt
0.24703979624359063,0.21632889058033183,0.8756843790747921,0.017749071933738314,-0.008768964687337105,0.02651803662107542,0.1136502091571284,10,10,699,1392,India,0.995850622406639,0.4816216544827023,tgt
0.10541118987065379,0.6037201497510534,5.727287117163332,-0.5822412843044162,-0.12182974582134942,-0.4604115384830668,-0.050437355429278845,20,29,699,1410,India,0.8352941176470589,0.20550661245055052,tgt
0.1455268571214938,0.21888231747777057,1.5040681961202227,-0.1086487150037323,0.14007052129934186,-0.24871923630307416,-0.0439094272142665,20,55,699,2011,India,0.8582677165354331,0.28371495914533285,tgt
0.7168824951335271,1.3577514921594371,1.8939665864020592,-1.3136688545158854,-0.7880927493335831,-0.5255761051823024,-0.49321625979526473,20,288,699,2013,India,0.4072494669509595,1.3976134154330808,tgt
0.1754243555525041,0.29789805493305926,1.6981567581925594,-0.25004257378573636,-0.3164295984844279,0.06638702469869155,-0.06668357823217738,20,216,699,2029,India,0.6280487804878049,0.3420022589172244,tgt
1.030339130053871,1.836224194215594,1.782155157127331,-1.792081176637823,-0.37947525198318166,-1.4126059246546414,-0.8699414669612896,20,157,699,2030,India,0.6694045174537988,2.0087194210826995,tgt
0.35888973206459396,0.5462020893934642,1.52192175087126,0.4895189145368182,0.8136276257738518,-0.32410871123703366,0.09225752239855031,10,10,699,2100,India,0.3384146341463415,0.6996810601453367,tgt
0.19685593541275384,0.15526277510086642,0.7887126937540503,0.11212585843311151,-0.026683332317090885,0.1388091907502024,-0.09923900157281934,20,68,699,2220,India,0.9837837837837838,0.38378464826267966,tgt
0.43693903273374696,1.1652582596223768,2.66686693640492,-1.0851031219385652,-1.7462761189457474,0.6611729970071822,-0.029076568712968678,20,105,699,2410,India,0.08579088471849866,0.8518437233723981,tgt
0.7425521601488931,0.9057616856887414,1.219795368324189,0.07296540019340014,-1.8704385680872824,1.9434039682806825,-0.5577590209989892,20,178,699,2420,India,0.08898305084745763,1.447658253239403,tgt
1.0852081107478244,0.910931252257146,0.8394069701795879,-0.73305523800104,-0.5778159101775314,-0.15523932782350855,-0.7264728956716902,20,272,699,2610,India,0.5398773006134969,2.1156904017239895,tgt
0.13272894286545425,0.22224336201674058,1.6744152196105866,0.16259010007593355,0.3218215807737368,-0.1592314806978032,-0.01081345437783207,20,85,699,2710,India,0.5826086956521739,0.2587645149997109,tgt
1.2158465507448604,1.3469957625058384,1.1078665820786615,1.050678083725178,-1.8906776571449244,2.9413557408701023,-0.6271128208143654,20,255,699,2910,India,0.10141987829614604,2.3703793326862375,tgt
0.1093371981992853,0.09272639099122475,0.8480772556675124,0.04308746163792598,0.4332402161058061,-0.3901527544678801,-0.008506468983117637,15,15,699,3211,India,0.4,0.21316064494045722,tgt
1.3467942143435223,1.1606383862901422,0.8617785656703912,-1.1295146012851318,-0.9886233294781834,-0.1408912718069484,-1.331382173286882,20,291,699,3250,India,0.32186234817813764,2.6256711170546363,tgt
0.37474140333048,1.0435998565504518,2.7848533609458506,-0.9898235156028853,-0.9020825527787362,-0.08774096282414907,-0.045018814667018466,20,346,704,2011,Vietnam,0.28955223880597014,0.730585020792487,tgt
0.2579726652418131,0.6511751236917961,2.524202023812914,0.5389242635202165,0.6597165860673234,-0.12079232254710692,-0.003611997632541921,20,76,704,2220,Vietnam,0.38492063492063494,0.5029360602393139,tgt
0.5932727019701631,0.5402133076910577,0.9105649154210134,-0.02277389150459941,-0.27103615352575067,0.24826226202115126,0.013659147175600543,20,152,704,2410,Vietnam,0.7381489841986456,1.1566273314140427,tgt
0.12061910632218392,0.2464949796440732,2.0435815449143195,-0.19700667840849162,-0.057804041272934065,-0.13920263713555756,-0.00014967008771450306,20,76,704,2599,Vietnam,0.9509803921568627,0.23515552729744607,tgt
1.5719313739986014,1.5492453607961838,0.9855680638622856,1.512627876726302,-3.070139816763826,4.582767693490128,-0.37150254373841113,20,46,704,2610,Vietnam,0.03024193548387097,3.0645920235943196,tgt
0.31075131947764817,0.4754680553556027,1.5300596507677977,-0.06437712512423399,0.27805419147176325,-0.34243131659599724,0.001553984917037217,12,12,704,2620,Vietnam,0.6959459459459459,0.6058318007675684,tgt
0.2901716909436268,0.6398991419477205,2.205243178157021,0.48456364629745075,0.18219905817541465,0.3023645881220361,-0.07514601890916933,20,289,704,2651,Vietnam,0.8140350877192982,0.5657103511310833,tgt
0.11088926366263999,0.2796420792080714,2.5218138345550796,0.2449003681907027,0.319676849428585,-0.0747764812378823,0.0007271480717486027,20,111,704,2710,Vietnam,0.5494505494505495,0.2161865069582079,tgt
0.6303853785066138,0.41374539779579217,0.6563372373514709,0.383458789218714,0.4517531849249684,-0.06829439570625438,-0.2370697097481467,20,82,704,2790,Vietnam,0.6021978021978022,1.2289811341112489,tgt
0.31948100155557013,2.1484804392461365,6.724908300603385,1.9798472940561873,1.9428371380619633,0.03701015599422389,0.0008015620609896104,20,501,704,2910,Vietnam,0.043333333333333335,0.6228509369124633,tgt
0.4538239097198953,1.551736096857751,3.4192471212358515,-0.05791350803284434,-0.7054722762951037,0.6475587682622593,-0.03696779154607688,20,377,710,1621,South Africa,0.43455497382198954,0.8847619920621402,tgt
0.07295769347881881,0.49413116239364663,6.772845176870943,-0.45680031402104904,-0.8172118634814597,0.36041154946041065,0.006666461361599086,20,336,710,1701,South Africa,0.09302325581395349,0.14223621284832652,tgt
0.34682980806312697,0.5797873373161023,1.671676781629376,-0.24097000698355409,-0.08392251397977876,-0.15704749300377532,-0.03731935309241981,20,414,710,1709,South Africa,0.9088050314465409,0.6761693804935491,tgt
0.16581777939867778,0.6814079565571046,4.109378131996249,0.6583054539598274,-0.5162964624865554,1.1746019164463828,0.10135659883626817,20,139,710,2011,South Africa,0.42,0.32327355539871205,tgt
0.33664559352946366,0.974395461497691,2.894425117174185,-0.18517148151795546,-0.2857234482070621,0.10055196668910661,-0.004905349903327042,20,738,710,2012,South Africa,0.684887459807074,0.6563145298666758,tgt
0.1611568551072532,1.0608219565065207,6.58254317385706,0.5135040522212118,1.3850242808349715,-0.8715202286137598,-0.0009676115561078967,20,578,710,2013,South Africa,0.08391608391608392,0.3141867519654666,tgt
0.12665080821861052,0.5185976318920609,4.0947044806608375,0.16269229694558618,0.29358904985451373,-0.13089675290892752,0.004644488986121343,20,319,710,2100,South Africa,0.6018518518518519,0.24691475917375072,tgt
2.8774392720748194,0.6058180119543741,0.21054067685589772,-0.22710349801044494,-0.5839178889723161,0.3568143909618712,-1.751752419453544,20,405,710,2394,South Africa,0.5403225806451613,5.609772530429425,tgt
0.32096600102604805,0.35066667596519574,1.0925352680477123,-0.004837774509874215,-0.8688238040429151,0.8639860295330409,0.17437870461748411,20,103,710,2410,South Africa,0.27906976744186046,0.6257460490067605,tgt
0.12646641276531256,0.6176639864291894,4.884016023886173,0.5330631500253302,0.3645858173609753,0.1684773326643549,-0.006085888577039824,20,47,710,2420,South Africa,0.5,0.24655526712167308,tgt
0.2261638804979486,1.146908818742908,5.071140520837106,-1.0155155836507526,-1.0449168494276198,0.02940126577686714,0.010692042659471344,20,271,710,2511,South Africa,0.20476190476190476,0.4409225718525349,tgt
0.31022974756178184,0.6642963696328953,2.141304548818619,-0.5963974429380166,0.7139878417181607,-1.3103852846561772,0.0076379984170026035,20,259,710,2593,South Africa,0.3707482993197279,0.6048149592186726,tgt
0.08286133258425538,0.39896037944412455,4.814795598881446,0.07118612018965531,0.0742260861479991,-0.0030399659583437814,0.001945780098227616,20,196,710,2599,South Africa,0.896551724137931,0.16154406172080835,tgt
0.06152037393599583,0.6718723565580074,10.921135772955568,-0.5919023080563166,-0.6057803890235774,0.013878080967260788,0.006841178644792289,20,344,710,2710,South Africa,0.16666666666666666,0.11993834487392861,tgt
0.7081925097531937,1.2385057705445845,1.74882641864739,0.006762173570384444,-1.6626213676180401,1.6693835411884246,-0.08192404399095005,20,383,710,2720,South Africa,0.11373390557939914,1.3806716708237232,tgt
0.6832230909819386,0.26888405439021185,0.393552351990574,0.23520204033598546,0.031271472100394215,0.20393056823559125,0.038855626115788584,20,231,710,2732,South Africa,0.9695652173913043,1.331992012878145,tgt
0.06505454186083245,0.3648150618168437,5.607833848054332,-0.32127448565716243,-0.19894216544718646,-0.12233232020997596,0.0013409505183635275,20,218,710,2750,South Africa,0.6774193548387096,0.12682845662540182,tgt
0.033670231555178426,0.6633138732805135,19.70030625401199,-0.5318268062503089,-0.527359783402035,-0.004467022848273776,0.001833154077013182,20,320,710,2813,South Africa,0.125,0.06564251134837734,tgt
0.452229477274672,1.4661700974816145,3.24209316543756,-1.416631353220584,-1.1313739498462068,-0.2852574033743773,0.023478952517262043,20,47,710,2910,South Africa,0.2335958005249344,0.8816535325997136,tgt
0.19636924170000353,2.300080179684248,11.713036928655647,-2.0360904627751086,-2.0687861998307095,0.03269573705560077,0.04193092969956713,20,570,710,3020,South Africa,0.016216216216216217,0.3828358042516119,tgt
0.20130191470852637,0.2975375757963825,1.4780662977160444,0.1360536772086851,0.057208241038803426,0.07884543616988168,-0.029213153751955625,20,475,764,1040,Thailand,0.9518716577540107,0.39245240113806834,tgt
0.13725946539986017,0.607785602233416,4.428005022916512,0.48745143299805704,0.20411711836749702,0.28333431463056,0.018101174377599425,20,54,764,1512,Thailand,0.725,0.26759709093229556,tgt
0.10051444782604949,0.20736181813386667,2.063005096468594,0.08407773797312368,0.08626898137665844,-0.002191243403534755,-0.013161673290052961,20,242,764,2013,Thailand,0.8765432098765432,0.1959600655339886,tgt
0.09593432552182919,0.2864135448558273,2.985516844965527,0.24795498715804642,0.2528214841760823,-0.004866497018035884,0.0033457545804098858,20,74,764,2219,Thailand,0.620253164556962,0.1870307913221664,tgt
0.4045562340811088,0.39533223990974037,0.9771997230686127,-0.10175534005044029,-0.45100525748280884,0.34924991743236855,-0.010265122472130466,20,223,764,2410,Thailand,0.5750708215297451,0.7887111540414014,tgt
0.3249688521731232,0.8866707545885983,2.7284792024197917,0.6235046944774585,0.11200178484392109,0.5115029096335374,-0.07623954021973806,20,803,784,1079,UAE,0.8914473684210527,0.6335498920369796,tgt
0.3704933232377711,2.7132002015601095,7.323209438294956,-2.035849669468051,-2.0193985106010586,-0.01645115886699258,-0.0158210716643053,20,198,784,1312,UAE,0.03293413173652695,0.7223030864898531,tgt
1.3427475921927372,1.0204860197223244,0.7599983985492371,-0.9888628648195588,-2.231831186913248,1.2429683220936893,0.245217971563952,20,255,784,1410,UAE,0.06477732793522267,2.6177819393392947,tgt
0.8558268271172461,0.9701871764951845,1.133625572083488,-0.5254696524346472,-0.4836676018401768,-0.04180205059447032,-0.12865680007270902,20,493,784,2011,UAE,0.5933609958506224,1.6684952736135674,tgt
0.6279743000544409,1.1423063152226214,1.8190335418560786,0.4737066090424532,0.5889760089957311,-0.11526939995327794,-0.15557085577104973,20,725,784,2029,UAE,0.5198237885462555,1.2242805651710198,tgt
0.15983221107672188,0.4329919153507751,2.7090403895052946,0.2770782979006432,0.22608136005212726,0.050996937848515944,0.006053441420753531,20,246,784,2410,UAE,0.7183098591549296,0.3116042642072754,tgt
0.40260263159176285,0.33199394648315367,0.8246194148571635,-0.30378123443361904,-0.4227071000621371,0.11892586562851801,-0.103323503576493,20,82,784,2420,UAE,0.5892351274787535,0.7849024670305338,tgt
0.40053248301798805,1.3450066099185163,3.358046268267614,-1.2943101906130337,-1.2751312395516783,-0.01917895106135532,-0.01321922109767189,20,232,784,2640,UAE,0.17847025495750707,0.78086656513826,tgt
0.39302744667051054,1.4376844020728858,3.6579745619601725,-0.6723644281413362,-0.647450056299271,-0.024914371842065207,0.013345304854967354,20,347,784,2670,UAE,0.4425287356321839,0.7662349629527531,tgt
0.2992768354362629,1.0289087488333868,3.4379832549803675,0.796668147163947,0.648764319082162,0.14790382808178495,-0.00444869394028173,20,389,784,2710,UAE,0.41580756013745707,0.5834614779597478,tgt
0.6857249795679277,2.0254122342564087,2.9536801117156504,1.995658731557061,2.0245880321576815,-0.02892930060062019,-0.15488169885996106,20,331,784,2720,UAE,0.06739130434782609,1.336869622633487,tgt
0.702717796250927,0.8903707271817698,1.2670388197538056,-0.07977119250196552,-0.08205052211786314,0.002279329615897622,-0.22676158545649364,20,381,784,2817,UAE,0.915948275862069,1.3699983274398881,tgt
0.23948443332763994,0.7302585756624898,3.049294542929306,0.5693392678609008,0.7772843033931299,-0.20794503553222912,-0.018082219561643364,20,217,784,2819,UAE,0.3103448275862069,0.4668919370722758,tgt
0.4089372507238496,0.6531440711909896,1.5971743098357403,0.28218709947805554,0.5765597574889962,-0.2943726580109407,0.014627516312260528,20,229,788,1040,Tunisia,0.49441340782122906,0.7972522576039729,tgt
0.27599192392565897,1.2817901413881219,4.644303076539964,1.2430579248048925,1.3157163713962687,-0.07265844659137614,0.00524307704805967,20,890,788,1079,Tunisia,0.14181818181818182,0.5380658867362089,tgt
0.8306194752423468,2.800388444968216,3.371445684139728,-2.7125557538770995,-2.644599133799267,-0.06795662007783228,-0.07669390421820609,20,429,788,1312,Tunisia,0.0375,1.6193517481584794,tgt
0.14579984116781586,1.0123654761093916,6.943529348184661,0.8840790749303429,0.8731725796304457,0.010906495299897172,0.007897214639705658,20,175,788,1392,Tunisia,0.16535433070866143,0.2842471609607334,tgt
0.6199598206063206,1.0057900645428792,1.622347176562534,0.17656487786324604,0.944273665660629,-0.7677087877973829,-0.22472614822885265,20,439,788,1399,Tunisia,0.3170731707317073,1.2086557674246063,tgt
0.24256519352878175,0.3061798735118823,1.262258071974998,-0.23532070532577531,0.40290743561501663,-0.6382281409407919,-0.028364508964813483,20,151,788,1410,Tunisia,0.5531914893617021,0.4728980982159457,tgt
0.5078896265840276,1.9883664104332741,3.9149577119868773,1.3040675242070652,2.437552534149055,-1.1334850099419895,-0.1515345212254073,20,236,788,1709,Tunisia,0.036585365853658534,0.9901669527318012,tgt
0.7402860633481372,2.670042519750072,3.606771290106566,2.286048986735067,2.446505850112204,-0.16045686337713688,-0.049170541675693465,20,756,788,2011,Tunisia,0.04025423728813559,1.4432403363410182,tgt
0.6163072007529806,2.2245453905475916,3.609474930407639,-1.9389230478423922,-1.643651194546766,-0.2952718532956262,0.010079800311211735,20,691,788,2023,Tunisia,0.1111111111111111,1.2015347252131428,tgt
1.175606836997587,0.6042800156444923,0.5140153975182543,0.17191693524371568,-1.8499098749884935,2.0218268102322092,-0.10004371285372571,20,898,788,2029,Tunisia,0.10344827586206896,2.291929148523349,tgt
1.4488350980581268,1.3326603357861269,0.9198150552621834,1.2480001777381289,-2.9355006538758652,4.183500831613994,-0.20951064098971062,20,761,788,2219,Tunisia,0.03232323232323232,2.8246070779272965,tgt
0.32255703051612394,1.9751838661478274,6.123518259661967,1.6805624120976101,1.77482398566204,-0.09426157356442977,0.002777951680689465,20,350,788,2220,Tunisia,0.06291390728476821,0.6288478741660782,tgt
0.9432594411954625,2.0870064531888692,2.2125476428243873,1.4127433011526729,1.3483215226335712,0.06442177851910166,0.06969062537462314,20,373,788,2310,Tunisia,0.20412371134020618,1.838951373757759,tgt
0.8051910961873388,1.0015078710978846,1.243813891932146,0.8977767899250229,-0.8638980257445978,1.7616748156696207,-0.02519907995339181,20,841,788,2420,Tunisia,0.36325678496868474,1.5697773144943161,tgt
0.4637545971085704,0.417653524668219,0.9005916647990475,-0.1382987153203581,-0.050734620593331003,-0.08756409472702709,0.012712988770812263,20,415,788,2593,Tunisia,0.9509043927648578,0.9041225734867143,tgt
0.46853326607869633,1.019960789612712,2.176922885645,-0.8692287704867754,-0.9973470575046777,0.12811828701790234,0.00859801495107082,20,227,788,2599,Tunisia,0.28717948717948716,0.913438928546155,tgt
0.1616817131240008,0.6802525283078985,4.207356015495599,0.6424253334595504,0.6173220280073742,0.02510330545217621,0.005229689310983695,20,578,788,2651,Tunisia,0.3356643356643357,0.3152100000017677,tgt
0.2323785188959379,0.26774659213766555,1.152200269671079,-0.24339780550480006,-0.2333197789865346,-0.010078026518265453,-0.007148653036113925,20,259,788,2710,Tunisia,0.7444933920704846,0.45303845145073546,tgt
0.4448542121306325,1.3705198314936888,3.080829166322994,-1.1734842450406529,-1.444594523940493,0.2711102788998401,-0.04137041062870884,20,247,788,2750,Tunisia,0.14666666666666667,0.8672749286058112,tgt
0.770236255736971,0.5533114190730899,0.7183658454816245,0.227074893070909,-0.7619839672508542,0.9890588603217632,0.05879791809932214,20,498,788,2813,Tunisia,0.42348008385744235,1.5016303667317579,tgt
0.9374674531065844,1.8631327723822217,1.98741062018544,1.6866279981387058,1.4984932589534048,0.18813473918530088,0.1278893544880385,20,414,788,2819,Tunisia,0.16735537190082644,1.8276594809998854,tgt
2.106916347692134,2.1800442894507857,1.0347085169464625,-1.080315794708433,3.3256114362043157,-4.405927230912749,-0.22574340736998308,20,866,788,2824,Tunisia,0.02217741935483871,4.107583282782379,tgt
0.20829161738493235,0.8892180974650004,4.269101698037541,-0.8615756878116847,-0.7638577472393488,-0.09771794057233589,-0.040245707147747514,20,400,788,2930,Tunisia,0.305,0.40607932367662736,tgt
0.7184439486182861,0.5932046371805223,0.8256797740747563,-0.05714595318282467,-0.6074441163741608,0.5502981631913362,-0.08762663224631845,20,619,788,3250,Tunisia,0.509594882729211,1.4006575800663204,tgt
0.23700475780560118,1.5723384694691664,6.634206351076076,1.4245875396705063,1.3460203323039812,0.0785672073665251,0.02848499880764173,20,149,788,3290,Tunisia,0.14410480349344978,0.462057633265099,tgt
0.07975824852886354,0.3083607232157516,3.8661922610319057,0.2612883289074297,0.4484446541728461,-0.18715632526541642,-0.0031158389717510604,20,187,792,1030,Turkiye,0.33962264150943394,0.1554943786354035,tgt
0.10383891160756721,0.9272306590428053,8.929510572559138,-0.892630255433835,-0.8219420275134849,-0.07068822792035011,0.0036275465288878694,20,117,792,1312,Turkiye,0.12048192771084337,0.2024413441420053,tgt
0.12251661856058997,0.36556821716339793,2.9838255532869447,-0.3066281465898819,-0.26071245275159094,-0.04591569383829097,0.01896997015072149,20,34,792,1392,Turkiye,0.6153846153846154,0.23885486237446005,tgt
0.12503151628078044,0.22324975550429893,1.7855478534144305,0.17212461652558142,0.2342094614988705,-0.0620848449732891,-0.02926310798943499,20,82,792,1410,Turkiye,0.6571428571428571,0.24375783436225504,tgt
0.2850871016051037,0.5111395797443891,1.7929242567150872,0.38047687116745194,0.5412409122529274,-0.1607640410854754,-0.03989649828623503,20,262,792,1709,Turkiye,0.4787234042553192,0.5557975825536271,tgt
0.8909686096439787,1.070943568202851,1.2019992136768862,0.2813584171251211,0.25379093021795046,0.027567486907170653,0.022241327238626877,20,562,792,1920,Turkiye,0.7536231884057971,1.737006678251011,tgt
0.0967307885026533,0.4171762800082728,4.3127559122174395,0.38682495795246985,0.30123906780365534,0.08558589014881451,-0.00046844260568371354,20,248,792,2011,Turkiye,0.5822784810126582,0.18858355255493756,tgt
0.6522779181184495,1.4678074986596104,2.25027930256113,1.4234338910577318,1.4262582298621576,-0.0028243388044257895,-0.05914242636072419,20,631,792,2013,Turkiye,0.16447368421052633,1.2716621972800497,tgt
0.12197071901817909,0.6729464951060479,5.5172790692965314,0.49396356089141236,0.49724693620708904,-0.0032833753156766734,-0.001102030755489758,20,406,792,2023,Turkiye,0.3592233009708738,0.23779059238721462,tgt
0.6386565194231961,0.9432123266563142,1.476869487699238,0.6056622584015912,0.7101745138906028,-0.10451225548901165,-0.051929514872885725,20,696,792,2029,Turkiye,0.45054945054945056,1.2451063116465153,tgt
0.17525880278796596,1.2705273821197673,7.249435474330465,-1.1786991319707587,-1.188175175953848,0.009476043983089107,0.0032737910315257775,20,343,792,2100,Turkiye,0.1402439024390244,0.3416795020271466,tgt
0.13095611655176384,0.39464721415571885,3.013583668691979,0.3784818610331939,-0.18835801668665686,0.5668398777198508,-0.007348652035208645,20,108,792,2220,Turkiye,0.7456140350877193,0.25530826400172135,tgt
0.13304479972432368,0.29537618630383544,2.2201257540006942,0.25466169971657004,0.29261238662459577,-0.03795068690802571,0.028145392512415383,20,154,792,2310,Turkiye,0.6086956521739131,0.2593803004126749,tgt
0.27663959320324244,1.7708396153659924,6.401251515957032,-1.668526509417675,-1.745259016058148,0.07673250664047297,0.09436301272642171,20,68,792,2410,Turkiye,0.05454545454545454,0.5393285640609579,tgt
0.30440678058396853,1.816885031144918,5.968608937223535,1.7337220426412612,2.824918256679836,-1.0911962140385747,-0.044687519675178165,20,377,792,2420,Turkiye,0.01718213058419244,0.5934626709133208,tgt
0.41656455643857343,0.8387298277863408,2.0134450106775224,-0.6589782966468523,-0.3767739368986941,-0.28220435974815816,-0.026440160259956748,20,349,792,2431,Turkiye,0.6388888888888888,0.8121222326178305,tgt
0.11443446895274832,0.1784531489263558,1.5594352869330108,0.0966077945103041,0.09534521356977622,0.001262580940527877,0.0029499777503902373,20,136,792,2593,Turkiye,0.875,0.2230981368383556,tgt
0.19197981081386578,0.21690485269038287,1.1298315784917778,0.10742922228196061,-0.16077388821570238,0.268203110497663,-2.920859605495061e-06,20,99,792,2599,Turkiye,0.8333333333333334,0.3742782965230409,tgt
0.12671729378084498,0.8201117469954473,6.471979652704817,0.6838313130857987,0.5764202159631708,0.1074110971226279,-0.008019567628371022,20,320,792,2710,Turkiye,0.32407407407407407,0.2470443775063816,tgt
0.17312816034674022,0.5587405716852905,3.2273234496701613,-0.45610791273253604,-0.6811021525776964,0.2249942398451603,-0.01713108487267861,20,51,792,2750,Turkiye,0.3374233128834356,0.33752566303740594,tgt
0.17933724163334747,0.6855040036484453,3.8224297273956567,-0.5902791862647225,-0.5823212029100808,-0.00795798335464168,0.009116370223340532,20,253,792,2814,Turkiye,0.39285714285714285,0.3496307086516951,tgt
0.06358345125899036,0.2232052438969715,3.5104298284754005,0.1559262430150017,0.12677771929482204,0.029148523720179655,0.003691077672775676,20,156,792,2819,Turkiye,0.8333333333333334,0.12396046085983485,tgt
1.439768154431863,0.7884150042166128,0.5475985850845019,-0.31497923978634645,0.07443172786570484,-0.3894109676520513,0.034673770790816925,20,95,792,2910,Turkiye,0.9333333333333333,2.806930426404816,tgt
2.1203042803350094,1.2799686878872572,0.6036721709041786,-0.8542502443975939,-1.4574829350550595,0.6032326906574657,-1.3835550476677705,20,798,792,3020,Turkiye,0.17943548387096775,4.133684009740584,tgt
0.12864590752003172,0.8658486363515339,6.730479445813002,-0.5654863220179411,-1.2410521144331286,0.6755657924151874,0.007975282075147628,20,85,792,3030,Turkiye,0.08181818181818182,0.2508043471713877,tgt
0.10910878911621452,0.28152127332381827,2.5801887785956716,0.055350414191630115,-0.031965877935583725,0.08731629212721384,-0.0014842298234647847,20,88,792,3100,Turkiye,0.9775280898876404,0.21271534518648985,tgt
0.5678732795727238,0.6275216608128659,1.1050381896556611,-0.3190633786179422,-0.6602559580196834,0.3411925794017412,0.052455880929215576,20,434,804,2011,Ukraine,0.47674418604651164,1.1071093508134695,tgt
1.0791402619868402,1.9500737146784337,1.8070623285689384,-1.0199306950875084,-3.746634338068237,2.7267036429807288,0.0531819389345858,20,402,804,2013,Ukraine,0.014314928425357873,2.1038606989641377,tgt
1.3017551329115877,0.43386248892615986,0.3332903999815661,0.19720917184347186,-2.215803815981033,2.413012987824505,0.024592683198957233,20,602,804,2100,Ukraine,0.06680161943319839,2.5378642242160407,tgt
0.39219045513745177,0.3372315080845648,0.8598666889187159,-0.22606454774961104,-0.2616072099366804,0.035542662187069377,0.04717086628238479,20,167,804,2410,Ukraine,0.7270114942528736,0.764603188424643,tgt
0.987148561274334,0.3795976129998945,0.38453949880640326,-0.36517789011830093,-1.1540879028726234,0.7889100127543226,0.4254593494986563,20,614,804,2420,Ukraine,0.2536082474226804,1.9245163351429007,tgt
0.3419099155354776,0.48681371317968,1.4238069475617963,-0.06418017599787224,0.015543311861294554,-0.07972348785916679,0.028945835284845168,20,366,804,2593,Ukraine,0.9841772151898734,0.666577700063619,tgt
0.23107872597756698,0.7614119337972911,3.2950325936590485,0.6760662177521437,0.489813536007369,0.18625268174477475,0.01776484862062786,20,307,804,2599,Ukraine,0.48,0.45050441270333685,tgt
0.39393166997264684,1.579660682462296,4.009986510025919,-0.6330419601734307,-0.6620200225311326,0.028978062357701825,0.011105513125412686,20,744,804,2610,Ukraine,0.4367816091954023,0.7679978105968115,tgt
0.33574188650952747,0.6702905450360784,1.9964459960734073,-0.5823394670907351,-0.48366196374696285,-0.09867750334377227,0.015250893884009777,20,497,804,2710,Ukraine,0.5290322580645161,0.6545526887514892,tgt
0.32901809691009576,0.3302158851506422,1.003640493491985,-0.23179624998187243,-0.21728675111452775,-0.01450949886734468,0.06457685474625881,20,438,804,2819,Ukraine,0.760655737704918,0.6414441826706357,tgt
0.44799511817712223,0.6489023933320766,1.4484586260056573,0.5678836216592347,1.0130578074772922,-0.4451741858180575,0.01870220855528876,20,845,804,2829,Ukraine,0.2770448548812665,0.8733983483531037,tgt
0.6017455796035469,0.8938845197903288,1.4854858100981052,-0.3171230633515352,-0.7002857934752282,0.38316273012369306,-0.030051076285049348,20,761,804,3250,Ukraine,0.45617977528089887,1.1731458090280547,tgt
0.4724339705387274,0.8831713559529026,1.8694069669583708,0.11017622345696526,0.3243428053964851,-0.21416658193951982,-0.03489625767536617,20,370,818,1312,Egypt,0.6982097186700768,0.9210436293443851,tgt
0.1676750874372519,1.4279512020265446,8.51617985624083,-1.216846548206767,-0.9496443245700658,-0.2672022236367012,0.028132888082089955,20,85,818,1392,Egypt,0.19078947368421054,0.32689450952846716,tgt
0.18701513931554714,0.23147052035421536,1.237710065620193,0.10309774221807899,-0.32287858151995513,0.4259763237380341,0.016360032756067223,20,64,818,1410,Egypt,0.6358381502890174,0.36459931630470543,tgt
0.5950117791772264,1.0844556704051513,1.8225784906388254,0.7957152080520351,0.6761308249317373,0.11958438312029786,0.02825447892040449,20,273,818,1512,Egypt,0.4717832957110609,1.160017786128121,tgt
0.5891734079200456,3.09827748955513,5.258685215432509,-1.8145480296380283,-1.8364604148573256,0.021912385219297364,0.07154656577542688,20,273,818,1520,Egypt,0.083710407239819,1.1486354660844504,tgt
1.1648738385344595,0.7372171375225665,0.6328729456660023,0.3390221752816036,0.5817761067598888,-0.24275393147828517,-0.08185008269303357,20,737,818,2011,Egypt,0.5415821501014199,2.271004404591506,tgt
0.48458565190368186,0.5390274341411374,1.1123470784237677,0.11134519878756377,0.08714929538432137,0.0241959034032424,0.061587361191958484,20,362,818,2012,Egypt,0.9116161616161617,0.9447341965029056,tgt
1.7129081367941243,0.3306490224865855,0.19303371581001863,0.0507983482463672,0.012018134182872425,0.03878021406349477,-0.0774209747958925,20,631,818,2023,Egypt,0.9879032258064516,3.339436250207289,tgt
1.1047371417475005,1.2637373158109229,1.1439257974181187,1.1094921548126442,1.1560330463670796,-0.04654089155443548,0.2343824545449744,20,386,818,2100,Egypt,0.25766871165644173,2.153763636739265,tgt
0.22804834712081876,1.0245720698690672,4.492784459105308,0.874859010726428,0.8798449285920105,-0.004985917865582392,0.03248665680763341,20,223,818,2220,Egypt,0.24528301886792453,0.4445964735741394,tgt
1.1564833762513935,1.540124947122249,1.3317311590888448,1.1182970230410905,1.7816471474395357,-0.6633501243984452,-0.12182522759405053,20,562,818,2410,Egypt,0.11382113821138211,2.2546466015650646,tgt
0.931016651863618,1.8515870691994085,1.9887797554351823,1.083057758119498,1.515972479658398,-0.4329147215389001,-0.08752255127449347,20,815,818,2420,Egypt,0.15702479338842976,1.8150831851373634,tgt
0.47533807677412665,0.41562324225329594,0.8743739720451508,0.1259846885135989,0.12299875606293219,0.0029859324506667125,0.00859450855670605,20,224,818,2599,Egypt,0.8903061224489796,0.9267053910166113,tgt
0.44552382498909415,0.7682338223942509,1.7243383615075047,0.10311832149007903,0.13213352182832938,-0.029015200338250335,0.0468455967744186,20,669,818,2710,Egypt,0.8776595744680851,0.8685803865023082,tgt
0.1688466159294423,0.7288599209780984,4.3166984245788775,0.09558482965236154,0.1957477557029793,-0.10016292605061779,0.006203114251748778,20,332,818,2740,Egypt,0.743421052631579,0.3291784876537001,tgt
1.3509632865175416,2.859826659910837,2.116879628374493,-1.5981372543815726,-1.7969301167022171,0.19879286232064455,0.14586484788900886,20,230,818,2750,Egypt,0.11336032388663968,2.6337990198000267,tgt
1.0512332191033447,1.115977920998512,1.0615892845836736,0.7074805351473876,1.0405962055334548,-0.33311567038606715,0.027599598662025115,20,391,818,2790,Egypt,0.29918032786885246,2.049453933861337,tgt
0.14993316413964464,0.9260006127298787,6.1760893131516985,-0.7269788735211944,-0.7090682063824925,-0.017910667138701875,0.0011925564903016792,20,122,818,3290,Egypt,0.2631578947368421,0.2923053680936466,tgt
