num,den,share_den,loo_b,dose,ctry,sector,pct_dose
0.1163376668423487,0.004592619982177546,2.6809076835773455e-05,0.028719977108274262,0.0,4,1030,30.545876887340302
-0.2996193074525182,0.020684177111826407,0.00012074234219848926,0.028744285293578448,0.0,4,1393,30.545876887340302
-0.23491644320568256,0.0862066218084625,0.0005032247294102787,0.02874061823547925,0.0,4,1410,30.545876887340302
-0.035554901519404714,0.006727415447854851,3.927078625002978e-05,0.028728847306222986,0.0,4,3211,30.545876887340302
-0.418807679390255,0.032747750735863085,0.00019116255407229337,0.028751263081078973,0.0,8,1030,30.545876887340302
0.13175113211780978,0.004099470576336227,2.3930353935986005e-05,0.028719076531743142,0.0,8,1040,30.545876887340302
0.04107054263822037,0.032549614638165955,0.0001900059493700284,0.028724417649091175,0.0,8,1410,30.545876887340302
-0.08476277585921455,0.07284640062890363,0.00042523543407652976,0.028731830675091233,0.0,8,1430,30.545876887340302
-0.23308046020228984,0.008724007220877607,5.092574190940507e-05,0.028740381067693815,0.0,8,1520,30.545876887340302
-1.8572167651997014,0.23946269328620665,0.0013978456237450968,0.02883557725455312,0.0,8,2029,30.545876887340302
0.6849288986705133,0.03591971301567072,0.00020967864745897468,0.028686838469529023,0.0,8,3100,30.545876887340302
-1.867745566482154,0.5268429403802208,0.003075406396316143,0.028836675633592542,0.0004329004150349647,Algeria,2011,91.81184668989548
-0.8793655014097415,0.16473354577955135,0.0009616197950999257,0.028778369577513063,0.0,Algeria,2710,30.545876887340302
-0.13010538451854387,0.10237802846403601,0.0005976241104290082,0.02873452706261254,0.0,Algeria,2819,30.545876887340302
-0.14474455478556966,0.005992450595100838,3.4980483702564724e-05,0.02873521994052278,0.0,28,2620,30.545876887340302
-0.14474455478556966,0.005992450595100838,3.4980483702564724e-05,0.02873521994052278,0.0,28,2651,30.545876887340302
-0.47567925851157433,0.02331072433643458,0.00013607461585286664,0.028754567083138907,0.0,31,1030,30.545876887340302
0.011487781043508009,0.0012646907960466927,7.3825382583985245e-06,0.028726092063362085,0.0,31,1079,30.545876887340302
-0.3053416700626997,0.010155496790613295,5.928195557689347e-05,0.028744601666069347,0.0,31,1392,30.545876887340302
-0.475039385492792,0.05231721847338109,0.0003053978633829404,0.028754578419229782,0.0,31,1393,30.545876887340302
2.6806304603923823,0.2679451144072656,0.0015641096341066244,0.028570727605684555,0.0,31,2029,30.545876887340302
0.2573590419806643,0.04621319545964464,0.00026976608400262246,0.02871181484578844,0.0,31,2220,30.545876887340302
0.06706651705573974,0.018668149520797744,0.00010897393140015003,0.028722876875806297,0.0,31,2593,30.545876887340302
0.20257556930385873,0.36464504426127625,0.0021285882671157716,0.028715546571189778,0.0,31,2599,30.545876887340302
-0.43345374453974783,0.03657516691178745,0.0002135048107234059,0.028752124459735733,0.0,31,2620,30.545876887340302
-0.010310442626237048,0.006832167217055701,3.9882266895083564e-05,0.028727373854834714,0.0,31,2630,30.545876887340302
-0.2715295068106816,0.08153162587764054,0.0004759347891141716,0.028742747662614834,0.0,31,2640,30.545876887340302
-0.05313835897113642,0.001326744972111336,7.744774885977899e-06,0.028729864670465056,0.0,31,2651,30.545876887340302
-0.3368693747856364,0.08936761684606635,0.0005216768023380372,0.028746574996184653,0.0,31,2710,30.545876887340302
-0.06052375199856061,0.05211702818910052,0.00030422926751960303,0.028730380968442576,0.0,31,2740,30.545876887340302
0.6358859190376027,0.01981704200909512,0.00011568050566807007,0.02868967435509645,0.0,31,2750,30.545876887340302
0.4749505271842934,0.01345482599310315,7.854154388145923e-05,0.028699058190965968,0.0,31,2790,30.545876887340302
0.2130475990487505,0.007968177498824492,4.651364224256617e-05,0.028714337394587744,0.0,31,2813,30.545876887340302
-1.6899341823874225,0.14811129875869225,0.0008645886670521555,0.028825658404986295,0.0,31,2819,30.545876887340302
-0.8225000145521694,0.03280483907442644,0.00019149580299358688,0.02877482846119261,0.0,31,2824,30.545876887340302
0.07115649529610266,0.0039000527198887673,2.276626706255165e-05,0.0287226133649937,0.0,31,2930,30.545876887340302
-0.5158559501352004,0.12792771503629713,0.0007467685014528239,0.02875708798877514,0.0,31,3092,30.545876887340302
0.4444556979559878,0.025998360343953714,0.00015176349072424424,0.02870085932063549,0.0,31,3100,30.545876887340302
-0.3225401951912804,0.06695444360372325,0.00039084157409810375,0.028745700926942827,0.0,31,3240,30.545876887340302
-0.735199268474976,0.07398422587466644,0.0004318774041410494,0.028769801492892867,0.0,31,Wastes,30.545876887340302
-0.0678610827851283,0.00029913747269450414,1.7461927006909967e-06,0.02873072237512457,4.1253038943978027e-05,Argentina,1010,75.53232675183895
-0.14076708056470377,0.013961558366939658,8.149955634451428e-05,0.02873500112560925,5.2549265092238784e-05,Argentina,1020,77.33255903987612
0.005236138786604479,0.015289001413562204,8.92484061884205e-05,0.02872648051553046,8.61306325532496e-05,Argentina,1030,80.8362369337979
0.0003309629450342865,3.8121199731403927e-07,2.225296620746108e-09,0.028726741214227386,0.00036782139795832336,Argentina,1040,90.86333720480062
0.01225305075927799,0.0106447796854388,6.213810800681587e-05,0.02872606312043021,9.263127935810189e-07,Argentina,1050,61.885404568331396
-0.27277302166977335,0.025348971931975536,0.00014797273427138194,0.02874272598652995,4.209906910546124e-05,Argentina,1061,75.687185443283
-0.2389589803368129,0.006671550059808583,3.894467621122736e-05,0.028740720778653486,3.3823725971160457e-06,Argentina,1062,63.97599690282617
0.08111731665957017,0.011969884981358208,6.98733114052364e-05,0.028722045439448275,3.825763542408822e-06,Argentina,1071,64.28571428571429
-0.26960604317907677,0.030974752553466045,0.00018081280933268358,0.028742550555336647,1.4327015378512442e-06,Argentina,1072,62.34030197444832
0.03770843961353485,0.010742674207007646,6.270955997992168e-05,0.028724577344302907,1.0453931281517725e-05,Argentina,1073,68.31204026325977
0.03842163675394991,0.001959700223031322,1.1439603986006007e-05,0.02872452098486681,6.218824637471698e-06,Argentina,1074,66.08594657375146
-0.07742691058797471,0.11389357128028814,0.0006648452333097578,0.028731471291316254,6.654240132775158e-05,Argentina,1079,78.9198606271777
0.028750752813361032,0.0002882778491488476,1.6828004576635123e-06,0.028725082712923036,8.880307177605573e-06,Argentina,1080,67.67324816105304
-0.1194327461714657,0.13937847994461486,0.0008136114881242173,0.028733966113691414,9.698994290374685e-06,Argentina,1101,67.96360820751065
-0.038111381807142346,0.024245844867126748,0.00014153331225172461,0.028729025917952056,1.3092708286421839e-05,Argentina,1102,69.45412311265969
-0.26733568043801703,0.026416983635261175,0.00015420717298523219,0.028742410377249204,3.6210915368428687e-06,Argentina,1103,64.13085559427023
0.15687410567820148,0.012516891244717287,7.306641969657161e-05,0.02871762410725002,6.14014936672902e-07,Argentina,1104,61.575687185443286
-0.04861812133355044,0.009173055976206601,5.3547030548861686e-05,0.02872961396375394,1.4327015378512442e-06,Argentina,1200,62.34030197444832
0.11857202305003482,0.02084472904861011,0.00012167955216275145,0.02871987392604926,0.00013071631838101894,Argentina,1311,83.95276809910956
0.5091820259369437,0.041861011648172505,0.0002443605353924707,0.028697107536462912,0.00021969086083117872,Argentina,1312,87.66937669376695
-0.23320428308006413,0.052391912963817525,0.0003058338869035213,0.02874046155758042,4.53031352662947e-05,Argentina,1392,76.05497483546264
0.1574966673427927,0.018755797343508324,0.00010948556903240674,0.028717598224362942,1.773726944520604e-05,Argentina,1393,71.04142469996128
-0.10263182174970531,0.0009340342024914112,5.452355038955318e-06,0.028732753156013258,9.23370953387348e-06,Argentina,1394,67.78939217963608
0.03369006578811422,0.0002941272537477533,1.716945921025198e-06,0.028724794394013004,6.803364522056654e-05,Argentina,1399,79.13279132791328
0.19580527634870531,0.07583674636947495,0.0004426913544521785,0.028715457667088135,0.0002465949219185859,Argentina,1410,88.30816879597367
0.004752624799547199,0.00015041745953001275,8.780507086654186e-07,0.02872648335460614,1.5032461533337482e-06,Argentina,1420,62.45644599303136
0.08220395466140962,0.016626591424633914,9.705648818099635e-05,0.028721989815275236,1.4003107935423031e-05,Argentina,1430,69.95741385985288
-0.040064107698800665,0.018950538629603414,0.00011062235677497655,0.028729131026570386,0.00010808415390783921,Argentina,1511,82.65582655826557
0.3734447430449098,0.07064602180092044,0.00041239088667305816,0.028705079351905815,4.1153107304126024e-05,Argentina,1512,75.49361207897793
0.007718958338870888,0.09062404629926557,0.0005290111156233214,0.02872646191104028,1.7374157323502004e-05,Argentina,1520,70.92528068137824
-0.30882107337676884,0.018849935628118358,0.00011003509425223599,0.02874481936267152,1.0522722732275724e-05,Argentina,1610,68.33139759969028
-0.23386512463116882,0.01109693024800966,6.477750321485419e-05,0.028740430852976236,2.4728558855713345e-05,Argentina,1621,72.47386759581882
-0.04222526786780492,0.0007582732514289238,4.426363587442123e-06,0.02872922667350264,1.5032461533337482e-06,Argentina,1622,62.45644599303136
-0.010397423923909183,0.00015916442855945978,9.291104884208929e-07,0.028727367742084207,0.00011288729729130864,Argentina,1629,82.9461866047232
0.05403316968547182,0.005418452344280471,3.162981169626767e-05,0.028723615472521995,0.0001921892398968339,Argentina,1701,86.89508323654665
0.07210559031408328,0.0047257057429296555,2.7585955044638233e-05,0.02872255934660487,2.04287812266557e-06,Argentina,1702,63.085559427022844
-0.06540794871915166,0.01421757282788979,8.29940216783142e-05,0.028730602518240618,4.055860699736513e-05,Argentina,1709,75.39682539682539
-0.012569496001949862,0.0002800188405137574,1.6345891103400465e-06,0.028727494737840326,3.0486668038065545e-05,Argentina,1811,73.92566782810685
0.1954342498740601,0.002402492110400756,1.4024368625103329e-05,0.02871535623178098,0.0005699759931303561,Argentina,1920,93.26364692218351
3.064004833439111,18.132800376145582,0.105848870670405,0.028578151185190408,0.005084943026304245,Argentina,2011,99.10956252419668
0.23243607652528428,0.318339431474198,0.001858282703852566,0.028713725832782835,0.0010471000568941236,Argentina,2013,96.2059620596206
0.18780523343857297,0.0030675707620629327,1.7906715682651496e-05,0.028715802684838854,9.58677483140491e-05,Argentina,2022,81.55245838172668
-1.1844835410724683,2.378527406365366,0.013884476451502082,0.02879990259285414,0.0013830479001626372,Argentina,2023,97.25125822686799
1.6591314648930324,0.442331906577446,0.002582079535508688,0.028630649236806017,0.00018477854609955102,Argentina,2029,86.58536585365853
0.33921007506774314,0.00409574480031992,2.3908604996190924e-05,0.028706966261436134,0.0004579225496854633,Argentina,2100,92.21835075493613
-0.00013431213081974494,0.00011973993922791703,6.989729704459514e-07,0.028726768574466238,3.086776632699184e-05,Argentina,2211,74.00309717382888
-0.08036864724063766,0.01780572231415852,0.000103939576862266,0.02873148185656406,6.0033442423446104e-05,Argentina,2219,78.22299651567944
-0.4463155257304168,0.6604399299000295,0.003855268865008008,0.02875392241047548,0.0010842169867828488,Argentina,2220,96.38017808749517
0.0853367566520298,0.009749620168732726,5.6912681048614056e-05,0.028721795410083222,7.24343626643531e-05,Argentina,2310,79.59736740224545
0.08276416896285282,0.007587309186086126,4.429035185491408e-05,0.028721941957677445,1.0764674698293675e-05,Argentina,2391,68.46689895470384
-0.08713554509935378,0.0005570716871011002,3.251864452204526e-06,0.028731847940122946,2.394633338553831e-05,Argentina,2392,72.33836624080526
-0.030270663524953886,6.573697878347401e-05,3.8373471395344237e-07,0.028728527670965776,6.14287710050121e-05,Argentina,2393,78.3778552071235
-0.003560337769782958,0.0064593746351570645,3.77061179842851e-05,0.028726979197195652,4.059871116623981e-06,Argentina,2395,64.53735965931088
0.07496604418419599,0.006564443881201448,3.831945187674992e-05,0.028722395452614433,6.468857918662252e-06,Argentina,2396,66.26016260162602
-0.11619924058863118,0.006147181703004256,3.5883715012092816e-05,0.028733553888030398,9.75517923507141e-06,Argentina,2399,68.02168021680217
1.181906650940888,80.49165892002499,0.46986405951285987,0.028793055834488632,0.000937730073928833,Argentina,2410,95.58652729384437
3.2372929500009393,2.457399976767694,0.014344889202471388,0.028541880271359354,0.0021748687140643597,Argentina,2420,98.1223383662408
-0.09477524511492565,0.028809809361925474,0.00016817511481575633,0.028732341288244322,1.752208117977716e-05,Argentina,2431,70.96399535423926
-0.03239633654422365,0.00032011326867179457,1.8686373462808674e-06,0.028728652182136896,3.7633210013154894e-05,Argentina,2511,75.06775067750678
0.028525408102048413,0.0013906695164270034,8.117929648815028e-06,0.02872509771575,1.4582464245904703e-05,Argentina,2512,70.15098722415796
0.032044345941498686,0.0021101906520401216,1.2318080648565076e-05,0.028724893506848783,3.791183416979038e-06,Argentina,2520,64.24699961285327
-0.0050000193988256345,0.0008748903430991549,5.107107168031021e-06,0.02872705387283044,0.00021569636010099202,Argentina,2593,87.55323267518389
-0.27280882114746363,0.09879045286786586,0.0005766819052857321,0.02874285129972274,0.0005192628595978022,Argentina,2599,92.85714285714286
-0.009591124466683185,0.05135841418502971,0.00029980091481401184,0.028727406533072965,0.0004942666855640709,Argentina,2610,92.62485481997678
0.6651377661232041,1.2729907147246773,0.007430988415048163,0.028690065567413867,0.0013076183386147022,Argentina,2620,97.13511420828495
-0.4869394558869582,0.046952986987712414,0.0002740845619074761,0.028755264074840792,6.851367652416229e-05,Argentina,2630,79.1521486643438
0.32367619337990067,0.07473398101234734,0.0004362540438743837,0.028707991416539805,0.00030694587621837854,Argentina,2640,89.50832365466512
-0.1391221484074613,0.41048808202477793,0.0023961935831568037,0.02873557024491247,0.000815915409475565,Argentina,2651,94.85094850948511
0.01919395148248048,0.001543801140125312,9.011824088513088e-06,0.028725642689396143,8.280123438453302e-05,Argentina,2660,80.60394889663183
-0.12761240427148143,0.02985550901277002,0.0001742793085865069,0.028734259890156474,4.4685788452625275e-05,Argentina,2670,75.99690282617112
-0.3121399868241735,0.2983051043141539,0.0017413338123111449,0.02874548202717924,0.0009445052710361779,Argentina,2710,95.62524196670537
-2.2129124734688785,0.5820886774853435,0.003397899268935212,0.0288569181785632,1.2087569302821066e-05,Argentina,2720,69.08633372048007
0.017135828232576193,0.0006073611270036468,3.5454253093203675e-06,0.028725761260552856,1.7258969819522463e-05,Argentina,2731,70.8478513356562
-0.23344695125522108,0.029210387621477325,0.00017051346054885444,0.028740436831396998,0.00019749872444663197,Argentina,2732,87.0112272551297
-0.022654318862647876,0.014732731586309587,8.6001222533315e-05,0.028728107668805417,2.999267599079758e-05,Argentina,2740,73.86759581881533
0.4724803597512274,0.29696390263313766,0.001733504647464463,0.02869967735470611,0.0006069966475479305,Argentina,2750,93.59272164150212
0.2314989897804001,0.3879313092346818,0.0022645201032600306,0.028713897184296497,0.0006855863612145185,Argentina,2790,94.17344173441734
-0.1535328700147562,0.004354593858793437,2.5419617081757348e-05,0.02873573020466758,0.00014873909822199494,Argentina,2811,85.05613627564847
-0.027932446632984033,0.0013303699043603582,7.765935157797825e-06,0.028728393300084556,0.00010910100536420941,Argentina,2812,82.71389856755711
-0.118552693169695,1.548314808526123,0.009038172291377275,0.028736278192737275,0.0011817322811111808,Argentina,2813,96.70925280681378
-0.11358843075838909,0.17363048535579786,0.0010135550167443116,0.02873368240496544,0.00043059364543296397,Argentina,2814,91.75377468060395
0.05710985226518077,0.0015223258056946355,8.886463424434592e-06,0.028723429340741163,0.0001862769277067855,Argentina,2816,86.64343786295005
-0.0694567046702156,0.0017948515670710079,1.0477312243805596e-05,0.028730818026886557,3.3819873351603746e-05,Argentina,2818,74.40960123886953
1.1428840021718174,1.0695454592033165,0.006243391899701451,0.02866183500220816,0.0013837969163432717,Argentina,2819,97.27061556329849
-0.09662735732117123,0.08555381021169337,0.0004994139903713458,0.02873254457761335,0.00034460864844731987,Argentina,2821,90.37940379403794
0.08374411523401457,0.00974658315036082,5.689495268023173e-05,0.028721888374299915,0.00024255535390693694,Argentina,2822,88.21138211382113
0.03083766142454034,0.0014422322827781233,8.418923454167238e-06,0.02872496282613514,5.337056063581258e-05,Argentina,2823,77.40998838559814
-0.5245732220587191,0.05879817093311168,0.0003432299403098737,0.028757480808435452,0.00034460448659956455,Argentina,2824,90.36004645760744
0.020509824751980606,0.009803133050703077,5.722505850854197e-05,0.028725579725800233,0.00014234526315703988,Argentina,2825,84.68834688346884
0.08653836710908053,0.032858753434092995,0.00019181052404964233,0.028721764011990673,0.00024152756668627262,Argentina,2826,88.15331010452961
-0.19643578953565916,0.08898395454705532,0.0005194372022637677,0.028738376603923813,0.0005279765464365482,Argentina,2829,92.95392953929539
-0.003155669437818703,0.0007641582051911344,4.460716566394951e-06,0.028726946024582364,0.001035457942634821,Argentina,2910,96.08981804103756
0.20870434249931707,0.01381013349926347,8.061562496588257e-05,0.028714600721322238,9.714512998471037e-05,Argentina,2920,81.6492450638792
-0.3306746149406215,0.05374180110808188,0.00031371375833196983,0.028746153598121563,0.0004272774385754019,Argentina,2930,91.65698799845141
-0.14188023032400965,0.0019956290351452093,1.1649335748772622e-05,0.028735046033440317,1.7646498235990293e-05,Argentina,3012,71.00271002710026
2.090420704347725,0.1165093539555005,0.000680114669709371,0.028604928329092588,2.4476155886077322e-05,Argentina,3030,72.4351529229578
-0.3062686824059446,0.042311601695501785,0.00024699082120909903,0.02874470973615658,0.0001736909180181101,Argentina,3091,86.15950445218738
0.369136300461775,0.028227753115124123,0.0001647774048585217,0.02870525977668117,4.562158210319467e-05,Argentina,3100,76.07433217189315
0.20534933416267803,0.04567031653611182,0.0002665970687498924,0.028714849971926734,6.290267720032716e-06,Argentina,3211,66.12466124661248
-0.02528800540919008,0.0028905966526313453,1.6873642509581244e-05,0.028728241549271533,9.426154974789824e-06,Argentina,3212,67.8474641889276
-0.02107921553379878,0.0027828085155363973,1.624443729326086e-05,0.028727995683500034,8.76641133800149e-05,Argentina,3220,80.97173828881145
-0.03913869440529111,0.003554154688415718,2.0747113085281587e-05,0.028729051185866047,9.321637480752543e-05,Argentina,3230,81.3395276809911
0.2408989304935524,0.015405172204235346,8.992654452020385e-05,0.028712724058150018,4.578374500852078e-06,Argentina,3240,64.94386372435153
-0.1487291821080038,0.09498284113991018,0.0005544552556235154,0.02873560181450836,0.0005056117079220712,Argentina,3250,92.76035617499032
0.3036476764707753,0.020798393819785023,0.0001214090737180738,0.028709070181928868,4.44267934653908e-05,Argentina,3290,75.9581881533101
0.12395774006375712,0.011233867225585227,6.557686261487608e-05,0.02871954342599438,8.315751074405853e-06,Argentina,Wastes,67.44096012388695
0.00904473466766443,0.03295318807595436,0.00019236177923283727,0.028726287812056956,0.0,44,1020,30.545876887340302
0.3750900845854327,0.06448461337091624,0.00037642412420248997,0.028704972981631622,0.0,44,1071,30.545876887340302
0.04623986141244842,0.0003119576261888749,1.8210293911663177e-06,0.028724061838931822,0.0,44,1101,30.545876887340302
-1.6144445112416335,0.04043298656885946,0.0002360245454295992,0.028821070553124252,0.0,44,1103,30.545876887340302
-0.626560598140403,0.07327609680608382,0.0004277437534834841,0.02876345857511122,0.0,44,1200,30.545876887340302
0.3847531850563024,0.015197142325750956,8.87121856100246e-05,0.028704326317136108,0.0,44,1312,30.545876887340302
-0.06466929069419933,0.006442189902524513,3.760580338840385e-05,0.028730546359299267,0.0,44,1392,30.545876887340302
0.2694263986250845,0.043354878743439414,0.00025308087321594886,0.028711105630416997,0.0,44,1393,30.545876887340302
-0.4903795157054781,0.0525377947514374,0.00030668546096547684,0.02875547426088788,0.0,44,1410,30.545876887340302
-0.009529151312022784,0.0023799531468569344,1.3892799105354276e-05,0.02872732078143763,0.0,44,1512,30.545876887340302
0.0368788323707595,0.0019897190387031223,1.1614836585042568e-05,0.02872461109526794,0.0,44,1520,30.545876887340302
-0.1686372610235471,0.038461953217953655,0.0002245187851543388,0.028736669126942525,0.0,44,1709,30.545876887340302
1.1486152129671574,4.067248303977264,0.02374225882277242,0.02866651705503958,0.0,44,2011,30.545876887340302
0.8522666746421155,0.18961691482247933,0.0011068746072101286,0.028677327523463105,0.0,44,2013,30.545876887340302
-0.4449694738712119,0.010748348083054683,6.274268080844482e-05,0.028752753334931564,0.0,44,2023,30.545876887340302
-0.19248714112557386,0.05545260918175664,0.00032370047294724295,0.028738089852029355,0.0,44,2220,30.545876887340302
0.5747726502577889,0.0783890728503,0.0004575903700467531,0.028693339906210685,0.0,44,2393,30.545876887340302
3.59639484294994,0.8198528974722812,0.004785830181391259,0.028518188496985515,0.0,44,2420,30.545876887340302
-0.4903140987506016,0.09077259304775559,0.000529878246195724,0.028755534622685652,0.0,44,2511,30.545876887340302
0.21461475604185004,0.013483902177852185,7.8711273942743e-05,0.02871425515823822,0.0,44,2593,30.545876887340302
-0.9146507118171723,0.38983751582835713,0.0022756474421718105,0.0287808075365828,0.0,44,2599,30.545876887340302
0.16549201849127643,0.002578547258056687,1.5052077427302856e-05,0.02871710438259393,0.0,44,2610,30.545876887340302
-0.10702726694790098,0.04484127371999832,0.0002617575931034021,0.02873308338126633,0.0,44,2620,30.545876887340302
0.08621168548409397,0.003862087248995807,2.2544646455964232e-05,0.028721734465634457,0.0,44,2630,30.545876887340302
-0.8236138621871338,0.09366578502888287,0.0005467670387419578,0.028774995710821222,0.0,44,2640,30.545876887340302
-0.03578019779457391,0.003241678678923589,1.8923057670220136e-05,0.028728854612058635,0.0,44,2651,30.545876887340302
1.0562719045054103,0.09228205035239287,0.0005386895907043878,0.02866525586491791,0.0,44,2652,30.545876887340302
0.27743725584777734,0.018817016783114884,0.000109842932948129,0.028710596876842336,0.0,44,2670,30.545876887340302
-0.014375363511637568,0.10205175334627062,0.000595719503747916,0.028727770821367477,0.0,44,2710,30.545876887340302
0.006715463775083204,0.04317265764712566,0.00025201717114803725,0.028726440918674625,0.0,44,2740,30.545876887340302
-0.06384702680180886,0.00911713857852375,5.322061690768224e-05,0.028730502846455497,0.0,44,2790,30.545876887340302
0.1304791580806241,0.057604299690001394,0.0003362608059132175,0.028719240481252333,0.0,44,2811,30.545876887340302
1.0093934038846417,0.0687907994047123,0.0004015611642138946,0.028667953065067423,0.0,44,2812,30.545876887340302
-0.06845358164330366,0.004727032429170032,2.7593699476682083e-05,0.02873076438799081,0.0,44,2813,30.545876887340302
0.054642433015766864,0.049494577060700734,0.00028892090452154015,0.02872365381064412,0.0,44,2814,30.545876887340302
0.13530958166825752,0.026894160078408294,0.00015699265490583446,0.028718907023900852,0.0,44,2816,30.545876887340302
-0.165894948953013,0.008715642078293475,5.087691101306475e-05,0.02873645914752171,0.0,44,2817,30.545876887340302
0.12546658502375846,0.13434008327072344,0.0007842002230764578,0.028719661734570308,0.0,44,2818,30.545876887340302
-0.003340858093699786,0.16431959858127015,0.0009592034091834467,0.028727231105984612,0.0,44,2819,30.545876887340302
-0.09253770324622755,0.001758894065007205,1.026741300559475e-05,0.028732165302807613,0.0,44,2930,30.545876887340302
0.9074580892258479,0.05766187450033697,0.0003365968945772223,0.028673884859123217,0.0,44,3011,30.545876887340302
-0.04182949625613794,0.01980460625541499,0.0001156079128828592,0.02872923551223933,0.0,44,3100,30.545876887340302
0.23968471223879728,0.02143858808050749,0.00012514615999826547,0.028712805049847984,0.0,44,3211,30.545876887340302
0.4544714960315678,0.03494727314658346,0.00020400210220382624,0.02870028964765634,0.0,44,3230,30.545876887340302
-0.5915861843700122,0.05676036374130412,0.00033133439271532675,0.028761389232252507,0.0,44,3240,30.545876887340302
0.009051592714980697,0.00025496217788200667,1.4883227098215005e-06,0.02872623258086426,0.0,44,3250,30.545876887340302
0.5508470877567169,0.02758405695312916,0.00016101987649066549,0.028694651449220874,0.0,44,3290,30.545876887340302
0.4388393459920928,0.06324680973990615,0.00036919853776596213,0.028701249578163033,0.0,44,Wastes,30.545876887340302
0.5191369079384545,0.16581733495299578,0.0009679463336198567,0.028696734072225633,0.0,48,1020,30.545876887340302
-0.3144847041226462,0.010485745076241415,6.120975532924504e-05,0.028745135938333232,0.0,48,1312,30.545876887340302
-0.6609973290484271,0.09359920466452856,0.0005463783808275963,0.028765502928202413,0.0,48,1392,30.545876887340302
0.035548264348846524,1.2493592084693117e-05,7.293041258652965e-08,0.02872468545081687,0.0,48,1410,30.545876887340302
0.2875061904624859,0.07532904950429455,0.00043972771184279163,0.028710103820009988,0.0,48,1512,30.545876887340302
9.641061022799489,3.2079152136624054,0.018725965958312406,0.02816924574541569,0.0,48,2011,30.545876887340302
0.5638300952647172,0.010326686362299546,6.028126194202491e-05,0.028693864668765858,0.0,48,2012,30.545876887340302
-0.1791144027928137,0.10847198730628277,0.0006331971409583864,0.02873739816744735,0.0,48,2023,30.545876887340302
-0.0495352444811818,9.61803804387334e-05,5.614458020219979e-07,0.02872965227758037,0.0,48,2220,30.545876887340302
2.720564161806768,0.16051741699222782,0.0009370084575524021,0.028568217314738405,0.0,48,2310,30.545876887340302
-0.11669188234589911,0.462101758139567,0.002697484570459879,0.028734347439547805,0.0,48,2420,30.545876887340302
-0.7645265787138851,0.15895617011800917,0.0009278947952914343,0.02877165617319729,0.0,48,2599,30.545876887340302
0.020211726990528277,0.0001937395299639934,1.130940065820264e-06,0.028725581013674173,0.0,48,2620,30.545876887340302
-0.021553369672021965,0.02847348309164079,0.00016621183528099366,0.02872806644463968,0.0,48,2651,30.545876887340302
-0.08986900406996332,0.00879446031722312,5.133700660811185e-05,0.028732021319591915,0.0,48,2710,30.545876887340302
0.8243130203730376,0.10314395479783567,0.0006020951483143682,0.028678814548890458,0.0,48,2790,30.545876887340302
0.2572207466908494,0.08668904540821254,0.0005060408412164546,0.028711890757827874,0.0,48,2813,30.545876887340302
-0.6688082607071,0.03228738977464472,0.00018847523127411101,0.028765855933540484,0.0,48,2819,30.545876887340302
-0.16557728016877588,0.07161821012347369,0.0004180659635440633,0.02873654612133889,0.0,48,2930,30.545876887340302
0.6268327877001055,0.1384553123369017,0.0008082225660223402,0.02869040151882953,0.0,48,3211,30.545876887340302
1.0703908744510158,0.06901769939116913,0.0004028856759728825,0.028664392748553886,0.0,Bangladesh,1020,30.545876887340302
0.46450385737259087,0.09739084299920572,0.0005685117869971238,0.028699808628641337,0.0,Bangladesh,1030,30.545876887340302
1.2377952902941263,0.31032204274879316,0.0018114817947427878,0.02865502423636848,0.0,Bangladesh,1040,30.545876887340302
-0.06668606424762581,0.0325018283917625,0.00018972700071838837,0.028730707792509646,0.0,Bangladesh,1050,30.545876887340302
0.20730757332377134,0.08416604667233137,0.0004913130241470512,0.028714800187780134,0.0,Bangladesh,1061,30.545876887340302
0.1453416688445586,0.036215658448789705,0.00021140620686656172,0.02871833703406174,0.0,Bangladesh,1071,30.545876887340302
-0.48732150734369534,0.0643977578826769,0.0003759171117636526,0.02875531565922236,0.0,Bangladesh,1072,30.545876887340302
0.053430004777659613,0.037327613943560545,0.00021789716418786346,0.028723704184735303,0.0,Bangladesh,1073,30.545876887340302
-0.15718365222944156,0.016458869599934027,9.607742453042985e-05,0.028735963620619434,0.0,Bangladesh,1074,30.545876887340302
-0.004886781909372816,0.25031615110468075,0.0014612018747997152,0.02872746556182034,0.0,Bangladesh,1079,30.545876887340302
0.3293598025337433,0.030118474137959136,0.00017581434790473526,0.02870758487237139,0.0,Bangladesh,1200,30.545876887340302
0.7620355914617649,0.15292280431961097,0.0008926754721392293,0.028682533315573473,0.0,Bangladesh,1311,30.545876887340302
1.5095617209866001,0.32207783674661417,0.0018801053659888625,0.028639179439739582,0.0,Bangladesh,1312,30.545876887340302
0.2774705357573324,0.022761911534873995,0.00013287096202943018,0.028710601545643224,0.0,Bangladesh,1391,30.545876887340302
0.07859042293365417,0.0017133636078686151,1.0001632355653497e-05,0.028722175748628277,0.0002469135797582567,Bangladesh,1392,88.36624080526519
0.2953334569957986,0.05570732140530295,0.0003251873365672602,0.028709614022906726,0.0,Bangladesh,1393,30.545876887340302
-0.19041497591519166,0.014048049448093741,8.200444158415249e-05,0.02873789943195087,0.0,Bangladesh,1394,30.545876887340302
-0.6293438909433811,0.033099705867360385,0.00019321706591949003,0.028763553589951033,0.0,Bangladesh,1399,30.545876887340302
-2.993210626980185,33.49502389064917,0.19552470541547337,0.028958107226517173,0.004945326130837202,Bangladesh,1410,99.07084785133566
-0.008410390664091227,0.036716705972429854,0.00021433103444031494,0.02872731305513695,0.0003174603043589741,Bangladesh,1430,89.79868370112273
0.218636729874881,0.006311844431381898,3.684492141588745e-05,0.028714008356811264,0.0,Bangladesh,1511,30.545876887340302
6.121962425229173,14.426050758985552,0.08421099606221684,0.02839330582537595,0.0032098765950649977,Bangladesh,1512,98.56755710414247
-0.7864653678880205,0.159708981984046,0.0009322892784487136,0.02877293810998023,0.0,Bangladesh,1520,30.545876887340302
-0.15255583320086577,0.04442282019457052,0.00025931490183808323,0.028735740382416188,0.0,Bangladesh,1629,30.545876887340302
0.08696372068029333,0.06420095784445048,0.00037476830620896496,0.028721791731099303,0.0,Bangladesh,1701,30.545876887340302
-0.10649314045239412,0.021700715143408367,0.00012667630719035108,0.02873301338892309,0.0,Bangladesh,1702,30.545876887340302
0.36306242081948487,0.06156608319704471,0.0003593874218446897,0.02870567019966407,0.0,Bangladesh,1709,30.545876887340302
0.36126793334304685,0.11598662291576307,0.0006770632662265773,0.028705866143839846,0.0,Bangladesh,2023,30.545876887340302
0.563491106558004,0.9650856145609565,0.00563361534249931,0.028695483753130545,0.0,Bangladesh,2029,30.545876887340302
-6.195756857602886,0.37230130903783737,0.0021732811420904895,0.02908906540904152,0.0,Bangladesh,2100,30.545876887340302
0.1444659818740869,0.082811072669707,0.00048340346439949974,0.0287184662653498,0.0,Bangladesh,2219,30.545876887340302
-4.476079092328105,4.463663526266022,0.026056303136138534,0.02899560349642288,0.0021374046336859465,Bangladesh,2220,98.1029810298103
-1.5083797143800328,0.07250778523042961,0.0004232587919265817,0.02881493303659938,0.0,Bangladesh,2310,30.545876887340302
0.37028480070883635,0.026981952794208376,0.00015750513834070156,0.028705190646203402,0.0,Bangladesh,2393,30.545876887340302
0.10129705787393305,0.10766412760211701,0.0006284813201490112,0.02872102789934687,0.0,Bangladesh,2593,30.545876887340302
0.18845622881527796,1.1419316568994697,0.006665940933459203,0.028717673844587763,0.0,Bangladesh,2599,30.545876887340302
-0.30527931445197987,0.24504650989988583,0.0014304407370385802,0.028744992165822852,0.0,Bangladesh,2610,30.545876887340302
0.20822947216678347,0.14599783847653372,0.0008522515001814755,0.028714850015809163,0.0,Bangladesh,2630,30.545876887340302
2.1581630287313183,0.25117945824082266,0.0014662413658604859,0.028601198737691524,0.0,Bangladesh,2651,30.545876887340302
0.45613687243518003,0.09429026343084343,0.0005504123848680059,0.028700291853316694,0.0,Bangladesh,2670,30.545876887340302
0.729586391374205,0.015151637923155168,8.844655705153497e-05,0.028684196841687454,0.0,Bangladesh,2731,30.545876887340302
-0.055757817140559725,0.055914285818168194,0.000326395475901302,0.02873010912809636,0.0,Bangladesh,2740,30.545876887340302
-0.008720977873718375,0.12163257521999682,0.0007100210919823995,0.028727473585008226,0.0,Bangladesh,2790,30.545876887340302
-2.330979786285597,0.7218301301197982,0.004213629583082259,0.02886404596491542,0.0,Bangladesh,2819,30.545876887340302
-0.41940580468078015,0.011466922868423879,6.693730755918203e-05,0.028751262279869023,0.0,Bangladesh,3092,30.545876887340302
8.25855638510948,5.946135527387742,0.034710122946875616,0.028254480624787116,0.002098765457049012,Bangladesh,3100,98.06426635694928
-0.4530020804738483,0.02015780612770753,0.0001176696908116715,0.028753238025952938,0.0,Bangladesh,3212,30.545876887340302
-0.14015481480583017,0.0042622418789545835,2.4880519282887932e-05,0.02873494911555805,0.0002469135797582567,Bangladesh,3230,88.36624080526519
-0.013842115718882404,0.0424351729162227,0.0002477121589996964,0.028727639718347832,0.0,Bangladesh,3240,30.545876887340302
-0.2671006181177526,0.011170062244634491,6.520440579427009e-05,0.028742371074095243,0.0002469135797582567,Bangladesh,3250,88.36624080526519
-0.8479390393869745,0.07737178469422559,0.000451652026259077,0.02877638831185848,0.0,Bangladesh,3290,30.545876887340302
0.302977069413823,0.03715377474746446,0.00021688239083772894,0.02870913673776195,0.0,Bangladesh,Wastes,30.545876887340302
0.16096676920654776,0.021856609011813202,0.00012758632602764003,0.028717400857603936,0.0,51,1030,30.545876887340302
0.39301177756259875,0.07819418615123305,0.00045645273346679835,0.028703949783682237,0.0,51,1050,30.545876887340302
0.1385522920940408,0.028832385466706176,0.00016830690114470734,0.02871872098211143,0.0,51,1061,30.545876887340302
-0.13065618260990924,0.001632255565132826,9.52817020155818e-06,0.02873439022844045,0.0,51,1079,30.545876887340302
-0.001725572654872058,3.959234194031925e-06,2.3111734506780726e-08,0.028726861268960215,0.0,51,1101,30.545876887340302
0.27662421480308935,0.04460540519484436,0.00026038072816823827,0.028710687558042968,0.0,51,1102,30.545876887340302
0.2829662903890712,0.04698146964951744,0.00027425082732281233,0.028710321325304128,0.0,51,1103,30.545876887340302
0.5489808792452462,0.07362261232551662,0.00042976651200069476,0.028694837504461702,0.0,51,1104,30.545876887340302
0.12300188863293648,0.009203676478427106,5.3725775448279704e-05,0.028719595819559237,0.0,51,1392,30.545876887340302
-0.26034524219152944,0.050127127798342636,0.0002926133723054578,0.028742042095827033,0.0,51,1393,30.545876887340302
-0.6228077471923906,0.04559877855367932,0.0002661794711095146,0.02876319303305206,0.0,51,1410,30.545876887340302
0.1606959238735072,0.056063412202911354,0.0003272659900571292,0.028717474011047333,0.0,51,1430,30.545876887340302
0.09661284329626255,0.004154743941104266,2.4253008083028126e-05,0.028721127796323614,0.0,51,1512,30.545876887340302
0.4143955595291479,0.09772078724362837,0.0005704378119316001,0.028702734232634027,0.0,51,1702,30.545876887340302
-1.7845138355280152,0.10722491943500924,0.0006259174752098294,0.028831110657327713,0.0,51,1811,30.545876887340302
-3.200889207180004,4.0042789940025845,0.023374680169202567,0.02892037009900929,0.0,51,2011,30.545876887340302
0.319974646404359,0.0225750975382209,0.00013178044924811878,0.02870812008350171,0.0,51,2100,30.545876887340302
0.3182878329098604,0.04831697996708,0.00028204676925953817,0.028708261689017175,0.0,51,2220,30.545876887340302
-0.5267699134367039,0.03634443763743592,0.00021215794578174798,0.02875757134584575,0.0,51,2310,30.545876887340302
-0.44407605437988623,0.08675577096402176,0.0005064303466751124,0.028752828755036763,0.0,51,2396,30.545876887340302
3.774344687616897,0.7917168953120295,0.0046215883658931615,0.028507753486383944,0.0,51,2420,30.545876887340302
0.16355133747480066,0.017369327765555904,0.00010139215621139536,0.028717242462912334,0.0,51,2593,30.545876887340302
-1.0071526045174075,0.370512226583407,0.002162837506611724,0.02878617491410026,0.0,51,2599,30.545876887340302
-0.40321953005721395,0.03844934395785706,0.00022444517953835408,0.028750362701634613,0.0,51,2620,30.545876887340302
-0.030816598962325498,0.001702651830557172,9.939103153998536e-06,0.028728562284660124,0.0,51,2651,30.545876887340302
-2.164513587426035,0.10204967483702965,0.0005957073706051432,0.028853284281793786,0.0,51,2652,30.545876887340302
-0.549855683629379,0.11344965169507489,0.0006622538858185499,0.02875904840691678,0.0,51,2731,30.545876887340302
-0.7447134591827945,0.012355711517517819,7.212554505254962e-05,0.02877025337711425,0.0,51,2790,30.545876887340302
0.21614030301147297,0.007127742274873201,4.160766426445406e-05,0.028714155451504294,0.0,51,2813,30.545876887340302
0.0022562053210160513,5.58023036792564e-05,3.25741788511975e-07,0.02872662892257404,0.0,51,2829,30.545876887340302
0.3470722019901814,0.02627373869083314,0.0001533709912988723,0.02870654447971373,0.0,51,3211,30.545876887340302
0.42916856563553435,0.033035616923961446,0.00019284295148925778,0.02870176348749233,0.0,51,3290,30.545876887340302
-0.0818417227044721,0.06294717875776919,0.0003674494642406844,0.02873164355713596,0.0,52,1030,30.545876887340302
-0.26414297888853605,0.1388782350843368,0.0008106913460380139,0.0287424126950698,0.0,52,1071,30.545876887340302
0.06796328473038667,0.003925244550552049,2.291332249637953e-05,0.028722799808561298,0.0,52,1079,30.545876887340302
-0.08393656241154897,0.010213764814895178,5.962209082564118e-05,0.02873167739799895,0.0,52,1101,30.545876887340302
0.02496356058120219,0.10227526837621052,0.0005970242560755334,0.028725474802113224,0.0,52,1103,30.545876887340302
0.2742202655895466,0.14016624428623034,0.0008182100037525098,0.02871098804586558,0.0,52,1104,30.545876887340302
0.09261757005285866,0.03959652197637466,0.0002311417457167224,0.028721420438876478,0.0,52,1392,30.545876887340302
0.1867030321077856,0.09912591766896493,0.0005786401560583332,0.02871602804543237,0.0,52,1709,30.545876887340302
11.782005748457875,3.6024666635678795,0.021029130639307073,0.028044892326481063,0.0,52,2011,30.545876887340302
-0.1853865035290045,0.008654969364461007,5.052273856829864e-05,0.028737596851290268,0.0,52,2620,30.545876887340302
0.05612488575498915,0.0038179735698102273,2.2287136141724357e-05,0.028723490686573486,0.0,52,2651,30.545876887340302
-0.2508109401692314,0.040292495391060945,0.00023520443865068767,0.02874146903620512,0.0,52,2710,30.545876887340302
0.1304916771515879,0.018142212260177055,0.00010590381184192546,0.028719173593610963,0.0,52,3250,30.545876887340302
-0.08961389954930443,0.0011412118349810301,6.661739026662122e-06,0.028731993591946413,0.0,60,1101,30.545876887340302
0.30922259940080893,0.017346839995116218,0.00010126088552757603,0.028708738965265206,0.0,60,1392,30.545876887340302
-0.4579950368883084,0.03160114028032719,0.00018446930100052757,0.028753548693686144,0.0,60,1410,30.545876887340302
0.09229921340904104,0.010045834937591935,5.864181268350977e-05,0.0287213894782591,0.0,60,1512,30.545876887340302
-0.017344458674820276,0.033870584558298125,0.0001977170128205205,0.028727829802957773,0.0,60,2220,30.545876887340302
0.2409783883236397,0.02570039687254349,0.00015002415116854623,0.0287127366755373,0.0,60,2620,30.545876887340302
-0.06015437252940916,0.012902652419368513,7.531827180095135e-05,0.028730293639124455,0.0,60,2630,30.545876887340302
0.12838014227602157,0.0648234591936566,0.00037840211143691825,0.02871937511290775,0.0,60,2640,30.545876887340302
-0.0015709387370361609,3.015758766199882e-05,1.7604267018599671e-07,0.02872685228625276,0.0,60,2651,30.545876887340302
0.5507662454975031,0.035577233167992287,0.00020767944687483193,0.028694669557166194,0.0,60,2670,30.545876887340302
0.21554538457706823,0.12525893431968463,0.0007311896929367378,0.028714388188781907,0.0,60,2819,30.545876887340302
0.0049524186301485515,0.03914991300464937,0.00022853469913220354,0.02872653708966222,0.0,60,3211,30.545876887340302
-0.11766854111757678,0.004544335184860446,2.6527217930334445e-05,0.02873363696892154,0.0,60,3250,30.545876887340302
-0.49261057529458546,0.09176860445668662,0.0005356923885578096,0.028755670350407034,0.0,60,Wastes,30.545876887340302
0.26251091280956435,0.2055157533355683,0.001199682892012927,0.0287117811047561,0.0009456264670006931,Bolivia,1030,95.64459930313589
0.4196461379714771,0.25980505441415014,0.0015165926406148684,0.02870269930580718,0.00019168104336131364,Bolivia,1061,86.81765389082462
0.8015154820074759,0.43603228476869615,0.002545305962741404,0.028680702676084815,0.0,Bolivia,1071,30.545876887340302
2.0293379069423216,0.43986984398760254,0.002567707428649914,0.028609034041841692,0.0,Bolivia,1073,30.545876887340302
-1.408664685045328,0.35798133263369014,0.002089689347168407,0.028809592315328512,0.0,Bolivia,1074,30.545876887340302
-0.016219116970819854,0.03529988578570455,0.00020606045220276958,0.028727766508733217,0.0008865247946232557,Bolivia,1079,95.22841656987998
8.23986049186398,16.182020421103566,0.09446133808391582,0.02827247137342623,0.003792356001213193,Bolivia,1101,98.76113046844755
-0.34910298862344324,0.7414531536540685,0.004328177520364674,0.02874838344113047,0.0,Bolivia,1311,30.545876887340302
0.3999377892550558,0.29915940931038537,0.0017463207540511611,0.028703915725386126,0.0010570103768259287,Bolivia,1392,96.24467673248162
8.292582145219276,24.107762711324206,0.14072726795915844,0.028282488404681658,0.004633418284356594,Bolivia,1410,98.99341850561363
0.029420597515827002,0.004830669783229635,2.8198674806411585e-05,0.028725051227935755,0.00047735951375216246,Bolivia,1430,92.4506387921022
-1.0737969567982957,0.3019177243301351,0.001762422212388386,0.028789950030777913,0.0,Bolivia,1511,30.545876887340302
-2.5886242814145044,0.749057104421971,0.004372565016213064,0.028879132305140172,0.0,Bolivia,1512,30.545876887340302
-5.771757375782304,87.63396557124594,0.5115567422386904,0.029213124274991918,0.0078309690579772,Bolivia,1520,99.59349593495935
-0.37031410514259455,0.4857600877423825,0.0028355883061465417,0.02874919255192016,0.0,Bolivia,1610,30.545876887340302
2.8415449224583726,0.4672698225896237,0.002727652761486236,0.028561666529481593,0.0,Bolivia,1621,30.545876887340302
0.5054221770147674,0.33111150228983566,0.0019328387152746172,0.028697811572848248,0.0,Bolivia,1622,30.545876887340302
-1.5810458355924464,0.4048057951968464,0.002363023657327083,0.028819733922656687,3.409710916457698e-05,Bolivia,1629,74.4773519163763
-1.2221412788788486,0.5157371566995064,0.0030105772118477637,0.028798969134738908,0.0,Bolivia,1709,30.545876887340302
-0.07613084912943432,0.5437174375814914,0.0031739100159906383,0.028732116546402158,0.0016790498048067093,Bolivia,2011,97.77390631049168
3.281479632069958,2.109497704857662,0.012314035621036175,0.028538720873881016,0.0,Bolivia,2029,30.545876887340302
-1.6636135259214766,0.5742493474995125,0.0033521377644461165,0.02882483898122041,0.0,Bolivia,2219,30.545876887340302
-1.320852345538725,1.8953082906586767,0.01106372088022296,0.028807051436243757,0.001933793188072741,Bolivia,2220,97.94812233836623
-0.9183003403884873,0.5465585506065972,0.0031904948015127935,0.028781283896586397,0.0,Bolivia,2310,30.545876887340302
1.1091179714951664,0.4023176242114912,0.0023484991446554946,0.028662689741420035,0.0,Bolivia,2393,30.545876887340302
-0.6115193266348575,0.4058595005201985,0.002369174583614395,0.028763138967178588,0.0,Bolivia,2399,30.545876887340302
2.1416816986258196,3.3113914379550975,0.019330000705037344,0.02860727124617865,0.0,Bolivia,2420,30.545876887340302
0.29188098753819736,0.362723700864231,0.0021173725682425396,0.028710330102862697,0.0,Bolivia,2512,30.545876887340302
0.5588891992087051,0.5679105606038211,0.0033151355684029743,0.02869508707390469,3.409710916457698e-05,Bolivia,2593,74.4773519163763
1.3758966441404143,2.367398616773219,0.013819512971740456,0.028650402938374533,0.0,Bolivia,2599,30.545876887340302
2.9649865658805794,0.931311877119702,0.005436463667506047,0.02855523404739219,0.0,Bolivia,2610,30.545876887340302
15.778515448330126,115.88642103394179,0.6764783452099766,0.02799508212278245,0.009101654402911663,Bolivia,2620,99.61285327138985
-1.4176737344496704,0.5233489196634536,0.003055010310808284,0.02881039634146985,9.850275819189847e-05,Bolivia,2630,81.8815331010453
0.08880104063423884,0.10496416719929591,0.0006127205025386553,0.028721752822812287,0.0011820330983027816,Bolivia,2640,96.72861014324428
0.6722387640372233,0.9432320752520789,0.005506046935633757,0.02868909873174635,0.0,Bolivia,2651,30.545876887340302
-1.6875507581112068,0.4807912257259826,0.0028065829444791344,0.028826079078813866,0.0,Bolivia,2660,30.545876887340302
1.1633419882607972,1.5220675458584683,0.008884955851890322,0.028661397864380496,0.0,Bolivia,2710,30.545876887340302
-0.08044444990529187,0.400738049216494,0.002339278493355565,0.028732128542611122,0.0,Bolivia,2732,30.545876887340302
-0.832165739465788,0.6704038105552268,0.003913432275676489,0.028776463735510915,0.0,Bolivia,2790,30.545876887340302
0.2332910252852887,0.4546220402004083,0.0026538222744896074,0.028713904359575194,0.0,Bolivia,2811,30.545876887340302
0.9214119357030199,0.7148908760391812,0.004173122204602838,0.028674170406501817,0.0,Bolivia,2813,30.545876887340302
-1.4272807078982157,0.47857596082629345,0.0027936515007416104,0.028810881856438913,0.0,Bolivia,2814,30.545876887340302
-1.9770734518017474,0.9005974491416944,0.005257170483479352,0.02884368708424753,0.00028368792845867574,Bolivia,2819,89.04374758033295
1.7778121488465302,0.5838331588419019,0.0034080825488294855,0.02862395760230769,0.0,Bolivia,2822,30.545876887340302
0.35933570559072453,0.567997041017847,0.0033156403913740472,0.02870673639146663,0.0,Bolivia,2824,30.545876887340302
-0.6149568042220919,0.30396944875288123,0.0017743990007812185,0.028763168551768144,0.0002955082745756954,Bolivia,2829,89.29539295392954
-0.1280434563418981,0.7609534249421329,0.004442008900559183,0.02873551140860473,0.0,Bolivia,2930,30.545876887340302
0.23782847109290461,0.8449917220415264,0.004932576196096002,0.028714293827990622,0.0,Bolivia,3030,30.545876887340302
-0.431390229517168,0.5983591431660678,0.0034928768996299103,0.0287529469214564,0.0,Bolivia,3100,30.545876887340302
2.5603323875047765,0.5895880858667618,0.00344167650639455,0.028578286610698587,0.0,Bolivia,3211,30.545876887340302
0.41635839909948813,0.36930022124266415,0.0021557625157717594,0.02870307469221308,0.0,Bolivia,3220,30.545876887340302
-0.7511612545564275,0.23251751222646252,0.001357303646966788,0.028770999521487046,0.0008865247946232557,Bolivia,3240,95.22841656987998
-0.48931947040311546,0.2902323241275686,0.0016942095596753195,0.02875581137637997,0.0009850275237113237,Bolivia,3290,95.87688734030198
-0.2327390525509203,0.006920108276627326,4.039561627566026e-05,0.028740358111869126,0.0,70,1030,30.545876887340302
0.033026324877786895,0.011056185356258713,6.453965794617196e-05,0.028724851185125445,0.0,70,1061,30.545876887340302
-0.19863903654603204,0.04200783386875859,0.00024521759916177146,0.028738426410685733,0.0,70,1071,30.545876887340302
-0.29640306966556323,0.02002086753365792,0.0001168703219756029,0.028744096434889597,0.0,70,1072,30.545876887340302
-0.3261438799764185,0.04082771514785261,0.00023832874408844095,0.028745867448871042,0.0,70,1073,30.545876887340302
-0.7471594858247395,0.07127304605749403,0.0004160510940356549,0.02877049511135394,0.0,70,1074,30.545876887340302
0.13966520546795497,0.011036301558413706,6.442358775828738e-05,0.02871862618260275,0.0,70,1079,30.545876887340302
0.020920106682711718,0.004441209862899844,2.5925231549818636e-05,0.028725546784833043,0.0,70,1101,30.545876887340302
0.019864417029248238,0.023134249433275897,0.00013504445675920624,0.028725639755149353,0.0,70,1103,30.545876887340302
-0.213413195214211,0.042717552776193185,0.0002493605303851369,0.028739290033952872,0.0,70,1104,30.545876887340302
-0.011999979754051286,0.000978636917948196,5.712720065978112e-06,0.028727462664296866,0.0,70,1392,30.545876887340302
-0.3292365688869154,0.025356824481844294,0.0001480185729459523,0.028746022022067767,0.0,70,1393,30.545876887340302
-0.10187738552612016,0.07739041357728237,0.0004517607709754201,0.02873283735343686,0.0,70,1410,30.545876887340302
0.41927269920262394,0.029626848907815882,0.0001729445222669811,0.028702335441108548,0.0,70,1430,30.545876887340302
0.0002028464500185098,3.814880848470784e-08,2.2269082611420842e-10,0.028726748692357005,0.0,70,1512,30.545876887340302
0.0004050570689819458,1.9130247684094332e-05,1.1167139498598196e-07,0.028726736920478415,0.0,70,1520,30.545876887340302
-1.1797385447284987,0.02833183210999084,0.00016538495823354508,0.02879567451524994,0.0,70,1610,30.545876887340302
-0.3105805197171995,0.002991451087751721,1.7462372757427416e-05,0.02874489545919196,0.0,70,2023,30.545876887340302
-0.5600858110431697,0.08091968626199778,0.0004723626372186773,0.028759590974626333,0.0,70,2220,30.545876887340302
0.08205002346256965,0.01587336703111362,9.265959692528005e-05,0.02872199753802674,0.0,70,2310,30.545876887340302
-1.206245776023613,0.9109506876357296,0.005317606741511325,0.02879870563331763,0.0,70,2420,30.545876887340302
0.2853474530545498,0.06365772359878222,0.00037159721678975313,0.028710210274756884,0.0,70,2511,30.545876887340302
0.8240443856201978,0.07207800042921177,0.0004207499551834132,0.028678778222439454,0.0,70,2520,30.545876887340302
-0.006720545618859489,0.004507796392536945,2.631392545355899e-05,0.028727160399388288,0.0,70,2593,30.545876887340302
-3.255608006410443,0.4533999201726451,0.0026466882399180584,0.028917569582028808,0.0,70,2599,30.545876887340302
-0.15471768443374725,0.06798412896303746,0.00039685228563566866,0.028735906101913775,0.0,70,2620,30.545876887340302
0.07096667122088417,0.011218161420862752,6.548518115043824e-05,0.02872263671583642,0.0,70,2651,30.545876887340302
0.41385195906827027,0.002162587396290944,1.262394273774639e-05,0.02870260585705717,0.0,70,2790,30.545876887340302
0.07115575987061921,0.00039098485262530633,2.2823449352074386e-06,0.028722607524405724,0.0,70,2813,30.545876887340302
-0.03969179923603876,0.20642812454504575,0.001205008790944811,0.028729423704580776,0.0,70,2819,30.545876887340302
0.02342023247322799,0.010240585079397551,5.9778652120629716e-05,0.02872541056635223,0.0,70,2822,30.545876887340302
-0.007448089361057781,4.9574408840131465e-05,2.8938691658371826e-07,0.02872719539310114,0.0,70,2930,30.545876887340302
-0.06253204827906733,0.008417834739281038,4.9138482868601525e-05,0.028730424912708417,0.0,70,3100,30.545876887340302
0.793379285891114,0.035820958429208766,0.00020910217492116015,0.02868050758039857,0.0,70,3240,30.545876887340302
0.1617898994138871,0.001089828163538941,6.361790674492571e-06,0.028717317995450582,0.0,70,3250,30.545876887340302
0.0874541721479459,0.01371344207432121,8.005119597966184e-05,0.028721678453235158,0.0,70,3290,30.545876887340302
0.0,0.0,0.0,0.028726760533303364,0.0,72,3211,30.545876887340302
-0.04691897333055695,0.0006797096139367399,3.967754209309521e-06,0.02872950053331652,2.1184581783018075e-05,Brazil,1010,71.77700348432056
-0.07714728528408069,0.018655273064283415,0.00010889876604499224,0.028731295236606197,2.5094808734138496e-05,Brazil,1020,72.60936895083236
0.032359878297700075,0.045010192595457625,0.0002627436444485547,0.02872494702249979,5.0340345296717715e-06,Brazil,1030,65.31165311653116
0.44121827438161726,0.1002108332446898,0.0005849732698676199,0.02870117263958574,0.00011264089698670432,Brazil,1040,82.92682926829268
-0.06227514458760198,0.0005088342055543052,2.9702817490479996e-06,0.028730396651825713,4.928004273097031e-05,Brazil,1050,76.71312427409988
-0.3179225535504943,0.03795195997870311,0.0002215417376324774,0.028745382708424153,1.49949971728347e-06,Brazil,1061,62.41773132017035
0.028921189775036535,0.004448383935446371,2.5967109663590648e-05,0.02872507973947956,1.49949971728347e-06,Brazil,1062,62.41773132017035
0.07493365428900878,0.03728423653123733,0.00021764395177655511,0.028722448849758647,0.00022201216779649258,Brazil,1071,87.72744870305846
-0.044601414206650744,0.003238277194670518,1.8903201759421915e-05,0.02872936953838477,7.923546218080446e-05,Brazil,1072,80.14905149051489
0.06325523676902224,0.009749968484222845,5.691471431432598e-05,0.028723084403665593,8.568569569433748e-07,Brazil,1073,61.80797522260937
0.0815077931332498,0.0035374350573692736,2.0649513485242965e-05,0.028722008507585935,7.227565947687253e-05,Brazil,1074,79.57801006581494
0.0210356119904034,0.15913858134063452,0.0009289596072075188,0.02872579944620599,6.1632376855413895e-06,Brazil,1079,66.04723190089044
-0.01825455766488908,0.0005400942049895439,3.1527596657922005e-06,0.02872782703522039,3.2132132332662877e-07,Brazil,1080,61.32404181184668
-0.5301245233274223,0.13511722999258835,0.0007887367591408389,0.028757932981613738,7.49749858641735e-07,Brazil,1101,61.72086720867209
-0.13140519474541196,0.023330627982872186,0.00013619080190543112,0.028734470347309568,2.012376171478536e-06,Brazil,1102,62.9887727448703
-0.1101110477393025,0.002143829390991503,1.2514444279935794e-05,0.028733191779443328,7.923546218080446e-05,Brazil,1103,80.14905149051489
0.08703281462075763,0.009043610446952255,5.2791401920041035e-05,0.028721695220205207,1.0710711961792185e-07,Brazil,1104,61.101432442895856
0.03164311952873288,0.00643277526725736,3.755084615675016e-05,0.028724924176238106,0.0,Brazil,1200,30.545876887340302
-0.06991572034574578,0.07471567098891878,0.0004361471604773541,0.02873096712066425,1.8652959624887444e-05,Brazil,1311,71.23499806426635
0.053029841245970724,0.19958560044944945,0.001165066066543195,0.02872399960941874,2.0992994905100204e-05,Brazil,1312,71.71893147502904
-0.06054635330503441,0.0027113860470784935,1.5827513957099986e-05,0.028730299428841574,4.177177743258653e-06,Brazil,1391,64.63414634146342
0.7990263136443954,0.06950619418765536,0.00040573722793749015,0.0286802343341851,5.355355824576691e-06,Brazil,1392,65.62137049941929
-0.03243402960011338,0.01960646802395198,0.00011445129572489494,0.02872868672596082,2.0350350951048313e-06,Brazil,1393,63.046844754161825
0.031768271373014786,0.0005656299191278337,3.3018224937741424e-06,0.02872490703258583,1.0710710967032355e-06,Brazil,1394,62.02090592334495
-0.10817542025983734,0.0018700592951148543,1.0916331750665698e-05,0.02873307832943081,0.00010090917930938303,Brazil,1399,82.1331784746419
-0.23552719544162085,0.27262668492558095,0.0015914379530671883,0.02874096665243884,4.4374963181326166e-05,Brazil,1410,75.9388308168796
0.004908288071788068,7.61424807821841e-05,4.444760562985031e-07,0.028726474143327862,4.218316007609246e-06,Brazil,1420,64.65350367789392
-0.12797630138768126,0.016306415601523745,9.518748567784395e-05,0.028734258405928043,1.6066068155851099e-06,Brazil,1430,62.5725900116144
0.012016138318709157,0.00026483995815314163,1.5459835159154951e-06,0.02872605954428536,1.8208210121883894e-06,Brazil,1511,62.80487804878049
0.5178221624344878,0.07253785884962966,0.00042343434443712963,0.028696654562020283,2.5095681849052198e-05,Brazil,1512,72.62872628726286
0.2043324146988405,0.0659069817963552,0.0003847270938699892,0.028714943255060844,3.7942070775898173e-05,Brazil,1520,75.1645373596593
-0.09774082711915773,0.01784881565721519,0.00010419113104040394,0.028732496017948052,0.0,Brazil,1610,30.545876887340302
-0.23150262555760276,0.013817344346758978,8.065771775067824e-05,0.028740297507788226,2.0350350951048313e-06,Brazil,1621,63.046844754161825
-0.0004355862212973532,0.00013543467051810933,7.905897945481893e-07,0.028726786187435408,3.2132132332662877e-07,Brazil,1622,61.32404181184668
0.039066596731387515,0.0004404290138801997,2.5709715412203125e-06,0.028724480788335616,3.2132132332662877e-07,Brazil,1623,61.32404181184668
-0.05947200059220382,0.013171310822340274,7.688654520388837e-05,0.028730254256710504,2.0350350951048313e-06,Brazil,1629,63.046844754161825
0.022547253379165744,0.001625537396318124,9.488953391839986e-06,0.028725447079937197,9.163513459498063e-05,Brazil,1701,81.20402632597754
-0.04470193306336564,0.002807932854048836,1.639109874668871e-05,0.0287293746843876,7.49749858641735e-07,Brazil,1702,61.72086720867209
-0.05152420578246147,0.0037533607324521405,2.1909963519553914e-05,0.028729774515095546,0.00016536691691726446,Brazil,1709,85.88850174216029
0.05537776838834413,0.0015085979703567582,8.806328208851722e-06,0.02872353042683779,2.142142392358437e-07,Brazil,1811,61.28532713898568
-0.12206612776355655,0.002200533133836475,1.2845448152389012e-05,0.02873388974352668,4.0936179175332654e-06,Brazil,1812,64.55671699574138
-1.365570711482828,0.412845435265106,0.002409954456992276,0.028807168945412184,2.7302538001094945e-05,Brazil,1920,73.19008904374758
1.1772040095953331,22.431744087316694,0.13094363416329177,0.028695617210691606,0.005437426269054413,Brazil,2011,99.24506387921022
0.5925202170241187,0.2776252593851272,0.0016206167589068504,0.028692637604962167,0.00011580442514969036,Brazil,2012,83.12040263259776
-0.29210375168671854,0.03599207820333848,0.00021010107384825767,0.02874387226327331,0.0007470993441529572,Brazil,2013,94.48315911730546
-0.5811369973613336,0.05628130556669051,0.0003285379263275434,0.028760778462439966,0.000222308692173101,Brazil,2021,87.74680603948897
0.033750514902612175,0.001040370829673739,6.073087174348839e-06,0.02872479211663348,0.00010022114292951301,Brazil,2022,81.99767711962835
0.27602948468940774,0.15406521109847685,0.0008993441865617542,0.028710905727734326,0.000489666941575706,Brazil,2023,92.58614014711576
-0.39739359936035823,0.26917731200384415,0.001571302495735003,0.028750409844376764,0.00028337526600807905,Brazil,2029,89.02439024390245
-0.09118826221710183,0.0716648604656862,0.0004183382814396531,0.028732203777950764,0.00035547520383261144,Brazil,2030,90.59233449477352
-0.21443746350265847,0.1270080103035083,0.0007413997936252129,0.028739491234933415,0.0006683671963401139,Brazil,2100,94.09601238869531
-0.020090420740347992,0.0002561805835310374,1.4954350619840493e-06,0.028727933726247316,2.1391722839325666e-05,Brazil,2211,71.83507549361208
-0.236280253179583,0.048015715090759234,0.0002802881579987446,0.02874063377356462,0.00031654033227823675,Brazil,2219,89.77932636469221
0.0014831741328081868,9.220320572414319e-06,5.38229341063652e-08,0.02872667396958038,0.00044650505878962576,Brazil,2220,91.96670538133954
0.07067922394373934,0.02511366421658905,0.00014659914302143584,0.02872267679348433,1.336238801741274e-05,Brazil,2310,69.64769647696477
0.1556436652637009,0.015471751972831831,9.031519895687355e-05,0.02871770088680104,0.00015929217624943703,Brazil,2391,85.59814169570267
0.07898990675597972,0.002063712210209144,1.2046766208639892e-05,0.02872215301646211,2.7300748115521856e-05,Brazil,2392,73.17073170731707
0.011012931572090393,0.00027346414351419403,1.5963265551583767e-06,0.02872611812019396,4.1625709854997694e-05,Brazil,2393,75.62911343399148
-0.20655472644962197,0.004194163570557671,2.4483117231826666e-05,0.028738825047664857,2.6550187612883747e-06,Brazil,2395,63.49206349206349
-0.033957952867903714,0.005008390457658602,2.9236105997008936e-05,0.028728751202659674,9.639639984015957e-07,Brazil,2396,61.904761904761905
0.03631483411364097,0.003488854397846444,2.0365927506230052e-05,0.028724646531969877,1.120500746765174e-05,Brazil,2399,68.6798296554394
-6.078562404629226,65.90142328962345,0.3846946465012451,0.029193899451321118,0.001577851246111095,Brazil,2410,97.61904761904762
-0.23990317956867466,0.03478566097481572,0.00020305870319686914,0.028740823063341837,0.0011043971171602607,Brazil,2420,96.45760743321719
0.17606039726982145,0.03015228781900802,0.00017601173274756088,0.02871653368330759,1.1781781950048753e-06,Brazil,2431,62.15640727835849
0.019406590686067243,0.00023647951688555904,1.380431553856887e-06,0.02872562808457437,2.6205923859379254e-05,Brazil,2511,72.84165698799845
0.030308158744309234,0.00044100150920658353,2.5743134400172313e-06,0.028724992056598134,1.3700984709430486e-05,Brazil,2512,69.78319783197831
0.05619568723541972,0.0005000171572949554,2.918812887011312e-06,0.028723480990331028,1.1272376468696166e-05,Brazil,2513,68.71854432830042
0.041213436962382874,0.005148302948115093,3.005283473169385e-05,0.028724363362124503,8.052074554143474e-05,Brazil,2520,80.29423151374371
0.01829969119134347,0.0009925195077098924,5.793758648975432e-06,0.028725693966767094,0.00015559101302642375,Brazil,2593,85.4239256678281
0.035693366814629965,0.00621262436503112,3.626573167391639e-05,0.028724687376837598,0.0006861593574285507,Brazil,2599,94.19279907084785
-0.2133025094925785,0.4227714924863135,0.0024678970761840046,0.02873992117998481,0.0008051350596360862,Brazil,2610,94.75416182733257
-0.1074904184672794,0.8895871280984229,0.0051928985550417535,0.02873452736121972,0.0011525958543643355,Brazil,2620,96.53503677893922
-0.4893058087039082,0.5316616359115516,0.003103535172319593,0.028756215854456434,0.0007791241514496505,Brazil,2630,94.63801780874952
-0.8274876121186712,0.23083168505094162,0.0013474627564825407,0.02877545224439624,0.00013509592099580914,Brazil,2640,84.28184281842819
-0.20322336442153088,2.230753770092266,0.013021858864041953,0.028742366336107737,0.0014553723158314824,Brazil,2651,97.50290360046458
-0.09764331559608438,0.0017010165463657487,9.929557304416746e-06,0.0287324632420794,4.498498583416222e-06,Brazil,2652,64.847077042199
-0.1910303052208135,0.23123556897331746,0.0013498203987759867,0.028738299700418114,0.0004675906675402075,Brazil,2660,92.35385210994967
0.3309962492683713,0.038047891898927974,0.00022210173306651986,0.028707502633820714,1.4287568774307147e-05,Brazil,2670,70.07355787843593
0.1316788449647044,0.0022181242232167165,1.2948134825497167e-05,0.028719077597460053,6.47183260298334e-05,Brazil,2680,78.68757259001161
-0.858110366181545,0.8751367265188832,0.005108545412879536,0.02877832223999873,0.0012291423045098782,Brazil,2710,96.84475416182732
0.5298320297808257,0.21640615830991092,0.0012632548193360776,0.02869619448953421,0.00022664158314000815,Brazil,2720,87.8048780487805
0.05534572230360664,0.001355138705464201,7.910521188102923e-06,0.02872353204019682,5.094782682135701e-05,Brazil,2731,77.10027100271003
0.046782138279831374,0.0011841009056667148,6.912100780059856e-06,0.02872403164628429,2.699059587030206e-05,Brazil,2732,73.07394502516453
0.0027048607334752553,2.379480978542269e-05,1.3890042858010406e-07,0.028726602678975487,6.852326919215557e-07,Brazil,2733,61.65311653116531
0.02880169276352576,0.0012943255230328137,7.555528768360421e-06,0.02872508142628738,8.200934826163575e-05,Brazil,2740,80.42973286875727
-0.0054692378686083225,1.2573977063341987e-05,7.339965390791104e-08,0.02872707981707303,0.00017924909479916096,Brazil,2750,86.35307781649246
0.39771527276890994,1.0485883982445865,0.006121056618386017,0.028705301268435034,0.0009792939526960254,Brazil,2790,95.83817266744096
0.012768433649482302,0.004354754265277619,2.542055344265289e-05,0.02872602248781991,0.0001353886182187125,Brazil,2811,84.3205574912892
-0.26960640231140165,0.05472197934920647,0.0003194354757571079,0.028742590420118046,0.00024688386474736035,Brazil,2812,88.32752613240417
-0.43142140092412357,0.13703091786576205,0.0007999077694640741,0.0287521744269002,0.0004993007169105113,Brazil,2813,92.66356949283778
-0.0210749625229518,0.0017690808073287851,1.0326877354629783e-05,0.028727993735237135,0.0001304938195971772,Brazil,2814,83.89469608981804
0.03099099153613535,0.003085184938709088,1.800953712595362e-05,0.028724956630503253,8.376884943572804e-05,Brazil,2815,80.68137824235386
0.11811611152907969,0.1690191841051499,0.0009866368893962476,0.028720148956914802,0.00045773969031870365,Brazil,2816,92.19899341850561
-0.010625742050629033,0.011874915983726628,6.931893696006095e-05,0.028727400716604484,0.0002805371768772602,Brazil,2817,88.98567557104143
0.06083432320429675,0.0012448602401455154,7.26677886639268e-06,0.028723211462281337,1.5046916814753786e-05,Brazil,2818,70.36391792489354
-0.09444451395607151,0.024562056960339973,0.00014337917677703955,0.028732314857567994,0.0006988170207478106,Brazil,2819,94.27022841656988
0.08986449251822681,0.37676793821899746,0.0021993547570160273,0.028722146462427503,0.0005772003787569702,Brazil,2821,93.30236159504453
0.6196970179900216,0.3420245237403593,0.0019965426645917593,0.028691159012999026,0.0006012769299559295,Brazil,2822,93.4959349593496
0.05537419822513003,0.006811327612596344,3.9760617257328616e-05,0.028723539526411657,7.412164268316701e-05,Brazil,2823,79.86837011227254
0.6298119749614716,0.07133838837555911,0.0004164325249470807,0.028690115203665476,0.00035008936538361013,Brazil,2824,90.49554781262098
0.36220538531616914,0.10638111490829792,0.000620991829177986,0.028705795324548197,0.0003028590290341526,Brazil,2825,89.43089430894308
-0.022685416404444242,0.0033309890214872394,1.9444400138203505e-05,0.028728090363582277,0.00013360475713852793,Brazil,2826,84.24312814556717
0.4026501671643794,0.47281920166765024,0.002760046848232144,0.028704048375092283,0.0008126154425553977,Brazil,2829,94.79287650019357
0.8049977121930926,0.14192879283709986,0.0008284987495469394,0.028680007005357243,0.0007125881966203451,Brazil,2910,94.3283004258614
-0.010348813917832928,0.0013016839468532849,7.598483018953491e-06,0.028727366820446437,2.145980397472158e-05,Brazil,2920,71.8737901664731
-0.3120529855760276,0.05205310869932785,0.0003038561422622839,0.02874506373738994,0.00041111596510745585,Brazil,2930,91.38598528842431
0.03488444614645674,0.008729049226343256,5.0955174240505734e-05,0.028724738816501345,1.3273824151838198e-05,Brazil,3011,69.60898180410375
0.07800766842360689,0.0015367163683374047,8.970467261263499e-06,0.028722209470318425,1.0710711961792185e-07,Brazil,3012,61.101432442895856
-0.039148815348944765,0.004199029031778442,2.451151899905655e-05,0.0287290528581471,0.0003150429402012378,Brazil,3020,89.72125435540069
-0.01517689822101354,0.09124407909758522,0.0005326305108694679,0.0287277994864501,4.1181450797012076e-05,Brazil,3030,75.51296941540843
-0.01676746450128351,0.0006730118195206786,3.928656333624787e-06,0.028727740450160216,2.2751381038688123e-05,Brazil,3091,72.02864885791715
0.008760570704716093,0.00018124849424145788,1.0580245758072912e-06,0.028726249445448934,2.0822764781769365e-05,Brazil,3092,71.66085946573752
-0.07987322401797255,0.00023924161471417605,1.3965550940589237e-06,0.02873142347447219,2.0993343241570983e-06,Brazil,3099,63.16298877274487
0.0015147971443219613,2.3768785043453074e-06,1.3874851108860635e-08,0.028726672112134897,0.0001620491239009425,Brazil,3100,85.81107239643825
-0.0022473843737474807,0.040958454642844304,0.0002390919261458078,0.028726960406534056,1.6066068155851099e-06,Brazil,3211,62.5725900116144
-0.026497987911114806,0.002311329924588718,1.3492216160184342e-05,0.02872831120968329,4.284284784716874e-07,Brazil,3212,61.517615176151764
-0.009939091464451502,0.0017603444088300723,1.0275879279559597e-05,0.028727343672346674,1.8208210121883894e-06,Brazil,3220,62.80487804878049
0.10563703052410377,0.007337535439808656,4.283231622786514e-05,0.028720606352083844,0.0001910620485432446,Brazil,3230,86.79829655439411
-0.05008209410828041,0.009135806630802209,5.3329590271437486e-05,0.028729699359649283,0.00015938868455123156,Brazil,3240,85.61749903213318
-0.0968249855568553,0.013689820266440453,7.991330543680556e-05,0.0287324355807059,0.00016680703265592456,Brazil,3250,85.94657375145181
0.19422119093434634,0.025934353465888058,0.00015138985534427827,0.0287154664883482,1.8197226381744258e-05,Brazil,3290,71.13821138211382
-0.0775839748252643,0.009882542799824057,5.7688607000242876e-05,0.02873130601469691,0.0,Brazil,Wastes,30.545876887340302
0.05920684995820957,0.048062461244836784,0.0002805610351889552,0.02872338496419298,0.0,84,1020,30.545876887340302
-0.5920704314868107,0.028855362737864803,0.00016844102925248864,0.028761370649391414,0.0,84,1030,30.545876887340302
-0.03815881073638902,0.00033754244108719295,1.9703788411752067e-06,0.028728988591508405,0.0,84,1079,30.545876887340302
0.046200357303923426,0.0004015644120682578,2.3441023249099147e-06,0.028724064295202568,0.0,84,1101,30.545876887340302
-0.06378121256938017,0.01391565820263825,8.123161755656614e-05,0.028730507052303487,0.0,84,1392,30.545876887340302
0.03974574808059069,0.007479855495477418,4.3663098945029204e-05,0.028724452946869903,0.0,84,1512,30.545876887340302
0.06987605592642875,0.06502606997148042,0.00037958483675090313,0.028722790597978467,0.0,84,1610,30.545876887340302
0.7191052648147496,0.25044418496064585,0.0014619492628909288,0.028685202662562633,0.0,84,2029,30.545876887340302
-0.09099753877780319,0.03770377226864043,0.00022009296037361735,0.028732135684212654,0.0,84,2219,30.545876887340302
0.5716920186480356,0.03911787084385657,0.0002283476554068328,0.02869345395865388,0.0,84,2220,30.545876887340302
0.810323535203106,0.34417969478750077,0.002009123314944122,0.028680034718173476,0.0,84,2599,30.545876887340302
0.11997480260568885,0.030295556609817465,0.00017684805363539486,0.028719807884045535,0.0,84,2620,30.545876887340302
0.03910279668470663,0.009969440998854592,5.819586876014041e-05,0.02872449465316131,0.0,84,2630,30.545876887340302
0.0005428117390925274,0.0003699601164153783,2.159614604657298e-06,0.02872672946745932,0.0,84,2651,30.545876887340302
-0.32603476957544353,0.07938532036447421,0.0004634058906555976,0.028745925780281234,0.0,84,2710,30.545876887340302
0.4436762475979399,0.06026126767354532,0.00035177065848047604,0.028700962224607017,0.0,84,2740,30.545876887340302
0.017034251300120786,0.01133262698459635,6.615336534706083e-05,0.028725785174653788,0.0,84,2813,30.545876887340302
0.04710090333416285,0.006342619651740073,3.702456947090223e-05,0.028724021688123175,0.0,84,2930,30.545876887340302
0.26278369823656067,0.03390040075023596,0.00019789106261861256,0.028711477548232226,0.0,84,3211,30.545876887340302
0.12867505807703253,0.035383983176347424,0.0002065513644524619,0.02871930854281952,0.0,92,2220,30.545876887340302
0.12867505807703253,0.035383983176347424,0.0002065513644524619,0.02871930854281952,0.0,92,3100,30.545876887340302
0.05088096187637977,0.013976196891472326,8.158500764039366e-05,0.02872381382940358,0.0,96,1410,30.545876887340302
-0.8027600464215698,0.11028700588084309,0.0006437921766052662,0.028773806296191168,0.0,96,1430,30.545876887340302
0.03824150765005112,0.015498631158008085,9.047210419690421e-05,0.02872455420150614,0.0,96,2220,30.545876887340302
0.011670559409487503,0.0029218929460212055,1.7056332289580384e-05,0.028726084172712836,0.0,96,2651,30.545876887340302
-0.22125966814142356,0.043457707400925326,0.00025368112783970547,0.028739749308835768,0.0,96,2710,30.545876887340302
0.2928011375877846,0.04263150726059546,0.0002488582461012238,0.02870973993169079,0.0,96,2790,30.545876887340302
-0.4207914435940855,0.08665561640952504,0.0005058457019282413,0.02875146935825894,0.0,96,2819,30.545876887340302
-0.14834191293282845,0.02338741650920428,0.00013652230069517108,0.02873545911221431,0.0,96,2930,30.545876887340302
-0.0021726902874419315,1.8824472985293694e-05,1.0988645797260099e-07,0.028726887394046444,0.0001005261656246148,Bulgaria,1020,82.05574912891987
-0.097311457133352,0.00729834738901995,4.2603558902261106e-05,0.02873245325813023,0.00020037849026266485,Bulgaria,1030,87.14672861014324
0.0038571994415722843,0.0014760208809531739,8.616161877586392e-06,0.02872653784728592,0.00029310217360034585,Bulgaria,1040,89.21796360820751
0.034333344742089066,0.00033441393568995877,1.9521164241014963e-06,0.028724756910635047,2.0114894141443074e-05,Bulgaria,1050,71.58343012001549
-0.001777590876283805,0.06532727949129342,0.00038134312487220874,0.028726973847185592,0.00031381388544104993,Bulgaria,1061,89.68253968253968
0.2517765726503439,0.0021486141266449875,1.2542374817683512e-05,0.028712066864711207,5.559582496061921e-05,Bulgaria,1062,77.70034843205575
-0.04238590372804664,0.0010223679834175632,5.967996901167648e-06,0.028729236493401165,1.730885742290411e-05,Bulgaria,1071,70.86720867208672
-0.026998634042605454,0.00014703822579262014,8.583246835940295e-07,0.02872833680502462,3.4720596886472777e-05,Bulgaria,1073,74.64188927603563
0.1465869099799134,0.01415666227790156,8.263846088271592e-05,0.028718227363992686,0.00018800079124048352,Bulgaria,1079,86.68215253581107
0.18557804545952733,0.042221930334708585,0.0002464673713241091,0.028715998328786192,9.2392809165176e-05,Bulgaria,1101,81.26209833526906
0.017415780380357293,0.006953768546170967,4.0592105590258515e-05,0.02872575556049351,2.2663773052045144e-05,Bulgaria,1102,72.00929152148665
0.0009620549292010255,0.009268749907844554,5.410563674226651e-05,0.02872671991683867,8.551546670787502e-06,Bulgaria,1103,67.51838946960899
0.12628244325230042,0.002217027691700443,1.294173390450072e-05,0.0287193926065903,4.423065547598526e-06,Bulgaria,1104,64.78900503290748
0.05352028441909672,0.0004061239022624575,2.370718009077691e-06,0.02872363700754809,1.3531211152439937e-05,Bulgaria,1200,69.70576848625629
-0.41240288724789737,0.023095473623984862,0.00013481810586261849,0.02875087300584504,7.91178536019288e-05,Bulgaria,1311,80.12001548586915
-0.08988221516312044,0.01818748106998755,0.00010616806514509081,0.028732037844868604,0.00022728496696799994,Bulgaria,1312,87.824235385211
-0.3366023942304797,0.0287858180836914,0.00016803506751725093,0.02874645775131021,0.0001414633879903704,Bulgaria,1391,84.64963221060782
0.2722672745864825,0.041508939123895694,0.00024230533827367348,0.02871093670221565,1.877235081337858e-05,Bulgaria,1392,71.25435540069687
0.6212740650373161,0.0065992452282140875,3.8522602146023433e-05,0.028690505175151596,1.4598214875150006e-05,Bulgaria,1393,70.17034456058846
0.15234282691745496,0.0024498398953727634,1.4300757790817925e-05,0.02871787174120382,7.326056220335886e-05,Bulgaria,1399,79.67479674796748
0.20486917190091142,0.19501337757685067,0.0011383760563142924,0.02871512833423805,7.358301809290424e-05,Bulgaria,1410,79.81029810298102
0.15274463603826222,0.002202804934259473,1.2858709618029986e-05,0.028717847871767264,1.0297319477103883e-06,Bulgaria,1420,61.96283391405343
0.08791812199453099,0.006317989535451927,3.688079300287191e-05,0.02872163897122978,6.07428546572919e-06,Bulgaria,1430,66.00851722802943
0.625314666247642,0.0640616334490848,0.0003739550104355391,0.028690365544797904,5.080479240859859e-06,Bulgaria,1512,65.36972512582268
1.0405155821309422,0.06286808280186472,0.0003669877474934964,0.028666126412914692,1.0091988770000171e-05,Bulgaria,1520,68.15718157181571
0.0012898902801063818,0.00045010980446169395,2.6274824346836236e-06,0.028726685991708308,5.3586798458127305e-05,Bulgaria,1610,77.42934572202866
-0.16966928184930752,0.0015070040701453192,8.797023935168542e-06,0.0287366673791401,6.5088929659395944e-06,Bulgaria,1622,66.29887727448704
-0.14290690523539912,0.005148028294067458,3.0051231459162076e-05,0.02873511125263584,6.742782261426328e-06,Bulgaria,1623,66.43437862950059
-0.057479428902630816,0.003414277223620475,1.993058881028358e-05,0.02873012157820575,1.2720761333184782e-05,Bulgaria,1629,69.33797909407666
-0.03782571436872877,5.9076350250958575e-05,3.448537913437545e-07,0.028728968680259245,2.9923739930382e-06,Bulgaria,1702,63.70499419279907
-0.024508518141943887,0.0018771096968153757,1.095748794509194e-05,0.02872819434767095,5.2877774578519166e-05,Bulgaria,1709,77.39063104916764
0.005437117543485017,1.221647946193638e-05,7.131278830573173e-08,0.028726443166104936,1.8512513122459495e-07,Bulgaria,1811,61.24661246612466
16.08284277838831,30.927467641849972,0.18053678718549798,0.027838194755858484,0.006036486476659775,Bulgaria,2011,99.36120789779326
0.2052861487034846,0.21621143590260022,0.0012621181417970047,0.0287151395263679,0.0009253621101379395,Bulgaria,2013,95.48974061169183
0.19833309880709055,0.006879963246566843,4.016127265488552e-05,0.028715194518875317,0.00015596386219840497,Bulgaria,2022,85.48199767711962
-0.38034450269958775,0.03863137890023948,0.00022550779494656645,0.028749027691457704,6.355553978210082e-06,Bulgaria,2023,66.2020905923345
-0.19305759991793112,0.24124938570380947,0.0014082753075620228,0.02873843484308508,0.00027210652478970587,Bulgaria,2029,88.88888888888889
1.4597009323526444,0.6932688827276235,0.004046905430238397,0.02864271072277862,0.0010004609357565641,Bulgaria,2100,95.9349593495935
0.18789246865814918,0.00565445536535432,3.300746174133923e-05,0.02871580192884813,5.8827761677093804e-05,Bulgaria,2219,78.1068524970964
-0.2056129251197303,0.01426251864989507,8.325638956424046e-05,0.028738786961430392,0.0003249847504775971,Bulgaria,2220,89.95354239256679
0.06920215475451108,0.0007281092414060939,4.250283427203465e-06,0.02872272212989638,8.157308184308931e-05,Bulgaria,2310,80.39101819589625
0.0694746097185655,0.0013282729252602162,7.753694198598745e-06,0.028722707231814717,3.7553681977442466e-06,Bulgaria,2391,64.20828493999225
0.13438750541183675,0.0030987612341057645,1.8088787738424736e-05,0.02871892095774511,2.703659220060217e-06,Bulgaria,2392,63.511420828494
-0.0010038769930808796,0.000292648553721222,1.7083141198349887e-06,0.028726819624618913,8.75548448675545e-06,Bulgaria,2393,67.61517615176152
0.0349713794912914,0.0006086317405567668,3.55284242123173e-06,0.028724720125635463,3.815633590420475e-06,Bulgaria,2396,64.26635694928378
0.012206656962180625,0.018551507569157674,0.00010829304270134013,0.0287260790871465,0.00012823489669244736,Bulgaria,2399,83.7979094076655
-22.46835007150093,19.43171309427364,0.11343117684822805,0.030072445250533538,0.00438498891890049,Bulgaria,2410,98.89663182346109
0.5579364938674235,0.23210706174193113,0.0013549076728561966,0.028694580191399626,0.0012979652965441346,Bulgaria,2420,97.0383275261324
-0.002448078343875944,3.4764899295107967e-06,2.029375084390436e-08,0.02872690344388178,4.115533101867186e-06,Bulgaria,2511,64.5760743321719
0.01736926743235131,0.00011501878036377202,6.714135574673177e-07,0.028725746808131718,5.549910838453798e-06,Bulgaria,2512,65.75687185443283
-0.01691825789656092,0.00021014840644436835,1.2267256592414966e-06,0.02872774847640874,4.262792572262697e-06,Bulgaria,2520,64.69221835075494
-0.008752871144590599,0.00010100549684815872,5.896120594227467e-07,0.02872727164501195,0.00013957863848190755,Bulgaria,2593,84.49477351916377
-0.0002259643845285179,0.014732118312659437,8.599764259409249e-05,0.02872679842817533,0.0006211526342667639,Bulgaria,2599,93.70886566008517
0.18659133903748315,0.07216515820193022,0.00042125873218536663,0.028715989371575365,6.940047023817897e-05,Bulgaria,2610,79.28765001935733
-0.018184848994815726,0.14834077840548726,0.000865928237386093,0.028728070824786716,0.00010343373287469149,Bulgaria,2620,82.28803716608594
0.34934243735247517,0.03243386874941289,0.0001893302913715335,0.02870642227885768,0.0003264316765125841,Bulgaria,2630,89.9922570654278
-0.25258752197348405,0.5390337632828502,0.003146569416369228,0.028742409541501025,0.0010323693277314305,Bulgaria,2640,96.05110336817654
0.41845986580072675,0.6629398266025992,0.0038698618256798618,0.028703444034158962,0.0009029439534060657,Bulgaria,2651,95.37359659310879
0.008320776374312536,2.017958350303791e-05,1.1779681461698946e-07,0.02872627484802303,7.0715796027798206e-06,Bulgaria,2652,66.80216802168022
-0.014299306942852141,0.0036352102765508827,2.1220269039555452e-05,0.02872760134076248,2.094113915518392e-05,Bulgaria,2660,71.68021680216802
0.013199314053577129,0.00017073302390630874,9.966413014947396e-07,0.028725990319478655,0.00012115404388168827,Bulgaria,2670,83.37204800619435
-0.004524718777506985,0.007554434475603316,4.40984481827819e-05,0.02872703732856718,6.276298518059775e-05,Bulgaria,2680,78.53271389856755
0.2067655089878137,0.03907197961179037,0.00022807976876014195,0.02871475624337818,0.0006319664535112679,Bulgaria,2710,93.76693766937669
1.8420102398282048,0.47428842733447424,0.0027686233435537315,0.028620026939239516,2.3143418729887344e-05,Bulgaria,2720,72.1641502129307
0.32710059420003185,0.011352171985466432,6.626745783285646e-05,0.028707685303774093,7.189004827523604e-05,Bulgaria,2731,79.53929539295393
0.008160148416533498,0.0003037286998987458,1.7729936472893799e-06,0.0287262847000369,7.555900083389133e-06,Bulgaria,2732,67.07317073170732
0.015108440515648231,0.000920461035358495,5.373122687490739e-06,0.0287258801328261,5.389073339756578e-05,Bulgaria,2740,77.48741773132018
-0.13626243891212442,0.021429119112656894,0.0001250908856042056,0.02873475069616599,3.205390748917125e-05,Bulgaria,2750,74.17731320170344
-0.3783103079115227,0.08996954959290779,0.0005251905398827641,0.028748995102557313,0.00039265354280360043,Bulgaria,2790,91.23112659698026
0.23623147198153277,0.07525356891316662,0.000439287099518016,0.028713096830131436,0.00026241704472340643,Bulgaria,2811,88.71467286101432
0.009453007011985308,0.0003944348852930645,2.3024842437578494e-06,0.028726209382481268,5.059927570982836e-05,Bulgaria,2812,76.84862562911343
-0.023673858096496962,0.0041772846928408635,2.4384588041219223e-05,0.028728149482365378,0.00023299711756408215,Bulgaria,2813,87.94037940379404
0.143905811963768,0.03969633854889138,0.00023172441751897666,0.028718426686396906,0.00021836777159478515,Bulgaria,2814,87.61130468447541
-0.0017881229307498768,3.230872126236246e-05,1.8859975224372432e-07,0.02872686496782547,1.3171025784686208e-05,Bulgaria,2815,69.4734804490902
-0.148310480055527,0.11539216884960588,0.0006735931849229225,0.028735611608155066,0.0003706357383634895,Bulgaria,2816,90.90205187766163
0.014541868330202663,0.017449938757619108,0.00010186271686923705,0.028725940923602217,6.358368409564719e-05,Bulgaria,2817,78.61014324428959
-0.2099866798556813,0.0038363775183710746,2.2394567819712974e-05,0.0287390247852071,3.016091568497359e-06,Bulgaria,2818,63.74370886566009
0.556936136175717,0.1820731541391654,0.0010628384664942666,0.028694554778231525,0.0002198202273575589,Bulgaria,2819,87.68873403019745
-0.055319801537565,0.008458687321650678,4.937695677324367e-05,0.028730003971487235,4.545265710476087e-06,Bulgaria,2821,64.90514905149053
-0.005570256459898022,0.0004952006476200838,2.8906968707820185e-06,0.028727086523285424,0.00010417143494123593,Bulgaria,2822,82.38482384823848
-0.037190288868491336,0.000939508994751883,5.484313730713066e-06,0.028728933064281162,1.978444970518467e-06,Bulgaria,2823,62.9500580720093
-0.1500568016641331,0.011159662682049386,6.514369912280927e-05,0.028735538706648786,3.235971598769538e-05,Bulgaria,2824,74.29345722028648
0.0332069766953176,0.0003588228746119733,2.094601785742439e-06,0.02872482270246019,6.276350177358836e-06,Bulgaria,2825,66.10530391018196
0.27779631178806985,0.19138851930848477,0.0011172162163509314,0.028710865143099003,0.0005887207807973027,Bulgaria,2829,93.39914827719706
4.948053926671736,1.4786669742576093,0.008631608250024896,0.028440376435236617,3.7761350540677086e-05,Bulgaria,2910,75.10646535036778
-0.10658043022401228,0.05747331793182273,0.0003354962096625538,0.028733078484867374,0.00038754913839511573,Bulgaria,2930,91.15369725125822
0.813791610393031,0.08895326417380058,0.0005192580494973951,0.02867940497472381,1.166853053291561e-05,Bulgaria,3030,68.85404568331398
0.24339356904121065,0.0018697207773948823,1.0914355678706725e-05,0.028712555748914046,3.557672243914567e-06,Bulgaria,3091,64.09214092140921
-0.19868314563292075,0.02773430845208009,0.00016189695841682035,0.028738405040445184,0.00010555420885793865,Bulgaria,3092,82.4622531939605
0.251655401680939,0.015922402906060926,9.294584019040393e-05,0.028712097023501,3.185170135111548e-05,Bulgaria,3100,74.15795586527294
-0.7302386827462639,0.024966205401610004,0.0001457383631798146,0.028769429600222253,3.13827626996499e-06,Bulgaria,3211,63.85985288424313
0.017220615711729892,1.4328856710095537e-05,8.36436330461641e-08,0.028725755316723816,1.8957811107611633e-06,Bulgaria,3212,62.91134339914828
0.002563746268600257,1.934828080030655e-05,1.129441470508077e-07,0.028726610908970843,4.868136784352828e-06,Bulgaria,3220,65.19550909794812
-0.08249158270624928,0.012647553749244329,7.382915232783957e-05,0.02873159713025349,6.982942522881785e-06,Bulgaria,3230,66.7634533488192
0.08060006894034284,0.0009678832664797791,5.649946427052904e-06,0.028722057187134945,2.9982307751197368e-05,Bulgaria,3240,73.84823848238482
-0.7610220042614376,0.08103167166777109,0.00047301634367806483,0.028771320718624895,6.045366262696916e-06,Bulgaria,3250,65.98915989159892
-0.15989862052656667,0.010920295467395922,6.374641084846631e-05,0.02873611281433696,2.9041189918643795e-05,Bulgaria,3290,73.55787843592722
0.07055080748365768,0.002801292310895628,1.635233507098367e-05,0.028722646879324895,3.1457614113605814e-06,Bulgaria,Wastes,63.879210220673635
0.11156344359707587,0.036347133094742225,0.00021217368031286807,0.028720309037373697,0.0,112,1020,30.545876887340302
0.4661691480932433,0.019961841147643627,0.0001165257598467666,0.028699581699147488,0.0,112,1030,30.545876887340302
-0.6011475303063453,0.07457203376230091,0.00043530868887294976,0.028761977275706826,0.0,112,1050,30.545876887340302
-0.3237232145504466,0.06919915299701099,0.00040394489787236917,0.028745773751752596,0.0,112,1071,30.545876887340302
-0.3021899066951807,0.06768212464211752,0.00039508935792214174,0.028744514210386565,0.0,112,1073,30.545876887340302
0.3008978125421463,0.07010921228452797,0.0004092573011321277,0.02870931334273087,0.0,112,1104,30.545876887340302
0.041636399808705045,0.01303195285516846,7.607305345754646e-05,0.02872435189098972,0.0,112,1312,30.545876887340302
0.165445759434262,0.007989207139459092,4.663640120232977e-05,0.028717116153040623,0.0,112,1392,30.545876887340302
0.21589505526076608,0.048440547341457335,0.00028276808459739157,0.028714239015073213,0.0,112,1410,30.545876887340302
0.333241439310355,0.05300295546778233,0.00030940080197646157,0.02870739663358,0.0,112,1430,30.545876887340302
0.10498109310566904,0.0033528586859135085,1.9572062674239945e-05,0.02872063796146207,0.0,112,1512,30.545876887340302
0.5405778902376703,0.05751044411091676,0.00033571293096582147,0.028695301035715756,0.0,112,1621,30.545876887340302
-0.47538163727608396,0.12107743940696855,0.0007067805280508051,0.028754713814772556,0.0,112,1622,30.545876887340302
10.887375567272823,4.030549673556491,0.023528033303017643,0.02809782896600814,0.0,112,2011,30.545876887340302
0.9464764027728374,0.2798687955440906,0.0016337132340131942,0.028671979096663112,0.0,112,2029,30.545876887340302
0.8891103006304196,0.02742081277989368,0.00016006695079678144,0.02867490528124752,0.0,112,2219,30.545876887340302
0.19408102937825658,0.05124096193844731,0.0002991152960788713,0.028715517090375352,0.0,112,2220,30.545876887340302
0.0972221267512022,0.015684886469651407,9.155935569611256e-05,0.02872111156098331,0.0,112,2593,30.545876887340302
-0.4191441887096023,0.37853328083242166,0.002209659812942365,0.028751863081274823,0.0,112,2599,30.545876887340302
0.13205294741196869,0.0022864301621601667,1.3346865652907441e-05,0.028719055874017442,0.0,112,2651,30.545876887340302
-0.3399975877746597,0.021402005493394487,0.00012493261187267052,0.028746643553005668,0.0,112,2670,30.545876887340302
1.0906174629401462,0.09630861296700455,0.00056219434984799,0.02866325769500944,0.0,112,2710,30.545876887340302
-0.3183738834329922,0.10907790967567094,0.000636734167627364,0.028745528404050313,0.0,112,2731,30.545876887340302
0.018428050115818325,0.047045359299255976,0.00027462377839115637,0.02872576369739081,0.0,112,2740,30.545876887340302
0.1129437956827071,0.010941749849041199,6.387164920222174e-05,0.028720185867469227,0.0,112,2790,30.545876887340302
-0.02404862584875455,0.0026069481681952936,1.5217865623379728e-05,0.028728168725726793,0.0,112,2930,30.545876887340302
0.15401050588978643,0.022454408275424588,0.00013107593467210003,0.028717807926948682,0.0,112,3100,30.545876887340302
0.195597467273181,0.061188675051887534,0.00035718432992738974,0.02871544524401023,0.0,112,3240,30.545876887340302
0.5629631512819864,0.03069630091231511,0.00017918736863181307,0.028693949394883834,0.0,112,3290,30.545876887340302
-0.24477361794689223,0.00647029743515007,3.776987901511514e-05,0.02874105986627293,0.0,Cambodia,1061,30.545876887340302
0.15022036137744083,0.038796002454450564,0.00022646877267408364,0.028718056569104707,0.0,Cambodia,1312,30.545876887340302
-0.022953270576533367,4.320347874596672e-05,2.5219708701527626e-07,0.02872810048581652,0.0,Cambodia,1392,30.545876887340302
-0.03535439265578988,0.03557703838296963,0.0002076783098317804,0.028728883983283996,0.0,Cambodia,1399,30.545876887340302
1.275758968279207,0.09174935701743578,0.0005355800330657875,0.028652442511176022,0.0,Cambodia,1410,30.545876887340302
-0.5644635036799374,0.02173096934360372,0.00012685291382899956,0.02875974715218599,0.0,Cambodia,1430,30.545876887340302
-0.13061084348782168,0.0006202866677498795,3.620877190023411e-06,0.02873438588437821,0.0,Cambodia,1512,30.545876887340302
-0.004593186807661243,0.0008458820585336437,4.93777346900765e-06,0.02872703007563541,0.0,Cambodia,1520,30.545876887340302
0.23067365887462185,0.025531179841335135,0.00014903635936143155,0.028713337923712293,0.0,Cambodia,1629,30.545876887340302
-0.29981358811505965,0.014988339509939256,8.749331473580792e-05,0.028744287077373566,0.0,Cambodia,1709,30.545876887340302
0.21243182530731797,0.0955886212201481,0.0005579914516901839,0.028714520208404926,0.0,Cambodia,2220,30.545876887340302
0.838455954902412,0.04367212571001966,0.00025493277873740966,0.02867788940121806,0.0,Cambodia,2395,30.545876887340302
0.024704983692482155,0.04209902441793142,0.00024574991719569507,0.028725388990913793,0.0,Cambodia,2396,30.545876887340302
0.11181392898541845,0.0018002953361209149,1.0509089839883983e-05,0.028720236496774625,0.0,Cambodia,2593,30.545876887340302
-0.49567727236723175,0.48728778211676976,0.0028445061081905742,0.028756513305403023,0.0,Cambodia,2599,30.545876887340302
-0.8523541678595431,0.08148050410883118,0.0004756363695990997,0.02877665294477872,0.0,Cambodia,2620,30.545876887340302
-0.030764951064587858,0.00013327835945281576,7.780024894248348e-07,0.028728556637900037,0.0,Cambodia,2630,30.545876887340302
-0.07512167681709583,0.017063167575378353,9.96049689208342e-05,0.028731174322872997,0.0,Cambodia,2651,30.545876887340302
-0.014695657641532307,0.0010081353623597117,5.88491503656855e-06,0.028727620071960835,0.0,Cambodia,2930,30.545876887340302
0.23081315192842577,0.00449416330199209,2.62343433036436e-05,0.02871329452034001,0.0,Cambodia,3100,30.545876887340302
0.12285728411379006,0.005289493171104609,3.08770221348047e-05,0.028719597698671242,0.0,Cambodia,3211,30.545876887340302
-1.3510228196045835,0.052245991821490055,0.00030498208311139345,0.028805713335679693,0.0,Cambodia,3212,30.545876887340302
0.1430441064166661,0.012825920226321723,7.487035334326232e-05,0.028718431941800453,0.0,Cambodia,3230,30.545876887340302
0.05951430091787518,0.027078024771757792,0.00015806595134893695,0.028723331832153885,0.0,Cambodia,3240,30.545876887340302
-0.026231303173500788,0.00333191971255824,1.944983297796156e-05,0.028728297353680512,0.0,Cambodia,3250,30.545876887340302
0.3193716076333789,0.008536682459026779,4.983224757432171e-05,0.02870813175965817,0.0,Cambodia,3290,30.545876887340302
-1.2637632347461596,0.031612436648823815,0.00018453524270965358,0.028800584917417063,0.0,Cambodia,Wastes,30.545876887340302
0.6812549963705787,0.025824853998071044,0.0001507506603624216,0.02868703602655879,0.0,120,1030,30.545876887340302
0.3526936408614166,0.07816085918772629,0.00045625818980134746,0.028706303279757414,0.0,120,1073,30.545876887340302
0.06940696645795588,0.0007584438227804602,4.427359284993209e-06,0.028722710225026333,0.0,120,1079,30.545876887340302
0.5277512563833321,0.08076747731603157,0.0004714741288414687,0.02869608874170494,0.0,120,1104,30.545876887340302
-0.022865449248511818,0.011836812763047218,6.909651224936228e-05,0.028728115136986112,0.0,120,1392,30.545876887340302
0.027273808284508323,0.04027141129710944,0.00023508136182374528,0.028725235972749154,0.0,120,1410,30.545876887340302
-0.14538207371080028,0.005978170105825109,3.489712241081162e-05,0.028735257131273794,0.0,120,1512,30.545876887340302
-0.1370390283696525,0.005349478689394146,3.122718312680896e-05,0.028734769057501577,0.0,120,1520,30.545876887340302
0.15472574423857147,0.0604346344836526,0.00035278267431261014,0.028717829844836153,0.0,120,1610,30.545876887340302
0.28002327192407284,0.06719921056713744,0.000392270383003368,0.028710527006413942,0.0,120,1621,30.545876887340302
0.18087259468497258,0.06864870266033617,0.00040073168505975673,0.028716317305783955,0.0,120,1629,30.545876887340302
-0.6037281778141371,3.9529716025728185,0.023075177095919434,0.028768641130584412,0.0,120,2011,30.545876887340302
-0.029806732604150767,0.034227612829314524,0.00019980113874153423,0.028728557879088516,0.0,120,2219,30.545876887340302
-0.07308822966498515,0.042828266576815474,0.00025000681394423427,0.028731098833938668,0.0,120,2220,30.545876887340302
-0.9132383319579422,0.09518110430515364,0.0005556126020731111,0.02878023004683574,0.0,120,2393,30.545876887340302
-0.11854622815342437,0.020924799798361954,0.00012214695919636744,0.028733715678373548,0.0,120,2593,30.545876887340302
-0.5905912325842944,0.355020337677295,0.0020724047598077305,0.028761831917882924,0.0,120,2599,30.545876887340302
0.0017998034044537366,0.0004948637953804591,2.8887305209404367e-06,0.028726656300956794,0.0,120,2610,30.545876887340302
0.13615297181655955,0.0335709311121751,0.0001959678081633985,0.028718868984793047,0.0,120,2620,30.545876887340302
0.020214010109788703,0.008222782133456338,4.799987782031428e-05,0.028725594343779873,0.0,120,2630,30.545876887340302
-0.036291947662280874,0.07701446465699056,0.0004495661971745087,0.028729008204607675,0.0,120,2640,30.545876887340302
0.03781941384203729,0.0008066666725461796,4.708856576218285e-06,0.028724554205807037,0.0,120,2651,30.545876887340302
0.46919353507710704,0.08463534097896169,0.0004940524946832304,0.028699513501068294,0.0,120,2710,30.545876887340302
-0.2143272840329751,0.05584438916795441,0.00032598745941541453,0.028739365415487463,0.0,120,2740,30.545876887340302
-0.16885208971435828,0.015380358198192355,8.978169460943582e-05,0.028736642948431822,0.0,120,2790,30.545876887340302
-0.027982392003483292,0.0094648150970788,5.525015267073423e-05,0.028728409857070238,0.0,120,2813,30.545876887340302
0.8801026300045325,0.1420006040374804,0.0008289179420767246,0.028675622895643106,0.0,120,2819,30.545876887340302
-0.006911597031158286,2.9065360531309018e-05,1.6966687571956765e-07,0.028727164041368988,0.0,120,2829,30.545876887340302
0.057051046063127234,0.004966448619706865,2.8991273644093785e-05,0.028723438548303008,0.0,120,2930,30.545876887340302
-0.17052952386541098,0.0286498626769376,0.00016724143796373992,0.02873676312693098,0.0,120,3100,30.545876887340302
0.1241143941383881,0.03060858160596775,0.00017867531371915465,0.02871956676283001,0.0,120,3211,30.545876887340302
0.4179339011378985,0.11229114713268984,0.0006554912017845775,0.028702552096034475,0.0,120,3220,30.545876887340302
0.7202971019611065,0.07117060794719919,0.00041545311920201673,0.02868483289888168,0.0,120,3240,30.545876887340302
0.13031570585638008,0.0019803744961743456,1.15602885145248e-05,0.028719156771121978,0.0,120,3250,30.545876887340302
0.26401120977398773,0.03787630257855273,0.0002211000931982116,0.02871141255667306,0.0,120,3290,30.545876887340302
0.15164293502228152,0.009418242509815114,5.4978288663862725e-05,0.028717924278621562,0.0,132,1101,30.545876887340302
0.15164293502228152,0.009418242509815114,5.4978288663862725e-05,0.028717924278621562,0.0,132,2620,30.545876887340302
0.08386339802918619,0.0015432817719131984,9.0087923152859e-06,0.028721867657444264,0.0,136,2610,30.545876887340302
0.2656418481686651,0.04010519291021712,0.00023411107437932194,0.028711321104794546,0.0,136,2620,30.545876887340302
0.4276265150205836,0.005422918315645576,3.165588147124102e-05,0.02870180724002985,0.0,136,2630,30.545876887340302
-0.10447692218146915,0.00206488164821991,1.2053592715863864e-05,0.028732862759106255,0.0,136,2651,30.545876887340302
-0.18813815805652045,0.0028551863548005297,1.666693753529468e-05,0.028737747747753905,0.0,136,2930,30.545876887340302
-0.17748754036890851,0.024936829235564,0.00014556688200006884,0.0287371630679746,0.0,136,3211,30.545876887340302
0.0,0.0,0.0,0.028726760533303364,0.0,140,1610,30.545876887340302
-0.0499264957551374,0.008463233320422748,4.940349370224035e-05,0.028729689148750605,0.0,Sri Lanka,1020,30.545876887340302
0.1250057926098541,0.0018175703079490236,1.0609931200343334e-05,0.028719466460448262,0.0,Sri Lanka,1030,30.545876887340302
0.09799446093509145,0.04094857083126979,0.0002390342301324299,0.028721108832967673,0.0,Sri Lanka,1040,30.545876887340302
0.04522612423029674,0.004172408184262759,2.4356121785864317e-05,0.028724127488094116,0.0,Sri Lanka,1061,30.545876887340302
-0.04925329578394616,0.02702864595532037,0.00015777770618842558,0.028729680986765545,0.0,Sri Lanka,1071,30.545876887340302
-0.07755915337225142,0.02608369584340542,0.0001522616303418259,0.028731331737867002,0.0,Sri Lanka,1073,30.545876887340302
-0.009828584291984951,0.021201695273150675,0.00012376331589208716,0.02872736982353115,0.0,Sri Lanka,1079,30.545876887340302
0.1441988319471416,0.027598523897238228,0.00016110432619861081,0.028718389300534393,0.0,Sri Lanka,1104,30.545876887340302
0.15485378380674675,0.0013209897439794783,7.711179170723176e-06,0.02871772327356876,0.0,Sri Lanka,1311,30.545876887340302
0.020809908067432468,0.045288516139454546,0.00026436833739183643,0.028725621711879087,0.0,Sri Lanka,1312,30.545876887340302
-0.26780227017071406,0.04154973434728397,0.0002425434773495372,0.028742463004187833,0.0,Sri Lanka,1391,30.545876887340302
0.0014659224735170198,8.595223869823203e-05,5.017397869647124e-07,0.02872667510530475,0.0,Sri Lanka,1392,30.545876887340302
0.0691370041617229,0.014085903046903207,8.222540914579088e-05,0.02872274832961391,0.0,Sri Lanka,1393,30.545876887340302
0.1593367259097793,0.05578267601526091,0.0003256272134863461,0.028717552882856986,0.0,Sri Lanka,1394,30.545876887340302
-0.10678191919702652,0.029851126787910992,0.00017425372767552075,0.028733043916646855,0.0,Sri Lanka,1399,30.545876887340302
0.06428113983220025,0.10159872028343456,0.0005930749570103565,0.028723178519656164,0.0,Sri Lanka,1410,30.545876887340302
-0.011359946351312732,0.017310743738760993,0.00010105017632153104,0.028727452690846103,0.0,Sri Lanka,1430,30.545876887340302
0.07675610483644651,0.0016605244642197772,9.693187792960436e-06,0.02872228273699838,0.0,Sri Lanka,1512,30.545876887340302
0.12975088865616885,0.0020185278761963707,1.178300602664736e-05,0.028719189805871542,0.0,Sri Lanka,1520,30.545876887340302
-0.528300423036545,0.019926130021597953,0.00011631729881019797,0.028757633126832313,0.0,Sri Lanka,1621,30.545876887340302
-0.3123693689753155,0.020718957914490375,0.00012094537254165866,0.028745029628176468,0.0,Sri Lanka,1629,30.545876887340302
-0.1484722828480289,0.04301326921911118,0.0002510867530794934,0.02873549964318408,0.0,Sri Lanka,1702,30.545876887340302
0.40271468935119314,0.011359913674957207,6.631264936823328e-05,0.02870327139737495,0.0,Sri Lanka,1709,30.545876887340302
1.2873027600228693,0.27560876783490273,0.0016088456397812866,0.028652076161854095,0.0,Sri Lanka,2013,30.545876887340302
0.07485985850421056,0.00019993800044975968,1.1671231752789287e-06,0.028722390980085534,0.0,Sri Lanka,2023,30.545876887340302
0.46014336938688954,0.39398177938175527,0.002299839271772758,0.028700560073834317,0.0,Sri Lanka,2029,30.545876887340302
0.03767332412212513,0.004179562444197545,2.439788424499202e-05,0.028724568389274435,0.0,Sri Lanka,2030,30.545876887340302
-0.48243966892572304,0.062212217029298564,0.0003631591799309908,0.028755027015911573,0.0,Sri Lanka,2211,30.545876887340302
-0.07128955675882365,0.004480816481274886,2.6156432232510043e-05,0.028730929523029716,0.0,Sri Lanka,2219,30.545876887340302
0.8126696612594426,0.10563674821095356,0.0006166466440634898,0.02867949839871377,0.0,Sri Lanka,2220,30.545876887340302
0.13899774144878818,0.007299196496730756,4.2608515505234836e-05,0.02871865888034225,0.0,Sri Lanka,2310,30.545876887340302
0.45317099737338007,0.07350943620100611,0.0004291058548094288,0.02870043016932818,0.0,Sri Lanka,2392,30.545876887340302
-0.24323045780486915,0.03626975120238523,0.00021172196928388097,0.028741019781039368,0.0,Sri Lanka,2393,30.545876887340302
0.09885561454009795,0.037301047193257116,0.00021774208276311563,0.028721052448304252,0.0,Sri Lanka,2395,30.545876887340302
-0.2790355870626487,0.0358483062872585,0.00020926181600415728,0.02874310917607166,0.0,Sri Lanka,2396,30.545876887340302
0.00307138046491294,0.035216382831861834,0.00020557300993359186,0.028726640297977085,0.0,Sri Lanka,2399,30.545876887340302
-0.006852468721274139,0.0007068105549656114,4.1259539326012995e-06,0.02872716172632695,0.0,Sri Lanka,2593,30.545876887340302
-4.112401402457897,0.5096589092309535,0.0029750958952912783,0.02896768071628006,0.0,Sri Lanka,2599,30.545876887340302
0.2414078489093677,0.019687932931480058,0.00011492684105061638,0.028712701528657073,0.0,Sri Lanka,2610,30.545876887340302
0.26708181258919883,0.09077679647729367,0.0005299027834023505,0.028711321973656757,0.0,Sri Lanka,2620,30.545876887340302
-0.11863645555110748,0.0007501355766186839,4.378860517277625e-06,0.028733687106178747,0.0,Sri Lanka,2630,30.545876887340302
0.33155664356943887,0.021453472159384986,0.00012523304469933046,0.02870744211256402,0.0,Sri Lanka,2651,30.545876887340302
0.09522459429181171,0.002269649161834559,1.3248907814275852e-05,0.028721205673833138,0.0,Sri Lanka,2670,30.545876887340302
0.5378450363805634,0.16727257303412274,0.0009764411774525002,0.02869564442627489,0.0,Sri Lanka,2710,30.545876887340302
-0.13068870254988194,0.013982119885528489,8.16195826767271e-05,0.02873441284181395,0.0,Sri Lanka,2740,30.545876887340302
-0.0017416380169667889,3.53954992741058e-05,2.0661858881477591e-07,0.028726862259479517,0.0,Sri Lanka,2790,30.545876887340302
-0.004389475545129997,0.00043184493987737777,2.5208626490414074e-06,0.028727017489835274,0.0,Sri Lanka,2813,30.545876887340302
0.059026870871729344,0.005544305541308986,3.2364470353473926e-05,0.02872332417986355,0.0,Sri Lanka,2816,30.545876887340302
-0.003341845762375134,1.4617672174905758e-05,8.532957179517978e-08,0.02872695563557149,0.0,Sri Lanka,2817,30.545876887340302
0.6109887157013478,0.24492386764406074,0.001429724822011322,0.028691504731988712,0.0,Sri Lanka,2819,30.545876887340302
0.07873050004802226,0.0050517315460276825,2.948910636994243e-05,0.028722173168956908,0.0,Sri Lanka,2824,30.545876887340302
-0.0926119578279278,0.020888744200472792,0.00012193648733108764,0.028732201722350914,0.0,Sri Lanka,2826,30.545876887340302
-0.2607622500436574,0.012696090665887162,7.411248296105086e-05,0.028742003636703494,0.0,Sri Lanka,2829,30.545876887340302
0.7711729369000038,0.07258069137650829,0.00042368437612026814,0.028681865408486842,0.0,Sri Lanka,2920,30.545876887340302
-0.05676824380715232,0.002265295996201856,1.3223496534357445e-05,0.028730078136344372,0.0,Sri Lanka,2930,30.545876887340302
-0.4252967014859253,0.008930815998467938,5.213297273412982e-05,0.028751601900323175,0.0,Sri Lanka,3030,30.545876887340302
0.12735677611872556,0.0026208812010132644,1.529919866395828e-05,0.02871933057025004,0.0,Sri Lanka,3100,30.545876887340302
-0.035204638834620404,0.0032358945277185434,1.8889293118681462e-05,0.028728821004526825,0.0,Sri Lanka,3211,30.545876887340302
-0.5191839509386716,0.04525398611971184,0.0002641667709752778,0.028757143476283834,0.0,Sri Lanka,3212,30.545876887340302
-0.08105276922909666,0.009488240734851758,5.538689808520775e-05,0.02873150784178553,0.0,Sri Lanka,3230,30.545876887340302
-0.2685456194930831,0.02211467583317706,0.00012909277186238274,0.028742473788137345,0.0,Sri Lanka,3240,30.545876887340302
-0.17406927592112048,0.005412068419472652,3.159254601102683e-05,0.02873693077627108,0.0,Sri Lanka,3250,30.545876887340302
-0.11986892341305197,0.005859931684514022,3.420691443928977e-05,0.028733767621298794,0.0,Sri Lanka,3290,30.545876887340302
-2.294877210270351,1.0888832051998318,0.006356274550620338,0.02886255686332644,0.0,Chile,1010,30.545876887340302
-1.4103328359068557,1.3435530172719217,0.007842890596817888,0.028811347303858637,0.0,Chile,1020,30.545876887340302
-0.45620459330604834,1.4604244062185348,0.00852511861880366,0.02875584260609825,0.0,Chile,1030,30.545876887340302
-1.8665147539953921,2.1125771030825047,0.012332011378651244,0.02883927340334171,0.0,Chile,1040,30.545876887340302
-1.999664744561995,1.1592565756216544,0.006767073855189939,0.028845441464648052,0.0,Chile,1050,30.545876887340302
-2.1746488676766442,1.4078273290215437,0.00821808710098087,0.028856075457497993,0.0,Chile,1061,30.545876887340302
2.0608900426889383,1.1202160105924353,0.0065391774667140756,0.028608328362504345,0.0,Chile,1062,30.545876887340302
-2.0397793855142208,1.180937029259246,0.006893631887350273,0.028847819797090824,0.0,Chile,1071,30.545876887340302
5.2130946521547274,1.3228962700959233,0.007722308374825309,0.028424645057301277,0.0,Chile,1072,30.545876887340302
2.306749092193147,1.1872471212579656,0.006930466579071111,0.02859408747805455,0.0,Chile,1073,30.545876887340302
1.4611777741629102,1.0500044977807668,0.0061293229938797185,0.028643221005354366,0.0,Chile,1074,30.545876887340302
-0.9343231974287707,1.9508301006895992,0.011387825307969335,0.02878457889111674,0.0,Chile,1079,30.545876887340302
-0.9710074434346968,0.9349481747289164,0.005457690283768982,0.028785013365952693,0.0,Chile,1080,30.545876887340302
0.7834233069771406,1.845005502471798,0.010770082103492243,0.028684118084750264,0.0,Chile,1101,30.545876887340302
0.747069184141413,1.3113000346217616,0.007654616214568426,0.028685346679704064,0.0,Chile,1102,30.545876887340302
-3.12879967980899,1.2986150469164852,0.0075805685443123836,0.028911593545732413,0.0,Chile,1103,30.545876887340302
-0.8067433376876196,1.1771927595861054,0.006871774992211849,0.028775830984693447,0.0,Chile,1104,30.545876887340302
4.444394766063524,1.657549646241418,0.009675822514739342,0.0284700770155787,0.0,Chile,1311,30.545876887340302
-3.151467483572338,2.1430739582432965,0.012510034497574197,0.02891434229291129,0.0,Chile,1312,30.545876887340302
4.164073608883544,1.0967863032896266,0.006402408296663376,0.028485509598700214,0.0,Chile,1391,30.545876887340302
0.5608138597534473,1.5885683826235453,0.009273149529877341,0.028696684528708424,0.0,Chile,1392,30.545876887340302
-1.9586712132955835,1.2823957346324601,0.007485889517758207,0.02884325567974058,0.0,Chile,1393,30.545876887340302
4.22394137432971,1.030082119304347,0.006013027594434877,0.028481903728615365,0.0,Chile,1394,30.545876887340302
1.948541062045211,1.162813685281077,0.006787838217698226,0.02861495823821968,0.0,Chile,1399,30.545876887340302
-1.7855286933971064,2.464456397012099,0.014386080529698959,0.02883513768606786,0.0,Chile,1410,30.545876887340302
1.7343555878613661,1.2533762548051832,0.007316490467228715,0.028627613355163214,0.0,Chile,1430,30.545876887340302
-1.2456759474625065,0.9522876381505609,0.005558908109098729,0.028801076963676772,0.0,Chile,1511,30.545876887340302
0.07064026060499107,1.6689092628243962,0.00974213342985529,0.028725435430990147,0.0,Chile,1512,30.545876887340302
-1.6064008055516177,1.6797228107023932,0.009805256709607054,0.02882335918735985,0.0,Chile,1520,30.545876887340302
-0.6223361496368969,1.2619079664966844,0.007366293698318102,0.02876520787187595,0.0,Chile,1610,30.545876887340302
-1.0832317757843466,1.2319961781070923,0.00719168586306417,0.028792064015627217,0.0,Chile,1621,30.545876887340302
0.25007725109581413,1.003612754946833,0.005858514652887683,0.028713844664962424,0.0,Chile,1622,30.545876887340302
0.8577821639859728,0.939311244716918,0.005483159379623225,0.028678260613563978,0.0,Chile,1623,30.545876887340302
-0.747511739110371,1.2258306420277836,0.007155695005748441,0.028772454843031498,0.0,Chile,1629,30.545876887340302
0.09542179534292411,1.322003763129397,0.007717098431931075,0.028723406970711636,0.0,Chile,1701,30.545876887340302
2.6235269017504046,1.0893446985314752,0.006358968483546476,0.028575431208519807,0.0,Chile,1702,30.545876887340302
0.11499005115915006,1.3099495651022328,0.0076467329494052045,0.028722244388100032,0.0,Chile,1709,30.545876887340302
-3.76705178468067,11.272064095711967,0.06579983399724337,0.028965718768333815,0.0,Chile,2011,30.545876887340302
0.048286172246928424,2.782038508497057,0.01623994243456106,0.02872860737328814,0.0,Chile,2012,30.545876887340302
1.5097153634070604,3.1545231031172474,0.018414293492577373,0.02864390659725694,0.0,Chile,2013,30.545876887340302
-0.04636594988860082,1.0877470371083993,0.006349642254070706,0.028731291445291074,0.0,Chile,2021,30.545876887340302
-0.5126439661510235,1.329267072073519,0.007759497456522827,0.028758917290184732,0.0,Chile,2022,30.545876887340302
-1.8035001489666729,1.530102781082419,0.008931860938605176,0.028834613977886062,0.0,Chile,2023,30.545876887340302
-3.6523483003137875,3.529862596426689,0.020605309808902777,0.028945928041212238,0.0,Chile,2029,30.545876887340302
-5.915297101064872,2.2697535576861165,0.013249517217278193,0.02907591401085384,0.0,Chile,2100,30.545876887340302
-1.094707955986035,1.0033816685765635,0.00585716570342522,0.028792349709927664,0.0,Chile,2211,30.545876887340302
-0.7709105721970172,1.4022687162016305,0.008185639112954935,0.028774117208751063,0.0,Chile,2219,30.545876887340302
1.7544374158760592,2.48418972001485,0.01450127233190748,0.02862849805328593,0.0,Chile,2220,30.545876887340302
-6.005867257858285,1.3588048314226353,0.007931921925131176,0.029079655133558684,0.0,Chile,2310,30.545876887340302
9.50951748643146,0.9603744036770028,0.005606114000113571,0.028173228961269496,0.0,Chile,2392,30.545876887340302
1.1287429863443874,1.1250144582336765,0.006567188047168302,0.028662753339693585,0.0,Chile,2393,30.545876887340302
0.40771175761240885,1.1309320524583808,0.0066017315623880845,0.028704855680857462,0.0,Chile,2399,30.545876887340302
173.60949161974466,7979.65202723774,46.58062394692638,0.034804666833028165,0.07692307978868484,Chile,2410,100.0
-0.13158082078661038,5.044986594578795,0.02944973321859342,0.028742906174830985,0.0,Chile,2420,30.545876887340302
1.032535615727847,1.357063562811357,0.007921757399398013,0.028668758105800565,0.0,Chile,2431,30.545876887340302
2.707627116581132,1.0802745530310043,0.006306022185229305,0.028570506480975557,0.0,Chile,2511,30.545876887340302
0.939669162312436,1.0581153350673038,0.0061766694019999326,0.028673679124699192,0.0,Chile,2512,30.545876887340302
-0.23581102894300707,1.4994670307156017,0.008753027029269582,0.02874304171256668,0.0,Chile,2593,30.545876887340302
14.39972792603152,342.5017934393055,1.999328690886138,0.028455098088539167,0.01566951535642147,Chile,2599,99.84514130855594
-2.8745069286282505,57.68258898719089,0.33671781385028116,0.028992179565975044,0.006878307089209557,Chile,2610,99.43863724351529
6.523142758331326,28.731298771084724,0.16771681509349765,0.028393597774677825,0.0052910055965185165,Chile,2620,99.1869918699187
-1.8950850446740297,1.6345668021251014,0.009541661875232914,0.028840136538600503,0.0,Chile,2630,30.545876887340302
-0.04178609076747998,2.7116081724373635,0.015828810597326312,0.028733747975751314,0.0,Chile,2640,30.545876887340302
-0.6134112289252454,1.9532388446727116,0.011401886171435411,0.02876584780580987,0.0,Chile,2651,30.545876887340302
-1.5365252497627973,1.0750949711220796,0.006275786761895258,0.02881826262222231,0.0,Chile,2652,30.545876887340302
1.7515769676807613,1.2538914927936764,0.007319498130583364,0.02862660885745023,0.0,Chile,2660,30.545876887340302
-3.1194664869323887,1.4483456784207545,0.00845460994557014,0.02891130140215248,0.0,Chile,2670,30.545876887340302
-0.29742431426919075,0.9386636441079332,0.005479379059337083,0.028745697541695654,0.0005291005363687873,Chile,2710,92.9926442121564
0.19400797639168244,3.066153327858264,0.017898441516129973,0.02872057599778309,0.0,Chile,2720,30.545876887340302
-3.0480921170097144,1.0393744081514675,0.0060672706379806965,0.028906444470961145,0.0,Chile,2731,30.545876887340302
2.9034509300808025,1.1223720103010377,0.0065517629543159536,0.02855914487681646,0.0,Chile,2732,30.545876887340302
-1.073507452433612,1.2833880089321368,0.007491681845023565,0.028791582704476494,0.0,Chile,2740,30.545876887340302
4.051702192202976,1.4893412302683349,0.00869391842388356,0.028492722571820336,0.0,Chile,2750,30.545876887340302
-0.2057767662551796,0.3068134563048156,0.001791000682887992,0.028739287319490277,0.0005291005363687873,Chile,2790,92.9926442121564
0.8419926380707358,1.2114051439307287,0.0070714872358090515,0.028679637917568453,0.0,Chile,2811,30.545876887340302
-1.0140978476398295,1.162876404823002,0.006788204338349421,0.028787911921589127,0.0,Chile,2812,30.545876887340302
0.05193834187522531,1.6177144907199374,0.009443287763489575,0.028726441391833397,0.0,Chile,2813,30.545876887340302
-0.7530806808140227,1.250312438708712,0.007298605669126602,0.028772821071488305,0.0,Chile,2814,30.545876887340302
0.68730202109396,1.3845124791462144,0.008081988402602202,0.028688958428394466,0.0,Chile,2816,30.545876887340302
-0.3781707098560634,0.3091733076539025,0.0018047761392471482,0.028749354828118412,0.0005291005363687873,Chile,2817,92.9926442121564
-1.396653753040988,0.9489159028709402,0.005539225855715687,0.02880988499974242,0.0,Chile,2818,30.545876887340302
1.9356404648800152,3.0485544567437954,0.017795709417728275,0.028618861893393698,0.0,Chile,2819,30.545876887340302
2.5021443901717446,1.2769691403048298,0.0074542121778409945,0.028582830344316662,0.0,Chile,2821,30.545876887340302
-0.2850772394458906,1.4172226716481504,0.008272931713283343,0.0287457798234094,0.0,Chile,2822,30.545876887340302
-2.0667235494881164,1.3924888391977897,0.008128549809886565,0.028849749046296936,0.0,Chile,2824,30.545876887340302
1.8513019541301263,1.1220396043616834,0.006549822559420795,0.02862056675793408,0.0,Chile,2825,30.545876887340302
3.540338144246054,1.2245276809883157,0.007148089067796537,0.028522134720512172,0.0,Chile,2826,30.545876887340302
0.8178876979475471,1.8599234578927957,0.01085716455635492,0.02868213101470949,0.0,Chile,2829,30.545876887340302
1.1579802339479557,5.278322214309338,0.03081181250713776,0.028667997429862986,0.0,Chile,2910,30.545876887340302
-1.5391800308049275,0.9637449787696504,0.005625789480991632,0.028818230273343577,0.0,Chile,2920,30.545876887340302
0.3680418528089436,1.6866432562223101,0.00984565429451528,0.028708102865027646,0.0,Chile,2930,30.545876887340302
-2.6466724233748007,1.2111411963801106,0.007069946461655606,0.02888330009717809,0.0,Chile,3011,30.545876887340302
-4.165485956612038,1.8106828819976075,0.010569726364705124,0.02897298003599187,0.0,Chile,3030,30.545876887340302
0.12541089065608296,0.9870997482706543,0.005762121207209773,0.028721094710325367,0.0,Chile,3091,30.545876887340302
0.529311774508737,1.0069899006358412,0.005878228489132261,0.028697549260504406,0.0,Chile,3092,30.545876887340302
5.098521573793128,1.4398047294889453,0.008404752792778953,0.028431527736229444,0.0,Chile,3100,30.545876887340302
-5.4584483201905005,1.4261811218460596,0.008325225998597,0.029047811681518983,0.0,Chile,3211,30.545876887340302
2.3181122260487257,1.078239948695815,0.006294145334071543,0.02859324216012625,0.0,Chile,3212,30.545876887340302
1.2704923098881653,1.0693268756501528,0.006242115934501949,0.02865438513161327,0.0,Chile,3220,30.545876887340302
-1.6433328822667324,1.2152926781574998,0.007094180427101092,0.028824733744069613,0.0,Chile,3240,30.545876887340302
-1.4232365439871382,1.7547769404315405,0.010243379597753526,0.02881279230944052,0.0,Chile,3250,30.545876887340302
-0.9017876526383937,1.3795982094736998,0.008053301719673195,0.028781719594099187,0.0,Chile,3290,30.545876887340302
1.4131480655908009,1.1862657803410563,0.00692473807461274,0.028646252746232993,0.0,Chile,Wastes,30.545876887340302
-0.03180543800734396,0.018955910295496706,0.0001106537134742524,0.028728648941357793,7.50187537050806e-05,Colombia,1010,79.92644212156407
0.018147777701399116,0.10153285038628111,0.0005926904463953253,0.028725871425802043,2.5006251235026866e-05,Colombia,1020,72.55129694154084
-0.33363081355425694,0.16054052533330854,0.0009371433507710845,0.028746505379337144,0.0,Colombia,1030,30.545876887340302
-1.127158372830326,7.1935906996566406,0.041992049536125696,0.028804653227443636,0.0025471241679042578,Colombia,1040,98.33526906697638
-0.3052090024234829,0.07229788584711705,0.00042203351992131123,0.028744698193594376,0.0,Colombia,1050,30.545876887340302
0.32881009153508894,0.11609874218068261,0.0006777177540787539,0.028707761046881483,2.9071539756841958e-05,Colombia,1061,73.57723577235772
-0.07166660056116876,0.0014480716259902661,8.453010184933619e-06,0.02873094644632437,0.00022093887673690915,Colombia,1062,87.70809136662795
0.19512475748326272,0.07778752380161127,0.0004540788723113937,0.028715500662042787,0.0,Colombia,1071,30.545876887340302
-0.38674517277111736,0.11721527244433749,0.0006842354162724365,0.028749533208992213,0.0,Colombia,1072,30.545876887340302
0.14181153304267458,0.07941325929597018,0.00046356898208578154,0.028718615521354636,0.0,Colombia,1073,30.545876887340302
0.1269616213435039,0.3094096686887509,0.0018061558791709442,0.02871986796887188,2.5006251235026866e-05,Colombia,1079,72.55129694154084
-0.011777413058142536,0.00879506500440776,5.1340536424481935e-05,0.02872746277984585,5.001250247005373e-05,Colombia,1080,76.75183894696089
-0.9852867116326885,0.729839709140496,0.004260384903622905,0.0287855022839068,0.0010752688394859433,Colombia,1101,96.34146341463415
-0.30039599089176344,0.21662906142657273,0.0012645559996655434,0.028744659417687255,0.0006144393119029701,Colombia,1102,93.67015098722416
-0.3470483319700602,0.08945648815663822,0.0005221955819894916,0.028747169337458432,2.5006251235026866e-05,Colombia,1103,72.55129694154084
0.31573175914338186,0.07682876593297742,0.0004484821947141064,0.028708458679519083,0.0,Colombia,1104,30.545876887340302
0.9068304566356853,0.0687209322987954,0.0004011533201906381,0.028673940007764243,0.0,Colombia,1200,30.545876887340302
2.4817689364649214,3.8452049479577033,0.02244609728197388,0.028588306080413767,0.001868060207925737,Colombia,1311,97.92876500193573
0.7954438128120316,1.420466968317575,0.008291870053277983,0.02868270542627493,0.0014144574524834752,Colombia,1312,97.40611691831204
0.08894867559093768,0.005161415988331415,3.0129381126578294e-05,0.02872157687429686,0.00023828521079849452,Colombia,1391,88.03716608594657
0.0027099064090736567,0.0003378428550840259,1.9721324854904106e-06,0.02872660291106323,0.0003323437413200736,Colombia,1392,90.14711575687186
-0.13359360162069892,0.10538074911361567,0.0006151522684136313,0.02873473572260282,0.0,Colombia,1393,30.545876887340302
0.5540625812050811,0.20080356656280268,0.0011721758529489872,0.0286947538960714,0.0005015296046622097,Colombia,1394,92.6829268292683
-0.5162900135023166,0.18167718161661794,0.0010605270064076439,0.028757203555935633,0.0005333203007467091,Colombia,1399,93.03135888501743
-0.019670480562247683,1.2964860405269545,0.007568140628198645,0.02873008311603764,0.0014548214385285974,Colombia,1410,97.48354626403408
-0.06832787730359555,0.03194346511247881,0.0001864675966930866,0.02873080269585019,0.0,Colombia,1420,30.545876887340302
0.11649469434962834,0.026451538256481624,0.00015440888301108347,0.02872000458858812,0.0001141227621701546,Colombia,1430,83.04297328687572
-0.006967829435905425,0.00765249027029063,4.467084157569629e-05,0.028727180107826336,6.166873936308548e-05,Colombia,1511,78.43592721641502
1.1151451450783707,0.23431175272546045,0.0013677773921462629,0.02866205679976408,0.0,Colombia,1512,30.545876887340302
-0.20866770739885285,0.07811926168339328,0.00045601536747026677,0.02873907240977929,0.00015977186558302492,Colombia,1520,85.65621370499419
0.05795688790862216,0.08301216923249355,0.00048457735059606637,0.028723516530825177,2.0990328266634606e-05,Colombia,1610,71.69957413859854
0.8258308383903074,0.08554107459187518,0.0004993396471399045,0.028678696477745808,7.404703865176998e-06,Colombia,1621,66.94734804490902
-0.10982434197557148,0.03604439190921031,0.00021040645120709087,0.02873323190398236,3.173444611093146e-06,Colombia,1622,63.908246225319395
-0.5595586773907659,0.02472113629419605,0.00014430779053147197,0.028759465856179642,3.173444611093146e-06,Colombia,1623,63.908246225319395
-0.05423220470477942,0.08879520150262729,0.0005183353704355967,0.028730075215972917,1.057814870364382e-06,Colombia,1629,62.001548586914446
2.8832520064108293,1.7180215582070724,0.010028822793574664,0.028561317210346892,0.0012650169664993882,Colombia,1701,96.94154084397987
-0.34453674635236065,0.055654308054163375,0.00032487787508132446,0.02874696600160407,0.0,Colombia,1702,30.545876887340302
0.3352385675486308,0.08288009691835221,0.0004838063883062549,0.028707330119689265,3.738008672371507e-05,Colombia,1709,75.0193573364305
0.09783435324023176,0.048868731489262365,0.0002852675776455672,0.028721131457929625,0.0,Colombia,1811,30.545876887340302
-0.06942936844731881,0.2850804676632144,0.0016641359815574403,0.028731291548698037,0.002360179089009762,Colombia,2011,98.23848238482384
-2.156578619910122,0.27999768271457015,0.001634465603264284,0.02885312079717313,0.0010633865604177117,Colombia,2012,96.32210607820365
0.6888141048472807,0.46515124066180497,0.0027152856973907563,0.028687330466320504,0.00021911843214184046,Colombia,2013,87.65001935733643
0.027271640439385528,0.4560346033717431,0.002662068006717107,0.028725933275498945,0.0006968749803490937,Colombia,2021,94.25087108013938
0.025486431487973096,0.009151546393954412,5.342146996567777e-05,0.02872528812733269,0.00019094871822744608,Colombia,2022,86.77893921796361
-0.5523934369599294,0.14848872451451944,0.000866791861770429,0.028759255371345407,3.3545064070494846e-05,Colombia,2023,74.39024390243902
-0.11174046555670344,0.41243586060955906,0.002407563595468101,0.02873397508841842,0.00032819321495480835,Colombia,2029,90.05032907471931
1.2583509889449584,0.17256065120763622,0.0010073099396443333,0.028653593862732623,0.0006077904836274683,Colombia,2030,93.61207897793264
1.0541474068510337,0.36213367900559323,0.0021139283596199256,0.028665831439275816,7.423763599945232e-05,Colombia,2100,79.88772744870306
-1.1474685332587444,0.027125748815881708,0.0001583445368994064,0.028793788747059974,2.2338994313031435e-05,Colombia,2211,71.98993418505614
-0.8058530501915118,2.0683418026955733,0.012073791109713496,0.028777276112671935,0.0013888846151530743,Colombia,2219,97.30933023615951
-2.192218351637086,5.479644014176386,0.031987013508373845,0.02886396236515457,0.002379832323640585,Colombia,2220,98.25783972125436
-0.582649086882787,0.27971056733341704,0.0016327895886269015,0.02876124185003608,0.0006787346210330725,Colombia,2310,94.15408439798684
0.2657182448085527,0.027314762027614972,0.00015944788743483014,0.028711295208368993,5.289074124448234e-06,Colombia,2392,65.57297715834302
0.06608912018579946,0.060492302276588694,0.000353119305755615,0.028723004056644453,5.289074124448234e-06,Colombia,2393,65.57297715834302
-0.3134935169762303,0.035638111782448356,0.00020803482124914153,0.028745120283554564,3.738008672371507e-05,Colombia,2394,75.0193573364305
0.2707250461193493,0.02613311586770236,0.00015255011605014578,0.028711000959185905,6.775170186301693e-05,Colombia,2395,79.09407665505228
0.2911726675656071,0.042435907664793965,0.0002477164480397168,0.028709834664841966,3.671850936370902e-05,Colombia,2396,74.87417731320171
0.03364808558550815,0.046399911227835086,0.0002708560233826046,0.028724874154438713,3.080151145695709e-05,Colombia,2399,73.98373983739837
13.818915815701127,12.945587647633296,0.07556890299577673,0.027941206485693402,0.0051767840050160885,Colombia,2410,99.1482771970577
1.5510530081541496,1.0004623965710469,0.005840124670680484,0.028637891458591455,0.00033530581276863813,Colombia,2420,90.20518776616338
-1.7218971366713722,0.05491907048072632,0.0003205859805471994,0.02882736741174179,9.397613030159846e-05,Colombia,2431,81.43631436314364
-0.363321446436401,0.04994431191650245,0.0002915461982213679,0.028748052965793518,6.180918262543855e-06,Colombia,2511,66.06658923732095
-0.016156773399433062,0.02151090253045103,0.00012556829020986504,0.028727739745839743,5.677589797414839e-05,Colombia,2512,77.81649245063879
-0.3618721457873644,0.04639234033025194,0.0002708118288322586,0.028747962402975617,0.0,Colombia,2520,30.545876887340302
-0.25498561442877754,0.013228479830166244,7.722026502598972e-05,0.02874166732288421,0.00040700167301110923,Colombia,2593,91.3666279519938
-2.804087329573269,63.42411327514867,0.37023353393764996,0.028997806645453116,0.006981489714235067,Colombia,2599,99.45799457994579
-1.8056823983233343,0.19118003017159524,0.0011159991765540428,0.028832487667767984,0.00011204227484995499,Colombia,2610,82.86875725900116
0.13855796489466488,0.5029162647682976,0.00293573621080244,0.028719515444591066,2.712188143050298e-05,Colombia,2620,73.09330236159505
0.2174886933402202,0.09592589623464903,0.0005599602694485944,0.028714225581189412,0.00012321527174208313,Colombia,2630,83.46883468834689
0.2529108758967404,0.4818847303455433,0.00281296619619163,0.028712804730920666,0.00011076515511376783,Colombia,2640,82.83004258614015
0.3587450330851978,0.07475354599142592,0.00043636825298148235,0.028705944323014793,0.00024215334269683808,Colombia,2651,88.19202477739063
0.3949765000612287,0.041129704000695926,0.00024009158150822344,0.02870377298984991,2.009848140005488e-05,Colombia,2652,71.56407278358498
0.02087639466616645,0.02983087382684961,0.0001741355025248761,0.028725591910778742,0.00010658584506018087,Colombia,2660,82.52032520325203
-1.3804529799371998,0.14057783130873835,0.0008206126123188281,0.028807579845722322,1.5867222828092054e-05,Colombia,2670,70.55749128919861
-0.3974331541754056,0.02876286919621814,0.0001679011050971174,0.028750008669034464,3.8119283999549225e-05,Colombia,2680,75.18389469608981
-0.20069042807936832,0.09662761777104346,0.0005640565166145957,0.028738637789617452,0.0004144343838561326,Colombia,2710,91.44405729771583
0.4912302667122921,0.830141995835702,0.004845892026191445,0.028699476078244555,2.4583025151514448e-05,Colombia,2720,72.4545102593883
0.01748285825988248,0.010861053031345921,6.340058754364984e-05,0.028725758196782733,8.22638685349375e-05,Colombia,2731,80.5265195509098
0.1420641434032206,0.04388532043785784,0.0002561772870707304,0.028718541215199254,3.224498505005613e-05,Colombia,2732,74.27409988385598
0.32087391967366274,0.1038760192753834,0.0006063685201377456,0.028708203834916023,2.115629740728764e-06,Colombia,2740,63.19202477739063
-0.17523701714717285,0.029733710104107462,0.0001735683165354512,0.028737039741962806,0.00018381218251306564,Colombia,2750,86.56600851722803
0.04538096273184005,0.008004282036004503,4.6724399787308634e-05,0.028724124874603463,0.000403241952881217,Colombia,2790,91.30855594270228
0.08870855366369168,0.08575139916826205,0.0005005674011780545,0.02872172600919948,0.0,Colombia,2811,30.545876887340302
0.09005808856887446,0.06962692834144453,0.0004064420045613338,0.028721620196236673,5.123103619553149e-06,Colombia,2812,65.4471544715447
-0.053980148707022946,0.01875893691172535,0.00010950389602786642,0.02872994304465708,0.00046005661715753376,Colombia,2813,92.25706542779713
-0.01471139763421936,0.002611570983297094,1.524485096197571e-05,0.028727623679658563,0.000198446330614388,Colombia,2814,87.08865660085172
-0.7552588320199758,0.04603674096730445,0.00026873604405559364,0.02877092552253867,1.6286479876725934e-05,Colombia,2815,70.71234998064267
-0.1184605000950506,0.05751017987435628,0.0003357113885045945,0.028733772039247155,0.0004658803518395871,Colombia,2816,92.31513743708865
0.6610382517090571,0.13083168351956792,0.0007637202010270956,0.028688392017108825,5.953283471171744e-05,Colombia,2817,78.20363917924894
-0.05343843174830089,0.023679040387791672,0.00013822463335028633,0.02872991967375255,9.520334060653113e-06,Colombia,2818,67.91521486643438
-3.2840790970249887,12.049340469312963,0.07033712689397033,0.028938820938013938,0.0033750541042536497,Colombia,2819,98.60627177700349
0.0854448297786281,0.039051388505493057,0.00022795956971188616,0.028721838229230044,9.537977166473866e-05,Colombia,2821,81.51374370886566
0.39815007396817026,0.08493580046117888,0.0004958064045159743,0.028703661134086216,6.982840568525717e-05,Colombia,2822,79.34572202864885
0.0057612656641727,0.0007183293852501901,4.193194245833374e-06,0.028726425428269187,0.00026439924840815365,Colombia,2824,88.79210220673636
0.1907744123678789,0.07219766146470005,0.0004214484675591601,0.028715745241243058,0.00039813623880036175,Colombia,2825,91.28919860627178
0.7268021854291267,0.06064515304963319,0.00035401156075055455,0.028684435543667737,4.019696280010976e-05,Colombia,2826,75.35811072396437
0.7829531501164252,0.10236832660484593,0.0005975674765491126,0.02868122761642629,0.00018066521442960948,Colombia,2829,86.46922183507549
-0.03274856467996837,0.20107218768523255,0.0011737439087295394,0.028729009411355474,0.0007969877333380282,Colombia,2910,94.71544715447155
0.05013048129540121,0.018366590279919798,0.0001072136018081943,0.02872386499971266,2.9374188670772128e-05,Colombia,2920,73.67402245451025
0.014582809488568911,0.004584227654071038,2.676008724597254e-05,0.028725916959749187,0.0003239223442506045,Colombia,2930,89.93418505613627
-0.6356760110391135,0.0785543066884891,0.00045855491026150453,0.028763999545379986,9.520334060653113e-06,Colombia,3011,67.91521486643438
0.13638457053313632,0.020415023328452214,0.00011917117704937614,0.028718833410224322,0.0,Colombia,3012,30.545876887340302
1.2935109531825055,0.2795636852797438,0.001631932175586414,0.028651720372171244,0.0,Colombia,3020,30.545876887340302
0.45295993758867076,0.2892407295002298,0.0016884211999465743,0.028700803925017608,0.0,Colombia,3030,30.545876887340302
-0.7591126228250169,0.03615919547502096,0.0002110766084656453,0.028771133895991053,4.231259481457528e-06,Colombia,3092,64.67286101432444
-0.4400287265924548,0.02863455614614622,0.00016715208723111502,0.02875249494263893,0.0,Colombia,3099,30.545876887340302
-0.13568155702375784,0.153753009724591,0.0008975217343115745,0.028734938745385175,0.0,Colombia,3100,30.545876887340302
0.5230166396677173,0.1419398687136694,0.0008285634041508754,0.028696467595221146,7.404703865176998e-06,Colombia,3211,66.94734804490902
0.29928110615989933,0.05316631370474559,0.0003103543935088548,0.028709379322620042,0.0,Colombia,3212,30.545876887340302
-0.15826196759056044,0.049958280589103655,0.0002916277393065247,0.02873608276008968,2.115629740728764e-06,Colombia,3220,63.19202477739063
0.024126810042037983,0.10628947269787764,0.000620456874605195,0.028725530378278033,1.5216367501125205e-05,Colombia,3230,70.40263259775455
0.05786578475493326,0.08678799316034014,0.0005066184413444447,0.02872352817993923,0.0,Colombia,3240,30.545876887340302
-0.0012192671411370196,0.00910897411008865,5.317295743172968e-05,0.028726846982028067,0.0003225733817089349,Colombia,3250,89.91482771970577
0.9465003272873919,0.11812790580071153,0.0006895628454672903,0.028671706991609026,1.7650911104283296e-05,Colombia,3290,71.02206736353078
-0.5500104181753575,0.04857420550053445,0.00028354830413881494,0.028758948527025808,4.66580931970384e-05,Colombia,Wastes,76.22919086333721
0.10499306122359178,0.005547690574446144,3.2384230232109196e-05,0.02872064094256933,0.0,178,1610,30.545876887340302
-0.4934033730848146,0.007722254407548145,4.507808452707834e-05,0.02875557554991243,0.0,178,1621,30.545876887340302
-0.2720267845810607,0.027542893095737334,0.00016077958554128213,0.028742686106470152,0.0,178,2829,30.545876887340302
0.009241074893915232,1.2969630868028743e-05,7.570925350277759e-08,0.02872622111419266,0.0,178,3211,30.545876887340302
-0.03582788012336204,0.0012560461685038194,7.3320758894429175e-06,0.028728854065522696,0.0,180,1610,30.545876887340302
-0.03582788012336204,0.0012560461685038194,7.3320758894429175e-06,0.028728854065522696,0.0,180,3211,30.545876887340302
0.0,0.0,0.0,0.028726760533303364,0.0,184,1410,30.545876887340302
0.23428034623765914,0.08183706719621764,0.0004777177800453461,0.028713221760877792,0.0,Costa Rica,1010,30.545876887340302
-0.040689033684796025,0.0290532396087504,0.00016959612073756274,0.028729184448899554,0.0,Costa Rica,1020,30.545876887340302
0.06906276505947716,0.014662121570433579,8.558904182854492e-05,0.028722753629398457,0.0,Costa Rica,1030,30.545876887340302
-0.731270486656168,0.01535201697050952,8.96162548052461e-05,0.028769473685035483,0.0,Costa Rica,1040,30.545876887340302
-0.1360002114184392,0.06394812896264555,0.0003732924364559885,0.028734806709137452,0.0,Costa Rica,1050,30.545876887340302
-0.054859465967267984,0.020462860883297268,0.00011945042521021973,0.028729997231843645,0.0,Costa Rica,1061,30.545876887340302
0.4372012915569599,0.058980098845367895,0.00034429193093770186,0.02870133805016698,0.0,Costa Rica,1071,30.545876887340302
0.10583347041738202,0.032182628619899366,0.00018786369584164074,0.028720636538999825,0.0,Costa Rica,1072,30.545876887340302
0.6058747376318314,0.057580202622877705,0.000336120141079954,0.028691489484956794,0.0,Costa Rica,1073,30.545876887340302
0.14199470908891654,0.092945827639113,0.0005425643411410839,0.02871862751502799,0.0,Costa Rica,1074,30.545876887340302
-0.020712245864035087,0.004509625276101511,2.6324601425051604e-05,0.028727977157743324,0.0,Costa Rica,1079,30.545876887340302
-0.10222682328553181,0.1315079662910489,0.0007676679512989889,0.028732948521555324,0.0,Costa Rica,1080,30.545876887340302
-0.044029043264345306,0.0008261222986151754,4.822427343274104e-06,0.028729332081338106,0.0,Costa Rica,1101,30.545876887340302
-0.04215208634318201,0.03609982206588521,0.0002107300206152028,0.02872928167114685,0.0,Costa Rica,1103,30.545876887340302
-0.06584686934233312,0.05982050653032371,0.0003491977481589805,0.028730704622195933,0.0,Costa Rica,1104,30.545876887340302
1.0958996025364325,0.06740023821474143,0.00039344386691269316,0.028662900983258296,0.0,Costa Rica,1200,30.545876887340302
-0.03874106336225977,0.0017731555082437713,1.0350663117513842e-05,0.02872902498764614,0.0,Costa Rica,1311,30.545876887340302
-0.2511418337445368,0.018051725844412277,0.00010537560413428894,0.02874145103713771,0.0,Costa Rica,1312,30.545876887340302
-0.622494220403338,0.07968865761760849,0.00046517659926157583,0.02876323196926866,0.0,Costa Rica,1391,30.545876887340302
0.061156256601890904,0.004786319682026969,2.7939784396268646e-05,0.028723198607606706,0.0,Costa Rica,1392,30.545876887340302
-0.3237043000273471,0.038863518329086015,0.0002268628915599833,0.028745721743920535,0.0,Costa Rica,1393,30.545876887340302
-0.4634217350629042,0.09899697031108531,0.0005778874354677813,0.028753978597306534,0.0,Costa Rica,1394,30.545876887340302
0.7872012427987961,0.06311604159659846,0.0003684351884761859,0.02868091391807341,0.0,Costa Rica,1399,30.545876887340302
0.8809938591258639,0.05773989246950499,0.00033705231865718393,0.02867542982462535,0.0,Costa Rica,1410,30.545876887340302
0.14468677801879865,0.04411032222730776,0.00025749071824617237,0.02871838849766338,0.0,Costa Rica,1430,30.545876887340302
0.012687869648441881,0.0014216475983764632,8.29876189324867e-06,0.028726022272273707,0.0,Costa Rica,1512,30.545876887340302
0.08105467585508301,0.0011240091524248705,6.561319649439703e-06,0.028722030911558553,0.0,Costa Rica,1520,30.545876887340302
0.38177268356085087,0.042526969905026454,0.0002482480170797646,0.028704546095920647,0.0,Costa Rica,1610,30.545876887340302
-0.7944407202894577,0.048230405848651695,0.00028154139929600084,0.028773216426731307,0.0,Costa Rica,1621,30.545876887340302
-1.4959801617261541,0.10742839012597734,0.0006271052202027007,0.028814267955996245,0.0,Costa Rica,1622,30.545876887340302
-0.1944025264647038,0.12987860591741446,0.0007581566815620099,0.02873832651743079,0.0,Costa Rica,1623,30.545876887340302
-0.19771023897312942,0.04945957588495901,0.00028871658776695485,0.02873838469362408,0.0,Costa Rica,1629,30.545876887340302
-0.4863520264067037,0.032322009180476334,0.00018867731947530122,0.028755205224893585,0.0,Costa Rica,1701,30.545876887340302
-0.22820730165638564,0.08171061221698642,0.00047697960852938524,0.02874021904942792,0.0,Costa Rica,1702,30.545876887340302
-0.21406824867942137,0.03423875482794243,0.0001998661793280576,0.02873931404793355,0.0,Costa Rica,1709,30.545876887340302
0.2087781070082399,0.09042025108045863,0.0005278214762233796,0.028714724829403668,0.0,Costa Rica,1811,30.545876887340302
6.346793055258093,4.1120621586605255,0.024003856359292544,0.028363079452125375,0.0,Costa Rica,2011,30.545876887340302
-0.17149884026804296,0.19938927745481683,0.0011639200456949295,0.028737106127216396,0.0,Costa Rica,2013,30.545876887340302
-0.3501690130884945,0.08214892272657542,0.0004795382134597081,0.02874733924292152,0.0,Costa Rica,2021,30.545876887340302
0.33518603033436223,0.031197804270394792,0.00018211485710513148,0.02870724657877405,0.0,Costa Rica,2022,30.545876887340302
-0.010693838238292086,0.008573689415387258,5.004827292376849e-05,0.02872739915570702,0.0,Costa Rica,2023,30.545876887340302
-0.9811586995345962,0.30164854360317545,0.0017608508899581011,0.02878454179394399,0.0,Costa Rica,2029,30.545876887340302
-1.327589311557396,0.020478700784553674,0.00011954288945317951,0.02880429200333193,0.0,Costa Rica,2030,30.545876887340302
-0.11231762671780028,0.03132994782622042,0.00018288623526296503,0.02873336954042507,0.0,Costa Rica,2100,30.545876887340302
0.0326356703446617,0.10750401282773181,0.0006275466620876665,0.028725035713374737,0.0,Costa Rica,2211,30.545876887340302
0.10745529495083576,0.021139175857776547,0.0001233983634647152,0.02872052335120803,0.0,Costa Rica,2219,30.545876887340302
-0.1824651036765873,0.0607937064751858,0.00035487873029981236,0.02873751378105444,0.0,Costa Rica,2220,30.545876887340302
0.12021257238541833,0.026859804548810647,0.00015679210706249204,0.028719788244351743,0.0,Costa Rica,2310,30.545876887340302
-2.9083127516318394,0.12220653460668546,0.0007133715371222243,0.028896737263572465,0.0,Costa Rica,2392,30.545876887340302
0.12704549907509913,0.07230746032898437,0.0004220894102455792,0.02871946556881086,0.0,Costa Rica,2393,30.545876887340302
-0.042519868289714664,0.07376062071981586,0.00043057212571598325,0.02872936629956584,0.0,Costa Rica,2395,30.545876887340302
-0.3240170447743195,0.07081695978592457,0.0004133887244196847,0.02874579361865605,0.0,Costa Rica,2399,30.545876887340302
-21.964493084474785,96.81716387339574,0.565162977859289,0.030179484720458897,0.0,Costa Rica,2410,30.545876887340302
-1.6279871038320886,0.8400406359882364,0.004903674600288321,0.028823206463326333,0.0,Costa Rica,2420,30.545876887340302
0.06456944987339105,0.027105256589276937,0.00015822491505398584,0.028723036786794293,0.0,Costa Rica,2431,30.545876887340302
-0.9410447686981098,0.08421887374957458,0.0004916213982730009,0.028781834817928696,0.0,Costa Rica,2511,30.545876887340302
0.1450396571391484,0.09055291874388839,0.0005285959138202879,0.02871844575595372,0.0,Costa Rica,2512,30.545876887340302
0.011112666365290473,0.011033440389506877,6.440688589805054e-05,0.02872613034129309,0.0,Costa Rica,2593,30.545876887340302
-0.6242984804725946,0.40379634146228127,0.0023571310463910305,0.028763881494161935,0.0,Costa Rica,2599,30.545876887340302
0.09473776101376355,0.003826587725600861,2.233742063409747e-05,0.028721236702700277,0.0,Costa Rica,2610,30.545876887340302
0.7023802340077583,0.049656597543699166,0.000289866687014873,0.028685842761363187,0.0,Costa Rica,2620,30.545876887340302
-0.011676269271241347,0.0026077029225754153,1.5222271445818193e-05,0.028727446499789068,0.0,Costa Rica,2630,30.545876887340302
-0.7450646005233963,0.10057060320676942,0.0005870734002058638,0.028770422027521073,0.0,Costa Rica,2640,30.545876887340302
-0.14424795739470797,0.004626143982383226,2.700477068826818e-05,0.028735188660173102,0.0,Costa Rica,2651,30.545876887340302
1.1676382689242475,0.08567304829199444,0.0005001100337777123,0.02865874384490573,0.0,Costa Rica,2652,30.545876887340302
0.597920494329552,0.0440137272201933,0.0002569268520918349,0.028691931087381297,0.0,Costa Rica,2660,30.545876887340302
-0.47103929933104044,0.015899976945201087,9.281493031539999e-05,0.028754283789581895,0.0,Costa Rica,2670,30.545876887340302
0.5373757632731598,0.09142415200728493,0.0005336816730581348,0.028695544766517856,0.0,Costa Rica,2680,30.545876887340302
0.29179088247686413,0.10925366537493093,0.0006377601284218717,0.028709910558387085,0.0,Costa Rica,2710,30.545876887340302
-0.16557867226979733,0.17764205562081428,0.0010369722591646038,0.02873672405673998,0.0,Costa Rica,2720,30.545876887340302
0.8609762932681991,0.09614360208136007,0.0005612311111021,0.028676662626263404,0.0,Costa Rica,2731,30.545876887340302
0.07897167896279073,0.07297932147113904,0.0004260113495858455,0.02872227298054808,0.0,Costa Rica,2732,30.545876887340302
-0.36636491613351774,0.11158733871179076,0.0006513827725858259,0.028748334073908727,0.0,Costa Rica,2733,30.545876887340302
0.0989029925776884,0.03869100406025958,0.00022585585237403213,0.028721052013005663,0.0,Costa Rica,2740,30.545876887340302
-0.5232818966027948,0.011920657537402273,6.958594987030321e-05,0.0287573267350492,0.0,Costa Rica,2750,30.545876887340302
0.07929642931510918,0.00712398244013628,4.1585716509415956e-05,0.028722143607654776,0.0,Costa Rica,2790,30.545876887340302
0.42045512680731567,0.05240845793760919,0.0003059304669548532,0.028702304587755988,0.0,Costa Rica,2811,30.545876887340302
0.8259757512588225,0.06310143036937564,0.00036834989652631816,0.028678650452242587,0.0,Costa Rica,2812,30.545876887340302
0.0609906748318716,0.003326220663519397,1.941656520397501e-05,0.02872320582517934,0.0,Costa Rica,2813,30.545876887340302
-0.01616635212780262,0.04468731586681836,0.0002608588756106878,0.02872777917102099,0.0,Costa Rica,2814,30.545876887340302
-0.04325557594007287,0.08175180387856607,0.0004772200617836426,0.028729422647876902,0.0,Costa Rica,2815,30.545876887340302
-0.025974779621008935,0.02338280433916111,0.0001364953774963114,0.028728316004526855,0.0,Costa Rica,2816,30.545876887340302
0.1489706820223503,0.006769600521443131,3.951703847284373e-05,0.028718075829308437,0.0,Costa Rica,2817,30.545876887340302
0.23880618169621692,0.12634065556575036,0.0007375041600847283,0.02871303216024732,0.0,Costa Rica,2818,30.545876887340302
0.5015628393241921,0.17342523856195635,0.0010123569038832984,0.028697772700280056,0.0,Costa Rica,2819,30.545876887340302
0.5023158389087354,0.03981495860308515,0.00023241685324400623,0.028697504918445256,0.0,Costa Rica,2821,30.545876887340302
-0.1324935972583564,0.019347651476046213,0.00011294047341734458,0.028734527201200486,0.0,Costa Rica,2822,30.545876887340302
-0.5437247751335311,0.10595863447035063,0.0006185256311109799,0.02875867794158164,0.0,Costa Rica,2823,30.545876887340302
0.24893670088421313,0.02235916401144759,0.0001305199533801501,0.028712266514170682,0.0,Costa Rica,2824,30.545876887340302
0.33144092393120755,0.07306411418291647,0.0004265063207208352,0.02870753535586065,0.0,Costa Rica,2825,30.545876887340302
-0.6027793349172285,0.049721714587007,0.0002902468029016942,0.02876203080857342,0.0,Costa Rica,2826,30.545876887340302
0.028732160455954156,0.001171190102182859,6.836734927027498e-06,0.028725085278710157,0.0,Costa Rica,2829,30.545876887340302
-1.3228431874670314,0.9368158827586055,0.0054685928901829755,0.028805555776967917,0.0,Costa Rica,2910,30.545876887340302
-0.9413190364086548,0.12100818984815587,0.0007063762889127406,0.028781912639049476,0.0,Costa Rica,2920,30.545876887340302
-0.006692589613308913,0.0009522871341204202,5.55890516686035e-06,0.028727152805148908,0.0,Costa Rica,2930,30.545876887340302
-0.38577077879209154,0.05246337546882578,0.0003062510439500607,0.028749367660220314,0.0,Costa Rica,3011,30.545876887340302
0.000579421397247315,0.1435509513537437,0.000837967978980525,0.02872696743279959,0.0,Costa Rica,3012,30.545876887340302
-0.0021372529279233025,0.00025756138048310423,1.5034953612742617e-06,0.028726885725757427,0.0,Costa Rica,3030,30.545876887340302
0.7471085380759319,0.1242878733427567,0.0007255211968617939,0.028683356733082394,0.0,Costa Rica,3099,30.545876887340302
-0.02925142719834838,0.01680881610582621,9.812021117536923e-05,0.02872849625202475,0.0,Costa Rica,3100,30.545876887340302
-0.12509177876951416,0.018316698850970255,0.00010692236431035092,0.028734093395824098,0.0,Costa Rica,3211,30.545876887340302
-0.12568426197682203,0.08478819099831607,0.0004949447452785602,0.028734239477026084,0.0,Costa Rica,3212,30.545876887340302
0.7567001332381719,0.08731128342836733,0.000509673109280698,0.028682734915217674,0.0,Costa Rica,3220,30.545876887340302
0.11690244555599694,0.030927399675771582,0.00018053639043858123,0.028719988290207277,0.0,Costa Rica,3230,30.545876887340302
-0.1457190153351756,0.05160362607132166,0.00030123232092341275,0.02873535333238389,0.0,Costa Rica,3240,30.545876887340302
0.010272168957850577,2.388779346894773e-05,1.3944321390215766e-07,0.02872616094315348,0.0,Costa Rica,3250,30.545876887340302
-0.2959932157843999,0.024026384576056086,0.00014025222916003692,0.028744079230868587,0.0,Costa Rica,3290,30.545876887340302
-0.0868369805843518,0.05779656568148865,0.00033738314430800984,0.028731926513998265,0.0,Costa Rica,Wastes,30.545876887340302
-0.02973773261764155,0.0003051052265025474,1.781029018739884e-06,0.028728496962942815,5.034522109781392e-05,Croatia,1010,76.7905536198219
-0.01402070054115674,0.0002219481131292929,1.2956055675255135e-06,0.028727579353443267,0.00013687759928870946,Croatia,1020,84.41734417344173
0.03666004658298422,0.0020631183546615407,1.2043299621143684e-05,0.02872462398980112,0.00019802422320935875,Croatia,1030,87.06929926442122
0.03424064281341481,0.001085597023644218,6.337091710724454e-06,0.02872476358161495,0.00032555870711803436,Croatia,1040,89.97289972899729
0.027598095618309393,0.0022350436313900678,1.3046900609623753e-05,0.028725153262784034,2.6195191821898334e-05,Croatia,1050,72.82229965156795
-0.11025153937314354,0.004941823177561358,2.8847524461022737e-05,0.028733204673556716,0.00020025567209813744,Croatia,1061,87.12737127371274
0.03611506086521801,0.00010005963394427817,5.840906552210826e-07,0.028724652511321672,4.072900992468931e-05,Croatia,1062,75.43554006968641
0.09012247010017087,0.00349696444517578,2.0413269303033984e-05,0.028721505564282178,2.4788809241726995e-05,Croatia,1071,72.49322493224932
-0.014188428011812405,0.0009674715884162617,5.647543287041478e-06,0.028727590394616333,0.00014243547047954053,Croatia,1072,84.70770421989934
-0.09368455427800601,0.0015707904281185166,9.169372045531201e-06,0.028732231933896953,4.193524000584148e-05,Croatia,1073,75.648470770422
0.05660954072521773,0.0007099288350570012,4.144156660214284e-06,0.028723457183902422,2.192616875618114e-06,Croatia,1074,63.25977545489741
0.3004678483158087,0.06397307833289761,0.0003734380765452376,0.028709328158174018,0.00011374429595889524,Croatia,1079,83.02361595044522
0.32769487589716817,0.040974750664878934,0.00023918705295981362,0.028707700254271922,0.00012300233356654644,Croatia,1101,83.44947735191639
-0.03162572042300784,0.016853361972952723,9.838024435450124e-05,0.028728634924462114,1.5393652574857697e-05,Croatia,1102,70.42198993418506
0.1469067852440197,0.015195825200050504,8.870449698691996e-05,0.028718210433555585,1.6156756828422658e-05,Croatia,1103,70.67363530778165
0.32975817333110374,0.0034510951676359385,2.0145510814254347e-05,0.028707516928995806,2.3766968297422864e-05,Croatia,1104,72.31900890437475
-0.39587783414328054,0.05623709502344124,0.00032827985057655147,0.028749963987143395,2.1471847503562458e-05,Croatia,1392,71.8931475029036
-0.09908914220580305,0.000693086157605667,4.0458387859583626e-06,0.02873254595059618,8.379554492421448e-05,Croatia,1399,80.70073557878436
0.6797450211798238,0.21595717573854345,0.0012606339170405634,0.02868744256796979,8.416437776759267e-05,Croatia,1410,80.72009291521486
0.06214265323904178,0.013288925177443366,7.757311023543571e-05,0.02872315528368337,6.947777364985086e-06,Croatia,1430,66.72473867595818
-0.07139328644007736,0.08356870628027781,0.00048782609413110814,0.028731068220834335,5.811060418636771e-06,Croatia,1512,65.9504452187379
-0.005448310066170399,0.08166568370106432,0.0004767173416664297,0.02872721552196076,1.1543233995325863e-05,Croatia,1520,68.79597367402246
-0.13510561164589396,0.002311809930744276,1.3495018160340231e-05,0.02873465110042883,6.129266694188118e-05,Croatia,1610,78.33914053426248
0.07116262744426548,0.0013020215422553398,7.600453706950367e-06,0.028722608651015825,7.712405022175517e-06,Croatia,1623,67.11188540456833
0.18300149034141772,0.008644339482707578,5.0460687425859516e-05,0.0287160924480422,1.4550028026860673e-05,Croatia,1629,70.13162988772746
0.006940677074531496,0.0019410140208601647,1.1330524673604935e-05,0.028726358631299513,3.4226823117933236e-06,Croatia,1702,64.01471157568719
-0.21868747384516682,0.004945509703144467,2.886904427933955e-05,0.028739534548419675,6.0481688706204295e-05,Croatia,1709,78.26171118854046
0.053154891642309465,0.0011157620972185392,6.513178079365671e-06,0.028723659526945753,2.1174641062771116e-07,Croatia,1811,61.26596980255516
4.321434665660057,41.54286385879519,0.24250337138507466,0.028543719487746283,0.00674148416146636,Croatia,2011,99.41927990708479
0.5518176434360929,0.05395754933037565,0.00031497317249885084,0.028694638970078873,7.269492925843224e-06,Croatia,2023,66.87959736740224
1.654089861195677,0.2759390124551969,0.0016107734181375246,0.028630665445677703,0.00027425389271229506,Croatia,2029,88.9082462253194
-0.28521323260235726,0.9675763556284912,0.005648154857834061,0.028745033207162783,0.0011443289695307612,Croatia,2100,96.4963221060782
-0.44235845893214587,0.010216554967930983,5.9638378136024094e-05,0.02875260002621669,6.728728476446122e-05,Croatia,2219,79.01664730933024
0.023708502262637484,0.00908263542086122,5.3019207296514496e-05,0.0287253917971299,0.00037171810981817544,Croatia,2220,90.94076655052264
0.0852280719680208,0.0023610978890344692,1.3782732943189229e-05,0.028721789366774362,9.33034170884639e-05,Croatia,2310,81.3588850174216
-0.08304082374238092,0.002745242935693421,1.6025151020871904e-05,0.02873161258377929,1.0014538020186592e-05,Croatia,2393,68.13782423538521
-0.39481886602776495,0.010164473012523446,5.933435360325272e-05,0.02874982484885287,0.0001156185389845632,Croatia,2394,83.10104529616724
0.7820067912086853,0.015218381568857778,8.883616810859711e-05,0.028681136948957093,0.00014667528739664704,Croatia,2399,84.92063492063492
46.48631539600275,52.13353581611045,0.3043256295618802,0.026092562876805402,0.0022607368882745504,Croatia,2410,98.21912504839334
4.3959519780380605,0.4177712706503506,0.002438708653907297,0.028470844434048147,0.0014522051205858588,Croatia,2420,97.46418892760356
2.2696836369597664,1.8574439655929171,0.010842690704862937,0.02859737016709781,0.0011730985715985298,Croatia,2431,96.59310878823074
0.030304897621166726,0.0014458511335265281,8.440048225680594e-06,0.028724993931895773,4.707354037236655e-06,Croatia,2511,65.09872241579558
0.019919899829657906,0.000633310106965329,3.6969005457436605e-06,0.028725598785954893,6.347996986733051e-06,Croatia,2512,66.182733255904
0.00483876666717163,0.00037024692763355956,2.1612888437660035e-06,0.028726478694767917,4.72028887088527e-06,Croatia,2513,65.1180797522261
0.007597717485711643,0.0004681014589712166,2.7325073768779015e-06,0.028726317807156832,4.875789272773545e-06,Croatia,2520,65.25358110723964
-0.03728775243363931,0.00043098131178269914,2.5158212844091015e-06,0.028728937900828047,0.00015965026977937669,Croatia,2593,85.63685636856368
-0.020043488228974362,0.0017314751993838385,1.0107357421179066e-05,0.028727933460624265,0.000710475433152169,Croatia,2599,94.28958575300038
0.24068814623752538,0.08557395562706921,0.000499531587732067,0.0287128539719386,7.938037015264854e-05,Croatia,2610,80.17808749516067
-1.2989276309450875,0.1621277564411415,0.0009464086940590453,0.02880285705834951,0.0001183076819870621,Croatia,2620,83.17847464188928
0.3192801751330062,0.04181565798573841,0.00024409578676843954,0.028708192866544184,0.00037337307003326714,Croatia,2630,91.01819589624468
1.0403970506539708,0.7942565127154516,0.004636413193195667,0.028667357268064218,0.0011808257550001144,Croatia,2640,96.68989547038328
-1.542746864487454,0.7211473016725494,0.004209643622915951,0.028818030368011574,0.0009579972829669714,Croatia,2651,95.70267131242741
-0.10838769398845749,0.0009679741969549157,5.650477226924025e-06,0.02873308920771001,8.08848471933743e-06,Croatia,2652,67.30545876887341
0.33192061897425906,0.008703292493111699,5.080482123004046e-05,0.028707399499310234,2.395251067355275e-05,Croatia,2660,72.35772357723577
0.8559545254700472,0.07809953500451713,0.0004559002144526521,0.028676925564028514,0.0007228443282656372,Croatia,2710,94.40572977158344
0.0888192216868298,0.002802778787383645,1.6361012266688185e-05,0.028721580476579966,8.642450666229706e-06,Croatia,2732,67.5377468060395
-0.3401614662634407,0.009898235204493377,5.778021024286919e-05,0.028746633815223147,2.923065585491713e-05,Croatia,2740,73.59659310878823
-0.6764702881511531,0.03143451815119698,0.00018349665674088342,0.02876630176737016,3.666331394924782e-05,Croatia,2750,74.8548199767712
0.07835977843775517,0.11342433689197268,0.0006621061125422755,0.028722376512252946,0.00044911776785738766,Croatia,2790,92.06349206349206
0.0578140545339138,0.08219226955833367,0.00047979124735924775,0.028723523493913213,0.0003001530421897769,Croatia,2811,89.33410762679055
0.002841250889252703,5.72502723951067e-05,3.3419419796663695e-07,0.028726594773403037,5.787552800029516e-05,Croatia,2812,77.99070847851335
0.011557746126691134,0.005108364343577249,2.9819696104521613e-05,0.028726094424521828,0.00026650249492377043,Croatia,2813,88.85017421602788
-0.21875339445169634,0.04134383729694883,0.00024134156866470916,0.028739599460257156,0.0002497694222256541,Croatia,2814,88.46302748741773
0.6758203514777091,0.1386770786292667,0.000809517110224706,0.028687542254570517,0.0004239337577018887,Croatia,2816,91.56020131629887
0.012046243944998277,0.0006539336890791256,3.8172891691575895e-06,0.028726058439348442,3.449810492384131e-06,Croatia,2818,64.03406891211769
-0.49583583759077265,0.178366863434508,0.0010412032707536076,0.028756003989206358,0.0002514307270757854,Croatia,2819,88.52109949670925
-0.006663673077014601,0.0015693552024777736,9.160994022827675e-06,0.028727152151945167,0.00011915146751562133,Croatia,2822,83.2171893147503
0.0038052808278785386,3.492698571943979e-05,2.0388367585999519e-07,0.02872653846144002,2.2629485556535656e-06,Croatia,2823,63.29849012775842
-0.3052540141170247,0.018630282524110732,0.00010875288562940008,0.02874461076945053,3.7013098335592076e-05,Croatia,2824,74.95160665892374
-0.21668561074505682,0.00867467158604521,5.0637748818294525e-05,0.028739423947321648,1.3974776265968103e-05,Croatia,2826,69.89934185056136
-0.08313976276812243,0.26127593352825645,0.0015251787878117272,0.028732051970148813,0.000673379807267338,Croatia,2829,94.11536972512582
1.299676178474424,1.136117306639698,0.006632000097189441,0.028652793158366566,0.00018093253311235458,Croatia,2910,86.488579171506
0.6688508877469262,0.403889941566136,0.0023576774300208135,0.028688393241030542,0.0007187614683061838,Croatia,2930,94.38637243515292
-0.2224988219794939,0.010571929258879214,6.171284907166906e-05,0.028739766472325987,4.463766890694387e-05,Croatia,3012,75.97754548974062
0.32086611839519985,0.4844854431278838,0.002828147663214836,0.02870884214124724,0.000794048944953829,Croatia,3020,94.69608981804105
0.4439262953454264,0.11088310423554534,0.0006472718563207461,0.028701032440397782,1.334648459305754e-05,Croatia,3030,69.62833914053427
0.26954591712176623,0.024690758077618974,0.00014413045995643876,0.028711067372690455,3.6432033084565774e-05,Croatia,3100,74.79674796747967
1.4939193857010553,0.0377720757248589,0.00022049167670830556,0.02863961725062574,3.5895657219953137e-06,Croatia,3211,64.11149825783971
-0.03634888366134576,0.000999808764366296,5.836309141403622e-06,0.028728884049000994,5.568183041759767e-06,Croatia,3220,65.77622919086333
-0.05318570925108339,0.02192841160010222,0.00012800546828498286,0.028729901985284585,7.987101525941398e-06,Croatia,3230,67.26674409601239
-0.3323438833024156,0.0038951281956732388,2.273752051949212e-05,0.028746167395944877,3.4293814678676426e-05,Croatia,3240,74.56445993031359
-0.5256426592394522,0.10269325102487094,0.0005994641986328195,0.028757616923367396,6.9146994974289555e-06,Croatia,3250,66.68602400309717
-0.17523207183442774,0.018489790377228553,0.0001079327731935348,0.02873702059155102,3.321736221550964e-05,Croatia,3290,74.351529229578
0.0,0.0,0.0,0.028726760533303364,0.0,204,2023,30.545876887340302
-0.11087487756516834,0.006541646041678848,3.8186371187770025e-05,0.028733243743823928,0.0,212,1410,30.545876887340302
-0.7553449873727361,0.06350654126453441,0.0003707147011819324,0.02877095989212407,0.0,212,2023,30.545876887340302
-0.278332745536087,0.029283628469701565,0.00017094099854136864,0.028743057133538044,0.0,212,2710,30.545876887340302
0.42225678816044077,0.08150875015695486,0.000475801253799707,0.028702248173679595,0.0,Dominican Rep,1010,30.545876887340302
-0.4820727392508256,0.028857751873882564,0.00016845497565591845,0.028754949609288358,0.0,Dominican Rep,1020,30.545876887340302
0.03728319421305934,0.014523343222760651,8.477893356782592e-05,0.02872460850704691,0.0,Dominican Rep,1030,30.545876887340302
-0.1814269167092631,0.015494690326753551,9.044909988818509e-05,0.028737377187039007,0.0,Dominican Rep,1040,30.545876887340302
-0.016887536800322442,0.0636579439197253,0.0003715985028968368,0.028727853082948954,0.0,Dominican Rep,1050,30.545876887340302
-0.1444223570022032,0.020298852906358043,0.00011849304086914506,0.028735225129990452,0.0,Dominican Rep,1061,30.545876887340302
-1.275174216640873,0.07321919947258919,0.0004274116195400427,0.028801320977943176,0.0,Dominican Rep,1062,30.545876887340302
0.38791191456916546,0.0587014267562844,0.00034266520338845606,0.02870421482377601,0.0,Dominican Rep,1071,30.545876887340302
0.026571273942737735,0.03197686455222413,0.00018666256343317805,0.02872526307430422,0.0,Dominican Rep,1072,30.545876887340302
-0.24803143995847535,0.05730486148272505,0.0003345128576968203,0.02874133532720325,0.0,Dominican Rep,1073,30.545876887340302
-0.29075341291128004,0.09259591449647708,0.0005405217492516662,0.028743888414037928,0.0,Dominican Rep,1074,30.545876887340302
-0.01841650491009263,0.0045871032601545614,2.6776873382152267e-05,0.028727843275468998,0.0,Dominican Rep,1079,30.545876887340302
0.4125928922582186,0.13109168531021478,0.0007652379421008053,0.028702895376189138,0.0,Dominican Rep,1080,30.545876887340302
-0.02521889986826917,0.0008594722292617559,5.017105077691826e-06,0.028728234109111996,0.0,Dominican Rep,1101,30.545876887340302
0.5116632397690537,0.03380925925959484,0.0001973590309602113,0.02869694920907009,0.0,Dominican Rep,1102,30.545876887340302
-0.5449217428111466,0.035881875426328425,0.00020945777335140762,0.028758630171069825,0.0,Dominican Rep,1103,30.545876887340302
0.1880988206733503,0.05953985372146395,0.00034755945830567336,0.028715880209603414,0.0,Dominican Rep,1104,30.545876887340302
0.5826628437869026,0.0671023148046268,0.0003917047612118222,0.028692860415384488,0.0,Dominican Rep,1200,30.545876887340302
-0.03978791244514062,0.0017251096721073353,1.0070199130156026e-05,0.028729086016112664,0.0,Dominican Rep,1311,30.545876887340302
-0.11429443543282866,0.01820640841157195,0.0001062785520908434,0.02873346292329094,0.0,Dominican Rep,1312,30.545876887340302
0.6800107361607568,0.07936468313474934,0.00046328542236527125,0.02868719831703277,0.0,Dominican Rep,1391,30.545876887340302
-0.02393530726922807,0.004707170067856004,2.7477754422949338e-05,0.028728165632879867,0.0,Dominican Rep,1392,30.545876887340302
0.15124956471092452,0.03863737045365041,0.0002255427701930233,0.028717996224061206,0.0,Dominican Rep,1393,30.545876887340302
0.4563476123520508,0.09863583581894553,0.0005757793397870163,0.02870028683189231,0.0,Dominican Rep,1394,30.545876887340302
0.06408069194245028,0.0628277528200174,0.0003667523242304513,0.028723125213402975,0.0,Dominican Rep,1399,30.545876887340302
-0.04353279009615326,0.05801627551242526,0.00033866568407006555,0.02872939902409387,0.0,Dominican Rep,1410,30.545876887340302
0.12470410192040658,0.043869370277226975,0.0002560841791968904,0.02871955457053735,0.0,Dominican Rep,1430,30.545876887340302
-0.044004892433838386,0.12470840834198965,0.0007279760385753081,0.02872953843025598,0.0,Dominican Rep,1511,30.545876887340302
0.014746317232793911,0.0013786613234857163,8.047832717548984e-06,0.02872590203983859,0.0,Dominican Rep,1512,30.545876887340302
-0.012762842012493551,0.0010858232472810798,6.338412274343092e-06,0.028727507375560936,0.0,Dominican Rep,1520,30.545876887340302
-0.6901420726811552,0.04229038796961957,0.00024686698766542323,0.02876711807891769,0.0,Dominican Rep,1610,30.545876887340302
0.1745089164236035,0.10705217743574046,0.0006249091066643949,0.028716753158982703,0.0,Dominican Rep,1622,30.545876887340302
-0.6177424193954167,0.1294649138483833,0.000755741784943512,0.028763038160900256,0.0,Dominican Rep,1623,30.545876887340302
0.01279585054266399,0.049204412354128826,0.00028722708967430615,0.02872609609419509,0.0,Dominican Rep,1629,30.545876887340302
0.02551287773410568,0.03211579930606879,0.00018747358470326685,0.02872532509047828,0.0,Dominican Rep,1701,30.545876887340302
-0.05519199263733894,0.08138254918923973,0.00047506456505703873,0.028730118811350278,0.0,Dominican Rep,1702,30.545876887340302
0.3411833012791977,0.03402650908181093,0.00019862721060471733,0.02870690123210878,0.0,Dominican Rep,1709,30.545876887340302
-0.32056124804614716,0.09007512921142033,0.0005258068530364711,0.02874562420369026,0.0,Dominican Rep,1811,30.545876887340302
1.4773339696399312,0.11489037853574725,0.0006706640213666326,0.02864071434692071,0.0,Dominican Rep,1920,30.545876887340302
-2.9677134049955725,4.114392105285555,0.024017457249053957,0.028906941303609195,0.0,Dominican Rep,2011,30.545876887340302
-0.6867305429103996,0.11488802220713523,0.0006706502664739886,0.028767040843128328,0.0,Dominican Rep,2012,30.545876887340302
-0.06750032795483045,0.199902593426432,0.0011669164894193102,0.028731036081834086,0.0,Dominican Rep,2013,30.545876887340302
-0.11333562302132061,0.03099521805655632,0.0001809322751815801,0.02873342840386846,0.0,Dominican Rep,2022,30.545876887340302
0.002723928136715154,0.008467644628077128,4.942924438187669e-05,0.028726615725377748,0.0,Dominican Rep,2023,30.545876887340302
-0.5315612921469388,0.30227983852165896,0.001764536026991284,0.028758297478053838,0.0,Dominican Rep,2029,30.545876887340302
0.059446436120797516,0.020314629214527282,0.0001185851338921984,0.028723324453495878,0.0,Dominican Rep,2030,30.545876887340302
-0.4240642189597086,0.03153362323048639,0.00018407517525445427,0.02875156789050854,0.0,Dominican Rep,2100,30.545876887340302
-0.018016691379590277,0.10712766762986642,0.0006253497750459558,0.028727991894666627,0.0,Dominican Rep,2211,30.545876887340302
-0.25447966617134415,0.020972474202782962,0.00012242525497877107,0.02874165078117936,0.0,Dominican Rep,2219,30.545876887340302
0.025448188209647032,0.06107729557226163,0.000356534160516725,0.02872537743006767,0.0,Dominican Rep,2220,30.545876887340302
0.18024575704951099,0.02667185369111301,0.00015569495793956887,0.028716283531387048,0.0,Dominican Rep,2310,30.545876887340302
-0.3635491214347269,0.0652905067250315,0.000381128466590007,0.028748092009458617,0.0,Dominican Rep,2391,30.545876887340302
-0.8567804153359637,0.12180525702932438,0.0007110291091735383,0.02877697906414659,0.0,Dominican Rep,2392,30.545876887340302
0.10071053402199963,0.07199887016713136,0.00042028803817648015,0.02872100234188155,0.0,Dominican Rep,2393,30.545876887340302
0.2879509323263591,0.08041262666444321,0.00046940271461155765,0.0287100863781774,0.0,Dominican Rep,2394,30.545876887340302
-0.8105342294991045,0.0734489418212106,0.0004287527233763114,0.02877419823497856,0.0,Dominican Rep,2395,30.545876887340302
0.12003475462413682,0.07140457865475579,0.00041681890576840956,0.028719873303831533,0.0,Dominican Rep,2396,30.545876887340302
0.008179861386473454,0.07051157014586726,0.00041160603515801757,0.028726401279593125,0.0,Dominican Rep,2399,30.545876887340302
-5.733133150131408,96.82846816846889,0.5652289658392146,0.029226625259464532,0.0,Dominican Rep,2410,30.545876887340302
-1.4252053381694751,0.841093908736507,0.004909823001450836,0.028811370419936422,0.0,Dominican Rep,2420,30.545876887340302
0.8158189211136744,0.08388580849855329,0.0004896771546951287,0.028679278147725883,0.0,Dominican Rep,2511,30.545876887340302
0.4793365756992023,0.09020754353842048,0.0005265798118008541,0.028698930740745143,0.0,Dominican Rep,2512,30.545876887340302
0.14412124348601751,0.010913097341078142,6.370439232259745e-05,0.028718365857995854,0.0,Dominican Rep,2593,30.545876887340302
1.61816517634885,0.4045266931984408,0.002361394420214213,0.028632977484763462,0.0,Dominican Rep,2599,30.545876887340302
0.032822870608362274,0.0038979834467426037,2.275418783479386e-05,0.02872485105880264,0.0,Dominican Rep,2610,30.545876887340302
-0.02499755104249465,0.04991292934817826,0.00029136300481787016,0.02872830345036175,0.0,Dominican Rep,2620,30.545876887340302
0.04879976042644678,0.002549367250374518,1.488174130738535e-05,0.02872391615828019,0.0,Dominican Rep,2630,30.545876887340302
-0.7236916120043433,0.10093525915134008,0.0005892020521027231,0.028769175000321216,0.0,Dominican Rep,2640,30.545876887340302
-0.0001742583365344566,0.0047046122773311974,2.7462823511405283e-05,0.028726778594688383,0.0,Dominican Rep,2651,30.545876887340302
0.5938085546795462,0.08533711705683343,0.0004981490602310402,0.028692240331643762,0.0,Dominican Rep,2652,30.545876887340302
0.3999768670534256,0.04377303960053741,0.00025552185605170645,0.028703485525490197,0.0,Dominican Rep,2660,30.545876887340302
-0.36764104117721297,0.015755445429402777,9.197123836456052e-05,0.028748247745180887,0.0,Dominican Rep,2670,30.545876887340302
0.40698539309949444,0.09107711772310662,0.0005316558862903881,0.028703155666343735,0.0,Dominican Rep,2680,30.545876887340302
0.06405007983357773,0.10963372334049633,0.0006399786884683005,0.028723205480026416,0.0,Dominican Rep,2710,30.545876887340302
2.109904638751972,0.17812658862717262,0.0010398006844746313,0.02860389384611423,0.0,Dominican Rep,2720,30.545876887340302
-1.1105022378714524,0.09578771488173154,0.0005591536461002634,0.028791746263827075,0.0,Dominican Rep,2731,30.545876887340302
0.38709631569803227,0.07266929942716738,0.0004242016190116039,0.028704285838441358,0.0,Dominican Rep,2732,30.545876887340302
-3.2573741455244836,0.11120390655498341,0.0006491445159495168,0.028917095034906394,0.0,Dominican Rep,2733,30.545876887340302
0.24639784808481174,0.03846535940884009,0.00022453866853975848,0.028712441713107977,0.0,Dominican Rep,2740,30.545876887340302
0.089909623820879,0.011795556531097092,6.885568207038e-05,0.028721531902433508,0.0,Dominican Rep,2750,30.545876887340302
0.037721794597414635,0.007027347156790266,4.1021615245578834e-05,0.028724570334942343,0.0,Dominican Rep,2790,30.545876887340302
0.10994197356753971,0.05214578814719413,0.0003043971516313556,0.028720430176712827,0.0,Dominican Rep,2811,30.545876887340302
-0.09649149868928321,0.06281317500203405,0.00036666722730452887,0.02873249850527517,0.0,Dominican Rep,2812,30.545876887340302
0.046055737475084825,0.0032602938598044807,1.9031722401132845e-05,0.028724077530642524,0.0,Dominican Rep,2813,30.545876887340302
0.660897868403337,0.04444479097642303,0.0002594431546395586,0.028688255542549668,0.0,Dominican Rep,2814,30.545876887340302
-0.2806607535340959,0.023207462135204804,0.0001354718304498193,0.02874318283451679,0.0,Dominican Rep,2816,30.545876887340302
-0.07019788800695256,0.006675407765170981,3.896719527874691e-05,0.0287308694783079,0.0,Dominican Rep,2817,30.545876887340302
-0.8966636703923653,0.12593264150250788,0.0007351224084018125,0.028779314169923145,0.0,Dominican Rep,2818,30.545876887340302
-0.5660701772745802,0.1739039901147805,0.0010151515803892397,0.02876009641655557,0.0,Dominican Rep,2819,30.545876887340302
0.10261268950133723,0.039586055223110775,0.00023108064682468224,0.028720836962331752,0.0,Dominican Rep,2821,30.545876887340302
-0.2420263131301962,0.019188184376609716,0.0001120095961102385,0.028740920831527756,0.0,Dominican Rep,2822,30.545876887340302
-0.7817245087261246,0.10558500643965343,0.0006163446053300899,0.02877257045702898,0.0,Dominican Rep,2823,30.545876887340302
0.0951585160980227,0.022187710080829877,0.00012951910383946023,0.028721242925348837,0.0,Dominican Rep,2824,30.545876887340302
0.24032693822748644,0.07275391189646435,0.0004246955379945482,0.02871285356961957,0.0,Dominican Rep,2825,30.545876887340302
-0.15108116226171595,0.04946587488558338,0.0002887533577136046,0.02873566275873337,0.0,Dominican Rep,2826,30.545876887340302
-0.03357688160000078,0.0012108359626073159,7.068164682257467e-06,0.028728722589333715,0.0,Dominican Rep,2829,30.545876887340302
0.8425645175719401,0.9379281537329767,0.0054750856890929305,0.02867914666544904,0.0,Dominican Rep,2910,30.545876887340302
0.2768722348574615,0.12060888618284978,0.0007040453835285505,0.028710800460025044,0.0,Dominican Rep,2920,30.545876887340302
-0.004430499882432831,0.0009171652606198952,5.353883848104199e-06,0.028727020698443056,0.0,Dominican Rep,2930,30.545876887340302
0.11845347592899058,0.14311601237427002,0.0008354290551059538,0.02872008583587684,0.0,Dominican Rep,3012,30.545876887340302
-0.05745720850212612,0.0002763285328730915,1.6130472145441429e-06,0.02873011501845436,0.0,Dominican Rep,3030,30.545876887340302
0.008738511319358253,0.11253616413403678,0.0006569214702676375,0.028726439139364686,0.0,Dominican Rep,3091,30.545876887340302
0.271909066961897,0.10595296805700755,0.0006184925538454349,0.028711065619989436,0.0,Dominican Rep,3092,30.545876887340302
0.25733181305803443,0.016660201994744963,9.725268737886118e-05,0.02871176690348286,0.0,Dominican Rep,3100,30.545876887340302
-0.015266450165961972,0.018161547476759098,0.00010601667972757588,0.02872768215708776,0.0,Dominican Rep,3211,30.545876887340302
0.12373051128341533,0.08445400077413431,0.0004929939347537135,0.028719679443207267,0.0,Dominican Rep,3212,30.545876887340302
0.15154380051174748,0.08697215243358103,0.0005076934573757068,0.028718060076613507,0.0,Dominican Rep,3220,30.545876887340302
0.22416390317519522,0.030725694755934892,0.00017935895300307816,0.028713726633175174,0.0,Dominican Rep,3230,30.545876887340302
-0.8850274247157561,0.05134298352548507,0.0002997108394890417,0.02877850960188011,0.0,Dominican Rep,3240,30.545876887340302
0.0020002367545201814,1.8602836285810488e-05,1.0859267025902334e-07,0.028726643802168723,0.0,Dominican Rep,3250,30.545876887340302
0.3540420094050309,0.023848641212242914,0.0001392146655218504,0.028706133558036803,0.0,Dominican Rep,3290,30.545876887340302
0.1791246187111625,0.05752070709686498,0.00033577284038134413,0.028716400689070595,0.0,Dominican Rep,Wastes,30.545876887340302
-0.01710571892562125,0.00640727782052856,3.740200671191887e-05,0.028727769811658324,6.483803736045957e-05,Ecuador,1010,78.70692992644213
-0.03684542154206469,0.04296018686427143,0.00025077688878960113,0.028728983402973963,5.5958229495445266e-05,Ecuador,1020,77.71970576848626
-0.00027380810174542584,0.0023458099941133445,1.3693490996067942e-05,0.028726780450346313,0.00021531664242502302,Ecuador,1030,87.51451800232289
-0.06699400853410827,0.004295159761124927,2.5072674966528283e-05,0.02873067846216729,0.00038974531344138086,Ecuador,1040,91.19241192411924
-0.12888181401338497,0.03370549645317038,0.00019675332331165247,0.02873434044890431,1.0988548638124485e-05,Ecuador,1050,68.54432830042586
-0.21832903277359975,0.017142779578495193,0.00010006969805516096,0.028739534087425318,0.00013536246842704713,Ecuador,1061,84.30120015485869
0.038358338446481545,0.011133050230723305,6.498835092174802e-05,0.02872454006149177,5.675453576259315e-05,Ecuador,1062,77.79713511420829
-0.20322854194621262,0.029370964197312697,0.00017145081434174429,0.0287386731206525,2.800569200189784e-05,Ecuador,1071,73.36430507162216
0.48347430543607883,0.05143264155493496,0.0003002342115533087,0.02869862424416855,3.417109837755561e-05,Ecuador,1072,74.52574525745257
-0.14218748655208294,0.01858381066694404,0.00010848160962696187,0.028735091794141732,5.705836520064622e-05,Ecuador,1073,77.85520712349981
-0.09169199075984912,0.013332331233591843,7.782648985293908e-05,0.02873213534613389,2.3338077880907804e-05,Ecuador,1074,72.20286488579171
-0.13451741512981275,0.08042632100076355,0.0004694826542791225,0.028734747791805865,0.00017940258840098977,Ecuador,1079,86.37243515292296
-0.08822891302971672,0.0016260957141556037,9.492212530602143e-06,0.028731913557634492,3.663397365016863e-05,Ecuador,1080,74.8354626403407
0.47802139216149203,0.17970634708776656,0.001049022406741307,0.02869915745142062,4.2596308048814535e-05,Ecuador,1101,75.72590011614402
0.05275755907155726,0.035325137682286255,0.0002062078582669192,0.02872374008072456,1.400284600094892e-05,Ecuador,1104,69.92837785520713
0.4360624560266262,0.022854507943467495,0.00013341148666293638,0.028701344003340987,3.064267002628185e-05,Ecuador,1200,73.96438250096786
-0.49959071601159066,0.06437324612865769,0.0003757740262265451,0.028756031826679986,0.000507041288074106,Ecuador,1311,92.77971351142082
-0.0827684560041429,0.40662997456864813,0.0023736721684450616,0.028732274090224712,0.0009359989198856056,Ecuador,1312,95.54781262098335
-0.10703586317381876,0.007090185148785558,4.138842734023177e-05,0.028733020564182466,0.00022766616893932223,Ecuador,1392,87.86295005807202
-0.5653904051579122,0.018995426123133836,0.00011088438417277832,0.028759796666915055,8.868469012668356e-05,Ecuador,1393,81.0878823073945
0.05639361574142874,0.006482409513796443,3.7840582371441514e-05,0.028723479467149253,4.261487629264593e-05,Ecuador,1394,75.74525745257452
0.7564251902758421,0.12893959273075856,0.0007526752620741022,0.028682820665116918,0.0004276233958080411,Ecuador,1399,91.67634533488193
0.6953505815194546,0.25413068896347024,0.0014834689552344362,0.028686595518124424,0.0009148526005446911,Ecuador,1410,95.47038327526133
0.21406735488261094,0.022299483801641058,0.00013017157460365927,0.028714301888875752,7.001423364272341e-05,Ecuador,1430,79.38443670150987
-0.013831719284916959,0.00023605653636693495,1.3779624366062036e-06,0.028727568345462272,6.257081986404955e-05,Ecuador,1511,78.49399922570655
0.36062918134692723,0.1013069578613944,0.000591371815618162,0.02870587883211345,7.258788537001237e-05,Ecuador,1512,79.63608207510646
0.10429606377823206,0.08167854557091087,0.0004767924218730015,0.0287208092669593,0.00010065690003102645,Ecuador,1520,82.09446380178088
0.5255796238521591,0.04222797231177586,0.0002465026409149015,0.028696150951270857,2.99365656246664e-05,Ecuador,1610,73.82888114595431
0.015443806114314935,0.0004085852810654065,2.3850861243814345e-06,0.02872585969776895,0.0001924459938891232,Ecuador,1621,86.91444057297716
0.15126237194722272,0.010976634283065891,6.407528448573525e-05,0.028717949106191697,1.400284600094892e-05,Ecuador,1622,69.92837785520713
-0.15740746041727338,0.0022028965315084624,1.2859244310143776e-05,0.0287359527717082,0.00013892073184251785,Ecuador,1629,84.47541618273326
-0.20518529234907332,0.003173385424294965,1.852440088655224e-05,0.02873874339548975,8.31573925097473e-05,Ecuador,1702,80.62330623306234
1.267920571065863,0.08224616487653158,0.0004801058572621492,0.028652884179185156,0.000422951445216313,Ecuador,1709,91.50212930700735
-0.053798642591553085,0.0015526099145687239,9.063244652765924e-06,0.028729903592827368,8.475001232000068e-05,Ecuador,1811,80.77816492450638
2.4255719127038273,1.7288974016804506,0.010092309719221274,0.028588054775826058,0.0008907737210392952,Ecuador,2011,95.31552458381726
0.5502100050233039,0.027418697935877118,0.00016005460555246432,0.02869468836152854,0.0008135962416417897,Ecuador,2013,94.83159117305459
-0.33093677318676623,0.07342076758149768,0.0004285882583519496,0.02874620192362112,6.679779471596703e-05,Ecuador,2023,78.95857530003872
-0.5163971941202523,0.009027058282111363,5.2694779891495263e-05,0.02875691998801001,0.0008381815277971327,Ecuador,2029,94.94773519163763
-0.1718152028343369,0.08162273301666575,0.00047646662024757535,0.028736927039571664,0.0002618744329083711,Ecuador,2100,88.67595818815332
-0.3117809504639153,0.001789716310616901,1.0447335567010257e-05,0.02874496351698406,6.172597932163626e-05,Ecuador,2211,78.45528455284553
-0.003583543618032457,0.003932971818986545,2.2958429849915197e-05,0.028726976315253786,0.00018578236631583422,Ecuador,2219,86.60472319008903
0.34028921420607217,0.6551215289867951,0.003824223096083155,0.028707994261805085,0.0011533222859725356,Ecuador,2220,96.55439411536972
0.04459070008990611,0.014962886602021589,8.734473528296691e-05,0.02872418267348254,0.00012599864567164332,Ecuador,2310,83.64305071622144
0.005460404366596351,0.0027521589936482698,1.6065522993696073e-05,0.02872644640132222,3.7340923881856725e-05,Ecuador,2392,74.99032133178474
0.17057284704510925,0.005006009681230243,2.922220839205918e-05,0.028716811862179906,0.0001934053871082142,Ecuador,2393,86.93379790940766
0.2948659472473586,0.008848589549336065,5.165298196605761e-05,0.028709562782755948,6.519108865177259e-05,Ecuador,2395,78.72628726287263
-0.3474637994344981,0.014897308021540531,8.696192520729764e-05,0.028747068472617956,4.667615576181561e-05,Ecuador,2396,76.26790553619823
0.006809338529173524,5.590507242469332e-05,3.263416934036112e-07,0.028726363136988148,0.0001356589636998251,Ecuador,2399,84.35927216415021
21.23991977343862,80.39428636861959,0.4692956545016782,0.02761649907776621,0.0010134999174624681,Ecuador,2410,95.954316686024
-0.3237366015120514,0.5370299021598981,0.003134872026421459,0.028746559583975033,0.00048568923375569284,Ecuador,2420,92.54742547425474
-0.09349009305170301,0.07337274610697941,0.000428307936573722,0.02873234101069948,0.00042638706509023905,Ecuador,2431,91.6182733255904
-0.18701671805711517,0.014561364830733635,8.50008818704338e-05,0.028737701922127403,3.057934736716561e-05,Ecuador,2511,73.94502516453736
0.08150280418841568,0.012859647745849773,7.50672352246321e-05,0.028722024428686484,2.7942369342781603e-05,Ecuador,2512,73.32559039876114
-0.6620382300735033,0.2509080992236403,0.0014646573278233844,0.02876582784234018,0.0006480751326307654,Ecuador,2593,93.92179636082075
0.3645513646719699,0.19983098108516434,0.0011664984577147745,0.02870581497199733,0.0004892951692454517,Ecuador,2599,92.56678281068524
0.051519671925366634,0.1804192273302437,0.0010531837920223536,0.02872405562795311,6.73017930239439e-05,Ecuador,2610,79.03600464576074
-0.03852456364240773,0.1972468180420699,0.0011514135985608853,0.028729340169521257,0.00017569369811099023,Ecuador,2620,86.1982191250484
0.16118378945757397,0.05781868419082965,0.0003375122594576884,0.028717448474641062,0.00012193553993711248,Ecuador,2630,83.41076267905537
0.8439315116960379,0.2856913674488885,0.0016677020635229964,0.02867797492351067,0.00017869017028715461,Ecuador,2640,86.29500580720094
-0.5792857036104123,0.2581854836950317,0.0015071385172564563,0.028761009372732165,0.0007860558107495308,Ecuador,2651,94.65737514518003
-0.09944689146853608,0.04386931675544975,0.0002560838667675051,0.02873263925112388,2.4173436031560414e-05,Ecuador,2660,72.4157955865273
-0.14033878513290302,0.007975561883599186,4.6556748038294514e-05,0.028734966083349966,0.00018019900016952306,Ecuador,2670,86.44986449864498
-0.08881604702575799,0.002391828239170826,1.3962119071628531e-05,0.028731949115438544,0.0005606352351605892,Ecuador,2710,93.20557491289199
0.2842778035287215,0.6471093208493188,0.0037774524282692752,0.028711250582240683,5.1950108172604814e-05,Ecuador,2720,77.2938443670151
-0.19393646429710196,0.021158256028625807,0.00012350974253991034,0.028738116924230703,2.6958712624036707e-05,Ecuador,2732,73.03523035230353
-0.05634819414000265,0.003840511722147431,2.2418700926115243e-05,0.02873005625804264,0.0001470785355195403,Ecuador,2740,84.93999225706543
-0.5949185075888741,0.5321048742492367,0.0031061225430791327,0.028762381852588965,0.0008198399445973337,Ecuador,2750,94.90902051877661
0.033477005311254984,0.028165555665858207,0.00016441433188430873,0.028724853565846423,0.00015200974303297698,Ecuador,2790,85.30778164924506
0.16659979751037335,0.019066223265277037,0.0001112976572131857,0.028717067355721767,6.415515235858038e-05,Ecuador,2811,78.62950058072009
0.4162007014944006,0.014967579268469247,8.737212837358798e-05,0.028702490205544735,5.9154972404940054e-05,Ecuador,2812,78.1455671699574
0.11396032143227885,0.032714953708613874,0.0001909711038702472,0.02872016303169227,0.00016248335305135697,Ecuador,2813,85.83042973286877
0.06457940436991208,0.009818808997951362,5.731656568219964e-05,0.028723007221748725,0.00010742104495875537,Ecuador,2814,82.55903987611305
-0.08779482242180836,0.0009968929384812733,5.819288225130412e-06,0.02873188716261583,0.0002521945571061224,Ecuador,2816,88.54045683313976
-0.13959364832363377,0.021049207889853032,0.00012287318215770964,0.028734944516019077,0.00017104465223383158,Ecuador,2817,86.06271777003485
-0.1990787410990127,0.002341502716768195,1.366834758560785e-05,0.028738385534494426,0.00011004522093571723,Ecuador,2818,82.79132791327913
-0.07422850348745784,0.0038428541606732054,2.243237473641617e-05,0.028731100011936368,0.0007112736348062754,Ecuador,2819,94.3089430894309
0.11495458681572718,0.014957489927093962,8.731323259531717e-05,0.02872007522140529,9.873045928543434e-05,Ecuador,2821,81.92024777390631
0.18446794612644601,0.09400968617207017,0.0005487745360326975,0.028716149941359723,0.000473289517685771,Ecuador,2822,92.4312814556717
-4.659452940749809,2.3317322028216707,0.013611312938688693,0.029002700274098896,0.001399413333274424,Ecuador,2824,97.34804490902052
0.5391625217482305,0.09165579968285428,0.0005350338990984488,0.028695440853296287,0.0004061234649270773,Ecuador,2826,91.32791327913279
-9.557251254579024,42.10040678271656,0.24575798664709397,0.02935680464384427,0.005337671842426062,Ecuador,2829,99.20634920634922
7.308806843141886,72.6615225555521,0.4241562221031975,0.028420662389329603,0.007610475644469261,Ecuador,2910,99.53542392566783
0.10825640078161983,0.005465754300323214,3.1905933339023534e-05,0.028720450310124202,0.0002648629015311599,Ecuador,2930,88.81145954316686
-0.5926405314146388,0.18045144521824213,0.0010533718615421894,0.028761658449818057,3.220839789719321e-05,Ecuador,3030,74.25474254742548
-0.19603327230081907,0.051283178234924315,0.00029936173056297095,0.028738289860902707,7.250029739225283e-05,Ecuador,3100,79.61672473867596
0.7008369508583605,0.040629073076602545,0.00023716918580327334,0.028685917732822218,8.719707693671808e-05,Ecuador,3211,80.93302361595045
-0.10357892675786966,0.01866441028879213,0.0001089521039120203,0.02873283818098218,1.7623480744077824e-05,Ecuador,3212,70.98335269066976
0.0145846667198903,0.006870097545324043,4.010368235921912e-05,0.028725920684406235,5.545888780034147e-05,Ecuador,3220,77.66163375919474
-0.03441811954359978,0.0036011468830063962,2.1021426518649044e-05,0.028728775704576708,0.00016453063290100545,Ecuador,3230,85.86914440572977
0.5785867587294161,0.03945903863422446,0.0002303391969542193,0.028693052053856923,1.9150156731484458e-05,Ecuador,3240,71.37049941927991
-0.04802636931339362,0.10240512405886443,0.0005977822789442534,0.028729735778084926,9.638992924010381e-05,Ecuador,3250,81.6298877274487
-0.03570072739935874,0.0015091501796792987,8.80955168961322e-06,0.028728847067538456,0.000256162544246763,Ecuador,3290,88.6178861788618
-0.40105774564136254,0.05500058425339979,0.0003210618111195649,0.028750264286396654,0.0,El Salvador,1020,30.545876887340302
-0.12594131167890607,0.034283919170700616,0.0002001298228125915,0.028734169769145508,0.0,El Salvador,1030,30.545876887340302
0.2567878633619982,0.10045831525823788,0.0005864179276756751,0.02871193910513432,0.0,El Salvador,1050,30.545876887340302
0.25346664468875246,0.042898852301031964,0.0002504188528482525,0.028712036507193065,0.0,El Salvador,1061,30.545876887340302
1.1472870525001886,0.11238371391815691,0.000656031553495291,0.028659976525231442,0.0,El Salvador,1062,30.545876887340302
-0.02401944438253424,0.0942060933216447,0.0005499210481291638,0.02872832063354828,0.0,El Salvador,1071,30.545876887340302
-0.1689247564467717,0.059276228405578106,0.00034602056517346006,0.02873672082501696,0.0,El Salvador,1072,30.545876887340302
0.45815619235690286,0.09243465236543644,0.0005395803935813634,0.02870017086755543,0.0,El Salvador,1073,30.545876887340302
0.23875278980290765,0.1361182778615728,0.0007945803014630945,0.028713051665405106,0.0,El Salvador,1074,30.545876887340302
0.0010592778912540519,9.497607175464957e-06,5.544157398416116e-08,0.028726698714672524,0.0,El Salvador,1079,30.545876887340302
0.042314365843237396,0.0012481793262036018,7.286153783869216e-06,0.02872429255663234,0.0,El Salvador,1101,30.545876887340302
-1.1589184526633536,0.06455230501659212,0.0003768192691387371,0.028794520037479544,0.0,El Salvador,1103,30.545876887340302
0.14396630211028008,0.09526743684713945,0.0005561165618521713,0.028718516316148274,0.0,El Salvador,1104,30.545876887340302
1.2799229603748563,0.1047735868218358,0.0006116080037901095,0.02865222122375826,0.0,El Salvador,1200,30.545876887340302
0.4840179483755622,0.011274357585127636,6.581322207076248e-05,0.02869852523375308,0.0,El Salvador,1311,30.545876887340302
0.027977100574668318,0.00493995120416473,2.8836596955847157e-05,0.0287251356742616,0.0,El Salvador,1312,30.545876887340302
0.9506467960487205,0.11996782648397283,0.0007003032453176374,0.028671468022368116,0.0,El Salvador,1391,30.545876887340302
0.05383896632452826,0.01775693698181066,0.00010365479612089224,0.028723647497211208,0.0,El Salvador,1392,30.545876887340302
0.8013806704480182,0.1434210858697196,0.0008372098988970371,0.02868022064762004,0.0,El Salvador,1394,30.545876887340302
-0.4179347841044316,0.09941471225905674,0.000580325972952736,0.028751324016219278,0.0,El Salvador,1399,30.545876887340302
0.01769776707400956,0.03105325619125259,0.00018127106846700658,0.028725779510868868,0.0,El Salvador,1410,30.545876887340302
0.20480521141099275,0.07512889134449212,0.0004385593035037011,0.028714931113740377,0.0,El Salvador,1430,30.545876887340302
-0.08548217062040117,0.010358489976335672,6.0466913168483565e-05,0.02873176786451246,0.0,El Salvador,1512,30.545876887340302
-0.153584406746334,0.009525402883047885,5.560382935542794e-05,0.02873574188674617,0.0,El Salvador,1520,30.545876887340302
0.5059462109073473,0.18016516227482265,0.001051700706198031,0.028697528112453657,0.0,El Salvador,1623,30.545876887340302
0.11063631844185573,0.08206335032796791,0.0004790386909609616,0.028720439802695792,0.0,El Salvador,1629,30.545876887340302
-0.0604991319295059,0.05946533567980037,0.0003471244647916524,0.028730391855255777,0.0,El Salvador,1701,30.545876887340302
-0.7503938506079745,0.12244583050140911,0.0007147684090717928,0.02877076985940176,0.0,El Salvador,1702,30.545876887340302
0.33460283199486507,0.06205534183019472,0.0003622434326488897,0.02870733233280741,0.0,El Salvador,1709,30.545876887340302
-0.1915357172361339,0.1330582672692593,0.0007767177177078592,0.028738164502451626,0.0,El Salvador,1811,30.545876887340302
10.56951592092706,3.856314449960705,0.022510948171871468,0.02811610212056716,0.0,El Salvador,2011,30.545876887340302
1.256715170196316,0.14627438192431688,0.0008538658019457885,0.02865364538561273,0.0,El Salvador,2013,30.545876887340302
0.3152847268859186,0.05793693604047864,0.0003382025458161319,0.028708453115087663,0.0,El Salvador,2022,30.545876887340302
-0.007574481778068497,0.024544280641423527,0.00014327540884031986,0.028727243847107602,0.0,El Salvador,2023,30.545876887340302
-1.6330667295983228,0.23537389771078182,0.0013739775843312715,0.028822485600931425,0.0,El Salvador,2029,30.545876887340302
-0.5278780138189727,0.042921785579321386,0.0002505527241509388,0.02875764707197516,0.0,El Salvador,2030,30.545876887340302
-0.3060651915986197,0.01275335490309689,7.444675867758199e-05,0.02874464826019666,0.0,El Salvador,2100,30.545876887340302
0.07963926140382743,0.043875628770477765,0.0002561207126847661,0.028722185214243377,0.0,El Salvador,2219,30.545876887340302
0.11024164076069443,0.03330328379012425,0.0001944054368699765,0.028720381093674724,0.0,El Salvador,2220,30.545876887340302
0.4320679637713978,0.05196646172589829,0.00030335034701310697,0.028701625954441302,0.0,El Salvador,2310,30.545876887340302
0.6206777561029108,0.11087061265763609,0.0006471989376657586,0.028690714617912234,0.0,El Salvador,2393,30.545876887340302
0.22437752999955052,0.1126683006584518,0.0006576928073801358,0.028713851511165178,0.0,El Salvador,2395,30.545876887340302
-0.9035771019084604,0.10902311564209446,0.0006364143115404258,0.02877968933120926,0.0,El Salvador,2399,30.545876887340302
-0.12338402845479068,95.56038853753765,0.5578266455097639,0.02889514781778738,0.0,El Salvador,2410,30.545876887340302
0.29762736210093627,0.7266972287138294,0.004242040908356508,0.02871060467347208,0.0,El Salvador,2420,30.545876887340302
-0.20460066989522796,0.052307653937989515,0.00030534203112048315,0.028738791696520008,0.0,El Salvador,2431,30.545876887340302
0.311272352827711,0.12551205607162635,0.0007326672722973088,0.02870880058169952,0.0,El Salvador,2511,30.545876887340302
-0.6023404000479002,0.1332191928910838,0.0007776571090306947,0.028762145376070948,0.0,El Salvador,2512,30.545876887340302
0.179798825890045,0.02859890554792622,0.00016694397952121736,0.028716312851010242,0.0,El Salvador,2593,30.545876887340302
0.6111522215396616,0.3264725802245845,0.0019057593534800195,0.028691631771348456,0.0,El Salvador,2599,30.545876887340302
-0.0009439143731620329,4.8951815251140165e-06,2.8575257291289408e-08,0.02872681564181011,0.0,El Salvador,2610,30.545876887340302
0.04402636092853484,0.02520654075133401,0.00014714130287047205,0.028724232792509508,0.0,El Salvador,2620,30.545876887340302
0.025477601825948753,0.013256666337118986,7.73848016594496e-05,0.028725295526299433,0.0,El Salvador,2630,30.545876887340302
-0.0027274180828385924,0.06403772418541123,0.00037381544189091774,0.028727027130364485,0.0,El Salvador,2640,30.545876887340302
-0.00012228161536255075,1.5553858046482538e-05,9.079448704204661e-08,0.02872676769748384,0.0,El Salvador,2651,30.545876887340302
-0.04169565210445847,0.07500281207347083,0.0004378233251564124,0.028729320269582477,0.0,El Salvador,2660,30.545876887340302
-0.5425947067405302,0.07100279550232391,0.0004144735265629308,0.028758553291477272,0.0,El Salvador,2710,30.545876887340302
-0.2458935865455813,0.1277377044078551,0.000745659328571705,0.028741328700540185,0.0,El Salvador,2720,30.545876887340302
-0.2302498156563366,0.13998241779322743,0.0008171369303010832,0.028740436043392815,0.0,El Salvador,2731,30.545876887340302
2.818691003575058,0.11170219052662908,0.0006520532114944832,0.02856240778897372,0.0,El Salvador,2732,30.545876887340302
-0.6389838645833796,0.06800214795925612,0.0003969574701830521,0.028764174921673918,0.0,El Salvador,2740,30.545876887340302
0.47302771721511416,0.030016840587007484,0.0001752210696262953,0.0286991981799234,0.0,El Salvador,2750,30.545876887340302
-0.021323304837247054,0.022045007396223473,0.00012868608755439186,0.02872804223432353,0.0,El Salvador,2790,30.545876887340302
-0.5999560642258192,0.08584950466444374,0.0005011400846997379,0.02876192665891988,0.0,El Salvador,2811,30.545876887340302
-0.41049318298382315,0.09939637445804331,0.0005802189274061252,0.028750889585002784,0.0,El Salvador,2812,30.545876887340302
-0.04352155769521385,0.014821923249251195,8.652187221785044e-05,0.02872932592894577,0.0,El Salvador,2813,30.545876887340302
0.062494293906663945,0.07588133579469956,0.0004429516418984616,0.028723239705538466,0.0,El Salvador,2814,30.545876887340302
-0.04871594174145845,0.04708305181315993,0.0002748438056316652,0.02872968325184697,0.0,El Salvador,2816,30.545876887340302
-0.47090205927146755,0.02141817816894291,0.0001250270186607567,0.028754285040652573,0.0,El Salvador,2817,30.545876887340302
-1.847402759041106,0.1759938689351404,0.0010273510922343106,0.02883489752803843,0.0,El Salvador,2818,30.545876887340302
0.6932997071333729,0.12416576923053056,0.000724808423207684,0.02868649760180021,0.0,El Salvador,2819,30.545876887340302
-0.8261470962233165,0.06948959154328695,0.000405640311238465,0.028775102977695276,0.0,El Salvador,2821,30.545876887340302
0.13087621926948204,0.0412771388441498,0.0002409522214178532,0.028719189931077995,0.0,El Salvador,2822,30.545876887340302
-0.38356681557176886,0.0456257009986798,0.00026633662887554484,0.02874922752999489,0.0,El Salvador,2824,30.545876887340302
-1.0316388543835908,0.1118070880631215,0.0006526655430452368,0.028787169566434227,0.0,El Salvador,2825,30.545876887340302
-1.1489057691147337,0.08240091126802974,0.0004810091777885225,0.028793965552857338,0.0,El Salvador,2826,30.545876887340302
-0.04698573451819514,0.0008909789169058017,5.201023018468073e-06,0.02872950478476328,0.0,El Salvador,2829,30.545876887340302
0.9926820931335363,0.8168916240026918,0.0047685439682305705,0.028670180606178666,0.0,El Salvador,2910,30.545876887340302
0.12571450392470376,0.009011908941898737,5.260634674715768e-05,0.028719437151084555,0.0,El Salvador,2930,30.545876887340302
0.22293438034376245,0.00230622829512208,1.346243577842197e-05,0.028713750770584835,0.0,El Salvador,3030,30.545876887340302
0.6861323134268646,0.0375277263224404,0.00021906530528423081,0.02868677091367696,0.0,El Salvador,3100,30.545876887340302
2.4398716460188377,0.12620685643704277,0.0007367231176435942,0.028584545433475682,0.0,El Salvador,3212,30.545876887340302
-0.114559650319138,0.057568229084571286,0.00033605024644253604,0.02873354442665075,0.0,El Salvador,3230,30.545876887340302
-0.540911473007345,0.08481854743187381,0.0004951219486968415,0.028758478226910487,0.0,El Salvador,3240,30.545876887340302
-0.07030638266618902,0.004755404199999661,2.7759317574214694e-05,0.02873087259148292,0.0,El Salvador,3250,30.545876887340302
-0.2696619207236041,0.04799446512649938,0.00028016411291624033,0.028742582373334463,0.0,El Salvador,3290,30.545876887340302
-0.4918144778676037,0.09270873284097335,0.000541180317928766,0.02875562545666103,0.0,El Salvador,Wastes,30.545876887340302
-0.18579611597011209,0.006757521349445128,3.9446527206624516e-05,0.028737617579082424,0.0,231,1030,30.545876887340302
0.06873280851578514,0.010850420768217947,6.33385225001143e-05,0.028722766499412064,0.0,231,1061,30.545876887340302
0.17193445504954558,0.011243812917306986,6.563491984900132e-05,0.028716742835852058,0.0,231,1079,30.545876887340302
-0.23034807967903634,0.022836174916417616,0.00013330446898398194,0.028740245242796367,0.0,231,1103,30.545876887340302
-0.001973452285241817,0.04231216373309566,0.0002469941020616619,0.02872694668597362,0.0,231,1104,30.545876887340302
0.5417401727819757,0.030012033364128485,0.00017519300782104473,0.0286951871264638,0.0,231,1312,30.545876887340302
0.03343316596859115,0.0009180978332212458,5.359327671155435e-06,0.02872481043661602,0.0,231,1392,30.545876887340302
0.02944319350820629,0.02504471447609083,0.00014619665405043525,0.028725083803939153,0.0,231,1393,30.545876887340302
-1.4871035576092393,0.07793832847854121,0.00045495918337277004,0.028813700185643637,0.0,231,1410,30.545876887340302
0.507928173035685,0.02928940340039459,0.00017097470926885565,0.02869715966967116,0.0,231,1430,30.545876887340302
-0.004578453247894169,1.3885346905868386e-06,8.105467762091966e-09,0.02872702779942763,0.0,231,1512,30.545876887340302
-0.0007257664898298677,2.8695924196983915e-05,1.6751031865382233e-07,0.02872680294750162,0.0,231,1520,30.545876887340302
0.34440878124330965,0.033676649082985906,0.0001965849289383347,0.028706712360472907,0.0,231,1629,30.545876887340302
-0.028507567001819445,0.002884883951947306,1.6840295045133387e-05,0.02872842947923131,0.0,231,2023,30.545876887340302
2.1680238584716385,0.34587161562947166,0.0020189997767520807,0.028600781206206863,0.0,231,2029,30.545876887340302
-0.21759973714980727,0.08147993351103615,0.00047563303877700064,0.028739599450802067,0.0,231,2220,30.545876887340302
0.2672905884232418,0.05290798685069814,0.00030884642975270314,0.028711246318087955,0.0,231,2393,30.545876887340302
-0.05627570583280485,0.011427367584999272,6.670640654043755e-05,0.028730064750480143,0.0,231,2651,30.545876887340302
-2.128244225986637,0.1364700471112434,0.0007966337282389824,0.028851225042301636,0.0,231,2710,30.545876887340302
0.3590011178602062,0.003017505109063286,1.7614461164901413e-05,0.02870580916700279,0.0,231,3030,30.545876887340302
-0.29512661193760686,0.008238415013953141,4.809113359502015e-05,0.028744002152619557,0.0,231,3100,30.545876887340302
-0.7286692711919509,0.0636558023323069,0.00037158600153990474,0.028769402961970864,0.0,231,3212,30.545876887340302
0.2774724916912111,0.06584444493525639,0.00038436203960449976,0.02871067363634534,0.0,231,3220,30.545876887340302
-0.0586671144887821,0.014403850969562065,8.408140644611495e-05,0.028730209339148292,0.0,242,1020,30.545876887340302
0.11920196845642242,0.004991872344349911,2.9139682741744366e-05,0.028719810576103403,0.0,242,1030,30.545876887340302
0.8139237394698369,0.030393501395169453,0.00017741979901958834,0.0286792992244236,0.0,242,1040,30.545876887340302
0.4143913278282327,0.04098422447058698,0.00023924235559450574,0.028702639417277954,0.0,242,1050,30.545876887340302
0.16265654202172197,0.008577425641782278,5.007008286687039e-05,0.028717279957664505,0.0,242,1061,30.545876887340302
0.0682750079783256,0.03702704291022885,0.00021614260318380304,0.028722837112889137,0.0,242,1071,30.545876887340302
-0.06402723773454115,0.016630967954255726,9.708203584645976e-05,0.02873052596776304,0.0,242,1072,30.545876887340302
0.3869592198074274,0.03591960724718231,0.00020967803004330702,0.028704232263735283,0.0,242,1073,30.545876887340302
0.603534701481246,0.06473773783533024,0.00037790171939691567,0.0286916380711416,0.0,242,1074,30.545876887340302
-0.1703242783555988,0.013826892542282442,8.071345463037325e-05,0.02873672628050598,0.0,242,1079,30.545876887340302
0.10594602248360874,0.03769354147022261,0.0002200332388504042,0.02872063920816025,0.0,242,1104,30.545876887340302
0.012864562419886942,0.0003515313173423404,2.0520378636559993e-06,0.02872601016352929,0.0,242,1392,30.545876887340302
-0.31990419577702,0.04031863113549657,0.00023535700411080713,0.028745502356844935,0.0,242,1399,30.545876887340302
-0.25803617063757217,0.08452121757618375,0.0004933863078256836,0.028741965011357458,0.0,242,1410,30.545876887340302
-0.04721801785400354,0.00016203563439328898,9.458709384710082e-07,0.02872951712164587,0.0,242,1512,30.545876887340302
-0.2515443573559242,0.024269470445480133,0.00014167122480443384,0.028741484966089616,0.0,242,1610,30.545876887340302
-0.16236165224513943,0.029570594254519425,0.00017261613992129452,0.02873628787720807,0.0,242,1629,30.545876887340302
-1.3753153714180053,0.05542098377574062,0.000323515861996819,0.02880713673867754,0.0,242,1702,30.545876887340302
-0.28367628044038035,0.018117996482690368,0.00010576245404576599,0.02874335032440909,0.0,242,1709,30.545876887340302
-0.011358503666179184,0.001777478661510817,1.0375899202484689e-05,0.02872742655821766,0.0,242,2023,30.545876887340302
-0.5830893751373208,0.3595914769586135,0.0020990884446532997,0.02876140166823122,0.0,242,2029,30.545876887340302
0.2315285226328651,0.08820773015319447,0.0005149060502203646,0.02871339307536225,0.0,242,2220,30.545876887340302
0.08221650825738841,0.047727568473738206,0.0002786061235988458,0.028722041227279466,0.0,242,2393,30.545876887340302
-0.4959846086301664,0.47043655986037747,0.002746138354272011,0.02875650295850791,0.0,242,2599,30.545876887340302
0.00220320487774362,3.98929199491874e-07,2.328719467910418e-09,0.028726631923529745,0.0,242,2630,30.545876887340302
0.016081068521901387,0.13510237502884062,0.0007886500443971738,0.028726048360907547,0.0,242,2640,30.545876887340302
0.19093563351222143,0.1451377496371416,0.0008472307956881067,0.028715858097603707,0.0,242,2710,30.545876887340302
-0.003845070539241229,0.0011539352962530237,6.7360112834962545e-06,0.028726986921483254,0.0,242,2790,30.545876887340302
-0.1838956095759873,0.006274977275501145,3.662971214132106e-05,0.02873750582891173,0.0,242,3100,30.545876887340302
-0.00466353066538075,0.007208881952569018,4.2081311085270634e-05,0.028727044852147113,0.0,242,3211,30.545876887340302
-0.13146745417435568,0.010934968992993697,6.383206646045447e-05,0.028734453189746993,0.0,242,3290,30.545876887340302
0.04259134881464127,0.04721975095950133,0.00027564177670958437,0.028724353471379957,0.0,258,1020,30.545876887340302
-0.5715701315627265,0.028203238870093336,0.00016463430478031975,0.028760172862825114,0.0,258,1030,30.545876887340302
-0.09218609623273402,0.037419155122573496,0.00021843152899734457,0.02873220458815399,0.0,258,1410,30.545876887340302
-0.10484195513355773,0.019444955692806777,0.00011350847953013031,0.02873291321858342,0.0,258,2023,30.545876887340302
-0.30166558988314207,0.2523800895008362,0.001473249961351958,0.028744793519926252,0.0,258,2029,30.545876887340302
-0.0280217307903503,0.0002252540894547491,1.314903957914953e-06,0.028728396658703123,0.0,258,2610,30.545876887340302
-0.2704051873220601,0.030971301586457847,0.0001807926645699905,0.02874259719907456,0.0,258,2620,30.545876887340302
-0.0415084028864606,0.0004479492227553132,2.6148702000112343e-06,0.02872918430661452,0.0,258,2651,30.545876887340302
0.14412839342138434,0.13659869594824647,0.0007973847062361677,0.028718576143297272,0.0,258,2819,30.545876887340302
0.05669944339548775,0.0009487775471591166,5.5384182145602365e-06,0.028723452336380906,0.0,258,3030,30.545876887340302
-0.4783051812680401,0.03319325113404866,0.0001937631294414015,0.02875473695783408,0.0,258,3211,30.545876887340302
0.34152207240204907,0.11426770890191512,0.0006670292337897181,0.02870701592106816,0.0,258,3212,30.545876887340302
-0.4679626379619099,0.040745609818167605,0.00023784946034611216,0.028754145895080033,0.0,258,3290,30.545876887340302
-0.01829545412796221,0.0008562833702466304,4.998490350872123e-06,0.028727829952759406,0.0,266,1610,30.545876887340302
0.06397849470391699,0.001819522217077209,1.0621325324393884e-05,0.028723028887127633,0.0,266,1621,30.545876887340302
0.06290349768167508,0.005172224315243891,3.0192473929332978e-05,0.02872309726072487,0.0,266,2593,30.545876887340302
-0.40670210923572586,0.37977266019232087,0.0022168945975788367,0.028751138848239106,0.0,268,1030,30.545876887340302
0.20758493557089217,0.18319768293583374,0.0010694028195282462,0.02871494999589739,0.0,268,1079,30.545876887340302
0.9844502176745012,0.21755450520759648,0.0012699582087594668,0.02866965807828118,0.0,268,1101,30.545876887340302
0.5272428177724977,0.4618793818984075,0.0026961864657268873,0.02869675684486963,0.0,268,1102,30.545876887340302
-0.7665382398721758,0.5472330782466474,0.003194432306335778,0.028772425747381255,0.0,268,1104,30.545876887340302
0.788569007474844,0.06496303044800716,0.00037921684823126874,0.028680837167817406,0.0,268,1410,30.545876887340302
0.7864099883805445,2.3490230586070986,0.01371224702056499,0.02868478776533677,0.0,268,2011,30.545876887340302
0.019644800499453094,0.002922016027939951,1.705705077110717e-05,0.02872561868245979,0.0,268,2029,30.545876887340302
-0.7701559936879204,0.4103208350144534,0.0023952172911997625,0.02877240697706738,0.0,268,2219,30.545876887340302
1.2703050577498123,0.0618049084473867,0.0003607815464427596,0.02865271079607015,0.0,268,2220,30.545876887340302
9.581542039009166,87.31784121869487,0.5097113898929511,0.028311753390070665,0.0,268,2410,30.545876887340302
0.06124855928669864,0.019678475006685348,0.00011487163111957215,0.028723218189135764,0.0,268,2599,30.545876887340302
1.5521307155748365,0.18775782385201994,0.001096022302237117,0.02863646992175672,0.0,268,2610,30.545876887340302
-0.10035785359385459,0.07416478603019995,0.0004329314105909543,0.028732743241275956,0.0,268,2620,30.545876887340302
-0.6455482958521668,0.29837311293232355,0.0017417308075506988,0.02876494494182318,0.0,268,2630,30.545876887340302
-0.20089007026214664,0.1824605100415894,0.0010650996277031572,0.028738793438203743,0.0,268,2651,30.545876887340302
-0.2946460066852019,0.02710445462807054,0.00015822023366521756,0.028744005753162754,0.0,268,2710,30.545876887340302
0.7610656251701671,0.47868412173637886,0.002794282881992478,0.028683135382635103,0.0,268,2740,30.545876887340302
-0.025045737873527353,0.33590534380989845,0.0019608224078397807,0.02872878588005497,0.0,268,2790,30.545876887340302
-2.1177366249036944,0.30563552031968566,0.0017841245693720645,0.028850896566264668,0.0,268,2813,30.545876887340302
-0.0820689445296867,0.00619780954979717,3.617925129420807e-05,0.028731561641634217,0.0,268,2819,30.545876887340302
0.4498106303349705,0.40229280516327803,0.002348354265311434,0.02870117717834165,0.0,268,2822,30.545876887340302
-0.8924488185276367,0.21247220429650998,0.001240290655999476,0.028779213513795712,0.0,268,2829,30.545876887340302
-0.21606837214836888,0.276706380426616,0.0016152528714750358,0.028739837584533155,0.0,268,2930,30.545876887340302
-0.264120467268566,0.2295569413105357,0.0013400215349107397,0.028742563525259328,0.0,268,3030,30.545876887340302
-0.8307314690482274,0.25005724532875284,0.0014596905316302362,0.028775673899412015,0.0,268,3250,30.545876887340302
1.0121783955161066,0.4227264829653865,0.00246763433646037,0.028668382804748437,0.0,268,3290,30.545876887340302
0.0,0.0,0.0,0.028726760533303364,0.0,270,1020,30.545876887340302
0.0038066588321397097,7.551076744535694e-06,4.40788476779426e-08,0.02872653833509365,0.0,275,1030,30.545876887340302
0.3396337845576601,0.05868146853337352,0.00034254869874979677,0.028707032999843295,0.0,275,1040,30.545876887340302
0.06279310607468695,0.015504946793135875,9.050897124622783e-05,0.028723121029540347,0.0,275,1071,30.545876887340302
-0.22155445055906997,0.010827602045213762,6.32053199053672e-05,0.028739711774246262,0.0,275,1629,30.545876887340302
-0.07347422628795798,0.0006628105023506787,3.869106904998439e-06,0.028731050648134093,0.0,275,2023,30.545876887340302
-0.044447423995973706,0.0013443325504825924,7.847441063832795e-06,0.0287293573730697,0.0,275,3290,30.545876887340302
0.35026588717028095,0.021766477726110532,0.0001270601913652715,0.02870635049755379,0.0,Ghana,1020,30.545876887340302
0.013514179162226391,0.009637703314727438,5.625937475506281e-05,0.02872598781422868,0.0,Ghana,1030,30.545876887340302
-0.14226118388071451,0.02155573042529593,0.00012582996970478223,0.02873510108124724,0.0,Ghana,1040,30.545876887340302
-0.01532967413243403,0.014431940991727316,8.424537985681933e-05,0.028727679593347693,0.0,Ghana,1061,30.545876887340302
-0.057987675550138465,0.06162778213380218,0.0003597475847892911,0.028730248877019023,0.0,Ghana,1062,30.545876887340302
0.13925953075490866,0.047107798089681616,0.00027498826017640087,0.02871871033507431,0.0,Ghana,1073,30.545876887340302
0.06288785418733553,0.008112458310953084,4.735587072941981e-05,0.028723103103764115,0.0,Ghana,1079,30.545876887340302
0.02274764328697429,0.027917092823974775,0.00016296394856395193,0.02872547946875699,0.0,Ghana,1103,30.545876887340302
0.1376061920014557,0.04913620022138429,0.0002868289064335902,0.02871881024825921,0.0,Ghana,1104,30.545876887340302
-0.23294734434018208,0.0247345303831158,0.00014438597752721477,0.028740400158010007,0.0,Ghana,1312,30.545876887340302
0.02970952268490199,0.0021407083909689103,1.2496225674927142e-05,0.028725029851605133,0.0,Ghana,1392,30.545876887340302
-0.9073878794761402,0.0692777714385729,0.000404403827165174,0.028779845011242373,0.0,Ghana,1410,30.545876887340302
-0.004006531201186836,0.00021872338605562615,1.276781463587495e-06,0.02872699477835692,0.0,Ghana,1512,30.545876887340302
0.019903604782149982,0.0001125891414564088,6.572307214383281e-07,0.028725598864002787,0.0,Ghana,1520,30.545876887340302
-0.3235884882177229,0.03360081096147605,0.0001961422295566031,0.028745706152585867,0.0,Ghana,1610,30.545876887340302
-0.5604491141925214,0.038690409201991474,0.00022585237993322973,0.028759541286722964,0.0,Ghana,1621,30.545876887340302
0.00477115034309337,0.03979212954502403,0.00023228359031913457,0.02872654874801706,0.0,Ghana,1629,30.545876887340302
0.07122934625230226,0.004855131888153098,2.8341470520623266e-05,0.028722610713716807,0.0,Ghana,2023,30.545876887340302
-0.519854530444283,0.07261906114273504,0.0004239083567707325,0.028757228558340345,0.0,Ghana,2220,30.545876887340302
-0.3515050402456513,0.019873716097438727,0.00011601133643458186,0.028747312728175673,0.0,Ghana,2310,30.545876887340302
-0.04926281625054829,0.8825714697512956,0.005151945172351359,0.028731116424849646,0.0,Ghana,2420,30.545876887340302
1.8432106675444062,0.43344468204588815,0.0025302010247135625,0.02861988862513482,0.0,Ghana,2599,30.545876887340302
0.37520740827935906,0.06039455971339372,0.00035254874082819046,0.028704959279477787,0.0,Ghana,2620,30.545876887340302
-0.003363355008642828,0.008268484119191425,4.8266659755652733e-05,0.02872697073219434,0.0,Ghana,2651,30.545876887340302
-0.09328397894767518,0.011392013489019491,6.65000296402674e-05,0.02873222502298353,0.0,Ghana,3100,30.545876887340302
-0.4571500341757312,0.07196808255242321,0.00042010831777037114,0.02875356712193947,0.0,Ghana,3212,30.545876887340302
-0.210970211089832,0.07429406968047451,0.0004336860942632961,0.028739200400045163,0.0,Ghana,3220,30.545876887340302
0.09593619089814193,0.01744751016593493,0.00010184854014629533,0.02872118958177787,0.0,Ghana,3290,30.545876887340302
0.0,0.0,0.0,0.028726760533303364,0.0,304,1020,30.545876887340302
0.05963283182087501,0.0028997050407140075,1.692681204612155e-05,0.02872328437312941,0.0,308,2620,30.545876887340302
0.05963283182087501,0.0028997050407140075,1.692681204612155e-05,0.02872328437312941,0.0,308,2710,30.545876887340302
-0.1382098914965337,0.04085436868083461,0.0002384843321006066,0.028734896960932056,0.0,320,1020,30.545876887340302
0.1651762544976899,0.023336160025693605,0.00013622309479307122,0.028717157611961752,0.0,320,1030,30.545876887340302
0.09517157731745195,0.008506138425391,4.965394905456746e-05,0.028721219224633002,0.0,320,1040,30.545876887340302
0.9866641917902783,0.08097109304471489,0.0004726627204811922,0.028669300255610698,0.0,320,1050,30.545876887340302
0.3047861269413535,0.03052812115997164,0.0001782056318627587,0.028709020031405557,0.0,320,1061,30.545876887340302
0.5146048173327089,0.07536821124422188,0.0004399563155807035,0.028696847114242686,0.0,320,1071,30.545876887340302
0.003825051082399427,0.04455041914764104,0.00026005975121606503,0.028726611955153008,0.0,320,1072,30.545876887340302
0.33683864099033356,0.07378463856776045,0.00043071232811319333,0.02870722147423964,0.0,320,1073,30.545876887340302
0.2425396021616917,0.11326234133299265,0.0006611604755410424,0.0287127923024378,0.0,320,1074,30.545876887340302
-0.0096602799796092,0.0012587747629019006,7.348003855866374e-06,0.02872732655583196,0.0,320,1079,30.545876887340302
0.00036966090483851836,8.597705015756352e-06,5.018846220092419e-08,0.028726738969041078,0.0,320,1101,30.545876887340302
0.6708672800082452,0.04913938860997848,0.0002868475184143628,0.028687681445765046,0.0,320,1103,30.545876887340302
0.7793684077000974,0.07631784053309934,0.00044549970577406015,0.028681393258927435,0.0,320,1104,30.545876887340302
0.10101652711174443,0.08484991428648624,0.0004953050503727182,0.028721006025419077,0.0,320,1200,30.545876887340302
0.3146158537985105,0.005443987272321189,3.1778869935463624e-05,0.028708404190542724,0.0,320,1311,30.545876887340302
-0.035206790224347306,0.010543630819319026,6.154765903995608e-05,0.0287288333853658,0.0,320,1312,30.545876887340302
0.06757884638361361,0.09857485185974776,0.0005754233504706289,0.02872298094725483,0.0,320,1391,30.545876887340302
0.14538096420529129,0.010172287815065875,5.937997193061911e-05,0.028718291080790527,0.0,320,1392,30.545876887340302
0.17769959158976484,0.05235532054405478,0.0003056202813805663,0.028716475215464773,0.0,320,1393,30.545876887340302
-0.3658933757079816,0.11993225593104385,0.00070009560486616,0.028748320552120937,0.0,320,1394,30.545876887340302
0.47303434398058963,0.08003444103832212,0.0004671950842070803,0.02869928158768166,0.0,320,1399,30.545876887340302
-0.20409713201280177,0.043520943481102685,0.0002540502637444498,0.02873874756212512,0.0,320,1410,30.545876887340302
0.3840263165895831,0.058418456361974964,0.00034101338480282733,0.02870444116929226,0.0,320,1430,30.545876887340302
0.09075739102045483,0.004813483110171109,2.8098348883438335e-05,0.02872147070850746,0.0,320,1512,30.545876887340302
0.1819039195028157,0.004251140848228899,2.481571784344028e-05,0.028716149153702724,0.0,320,1520,30.545876887340302
-0.21408919887319328,0.05659413102696806,0.00033036402163551845,0.02873935277519817,0.0,320,1610,30.545876887340302
0.09883306361089979,0.06314603494813453,0.0003686102724302281,0.028721097095794387,0.0,320,1621,30.545876887340302
0.07354138493952225,0.12919512348537202,0.0007541669038082147,0.028722684226749794,0.0,320,1622,30.545876887340302
0.16938921982845806,0.15371204144992712,0.0008972825850617879,0.02871713023765841,0.0,320,1623,30.545876887340302
0.44464475957226673,0.06455137041537458,0.00037681381347379,0.028700912875882893,0.0,320,1629,30.545876887340302
-0.04486769302675266,0.044714382552761646,0.0002610168753724707,0.028729454640166546,0.0,320,1701,30.545876887340302
-0.2304891257991004,0.10082225855773666,0.0005885424195600442,0.028740384313580423,0.0,320,1702,30.545876887340302
0.0890996945155263,0.046963960536563806,0.0002741486191809844,0.02872163814502071,0.0,320,1709,30.545876887340302
0.3931902527762121,0.1104725625416711,0.000644875349782414,0.028703993450339436,0.0,320,1811,30.545876887340302
0.06260666919189542,3.984604824877358,0.023259833673345075,0.02872978841665348,0.0,320,2011,30.545876887340302
-0.7713953877813774,0.09406637170769222,0.0005491054336218441,0.02877194815243746,0.0,320,2012,30.545876887340302
1.0595295539814262,0.17210528271672,0.0010046517600194266,0.028665199270737324,0.0,320,2013,30.545876887340302
0.04660559790448966,0.0433903603721249,0.0002532879945787829,0.02872411272099217,0.0,320,2022,30.545876887340302
0.09463912905772197,0.01544272142411623,9.014573529253348e-05,0.0287212619356765,0.0,320,2023,30.545876887340302
-0.24185120888731676,0.26785890886466596,0.001563606415677015,0.028741327818604476,0.0,320,2029,30.545876887340302
-0.11318585891114584,0.030547467735450206,0.00017831856605512097,0.028733418910474987,0.0,320,2030,30.545876887340302
-0.04985378510248051,0.02112027112682643,0.00012328800850685499,0.028729706131132817,0.0,320,2100,30.545876887340302
0.035016776603225164,0.12927805297322448,0.0007546509985124174,0.028724933228064273,0.0,320,2211,30.545876887340302
-0.029259617907594796,0.03135297195515296,0.00018302063689950895,0.02872852112081244,0.0,320,2219,30.545876887340302
-0.0042973918022421636,0.046177398505334394,0.00026955712194995656,0.028727088826260624,0.0,320,2220,30.545876887340302
-0.22829210509472234,0.03824533227083789,0.00022325427652135777,0.028740151078397478,0.0,320,2310,30.545876887340302
-1.0760136240930644,0.14535540551357765,0.0008485013456438564,0.028789816308583568,0.0,320,2392,30.545876887340302
0.633473813542765,0.09034532648570351,0.0005273841094859892,0.02868993327774562,0.0,320,2393,30.545876887340302
-0.8222963233779115,0.08967946166047833,0.0005234971731988642,0.028774912104134766,0.0,320,2396,30.545876887340302
-0.1071936672301839,0.08867834155141172,0.0005176532091805133,0.02873316662189042,0.0,320,2399,30.545876887340302
-37.60665829471051,96.19483960113197,0.5615302063047882,0.0310966381978212,0.0,320,2410,30.545876887340302
8.231527618052043,0.782982139121202,0.004570599877672847,0.02824754232609038,0.0,320,2420,30.545876887340302
0.25110617974820537,0.038538114319324204,0.00022496336990693398,0.028712166989080582,0.0,320,2431,30.545876887340302
-0.3213187426927299,0.10360635459038517,0.0006047943726384822,0.02874569112773596,0.0,320,2511,30.545876887340302
0.25602056323565214,0.11061919977894592,0.000645731333725423,0.028712000926135513,0.0,320,2512,30.545876887340302
0.023376306844530417,0.018690912555898068,0.00010910680892090903,0.02872542730021188,0.0,320,2593,30.545876887340302
-0.34732942901755776,0.36454447797453005,0.0021280012189125825,0.028747647380127497,0.0,320,2599,30.545876887340302
0.02764955305914261,0.0009111276692515254,5.318639858502237e-06,0.02872514803903926,0.0,320,2610,30.545876887340302
-0.1827251786889371,0.03654332157851949,0.00021331891596404096,0.02873748828191389,0.0,320,2620,30.545876887340302
-0.027167810926650576,0.006845940744052523,3.9962668832319906e-05,0.02872835791463526,0.0,320,2630,30.545876887340302
-0.1028430580940847,0.08148407627184244,0.0004756572218344274,0.0287329005902824,0.0,320,2640,30.545876887340302
0.0029087531803691424,0.0013206853688244665,7.709402403442348e-06,0.028726592951653144,0.0,320,2651,30.545876887340302
0.5858809773946227,0.10521856632125885,0.0006142055384515165,0.028692736400309497,0.0,320,2652,30.545876887340302
0.1018111252609531,0.05830728554594464,0.0003403644334503491,0.02872091514053111,0.0,320,2660,30.545876887340302
-0.3265030577951724,0.024891258787347006,0.00014530086790518813,0.02874586167393013,0.0,320,2670,30.545876887340302
-2.4930056007332064,0.11158191859216963,0.0006513511330415253,0.02887247593828763,0.0,320,2680,30.545876887340302
-0.7872838132157138,0.08931783433507268,0.0005213862006406429,0.028772867656860605,0.0,320,2710,30.545876887340302
2.722708115609591,0.1519452221100134,0.0008869689088546355,0.02856807786638928,0.0,320,2720,30.545876887340302
0.014744793191989625,0.09109614501673562,0.0005317669566987512,0.028726052572646335,0.0,320,2732,30.545876887340302
0.5262619670397579,0.05215505730496394,0.00030445125964896174,0.02869612774894833,0.0,320,2740,30.545876887340302
-0.11323796859936579,0.019840494828274182,0.00011581740975197576,0.028733403993602854,0.0,320,2750,30.545876887340302
-0.20379329350318787,0.01347415199926769,7.865435800198398e-05,0.0287386794191384,0.0,320,2790,30.545876887340302
-0.08759899164624743,0.06791416549153204,0.0003964438790854718,0.028731987965356573,0.0,320,2811,30.545876887340302
-0.7703598095748516,0.08001798754609812,0.00046709903817258104,0.028771864106101365,0.0,320,2812,30.545876887340302
-0.10056672746591694,0.007983051548733444,4.6600468400274765e-05,0.028732644430608828,0.0,320,2813,30.545876887340302
-0.21074476092742694,0.05908218567509525,0.00034488785519720997,0.02873916171952269,0.0,320,2814,30.545876887340302
0.37445031187588096,0.034073060876722905,0.00019889895323778548,0.028704959369307257,0.0,320,2816,30.545876887340302
0.008305758381342412,0.012985083322846706,7.579945605603123e-05,0.028726297465225755,0.0,320,2817,30.545876887340302
-0.047470148350718847,0.14986099234155986,0.0008748023729290168,0.028729782896654055,0.0,320,2818,30.545876887340302
-0.11983428366854772,0.14804720816281572,0.0008642145429757084,0.028734004093736384,0.0,320,2819,30.545876887340302
-0.8171452240948526,0.05345870589829548,0.00031206121114529746,0.028774550570913042,0.0,320,2821,30.545876887340302
-0.2370203072197447,0.029162516956844138,0.00017023401911209045,0.028740645343430297,0.0,320,2822,30.545876887340302
-0.09074619012765958,0.032835011900386575,0.00019167193461620247,0.028732112845911092,0.0,320,2824,30.545876887340302
-0.026118924078422354,0.09119087672798265,0.0005323199460023429,0.028728438133235102,0.0,320,2825,30.545876887340302
-0.5158049055818599,0.0648507947736888,0.0003785616808479031,0.028756979123115884,0.0,320,2826,30.545876887340302
0.004306101458542385,6.492952038179772e-06,3.7902123571743845e-08,0.028726509178728224,0.0,320,2829,30.545876887340302
0.5290856140089949,0.8765040832484721,0.005116527255872799,0.028697343862359125,0.0,320,2910,30.545876887340302
-0.3721076048297537,0.14404821454508437,0.0008408707157965445,0.028748723776984904,0.0,320,2920,30.545876887340302
0.13812064506816055,0.003910460830636344,2.2827023633273774e-05,0.028718704399220946,0.0,320,2930,30.545876887340302
0.021054970719590338,0.0002441658968784507,1.425300224162302e-06,0.028725531874505966,0.0,320,3030,30.545876887340302
-0.07772395408437668,0.12798729223516994,0.0007471162789106672,0.028731512268996954,0.0,320,3092,30.545876887340302
0.10814064499457396,0.026025221971225955,0.0001519202934713189,0.028720491536009286,0.0,320,3100,30.545876887340302
-0.9933449466777177,0.027893584968483418,0.00016282672320967536,0.02878479317351313,0.0,320,3211,30.545876887340302
0.5208785162180624,0.10423770553739355,0.0006084798367340027,0.028696529250749427,0.0,320,3212,30.545876887340302
-0.22988485412087528,0.10703324382097136,0.0006247985830993943,0.028740359459677046,0.0,320,3220,30.545876887340302
0.6737335886068104,0.04307135912816428,0.00025142584859386895,0.028687503965034965,0.0,320,3230,30.545876887340302
-0.3268064685253827,0.0669975465329716,0.0003910931842349211,0.02874595004077021,0.0,320,3240,30.545876887340302
-0.03278601035505309,0.0013367828920988834,7.803370495730462e-06,0.028728676634025913,0.0,320,3250,30.545876887340302
-0.26340589416697724,0.03484904678451848,0.00020342871313655794,0.028742195125923874,0.0,320,3290,30.545876887340302
0.6809708652227975,0.0740295347463735,0.00043214189130255,0.028687133335727075,0.0,320,Wastes,30.545876887340302
0.340811921668291,0.04240440545961896,0.00024753255626501947,0.02870693695041445,0.0,324,1020,30.545876887340302
0.023771530368924446,0.00781987646815115,4.564794602960388e-05,0.028725386000484847,0.0,324,1040,30.545876887340302
0.09621075236821222,0.041950443771006325,0.0002448825887437043,0.028721214635598315,0.0,324,1410,30.545876887340302
0.019392087008764908,0.044559244318648356,0.00026011126749403754,0.028725703253468914,0.0,324,2220,30.545876887340302
0.02345981634174851,0.0010590189703185355,6.18194430542669e-06,0.028725392859797937,0.0,324,2651,30.545876887340302
-0.0343288694190347,0.10953321023103861,0.0006393919506835695,0.028728948146050693,0.0,324,3220,30.545876887340302
-0.48688233615787524,0.02316982126549707,0.00013525210467845656,0.02875522081882098,0.0,328,1020,30.545876887340302
0.22682506390582666,0.010578842922312391,6.175320706665145e-05,0.028713537520791834,0.0,328,1030,30.545876887340302
0.09101784713440797,0.020202927343719375,0.00011793308254703812,0.028721481306445154,0.0,328,1040,30.545876887340302
0.8314426677108078,0.05505871123058928,0.0003214011230164237,0.028678317859725858,0.0,328,1050,30.545876887340302
-0.14268064142570053,0.015578712055083429,9.09395704647648e-05,0.028735115540990452,0.0,328,1061,30.545876887340302
0.32794891887885835,0.050456139571511974,0.0002945339540084945,0.028707701313527793,0.0,328,1071,30.545876887340302
-0.28076804324187504,0.025973006176725724,0.0001516154876628196,0.028743193737690957,0.0,328,1072,30.545876887340302
-0.15659008681010472,0.04916197846078221,0.00028697938498469867,0.028735983829256403,0.0,328,1073,30.545876887340302
-0.2491000317553504,0.08216044649550466,0.00047960548260191034,0.02874143940750995,0.0,328,1074,30.545876887340302
0.10980974157231609,0.007291023294743745,4.256080504782394e-05,0.028720362695103172,0.0,328,1079,30.545876887340302
0.025661323919551483,0.002206752921679076,1.2881755700329314e-05,0.02872526627296481,0.0,328,1101,30.545876887340302
0.9850905932482706,0.027626964555205365,0.00016127034641967412,0.02866930283924218,0.0,328,1102,30.545876887340302
0.26039535135723063,0.05123367279298803,0.00029907274623554796,0.028711646017461373,0.0,328,1104,30.545876887340302
0.10814361112113588,0.00259585023987228,1.5153082293976428e-05,0.028720452082642574,0.0,328,1392,30.545876887340302
4.0516037482885725,0.06683518153406223,0.00039014539065563664,0.028490362338188763,0.0,328,1410,30.545876887340302
-0.03666420384316724,0.00037911971875486945,2.2130831006045983e-06,0.028728901414669567,0.0,328,1512,30.545876887340302
-0.03875439070094067,0.00023386056237487268,1.3651436021041065e-06,0.02872902318416743,0.0,328,1520,30.545876887340302
-0.31055667388743696,0.035339088486273026,0.00020628929504537107,0.028744948345419928,0.0,328,1610,30.545876887340302
0.1699849384911707,0.09580817612766698,0.0005592730870983358,0.02871699839566039,0.0,328,1622,30.545876887340302
-0.5097851102429307,0.041681854420756066,0.0002433147184308822,0.028756588828159426,0.0,328,1629,30.545876887340302
-0.6505226526190092,0.027823382909111526,0.0001624169239205911,0.02876478102715651,0.0,328,1709,30.545876887340302
-2.6297789259595925,4.186344209626065,0.024437472295203218,0.02888733125157621,0.0,328,2011,30.545876887340302
-0.09349849661866218,0.0055294800340434805,3.2277927559828326e-05,0.028732227712522172,0.0,328,2023,30.545876887340302
-1.5798478049824376,0.32200988555733645,0.0018797087059861848,0.02881952469449691,0.0,328,2029,30.545876887340302
0.4007718812282771,0.0381172608579734,0.0002225066691945434,0.028703429640496575,0.0,328,2100,30.545876887340302
0.2420706700425072,0.016169520960261016,9.438837341289273e-05,0.028712656939776465,0.0,328,2219,30.545876887340302
-0.3850975575977293,0.07011773904716653,0.0004093070754734894,0.028749357989352693,0.0,328,2220,30.545876887340302
0.0056446521704912565,0.02121563110737209,0.0001238446652856495,0.028726466607136562,0.0,328,2310,30.545876887340302
-1.0399765841107425,0.0628338044870954,0.0003667876503859591,0.028787573980522167,0.0,328,2393,30.545876887340302
5.594050301284686,0.8737969215211856,0.005100724401067626,0.028401660706920205,0.0,328,2420,30.545876887340302
0.9716812544211304,0.07991158642948257,0.0004664779295849278,0.028670173104347486,0.0,328,2512,30.545876887340302
0.3503252388139897,0.007535357872089603,4.398708993164216e-05,0.028706323185678145,0.0,328,2593,30.545876887340302
-2.1090817780045064,0.4273020677660676,0.002494343971693873,0.02885059624320187,0.0,328,2599,30.545876887340302
0.20503997263098594,0.006414915012139449,3.7446588248710587e-05,0.028714802230441,0.0,328,2610,30.545876887340302
-0.21195323110691172,0.05811539533159441,0.00033924428862658573,0.028739230641388776,0.0,328,2620,30.545876887340302
-0.05231884090821864,0.0010779354383470543,6.292367777607282e-06,0.028729816414431328,0.0,328,2630,30.545876887340302
-0.06292815366926734,0.11246796018504363,0.0006565233347989604,0.028730622540611622,0.0,328,2640,30.545876887340302
-0.38313213317904876,0.007438977677562422,4.3424477729771964e-05,0.028749138070173836,0.0,328,2651,30.545876887340302
0.10211945550924934,0.07533149819478475,0.0004397420058910155,0.0287209256841773,0.0,328,2652,30.545876887340302
0.6013387442683711,0.01163407409978962,6.791304041368954e-05,0.02869167731770397,0.0,328,2670,30.545876887340302
-0.13150860895923694,0.12163993240406835,0.0007100640389960506,0.028734641284686127,0.0,328,2710,30.545876887340302
0.8299379451644859,0.06346021305132422,0.0003704442636903838,0.028678419761908217,0.0,328,2732,30.545876887340302
-0.03938189507871484,0.031850307473445624,0.00018592379591871996,0.02872911283633247,0.0,328,2740,30.545876887340302
-0.2756675845793587,0.008271542020603692,4.828451002722666e-05,0.028742866301436958,0.0,328,2750,30.545876887340302
0.1323548585881071,0.004378461202592653,2.555894092223666e-05,0.02871904175736668,0.0,328,2790,30.545876887340302
0.5023392117715291,0.04439246347295689,0.000259137696738297,0.028697511222303525,0.0,328,2811,30.545876887340302
0.5828015525626911,0.05427326679257814,0.00031681614965250787,0.028692830830584576,0.0,328,2812,30.545876887340302
0.026701419793151684,0.0015554860688127615,9.080033988791802e-06,0.028725204466083128,0.0,328,2813,30.545876887340302
-0.0722434836605729,0.03731078580080861,0.00021779893115883196,0.028731040268714102,0.0,328,2814,30.545876887340302
-0.4149435017188784,0.18894435983035368,0.0011029486175723729,0.0287512996630009,0.0,328,2819,30.545876887340302
0.5246251622724404,0.017238656487649266,0.00010062937236617793,0.028696164807254766,0.0,328,2824,30.545876887340302
0.062412536466241064,0.06353928428276497,0.0003709058361103577,0.028723223784119564,0.0,328,2825,30.545876887340302
-0.040496663081236374,0.0001594008362765608,9.304905008488592e-07,0.028729124763148383,0.0,328,2930,30.545876887340302
-0.15530568544822226,0.012413318458010646,7.246182127395251e-05,0.02873584720945281,0.0,328,3100,30.545876887340302
0.3541514606496062,0.02484662773714421,0.00014504033747619744,0.028706128841220306,0.0,328,3230,30.545876887340302
0.10973014754663186,0.04365198291811566,0.00025481519669100976,0.02872042830174338,0.0,328,3240,30.545876887340302
0.03105008899805648,0.00017812189490978354,1.039773285249218e-06,0.028724948306175578,0.0,328,3250,30.545876887340302
-0.042613612954331415,0.018706230064077945,0.00010919622373322107,0.028729279442485843,0.0,328,3290,30.545876887340302
0.21069377283235374,0.04936191615529735,0.00028814650637410706,0.02871454418131042,0.0,328,Wastes,30.545876887340302
0.005579438295159264,0.02389279293761752,0.00013947239792788297,0.028726474903254896,0.0,332,1020,30.545876887340302
-0.1450894496083546,0.011069160129917339,6.461539722033153e-05,0.02873524858917708,0.0,332,1030,30.545876887340302
-0.4315213900440339,0.019538568073571592,0.00011405493482546124,0.028751983065868965,0.0,332,1040,30.545876887340302
0.6756223676197739,0.08351695984968209,0.0004875240281994175,0.028687461439435197,0.0,332,1074,30.545876887340302
-0.044165589455270673,0.001990901108576143,1.1621736829820939e-05,0.028729342005517584,0.0,332,1101,30.545876887340302
0.5383109566731925,0.0028415361483425106,1.6587255472511925e-05,0.02869534179220642,0.0,332,1392,30.545876887340302
-0.2727603428519799,0.0656222683631773,0.000383065100424883,0.028742792818624047,0.0,332,1410,30.545876887340302
0.04506855594775404,0.03769321436844414,0.00022003132941815287,0.028724192892165178,0.0,332,1430,30.545876887340302
-0.06881617780860594,0.0004764428472428412,2.781199609189484e-06,0.028730778425451214,0.0,332,1512,30.545876887340302
-0.42944158611471683,0.04264965046924373,0.0002489641557294069,0.028751900447735425,0.0,332,1629,30.545876887340302
-0.711813088639063,0.028615105564618305,0.00016703854591119176,0.028768360146054408,0.0,332,1709,30.545876887340302
0.0055241033784501,0.005885505383905209,3.435619900335426e-05,0.02872644793720165,0.0,332,2023,30.545876887340302
0.06772026631972715,0.3193409201093302,0.0018641288191143565,0.028723342853344082,0.0,332,2029,30.545876887340302
-0.2730065235726227,0.06402078724957036,0.0003737165737903384,0.028742804502256143,0.0,332,2393,30.545876887340302
1.1567234395582617,0.42422671438101894,0.0024763918255296187,0.028659947397275645,0.0,332,2599,30.545876887340302
0.7277348581341285,0.12000168517819194,0.0007005008929214892,0.02868448048841774,0.0,332,2710,30.545876887340302
-0.6364503816023598,0.03269700013108193,0.00019086630119957148,0.02876396775067346,0.0,332,2740,30.545876887340302
-0.1715763654953974,0.025595105871444316,0.00014940952279747757,0.028736819111299293,0.0,332,3230,30.545876887340302
0.357355257807576,0.019356404138656025,0.00011299156643295106,0.02870593262176594,0.0,332,3290,30.545876887340302
-1.2100029196777833,0.06009956798432987,0.0003508267485969411,0.02879749458117975,0.0,340,1010,30.545876887340302
-0.10749848829272447,0.016778138615429157,9.794113361171821e-05,0.02873306381892205,0.0,340,1020,30.545876887340302
0.08773232276258112,0.006426843015493951,3.751621707924069e-05,0.028721649999629804,0.0,340,1030,30.545876887340302
-0.7107631656984302,0.027166591976777274,0.00015858295580689586,0.028768296424949637,0.0,340,1040,30.545876887340302
0.073423707549579,0.04492704941361216,0.00026225830232159546,0.028722549806372906,0.0,340,1050,30.545876887340302
0.3291909853477792,0.010430292188865712,6.0886053232361376e-05,0.028707561733796978,0.0,340,1061,30.545876887340302
0.39572124323075325,0.04077917080109083,0.0002380453700824641,0.028703728928577716,0.0,340,1071,30.545876887340302
0.02619770957621085,0.01917546963912653,0.00011193537477787131,0.028725263415264532,0.0,340,1072,30.545876887340302
0.6248428308455748,0.06966988078558593,0.0004066927362525558,0.028690402480561233,0.0,340,1074,30.545876887340302
-0.10545308378115473,0.011679859363107165,6.818030847570852e-05,0.02873293586867411,0.0,340,1079,30.545876887340302
0.6200715464219856,0.02222480981286533,0.00012973567075999463,0.028690601540894662,0.0,340,1103,30.545876887340302
0.31794350039049446,0.0414784773986957,0.00024212752022327832,0.028708270329069793,0.0,340,1104,30.545876887340302
0.23591006737741502,0.04782789844275742,0.00027919179231491743,0.0287130696234891,0.0,340,1200,30.545876887340302
0.0021180671571106387,1.4141933691400043e-06,8.255248385680613e-09,0.028726636895083226,0.0,340,1311,30.545876887340302
-0.36724600382310346,0.030721804359428673,0.00017933624310344316,0.028748249801081472,0.0,340,1312,30.545876887340302
0.10346522676891104,0.05826051030788299,0.00034009138648454906,0.028720818504838232,0.0,340,1391,30.545876887340302
0.028322678269836952,0.0007988298528825792,4.663109725548104e-06,0.028725108557552954,0.0,340,1392,30.545876887340302
-0.30315480555438146,0.07492164505203146,0.0004373495187185309,0.02874458268341568,0.0,340,1394,30.545876887340302
-0.2141874273033754,0.04423004690185642,0.00025818960211019084,0.028739337766709772,0.0,340,1399,30.545876887340302
-0.14283215759019838,0.07907958173255009,0.00046162116417992,0.028735230901950393,0.0,340,1410,30.545876887340302
0.13198400535105537,0.028596474249658693,0.0001669297869987971,0.028719104006104206,0.0,340,1430,30.545876887340302
-0.0019737201956044827,1.0335659654990588e-05,6.033364286928595e-08,0.02872687576508064,0.0,340,1512,30.545876887340302
0.016820508701310927,5.466249274292099e-05,3.1908822712674097e-07,0.028725778740305644,0.0,340,1520,30.545876887340302
-0.16822164593442626,0.027324429882003266,0.00015950432281422984,0.028736626182662043,0.0,340,1610,30.545876887340302
-0.8633785993810928,0.08227893506203576,0.00048029715077750943,0.028777297832065944,0.0,340,1622,30.545876887340302
0.4600308027058129,0.10205922188899232,0.0005957631008093871,0.028700077562550646,0.0,340,1623,30.545876887340302
-0.22215439486923555,0.03293333356421596,0.00019224588000041717,0.02873978388157187,0.0,340,1629,30.545876887340302
-0.8390177362454374,0.019283092141125845,0.00011256361311166652,0.028775769959342543,0.0,340,1701,30.545876887340302
0.3123056361782079,0.05999120809434717,0.00035019420581575394,0.028708630460528402,0.0,340,1702,30.545876887340302
-0.07934343550949413,0.0207698587104945,0.00012124250214445013,0.028731426981913704,0.0,340,1709,30.545876887340302
1.436355948377789,0.06748562152105052,0.00039394228559924146,0.028643027162398263,0.0,340,1811,30.545876887340302
-1.2204420388946313,4.279692129797333,0.02498238382153085,0.028805199153082314,0.0,340,2011,30.545876887340302
0.17340787326350454,0.23760742386717884,0.0013870156267937282,0.02871703628773175,0.0,340,2013,30.545876887340302
-0.49975083859214203,0.01841702695006045,0.00010750802211085129,0.02875596403098587,0.0,340,2022,30.545876887340302
0.02453979276138759,0.002670260633168745,1.5587447418677907e-05,0.028725332518737715,0.0,340,2023,30.545876887340302
0.8097906058742343,0.34827118917149513,0.0020330071084518164,0.028680072678177827,0.0,340,2029,30.545876887340302
0.09926840126054119,0.010441601891626911,6.0952072779263e-05,0.02872098332040398,0.0,340,2030,30.545876887340302
-0.2678382462986009,0.04749014274791932,0.0002772201686208662,0.028742475071236097,0.0,340,2100,30.545876887340302
-0.40380439401718715,0.010914716868210207,6.371384619151968e-05,0.02875035063178335,0.0,340,2219,30.545876887340302
-0.2783429121848961,0.08264673542871302,0.000482444158004047,0.02874314726297451,0.0,340,2220,30.545876887340302
0.20050534738673323,0.015121610177366195,8.827127232360503e-05,0.028715081530263812,0.0,340,2310,30.545876887340302
0.4375820561136611,0.051975250187229594,0.00030340164900108195,0.028701304087158687,0.0,340,2393,30.545876887340302
0.0352817878428272,0.05147050091876625,0.0003004552127678323,0.028724787290356033,0.0,340,2396,30.545876887340302
0.006182926102837506,0.05071274610832309,0.00029603187554100264,0.02872648464915183,0.0,340,2399,30.545876887340302
0.06205755328126861,0.9167238339552249,0.005351307052850851,0.02872467511545043,0.0,340,2420,30.545876887340302
-0.0993172675016718,0.004111442390551119,2.4000238509148196e-05,0.02873256500065194,0.0,340,2593,30.545876887340302
0.7915172948291962,0.45747552518975687,0.002670479280430887,0.02868132222994135,0.0,340,2599,30.545876887340302
-0.027900947685466266,0.010563537952550401,6.166386544641929e-05,0.028728406945374776,0.0,340,2610,30.545876887340302
0.37696601610646224,0.06956789113931569,0.00040609737929423503,0.028704871992817054,0.0,340,2620,30.545876887340302
-0.00576104238394008,0.0001029416849571036,6.009144131952446e-07,0.02872709700248381,0.0,340,2630,30.545876887340302
0.1278372242912253,0.011866925122922083,6.927229090571192e-05,0.028719318025148162,0.0,340,2651,30.545876887340302
-0.1883432593244483,0.028518709422775956,0.0001664758406180579,0.028737802772183824,0.0,340,2660,30.545876887340302
0.4095518309443601,0.13797887402932243,0.0008054413929130984,0.028703084436953883,0.0,340,2710,30.545876887340302
0.7769131621959686,0.05254510794337836,0.0003067281511783446,0.02868149678075595,0.0,340,2732,30.545876887340302
1.144471484256278,0.024267606388314808,0.00014166034350966843,0.028659993463285068,0.0,340,2740,30.545876887340302
-0.1403119138690536,0.00465971556566119,2.7200742303400758e-05,0.028734958952816348,0.0,340,2750,30.545876887340302
-0.10124005119539298,0.0018908611172029368,1.1037760836644434e-05,0.028732673517276573,0.0,340,2790,30.545876887340302
-0.461206614206572,0.044217815657947614,0.000258118203135527,0.02875375734432986,0.0,340,2812,30.545876887340302
-0.03112253448187776,0.00028068787219638126,1.638494532921195e-06,0.02872857775877279,0.0,340,2813,30.545876887340302
-0.48037141935210836,0.029061415901110037,0.0001696438492347935,0.028754850637699447,0.0,340,2814,30.545876887340302
-0.43077672466584643,0.012542816152293496,7.321775441223892e-05,0.028751927855042922,0.0,340,2816,30.545876887340302
-0.0810171462446022,0.0017104781811725846,9.98478889238023e-06,0.028731492717608286,0.0,340,2817,30.545876887340302
-0.07981929421249263,0.2091811098289021,0.0012210791373460093,0.02873177076276841,0.0,340,2819,30.545876887340302
-0.01889094040654382,0.009638562539250484,5.6264390414173926e-05,0.02872787944143551,0.0,340,2822,30.545876887340302
-0.19430649510068543,0.011796165837286852,6.885923884984818e-05,0.028738122818981467,0.0,340,2824,30.545876887340302
-0.33919256458203745,0.03314730371303939,0.00019349491479594348,0.028746616269684867,0.0,340,2826,30.545876887340302
-0.1988085173022159,0.00564636664252435,3.2960244424710936e-05,0.02873837530455802,0.0,340,2829,30.545876887340302
-1.571413299146295,1.017701953819749,0.005940759301172169,0.02882020275226629,0.0,340,2910,30.545876887340302
0.0017106080432307885,0.00010121375152097315,5.908277305530724e-07,0.028726660847558916,0.0,340,2930,30.545876887340302
0.04717211181557136,0.007872864528639927,4.595725988325059e-05,0.02872402009720835,0.0,340,3100,30.545876887340302
-0.07579778102464962,0.06263230207364577,0.00036561139506639676,0.02873129021714591,0.0,340,3212,30.545876887340302
-0.26683051035508754,0.018209403342136887,0.00010629603477478955,0.028742367117460196,0.0,340,3230,30.545876887340302
0.09951266867396084,0.034687073629838694,0.0002024832069187576,0.028721009710662646,0.0,340,3240,30.545876887340302
-0.04748607199301689,0.001298315143521483,7.5788178805973105e-06,0.0287295346747214,0.0,340,3250,30.545876887340302
-0.12131351221686308,0.01301534429450491,7.597610222258937e-05,0.02873386395002804,0.0,340,3290,30.545876887340302
0.2829384875866606,0.03979606403942763,0.00023230655763695868,0.02871031090591319,0.0,340,Wastes,30.545876887340302
-0.0009619105661307864,4.336168802306257e-06,2.5312062187822044e-08,0.02872681669138705,2.8195725462865084e-05,Hungary,1010,73.40301974448316
0.14160083787177352,0.005787829213934826,3.37860216414297e-05,0.028718504392774666,0.00021111547539476305,Hungary,1030,87.41773132017035
-0.01997441755951184,0.0005513387553620232,3.2183988904808047e-06,0.0287279274496198,5.598437928711064e-05,Hungary,1062,77.73906310491677
0.05343772583838005,0.0037848197424857313,2.2093603145832774e-05,0.028723647491975958,1.258911652257666e-05,Hungary,1071,69.27990708478514
0.1071406736504743,0.001816591446556334,1.0604217169922786e-05,0.028720509321921328,2.927435161836911e-05,Hungary,1073,73.63530778164925
0.001894442803521183,1.7002588359528152e-06,9.92513422635707e-09,0.02872664994946789,1.121515470003942e-05,Hungary,1074,68.69918699186992
0.11392839296554451,0.01876546418934291,0.00010954199852444934,0.02872014150889733,0.0001921148068504408,Hungary,1079,86.87572590011614
1.0102464735345265,0.05488919440392559,0.00032041158117568363,0.02866788000360397,8.824079850455746e-05,Hungary,1101,81.01045296167247
0.09295007129338197,0.011812180205265307,6.895272152929408e-05,0.028721354446327348,2.1198442482273094e-05,Hungary,1102,71.79636082075106
-0.1010487711574794,0.0050455149957650824,2.9452817721134073e-05,0.02873266764258337,3.989619017374935e-06,Hungary,1104,64.36314363143632
0.3852895953860663,0.02637309782578705,0.0001539509928434487,0.028704313730923657,8.903321577236056e-05,Hungary,1311,81.10723964382501
-0.5531788108941896,0.01949737580928816,0.00011381447805296548,0.028759084666080483,0.00024152798869181424,Hungary,1312,88.17266744096013
0.3341341940134379,0.04704478198204695,0.0002746204083449789,0.02870733453497354,2.659455822140444e-05,Hungary,1392,72.93844367015099
-0.05238650685808939,0.010475944934756582,6.115254773377929e-05,0.028729836125621758,1.633101055631414e-05,Hungary,1393,70.73170731707317
0.01979066611194769,3.8142590545008444e-05,2.2265452935466632e-07,0.02872560533187888,9.46406817092793e-06,Hungary,1394,67.8668215253581
-0.05166244205099705,0.0009686695918012433,5.65453654250832e-06,0.028729777914387362,7.709360943408683e-05,Hungary,1399,80.0232288037166
0.3416827102533683,0.1871738736866313,0.001092613536671292,0.02870712871773934,9.834233060246333e-05,Hungary,1410,81.82346109175379
-0.048416432138208794,0.0005758023354288216,3.361203215731754e-06,0.02872958777210215,1.3680555639439262e-06,Hungary,1420,62.272551296941536
-0.08595882134965876,0.01014397083401536,5.921467366433834e-05,0.028731795328869224,7.718924280197825e-06,Hungary,1430,67.13124274099884
-0.044298610882122925,0.0034530985668564853,2.0157205507881248e-05,0.02872935222273028,1.9804685507551767e-05,Hungary,1511,71.50600077429345
0.023431776365741633,0.07513053654346717,0.0004385689072300933,0.028725518702016322,6.905753707542317e-06,Hungary,1512,66.66666666666666
0.7802982372803995,0.071868433121398,0.0004195266216441157,0.028681331531117366,1.470928418711992e-05,Hungary,1520,70.20905923344948
-0.09195049118065876,0.0076479563884669375,4.464437537848264e-05,0.028732140901975723,2.078353463730309e-05,Hungary,1610,71.64150212930701
-0.4401193691050675,0.007309078986579654,4.266620380313799e-05,0.02875246444101769,1.2031664482492488e-05,Hungary,1621,69.06697638404955
-0.003030720084513336,8.604654195035254e-05,5.022902751700882e-07,0.028726937593621965,1.790970941328851e-06,Hungary,1622,62.77584204413472
-0.09177956467621537,0.0017025607120488746,9.938571256497854e-06,0.0287321209525459,1.3025796761212405e-06,Hungary,1623,62.214479287650015
-0.15052627741613891,0.007557609476077419,4.411698201140133e-05,0.028735560069814876,8.799890565569513e-06,Hungary,1629,67.65389082462254
-0.048483834555791167,0.01899683487329413,0.00011089260764683806,0.028729622600035882,2.460208861521096e-06,Hungary,1701,63.39527680991096
-0.07426280626346056,0.0011288416189147448,6.589528812387236e-06,0.028731097462511273,1.0543751614022767e-06,Hungary,1702,61.98219125048393
0.0507152341124293,0.017701538623565976,0.00010333141233374655,0.028723829750051527,2.098880258927238e-06,Hungary,1709,63.143631436314365
-0.001764297475213587,0.0003959003891161975,2.311039013094298e-06,0.0287268641867425,1.757291983039977e-07,Hungary,1811,61.22725512969416
0.5289240655318262,0.30133206525982237,0.0017590034712174397,0.02869638975570256,8.440244710072875e-05,Hungary,1920,80.73945025164537
6.303183914223064,57.60938308898535,0.3362904798758961,0.02845450666739664,0.0076072923839092255,Hungary,2011,99.51606658923731
0.6892411031785015,0.28990590983191883,0.0016923041405537006,0.028687012069123104,0.000999472918920219,Hungary,2013,95.915602013163
0.0190616172642486,0.00041407847210928435,2.417152217665965e-06,0.02872564851994576,1.0609608580125496e-05,Hungary,2021,68.40882694541232
0.02878612539003681,0.002904538948834328,1.695502962447936e-05,0.028725085035036093,0.00015162272029556334,Hungary,2022,85.19163763066202
0.08202591290687687,0.044252965927069864,0.0002583233902116085,0.028722046527539635,1.3676751223101746e-05,Hungary,2023,69.76384049554781
-0.27935184899421267,0.09467756450044812,0.0005526732259944007,0.028743226345390248,0.00043043677578680217,Hungary,2029,91.73441734417345
-0.06169600844588122,0.013149848448884395,7.676126019853422e-05,0.028730384045616224,4.8259524191962555e-05,Hungary,2030,76.59698025551684
1.5891486125312886,0.7834848735661117,0.004573534552523777,0.028635304813076044,0.0010585556738078594,Hungary,2100,96.26403406891212
0.00891464996381161,0.0002549379265624362,1.488181144551076e-06,0.028726240574754744,6.823833700764226e-06,Hungary,2211,66.51180797522261
0.07507204086079557,0.008754276774593542,5.110243817308555e-05,0.028722392936716034,6.266403943300247e-05,Hungary,2219,78.51335656213705
0.03732246689601258,0.017109823088733548,9.9877317002584e-05,0.02872461055148689,0.00033417087979614735,Hungary,2220,90.18583042973287
-0.27699523069358073,0.03633583904806358,0.00021210775215718144,0.028742990889549035,0.000266026210738346,Hungary,2310,88.83081687959736
-0.27273671820196355,0.1524284460056235,0.0008897896923282444,0.02874293708763601,0.0003483824839349836,Hungary,2391,90.45683313975998
0.004502871904951614,0.0010862000112315867,6.340611605822136e-06,0.028726499502947884,3.2174150419450598e-06,Hungary,2392,63.937282229965156
-0.007454573909323315,0.01252775580825943,7.312984077646037e-05,0.028727216696666894,0.00012541648175101727,Hungary,2393,83.60433604336043
-0.19500042156735914,0.001642988763291837,9.590824445814218e-06,0.02873814629379427,6.6618758864933625e-06,Hungary,2395,66.39566395663957
0.042434766649125766,0.0018975319167948328,1.1076701132055157e-05,0.028724286617132288,7.252342129504541e-06,Hungary,2396,66.86024003097174
-0.08869693591786748,0.011458013341384873,6.688529885916201e-05,0.028731957368283007,0.00012380952830426395,Hungary,2399,83.48819202477739
6.7676135773679045,47.13698411976863,0.27515863145165775,0.028409878367467358,0.0025218708906322718,Hungary,2410,98.29655439411536
0.3407337889254326,0.15064234048486977,0.0008793634344779308,0.028707122892282028,0.0012441808357834816,Hungary,2420,96.88346883468834
-0.30338804603699265,0.27549909961664115,0.0016082054597312877,0.02874493286194067,0.0005213035619817674,Hungary,2431,92.89585753000387
0.007343047067814559,0.0005319267924065796,3.1050830035959233e-06,0.028726332780380382,5.785045232187258e-06,Hungary,2511,65.89237320944638
0.02918652434584967,0.00011701134827376049,6.830450241261484e-07,0.02872505698790388,6.956994639040204e-06,Hungary,2512,66.7440960123887
0.08562064657561289,0.0012645504211528493,7.381718830418534e-06,0.02872176461203663,6.837346063548466e-06,Hungary,2513,66.56987998451413
-0.00899322888399651,8.402188072035763e-05,4.904714661477905e-07,0.028727285647235517,4.046436970384093e-06,Hungary,2520,64.44057297715834
-0.001995259353339269,0.0002854433205168329,1.6662541080452595e-06,0.028726877483743727,0.00015223503578454256,Hungary,2593,85.32713898567556
-0.022795404701496286,0.026168621055206752,0.00015275737493582927,0.028728135082407312,0.0006081320461817086,Hungary,2599,93.65079365079364
0.5339113239927863,0.08205726712724762,0.0004790031807301673,0.028695731311180937,7.365582860074937e-05,Hungary,2610,79.82965543941154
0.6009551649186968,0.16759425010181125,0.0009783189433589838,0.028691960922361124,0.00010278139961883426,Hungary,2620,82.26867982965544
-0.19838828315027063,0.019404784270161426,0.00011327398184460856,0.028738373854564257,0.0003131035773549229,Hungary,2630,89.66318234610917
1.1796600148907646,0.42336903069058107,0.002471385160914003,0.02865860702375311,0.000986336381174624,Hungary,2640,95.89624467673248
-0.7848321092410592,0.6377902757466287,0.003723053197075842,0.02877364578084612,0.0009089040686376393,Hungary,2651,95.4123112659698
0.004235972622491081,4.511471432424716e-05,2.633537822498535e-07,0.028726513337211157,1.638769026612863e-05,Hungary,2652,70.75106465350368
0.09660320985243442,0.005985187920414921,3.493808838040796e-05,0.028721131427545555,2.577007944637444e-05,Hungary,2660,72.7255129694154
-0.07883821973511904,0.001363695541167513,7.96047107873864e-06,0.028731364942770458,0.0001207854293170385,Hungary,2670,83.35269066976385
-0.07106077951143028,0.0036675191354755467,2.14088695953926e-05,0.028730914804306392,6.0485079302452505e-05,Hungary,2680,78.28106852497096
-0.12470479193516722,0.2872758303374481,0.0016769512475372774,0.028734521946508322,0.0009088146034628153,Hungary,2710,95.39295392953929
-5.541779767831094,0.5033133067861686,0.002938053913988299,0.029051111334007514,2.51491364906542e-05,Hungary,2720,72.64808362369338
0.10945132556558249,0.006456614331565821,3.7690004917809995e-05,0.028720382218466307,6.973667041165754e-05,Hungary,2731,79.30700735578785
0.0302876506831728,0.001425196972500234,8.319481100144157e-06,0.028724994904040107,9.895181392494123e-06,Hungary,2732,68.07975222609369
0.10460622043220405,0.002433229834782521,1.4203797800150568e-05,0.02872065830257794,5.725206938222982e-05,Hungary,2740,77.89392179636081
0.10518547696950716,0.02177979910591347,0.0001271379539269643,0.028720656924340664,4.9036447308026254e-05,Hungary,2750,76.65505226480836
0.45035152071860696,0.0685402625405902,0.0004000986739433065,0.028700586429615916,0.0003813505172729492,Hungary,2790,91.0956252419667
-0.20525545619710273,0.21537745462772162,0.0012572498382655603,0.028739103489904192,0.0004255615349393338,Hungary,2811,91.59891598915989
-0.0058403918063495396,1.1007600015954387e-05,6.425604464344594e-08,0.028727101480280834,5.0753907999023795e-05,Hungary,2812,77.04219899341851
0.012064905577336598,0.023116132078185237,0.0001349386980492386,0.028726095016051455,0.0003177964536007494,Hungary,2813,89.81804103755323
0.03147875455433202,0.029601581427547832,0.00017279702523422392,0.028724972620367082,0.00021545296476688236,Hungary,2814,87.53387533875339
0.02112110078314662,0.00019346197282870385,1.1293198467306874e-06,0.028725527929190812,1.606969817657955e-05,Hungary,2815,70.61556329849013
0.1095219275629329,0.09391583113041196,0.0005482266642224882,0.028720524725988524,0.0003630908904597163,Hungary,2816,90.76655052264809
-0.029088281946135483,0.024378872011640657,0.00014230984829266782,0.02872849942356501,6.307930743787438e-05,Hungary,2817,78.55207123499807
0.027532670600425867,0.0016047473687021778,9.367593155213247e-06,0.028725156025034247,4.164968686382053e-06,Hungary,2818,64.6147890050329
0.1594876168279103,0.08320166145115926,0.0004856834972987556,0.028717590039140515,0.0003435375401750207,Hungary,2819,90.32133178474642
-0.03581759287445519,0.011254892887088332,6.569959834675617e-05,0.02872887023334318,1.1634742804744747e-05,Hungary,2821,68.83468834688347
-0.022898681254030863,0.0015305994405868477,8.934760151443843e-06,0.02872809979354089,0.00010915462189586833,Hungary,2822,82.75261324041811
-0.00030271161204560517,0.00015564810944408713,9.085842376731819e-07,0.028726778464875074,5.962195700703887e-06,Hungary,2823,65.96980255516841
-0.21024220713923983,0.013937972844222555,8.13618776135963e-05,0.02873905664807752,4.0748927858658135e-05,Hungary,2824,75.45489740611691
0.02897729420851947,0.0010556027783053764,6.162002539175194e-06,0.02872507077539171,1.3802527064399328e-05,Hungary,2825,69.86062717770035
0.11202223878530101,0.004941838628533587,2.884761465492149e-05,0.028720229603711032,2.108312037307769e-05,Hungary,2826,71.73828881145954
-0.041367088630571175,0.15829135916785422,0.0009240140109214814,0.028729440770327255,0.0005762895452789962,Hungary,2829,93.28300425861401
-0.6694621043423914,0.6352018439767595,0.0037079434195475738,0.028766906545280108,0.00037637431523762643,Hungary,2910,91.05691056910568
-0.02730596883999692,0.0021032098348045883,1.2277330648266734e-05,0.02872835802595744,1.4408919923880603e-05,Hungary,2920,70.11227255129694
-0.15998022066227824,0.08700626480017083,0.000507892585773115,0.02873624520870237,0.0004477206093724817,Hungary,2930,92.02477739063106
0.28641408507048416,0.29234727336302985,0.001706555418199925,0.0287105312856929,0.0006647611153312027,Hungary,3020,94.03794037940379
-0.8796400503471923,0.10029270086284664,0.0005854511659866209,0.028778277348364377,1.544991937407758e-05,Hungary,3030,70.46070460704607
-0.02274591942599231,0.00042620640249572896,2.487948107343505e-06,0.028728089024136167,4.158278898103163e-06,Hungary,3091,64.5954316686024
-0.1841777395601835,0.01895789807163469,0.0001106653169692993,0.028737543574067295,0.00010136863420484588,Hungary,3092,82.21060782036392
-0.04651008856422876,0.0010617114373784359,6.197661381206261e-06,0.028729477305612802,6.62466106859938e-07,Hungary,3099,61.614401858304305
0.29033114903693963,0.03186380685527039,0.00018600259755394776,0.02870986606997283,9.700346708996221e-06,Hungary,3100,67.98296554394115
-0.06231452133355333,0.031846492616531795,0.0001859015269758252,0.028730451507388243,5.38194899490918e-06,Hungary,3211,65.66008517228029
-0.0008418836084832697,0.00026937532727285343,1.5724583951088085e-06,0.02872681012934865,6.8343847487994935e-06,Hungary,3220,66.53116531165311
0.02048956707792729,0.01552821499130139,9.064479761872764e-05,0.028725590508350437,1.5578030797769316e-05,Hungary,3230,70.5187766163376
0.022127332702953518,0.003151577647577731,1.83970996154045e-05,0.028725474151403495,2.872096411010716e-05,Hungary,3240,73.48044909020518
-0.4853751655141228,0.09014039369262508,0.0005261878295810264,0.028755245253417543,1.2020917893096339e-05,Hungary,3250,69.04761904761905
0.1862047477567885,0.013643639219831845,7.964372701932466e-05,0.0287159138403645,3.751774784177542e-05,Hungary,3290,75.04839334107626
-0.035182570218033365,0.005334317839969381,3.113868279830336e-05,0.02872882323539371,5.649445938615827e-06,Hungary,Wastes,65.81494386372435
-0.16490350310282076,0.005572293442575988,3.252784764104635e-05,0.02873639599971754,0.00025242185802198946,Indonesia,1010,88.55981416957027
0.08663666924460896,0.09505354190901409,0.0005548679660934891,0.02872186255072527,4.779966548085213e-05,Indonesia,1020,76.55826558265582
0.14235946588201573,0.12496139829277535,0.0007294528485564545,0.028718659894672573,5.0992694013984874e-05,Indonesia,1030,77.13898567557104
1.153212016498798,4.196885996446913,0.024499009190039545,0.028666465641436913,0.0020771475974470377,Indonesia,1040,98.02555168408827
0.41016047679494944,0.08106996755858734,0.0004732398930863267,0.028702953555009625,2.754847400865401e-06,Indonesia,1050,63.55013550135501
-0.18535536201084057,0.0811992584322224,0.00047399461892449693,0.028737716729637326,8.664800407132134e-05,Indonesia,1061,80.87495160665893
-0.007937310905261424,0.05697270865393521,0.00033257394031571696,0.028727319407489498,2.3997599782887846e-05,Indonesia,1062,72.37708091366628
0.2368113930786834,0.07564421058712188,0.0004415674411733159,0.02871306363227975,1.7844651665654965e-05,Indonesia,1071,71.06078203639179
-0.028353263168973512,0.287791768301851,0.0016799629969491269,0.028728898268768142,0.0006875555845908821,Indonesia,1072,94.21215640727836
0.08991746088007053,0.0719724386893373,0.0004201337463949232,0.02872163233781429,2.5236733563360758e-05,Indonesia,1073,72.68679829655439
-0.3281118786566042,0.047997910754547665,0.00028018422651315285,0.02874599436140424,1.3205200957600027e-05,Indonesia,1074,69.58962446767325
0.17199303347334083,0.17317997394563056,0.0010109251899662552,0.028717010875665836,0.00014712224947288632,Indonesia,1079,84.95934959349594
-1.0754268186594762,0.01700524256438201,9.926683598657437e-05,0.028789566350766578,3.6864305002382025e-05,Indonesia,1080,74.93224932249322
0.8602614125246664,0.08278359815568616,0.0004832430839717115,0.028676681992624128,6.814518201281317e-06,Indonesia,1104,66.49245063879209
0.17215284566877656,0.07162711832737466,0.00041811796452036366,0.028716831309481838,1.0684253538784105e-05,Indonesia,1200,68.42818428184282
0.22165053158080844,0.03447927051958217,0.00020127017175120636,0.028713879641204067,0.00023989133478607982,Indonesia,1311,88.09523809523809
-0.1406556451581309,1.3706583550262748,0.008001115985666956,0.02873727050409616,0.001413203775882721,Indonesia,1312,97.38675958188153
-0.06051210936558244,0.009237897141141607,5.3925536016244034e-05,0.02873030837555777,0.0002717457537073642,Indonesia,1391,88.86953155245838
-0.0005145749538442608,2.430888394242353e-07,1.4190129815516226e-09,0.028726790571640397,0.0003616729809436947,Indonesia,1392,90.72783584978707
-0.14722162401166336,0.005222654206837728,3.048685466272818e-05,0.028735363246382074,0.00031867160578258336,Indonesia,1393,89.85675571041425
-0.03396068985513569,0.04167352739176429,0.00024326611001979645,0.028728812850726586,1.716673796181567e-05,Indonesia,1394,70.8091366627952
0.005208824488630002,0.007368665389602578,4.301403498952139e-05,0.02872646882846958,0.00015625005471520126,Indonesia,1399,85.50135501355014
-0.17926716809556215,1.0910945694087102,0.0063691832243659915,0.028739055563730256,0.0013976949267089367,Indonesia,1410,97.32868757259001
0.34402894395157413,0.03323117960870925,0.00019398453408523997,0.028706733786745396,1.2152932868048083e-05,Indonesia,1420,69.14440572977159
0.07143785765533518,0.03618781171586032,0.0002112436536386382,0.028722651076386378,0.00010788666986627504,Indonesia,1430,82.57839721254355
0.19478148159605965,0.023260333553971883,0.0001357804634161095,0.02871542929943823,2.67729046754539e-05,Indonesia,1511,72.97715834301201
-0.5724810143249097,0.10235583919605226,0.0005974945822310266,0.028760350527353016,0.00014050865138415247,Indonesia,1512,84.5915602013163
-0.143959346111641,0.055348839634354316,0.0003230947259487284,0.028735256894932275,0.0002085131563944742,Indonesia,1520,87.2822299651568
0.0049438009957109294,1.0259345666037927e-05,5.988816564682562e-08,0.028726471959808847,0.0002588562201708555,Indonesia,1610,88.6566008517228
0.0009223865813652475,1.4278978920090963e-05,8.335247516464541e-08,0.0287267067136186,0.0002490452316123992,Indonesia,1621,88.42431281455671
-0.059116572781457,0.027573377553549473,0.00016095753629160638,0.02873025766269194,3.627446130849421e-05,Indonesia,1622,74.76771196283391
0.007464977130280345,0.017803109331074925,0.00010392432376827378,0.02872635462449718,3.627446130849421e-05,Indonesia,1623,74.76771196283391
0.08959298694677541,0.01412268506239053,8.244012141965655e-05,0.028721554287552558,0.00015306285058613867,Indonesia,1629,85.36585365853658
-1.8161578092213806,0.5715952166694694,0.0033366444735509525,0.028833739471120955,0.0008553268271498382,Indonesia,1701,95.1606658923732
0.3280777552920825,0.05576138474931708,0.00032550292730834006,0.028707702683283008,1.4709454262629151e-05,Indonesia,1702,70.22841656987998
0.005364583253357985,0.0005479482056461976,3.1986068092287474e-06,0.028726448298600563,0.00025470167747698724,Indonesia,1709,88.59852884243128
-0.4365499318287146,0.056600453407736555,0.00033040092806201695,0.028752338808186343,1.9890119347110158e-06,Indonesia,1811,62.9694154084398
4.555676909752621,8.567740524622344,0.05001354671732792,0.02847506768054017,0.004206817131489515,Indonesia,2011,98.85791715060007
-1.020422104813007,2.941604933564775,0.017171399547636166,0.028791270777241855,0.0019860276952385902,Indonesia,2012,98.00619434765775
-1.852772621291496,0.37646440261153963,0.0021975828905314698,0.028835548439189066,0.0012256680056452751,Indonesia,2013,96.80603948896632
-0.7247152113509486,0.04410892078077605,0.00025748253740650006,0.028769139319110574,3.411404031794518e-05,Indonesia,2021,74.50638792102207
1.7186736741117343,0.3966464617646014,0.002315394156570951,0.02862709706872046,0.0007611143519170582,Indonesia,2022,94.54123112659698
-0.5965674991626486,0.07342416968196906,0.00042860811785987624,0.028761707991431646,0.0001359716843580827,Indonesia,2023,84.39798683701123
0.7578311708121664,0.27316452685388337,0.0015945775652356927,0.028682980075920773,0.000434589950600639,Indonesia,2029,91.8505613627565
0.025925313991504856,0.0048549008812811285,2.8340122035226203e-05,0.028725255303194912,0.0003580475749913603,Indonesia,2030,90.66976384049555
0.020319389845198366,0.0033893917865515117,1.978532192622554e-05,0.02872558008751467,0.0005051693879067898,Indonesia,2100,92.74099883855982
0.17196383625474415,0.031870054230095715,0.00018603906613884355,0.02871677569695629,2.664176827238407e-05,Indonesia,2211,72.95780100658149
0.14011166893096944,0.09372573877952302,0.0005471170142926766,0.02871873874416748,6.863274029456079e-05,Indonesia,2219,79.1715060007743
0.7539802303731583,0.2756344023014129,0.001608995279068879,0.028683209010812144,0.0002011226024478674,Indonesia,2220,87.20480061943476
0.39507897106012335,0.05147587075655198,0.0003004865587956665,0.028703784343853022,0.00011514510697452351,Indonesia,2310,83.06233062330624
-0.13819930300813077,0.07876017787283887,0.00045975666795557087,0.02873495992550413,3.4212469017802505e-06,Indonesia,2391,63.99535423925668
-0.0833691737102728,0.029335986775526172,0.0001712466362491019,0.028731676348708907,1.5575251381960697e-05,Indonesia,2392,70.49941927990709
0.15247625043874097,0.0466861828973891,0.00027252711291641347,0.02871793810999955,4.304437243263237e-05,Indonesia,2393,75.80332946186604
0.07672601859062271,0.05373760396314192,0.0003136892578112163,0.028722371808150703,2.893581404350698e-05,Indonesia,2395,73.5385210994967
0.028959394902553903,0.04037101619943369,0.00023566279801702774,0.02872513774467411,5.548560875467956e-05,Indonesia,2396,77.68099109562525
0.18951535536471675,0.053291611959854795,0.0003110858127339696,0.028715787046428427,3.386394018889405e-05,Indonesia,2399,74.42895857530004
-8.719191805469517,18.344601518461292,0.10708524405210905,0.02926707757756298,0.004667307715862989,Indonesia,2410,99.01277584204414
-3.9165307534993827,15.309174572246768,0.08936616549863852,0.02898128455958217,0.004110633861273527,Indonesia,2420,98.83855981416957
-0.4346981174836596,0.07585978444564351,0.00044282583750467313,0.02875226303435952,7.741705485386774e-05,Indonesia,2431,80.04258614014712
0.2888845300948423,0.03970133773842536,0.0002317535999152675,0.028709963650552988,3.961031688959338e-05,Indonesia,2511,75.30003871467285
0.3032040965155476,0.010464774188437139,6.10873393347493e-05,0.028709078757774315,0.0001056194378179498,Indonesia,2512,82.48161053039101
-0.09629048341140208,0.07228066286548109,0.00042193298204972347,0.028732502650407797,0.0001280667056562379,Indonesia,2593,83.73983739837398
-0.5268762942825975,0.20248506945872283,0.0011819915007733744,0.028757856459694874,0.0012450605863705277,Indonesia,2599,96.90282617111885
0.558754849999302,0.3043957537921318,0.0017768875246732666,0.028694653507120096,3.930072489310987e-05,Indonesia,2610,75.26132404181185
-0.26249619892335285,8.933139926374112,0.05214653849006853,0.028757079374729162,0.002872524783015251,Indonesia,2620,98.54819976771196
3.971975876554418,1.6630577241985267,0.009707975509270262,0.02849766594844629,0.0013622440164908767,Indonesia,2630,97.23190089043747
1.7843553196367021,0.42389429610673324,0.0024744513586302183,0.0286233083913293,0.0001586435391800478,Indonesia,2640,85.55942702284166
0.6716270988706095,0.28365356056719987,0.0016558065177387452,0.02868802982027054,5.8654874010244384e-05,Indonesia,2651,78.06813782423538
0.04144737467926933,0.005188017346932056,3.028466457468157e-05,0.02872434977277218,0.00013508049596566707,Indonesia,2652,84.26248548199767
-0.4775332195533828,0.05534402646221977,0.00032306662941514197,0.028754729076000202,0.0004337362479418516,Indonesia,2660,91.83120402632598
0.14729241327720305,0.13369686317190865,0.0007804454736919325,0.02871838657981065,3.7862024328205734e-05,Indonesia,2670,75.1451800232288
0.18446840385133922,0.05225229906387213,0.0003050189011686895,0.02871607991719319,7.849220310163219e-06,Indonesia,2680,67.16995741385985
0.5746007152658973,0.4290293192392237,0.0025044266734280123,0.028693937263445914,0.00016589595179539174,Indonesia,2710,85.90785907859079
2.780412348755103,0.8606229870603652,0.005023822540569663,0.028565891134498363,2.677821794350166e-05,Indonesia,2720,72.99651567944251
0.31356989400190993,0.04474966740016413,0.0002612228480392323,0.02870853111770243,1.4998536244092975e-05,Indonesia,2731,70.32520325203252
0.26340887367486426,0.052973782656954474,0.00030923050786764466,0.028711473021267815,3.130524419248104e-05,Indonesia,2732,74.0418118466899
-0.021673460711838337,0.04637084679022084,0.00027068636189434453,0.02872810346847626,9.886721818475053e-05,Indonesia,2740,81.95896244676733
4.808417648690049,0.6720750903655076,0.0039231882470004325,0.028447188773773977,0.0009581716731190681,Indonesia,2750,95.72202864885791
-0.3004786424762801,0.15871979075946108,0.000926514948404407,0.028744567072807432,4.4705415348289534e-05,Indonesia,2790,76.01626016260163
0.05511138937568992,0.004230453825877948,2.469495889237047e-05,0.028723550540294743,0.0001892389263957739,Indonesia,2811,86.74022454510259
-0.18577698214892716,0.08345701043927728,0.00048717407798449895,0.028737745129012598,8.553117254450626e-07,Indonesia,2812,61.78861788617886
-0.2316448568552077,0.09672782385270381,0.0005646414621474439,0.028740444909634535,0.0001320518204011023,Indonesia,2813,84.0495547812621
0.5357384312748201,0.07466031959227176,0.0004358240508250345,0.028695612264069248,4.330168303567916e-05,Indonesia,2814,75.82268679829656
-0.23685993179563836,0.05328469909150475,0.00031104545938022573,0.028740676451847864,0.00012052094825776294,Indonesia,2816,83.27526132404182
-0.13577152687092534,0.013433877218253256,7.841925696968652e-05,0.028734708628532366,0.0002625573833938688,Indonesia,2817,88.73403019744484
0.01965113361110092,0.8699375474192714,0.005078195592405527,0.02872707222994157,0.0014469128800556064,Indonesia,2819,97.44483159117306
-0.6348254536052964,0.01133521775041324,6.616848874941462e-05,0.028763837028587716,0.00018002867000177503,Indonesia,2821,86.43050716221448
0.09403542638702075,0.0053691426165375505,3.1341969835860956e-05,0.02872128028719218,0.00036386880674399436,Indonesia,2822,90.8052651955091
-0.07552128077878226,0.00586944768815532,3.426246340127205e-05,0.028731178875788806,0.00024115631822496653,Indonesia,2824,88.1339527680991
-0.22833109591754389,0.03857085904048038,0.00022515451477606068,0.028740153900595398,5.703004717361182e-05,Indonesia,2825,77.8358497870693
0.08456329536291482,0.008598993313790299,5.0195982544674267e-05,0.028721838631174775,0.00031455172575078905,Indonesia,2826,89.70189701897019
0.4472651028143086,0.08377690805417508,0.0004890414564679479,0.028700792125066727,0.0002188997605117038,Indonesia,2829,87.63066202090593
-1.9738838274608772,0.19371517159573048,0.0011307978756610762,0.028842310678736723,0.0008182083838619292,Indonesia,2910,94.87030584591561
-0.018626926783295115,2.6346645510188858e-05,1.5379657942276335e-07,0.028727847910453234,0.00015191822603810579,Indonesia,2920,85.23035230352303
0.04115732573434453,0.0006201976233541078,3.620357400000003e-06,0.02872435904501463,0.00037156775943003595,Indonesia,2930,90.92140921409214
-0.1916290791831473,1.5046452893920454,0.008783254728332648,0.028740471086755925,0.001177824568003416,Indonesia,3011,96.67053813395276
-0.34795630398071603,0.00901682205273617,5.2635026665473276e-05,0.028747087354236662,5.156515908311121e-05,Indonesia,3012,77.19705768486256
-0.1975040771996719,0.04488097979789974,0.0002619893743736656,0.028738364978063157,0.0002574339450802654,Indonesia,3020,88.6372435152923
-0.0626959311885949,0.00875217876806322,5.1090191216339373e-05,0.028730435039990388,0.00035492645110934973,Indonesia,3030,90.57297715834302
-0.19400593556444581,0.007253412747075828,4.2341256279108564e-05,0.028738097653261505,9.185117232846096e-05,Indonesia,3091,81.22338366240805
-0.4630495448547087,0.038360414400132006,0.0002239260598734843,0.028753855092725798,1.4749585716344882e-05,Indonesia,3092,70.2864885791715
-0.04499270157424519,0.049213210583536435,0.0002872784486826985,0.028729469482296766,0.00014521322736982256,Indonesia,3100,84.8432055749129
-0.050072986404360566,0.04711870312944676,0.0002750519175332245,0.028729762528325636,0.00014451034076046199,Indonesia,3211,84.80449090205188
0.3015273906165092,0.05958382128193552,0.0003478161156628112,0.028709258952048403,4.534800154942786e-06,Indonesia,3212,64.8664343786295
0.012595295869808482,0.028983286340899105,0.0001691877737504363,0.028726073893299755,5.7771572755882517e-05,Indonesia,3220,77.97135114208285
-0.4766917370334762,0.3985767818019297,0.0023266622559127634,0.02875525609584145,0.0007628730963915586,Indonesia,3230,94.579945799458
0.049702464664283505,0.05025273824835101,0.0002933466139450271,0.02872394344968974,6.878906424390152e-05,Indonesia,3240,79.1908633372048
0.017626185501506974,0.02633631728851492,0.00015373628919855404,0.02872577577980409,0.000286293012322858,Indonesia,3250,89.08246225319397
0.5382382922886665,0.08967063921872986,0.0005234456728527368,0.02869549147947451,6.640134961344302e-05,Indonesia,3290,78.8811459543167
0.01436286414297143,0.030940375534633843,0.00018061213604753614,0.028725973994409588,9.559985483065248e-05,Indonesia,Wastes,81.53310104529616
0.0,0.0,0.0,0.028726760533303364,0.0,364,1393,30.545876887340302
0.0,0.0,0.0,0.028726760533303364,0.0,Iraq,2651,30.545876887340302
-0.11891218425186001,0.11023498088173783,0.0006434884845506642,0.02873388684268106,0.0,384,1010,30.545876887340302
0.38438500600149245,0.04682673505685289,0.0002733475756712509,0.028704400807862487,0.0,384,1020,30.545876887340302
0.3556726058769958,0.027899688367165762,0.0001628623513445677,0.028706045161375426,0.0,384,1030,30.545876887340302
0.0592955540005428,0.006077528692739121,3.5477120756245944e-05,0.02872330938973758,0.0,384,1040,30.545876887340302
-0.05231935581200883,0.03571843217475487,0.00020850368555256336,0.028729874539550015,0.0,384,1061,30.545876887340302
0.1001640574005817,0.10055851633359165,0.0005870028439845818,0.028721082124678617,0.0,384,1062,30.545876887340302
0.1557658038671091,0.0817408125657263,0.0004771559008141762,0.028717804849302836,0.0,384,1073,30.545876887340302
-0.10472310107277356,0.007816674835019615,4.562925673483175e-05,0.028732886776875965,0.0,384,1312,30.545876887340302
-0.19253400128761836,0.037770568137950024,0.00022048287628209277,0.02873806292463135,0.0,384,1410,30.545876887340302
0.11533487275201987,0.006315639204845948,3.686707312314102e-05,0.028720038534308732,0.0,384,1520,30.545876887340302
-0.6646641921008092,0.06358740550272719,0.0003711867401451798,0.028765666584450945,0.0,384,1610,30.545876887340302
-0.6926837060004062,0.0705215669611148,0.0004116643908219141,0.02876731385313779,0.0,384,1621,30.545876887340302
-0.26026076399391324,0.07200626967090769,0.00042033123222825363,0.02874207387332985,0.0,384,1629,30.545876887340302
-4.690280217387992,3.9278375258124836,0.022928458796195327,0.029007203049699785,0.0,384,2011,30.545876887340302
0.15452296344196464,0.01919304604172045,0.00011203797571795897,0.02871777254529691,0.0,384,2023,30.545876887340302
-0.02039539358561495,0.040248002303808816,0.0002349447135701384,0.02872801859416325,0.0,384,2220,30.545876887340302
0.464866725694973,0.031291081531001394,0.00018265935616151697,0.028699676707323277,0.0,384,2620,30.545876887340302
-0.1956771109047974,0.00941102215440122,5.493614037730215e-05,0.02873819882646206,0.0,384,2630,30.545876887340302
-0.05201826567235503,0.0004871295917602825,2.8435826837752725e-06,0.02872979787774582,0.0,384,2651,30.545876887340302
0.30735755572277346,0.08099185058781036,0.00047278389109185184,0.028708954496388665,0.0,384,2710,30.545876887340302
0.03043429300091665,0.005898839085598126,3.443403349316137e-05,0.02872499384530759,0.0,384,2930,30.545876887340302
-0.4762332285562244,0.11657415674614768,0.0006804929511697084,0.028754755967148146,0.0,384,3220,30.545876887340302
0.2043809149791887,0.03232007166176016,0.0001886660093542082,0.02871488412495241,0.0,388,1020,30.545876887340302
0.24145555299353194,0.017008066655421143,9.928332140752214e-05,0.028712694252282386,0.0,388,1030,30.545876887340302
-0.09546826414053483,0.01312755106915044,7.663110090626885e-05,0.02873235543998574,0.0,388,1040,30.545876887340302
0.529596122156957,0.0687527225963354,0.00040133889368304315,0.028695960922458165,0.0,388,1050,30.545876887340302
0.07742011115126637,0.02321850245679584,0.0001355362775042184,0.028722280121129158,0.0,388,1061,30.545876887340302
1.0627701610562572,0.07867610363090724,0.00045926589083475496,0.028664853765181728,0.0,388,1062,30.545876887340302
0.41017789159478246,0.06359773702642241,0.0003712470496446922,0.028702923263362722,0.0,388,1071,30.545876887340302
0.9415707622428582,0.03561633500235386,0.00020790770091846868,0.028671856652853656,0.0,388,1072,30.545876887340302
-0.6441937946656041,0.0621437505093036,0.00036275951172366115,0.02876446921176623,0.0,388,1073,30.545876887340302
-0.09832689311698103,0.0033438477435594393,1.95194619698772e-05,0.028732505900831838,0.0,388,1079,30.545876887340302
-0.01159805134526569,0.0003769271753753954,2.200284292047785e-06,0.028727438192991367,0.0,388,1101,30.545876887340302
0.27437368759042524,0.03754878458657745,0.00021918823133155652,0.02871080710450455,0.0,388,1102,30.545876887340302
0.51542143828638,0.03973135763037866,0.00023192883879701707,0.0286967397470272,0.0,388,1103,30.545876887340302
0.23064150778620246,0.06447030903406747,0.0003763406237023067,0.028713405067402335,0.0,388,1104,30.545876887340302
-0.20554236304922335,0.06788984232198816,0.00039630189439618293,0.02873887280824306,0.0,388,1399,30.545876887340302
0.12473987161782618,0.05334415450810387,0.00031139252594312327,0.028719568366861715,0.0,388,1410,30.545876887340302
-0.009022871173968109,0.0022120535419924638,1.2912697676327837e-05,0.028727290946151195,0.0,388,1512,30.545876887340302
0.05238714306062826,0.0018364633113308183,1.0720217699397608e-05,0.02872370555211764,0.0,388,1520,30.545876887340302
-0.2866184789139858,0.05369546554071128,0.000313443277911058,0.02874358176820423,0.0,388,1629,30.545876887340302
-0.9745795648054374,0.08713029524463567,0.0005086166042480893,0.028783797288169915,0.0,388,1702,30.545876887340302
-0.31658227316043486,0.03777771527002493,0.00022052459713286967,0.028745304178001252,0.0,388,1709,30.545876887340302
-0.4826410841062858,4.074319208988554,0.02378353470374706,0.0287617749135703,0.0,388,2011,30.545876887340302
0.722911788817452,0.03457990642417913,0.00020185762634341024,0.028684618998543313,0.0,388,2022,30.545876887340302
0.05692721547702735,0.01038808389392179,6.063966545661466e-05,0.02872345486733744,0.0,388,2023,30.545876887340302
-0.20374435007867808,0.29148949665239976,0.0017015482105858703,0.0287391429682516,0.0,388,2029,30.545876887340302
0.3736273962588398,0.02811488770713593,0.00016411856145179555,0.028704997422758165,0.0,388,2100,30.545876887340302
-0.23574595948896374,0.023938559272599788,0.0001397395554971556,0.028740562189909512,0.0,388,2219,30.545876887340302
-0.6370279730797899,0.056280951531394015,0.0003285358596728881,0.028764041066613722,0.0,388,2220,30.545876887340302
-2.5075469221532702,0.0962537291058335,0.0005618739693991636,0.028873298947438907,0.0,388,2512,30.545876887340302
0.28892707195822365,0.39202874014327893,0.002288438550787616,0.028710551654161323,0.0,388,2599,30.545876887340302
0.04674618017029926,0.0027595782617711997,1.6108832418369727e-05,0.028724036386984998,0.0,388,2610,30.545876887340302
-0.11938701159953832,0.04558646571360156,0.00026610759582329626,0.028733806123961234,0.0,388,2620,30.545876887340302
-0.010592847220373534,0.0036473631898419566,2.129121076507667e-05,0.028727384999272576,0.0,388,2630,30.545876887340302
-0.06794194376236323,0.09474142770036388,0.0005530460226638756,0.028730885488649546,0.0,388,2640,30.545876887340302
0.011499458999470566,0.003444285084082634,2.0105757459100408e-05,0.028726095036554367,0.0,388,2651,30.545876887340302
-0.011479719282211698,0.018339346025995695,0.0001070545655065584,0.02872746140741906,0.0,388,2670,30.545876887340302
0.5650947864678835,0.10317438100442307,0.0006022727590275097,0.028693946362158215,0.0,388,2710,30.545876887340302
0.17601490487651877,0.07810604229851828,0.00045593820029636367,0.028716616724449102,0.0,388,2732,30.545876887340302
-0.15011331440823902,0.04244754536286256,0.0002477843822347783,0.02873559448846051,0.0,388,2740,30.545876887340302
-0.05574989135779435,0.008785578766465128,5.1285161217547024e-05,0.028730029625900298,0.0,388,2790,30.545876887340302
0.0775032942833269,0.056766239522937134,0.00033136869215265904,0.02872233151308082,0.0,388,2811,30.545876887340302
-0.16563676500303534,0.06787468857200563,0.0003962134355101422,0.028736543314048832,0.0,388,2812,30.545876887340302
-0.0731548661186882,0.004489151070520912,2.6205084776016462e-05,0.028731038423080155,0.0,388,2813,30.545876887340302
0.07051852866072375,0.008391533372946718,4.8984950602993014e-05,0.028722658136533567,0.0,388,2817,30.545876887340302
0.08159395861219174,0.16574329821455466,0.0009675141496775231,0.02872227543886428,0.0,388,2819,30.545876887340302
0.8042302825108055,0.9188464078750667,0.005363697419902224,0.028681352570961383,0.0,388,2910,30.545876887340302
-0.07501106841537632,0.0016149853892957824,9.427356837339204e-06,0.028731141957100012,0.0,388,2930,30.545876887340302
0.032922309500441685,4.51716807949837e-05,2.6368631977679135e-07,0.028724838793768335,0.0,388,3030,30.545876887340302
0.06131302700325393,0.019314481244076854,0.00011274684466056131,0.028723213815568874,0.0,388,3100,30.545876887340302
-0.3117149669634905,0.020928520671926076,0.0001221686795184633,0.0287449917795405,0.0,388,3211,30.545876887340302
1.0894258942118666,0.05592848783145702,0.00032647837909533076,0.028663259688076204,0.0,388,3240,30.545876887340302
0.0007261278317794769,0.0002020731882214257,1.179587174750154e-06,0.02872671848498909,0.0,388,3250,30.545876887340302
-0.30438187320405863,0.027005071035042096,0.00015764008934845405,0.02874457391125311,0.0,388,3290,30.545876887340302
4.574889418986415,2.2592274702737254,0.013188071966568583,0.02846345855475484,0.0,398,1020,30.545876887340302
-3.7950099461289004,2.340168381455707,0.013660558502675668,0.028952246448868096,0.0,398,1393,30.545876887340302
0.5463488241006653,1.1931876723516797,0.0069651441033026515,0.02869686660602894,0.0,398,1410,30.545876887340302
3.1818513450048385,1.8777969360985218,0.010961499653184038,0.028544151199661222,0.0,398,1512,30.545876887340302
0.7327497415303629,0.4833022835701744,0.0028212410574833136,0.028684796080539643,0.0,398,2011,30.545876887340302
-5.6639501381411685,72.3681771752642,0.42244384031021737,0.02918066130725556,0.0,398,2410,30.545876887340302
-0.1292500356200736,0.17312694357596772,0.0010106156291359583,0.02873459580411255,0.0,398,2420,30.545876887340302
-0.9061484146871464,1.2316226661729386,0.007189505514988199,0.02878172553535914,0.0,398,2620,30.545876887340302
-1.3294073321183504,1.5992303705105662,0.00933538808947828,0.028807052945633783,0.0,398,2651,30.545876887340302
-0.7498403499657018,0.8393839739310462,0.004899841384473673,0.02877194168434609,0.0,398,2819,30.545876887340302
-0.1614392258225282,0.02209559695770825,0.00012898140034887446,0.02873622149216317,0.0,400,1030,30.545876887340302
0.1812851215559095,0.009282287066312287,5.418465889583198e-05,0.028716193709224718,0.0,400,1040,30.545876887340302
0.019991601187828334,0.078645641696208,0.00045908807156142353,0.02872572541486358,0.0,400,1050,30.545876887340302
-0.12439816797977614,0.02910677791533561,0.00016990864661178487,0.02873407100531037,0.0,400,1061,30.545876887340302
0.7263847540128715,0.07312525471981289,0.00042686322404786797,0.028684480808197143,0.0,400,1071,30.545876887340302
0.37282889349262344,0.07156554959724136,0.00041775856164722586,0.02870511684261639,0.0,400,1073,30.545876887340302
0.12145172975606597,0.11050891475331405,0.0006450875531083735,0.02871985614731998,0.0,400,1074,30.545876887340302
-0.007240603365880505,0.001567773023725046,9.151758172286066e-06,0.028727185827170647,0.0,400,1079,30.545876887340302
0.001990976472771214,1.401177327853557e-06,8.179268214819511e-09,0.028726644313885368,0.0,400,1101,30.545876887340302
1.0508976051815007,0.0740606913756055,0.00043232376580343746,0.028665539096823837,0.0,400,1104,30.545876887340302
-0.3206670401559621,0.0824690145057559,0.00048140672536268515,0.02874561761610026,0.0,400,1200,30.545876887340302
-0.3104753118598193,0.009358987980406453,5.4632394764966445e-05,0.028744900002248153,0.0,400,1392,30.545876887340302
-0.6866672706295378,0.05048872058523332,0.00029472414324767225,0.028766929006505078,0.0,400,1393,30.545876887340302
0.00465637717179956,0.04525517440385578,0.0002641737074953995,0.02872656460878735,0.0,400,1410,30.545876887340302
-0.09215035516003237,0.05644577940926437,0.000329498030124537,0.028732234413748118,0.0,400,1430,30.545876887340302
0.16888369795544794,0.004259307767368049,2.4863391625195068e-05,0.028716909213310007,0.0,400,1512,30.545876887340302
-0.6347377812428665,0.062476861919629714,0.0003647040247530348,0.02876391778134846,0.0,400,1629,30.545876887340302
0.28379057548256376,0.045196974779952354,0.0002638339715287628,0.028710270217428568,0.0,400,1709,30.545876887340302
0.8345412529662344,0.10775346731415933,0.0006290028340591373,0.028678225196534676,0.0,400,1811,30.545876887340302
-2.96409323426361,4.001053643288415,0.023355852424809597,0.02890653863507613,0.0,400,2011,30.545876887340302
-2.8434416184497135,0.09660802385880146,0.0005639421386123121,0.028892907257704846,0.0,400,2012,30.545876887340302
-0.16752126708340903,0.014436707138529814,8.427320188353494e-05,0.028736563679629974,0.0,400,2023,30.545876887340302
-0.21260200430723492,0.27213622240201096,0.0015885749146423934,0.02873962756735634,0.0,400,2029,30.545876887340302
0.10065276395694511,0.022333523337564505,0.00013037027785748107,0.02872092244677515,0.0,400,2100,30.545876887340302
-0.12556271583562215,0.02991232745208916,0.0001746109819910792,0.028734140336216907,0.0,400,2219,30.545876887340302
0.8304430815414807,0.04796326362887022,0.0002799819764994287,0.028678364331639075,0.0,400,2220,30.545876887340302
-0.480761628183864,0.036652428906655696,0.00021395582185973898,0.028754886157766696,0.0,400,2310,30.545876887340302
-0.30563197600352976,0.08788799525038475,0.0005130396215566023,0.028744749044051984,0.0,400,2393,30.545876887340302
-0.7789662491586165,0.08723126525017191,0.0005092060091296241,0.028772378618177656,0.0,400,2396,30.545876887340302
-5.846348348527808,0.7902830891062426,0.0046132186290353955,0.029069377794534147,0.0,400,2420,30.545876887340302
-0.2974625264720649,0.01758244562847788,0.00010263621585149693,0.028744154188485093,0.0,400,2593,30.545876887340302
-1.456919783181908,0.3695315724130909,0.002157113010985404,0.02881242865638113,0.0,400,2599,30.545876887340302
-0.21382550585802176,0.0011765441337693813,6.867988687351943e-06,0.028739244411641388,0.0,400,2610,30.545876887340302
-0.13467682145044071,0.00618178095685194,3.6085685577578876e-05,0.028734632561463542,0.0,400,2630,30.545876887340302
0.08078741704048711,0.00163677959513459,9.554578889495632e-06,0.02872204737231907,0.0,400,2651,30.545876887340302
-1.9410364288083841,0.10256532558563522,0.0005987174434161829,0.028840239759632853,0.0,400,2652,30.545876887340302
-0.3148757583459657,0.023609472016110522,0.00013781853316586495,0.02874518078719119,0.0,400,2670,30.545876887340302
-0.09275316507476934,0.09179493669014913,0.0005358461010079781,0.028732328891245273,0.0,400,2710,30.545876887340302
-0.13286438236566242,0.01869793526888077,0.00010914780348450878,0.028734547755721422,0.0,400,2750,30.545876887340302
0.03803577958469024,0.012535560495477709,7.317540005637598e-05,0.028724561242332615,0.0,400,2790,30.545876887340302
0.13108392899070168,0.007264498330634698,4.240596754687129e-05,0.028719120785272768,0.0,400,2813,30.545876887340302
-0.26063348859385216,0.15123148873088146,0.0008828025434519548,0.028742228556062014,0.0,400,2819,30.545876887340302
-0.02009227807697833,0.08872199398840938,0.0005179080270278599,0.028728082190104032,0.0,400,2825,30.545876887340302
0.001313224072172256,4.440922745217499e-05,2.592355552174822e-07,0.028726683949296734,0.0,400,2829,30.545876887340302
1.430973714269359,0.8842277786343282,0.005161613752003347,0.02864470703844455,0.0,400,2910,30.545876887340302
0.24664672396926066,0.003412637004439779,1.9921014153069742e-05,0.028712368434424373,0.0,400,2930,30.545876887340302
0.008902500868965761,0.00013247805061200406,7.733307462174866e-07,0.028726241078599456,0.0,400,3030,30.545876887340302
-0.16375855909220377,0.024714181805551808,0.0001442671942223629,0.02873636127427533,0.0,400,3100,30.545876887340302
-0.011052557620784609,0.02653570275170493,0.00015490018697876247,0.028727450216990573,0.0,400,3211,30.545876887340302
-0.9808822134631764,0.10159693982742579,0.0005930645637311113,0.02878418951024325,0.0,400,3212,30.545876887340302
-0.002991394147763754,0.0010527522590417697,6.145362845436882e-06,0.028726936919081614,0.0,400,3250,30.545876887340302
0.08310758849973104,0.03332928411250096,0.00019455721181392075,0.028721965070423218,0.0,400,3290,30.545876887340302
-0.07637826010466199,0.0006923523266494976,4.041555102447695e-06,0.028731220218496653,0.0,Kenya,1020,30.545876887340302
0.025439559943190977,0.0005313150551904854,3.101512033192708e-06,0.028725276408870917,0.0,Kenya,1030,30.545876887340302
-0.4671118190266646,0.07184585792218533,0.0004193948406013506,0.028754148430992985,0.0,Kenya,1040,30.545876887340302
2.1293435523069886,4.637716316883126,0.02707232332836926,0.02861020713832162,0.0016491902060806751,Kenya,1061,97.75454897406118
0.16078938602229834,0.04464399810808506,0.0002606060114227643,0.028717449412137917,0.0,Kenya,1079,30.545876887340302
-0.07363223294478582,0.0021033241121338453,1.227799773365863e-05,0.028731062287619027,0.0,Kenya,1103,30.545876887340302
-0.8297607524014019,0.07755903687095125,0.0004527450968839023,0.02877532747764823,0.0,Kenya,1312,30.545876887340302
0.1909776162796765,0.042141835793284975,0.0002459998254083825,0.028715682997827938,0.00021450022177305073,Kenya,1392,87.48548199767711
0.007110445621507426,0.002809085089548943,1.63978248355389e-05,0.028726350176836554,0.0,Kenya,1393,30.545876887340302
-0.6226134131495938,0.14778549151324927,0.0008626867915408724,0.02876335326488149,0.0,Kenya,1410,30.545876887340302
0.09966913898478637,0.004341104041221712,2.5340871277143773e-05,0.028720949699742253,0.0,Kenya,1430,30.545876887340302
-0.00026270999541743063,0.011327936173388432,6.612598308626347e-05,0.028726794864679047,0.0,Kenya,1512,30.545876887340302
-0.3783521401710293,0.012234854020297795,7.142004842062175e-05,0.02874886708993649,0.0,Kenya,1520,30.545876887340302
-0.045630676886199276,0.006124247185384879,3.5749836474910265e-05,0.028729434460781685,0.0,Kenya,1629,30.545876887340302
-0.09366552901233459,0.0026567118760764084,1.5508357559005812e-05,0.028732232644643384,0.0,Kenya,2023,30.545876887340302
-1.0037993187068575,0.10747495309358178,0.0006273770280555282,0.028785537164200247,0.00027978289290331304,Kenya,2029,88.96631823461092
0.0011377400218381024,1.576673712340561e-06,9.203715278667748e-09,0.028726694121221526,0.0,Kenya,2219,30.545876887340302
0.6971360997508814,0.0484532625442037,0.0002828423086456979,0.02868614686964974,0.00013056535681243986,Kenya,2220,83.91405342624854
-0.18227474077126735,0.011033872357436407,6.44094074786425e-05,0.02873741919503913,6.528267840621993e-05,Kenya,2310,78.76500193573365
-0.2817510789608965,0.015565792535270564,9.086415373081153e-05,0.028743233659831013,0.0,Kenya,2393,30.545876887340302
0.22485161851670585,0.014878398601213112,8.685154287554691e-05,0.0287136599259219,0.0,Kenya,2399,30.545876887340302
3.457671792954578,0.9049401471274584,0.005282520659288957,0.02852642843403511,0.001324840821325779,Kenya,2599,97.15447154471545
-0.01963809356820838,0.005984976504168278,3.493685425382606e-05,0.028727916929008657,9.845910972217098e-05,Kenya,2610,81.85249709639953
-0.3487642721318619,0.13467074136272272,0.0007861304150429561,0.028747345379363718,0.0,Kenya,2620,30.545876887340302
0.3011731252380012,0.008662368790130135,5.056593216412717e-05,0.028709194293668208,0.0,Kenya,2630,30.545876887340302
1.0762696749687768,0.1413579943854391,0.00082516675612974,0.0286641706204298,6.528267840621993e-05,Kenya,2640,78.76500193573365
0.15230654272675367,0.04500901542660862,0.0002627367728131388,0.028717945204995574,0.0,Kenya,2651,30.545876887340302
-0.544362704288036,0.22531440222412707,0.0013152560292107945,0.028758915553797077,0.0,Kenya,2710,30.545876887340302
-0.13759937769744518,0.002762844771958446,1.6127900428118968e-05,0.028734797428736494,0.0,Kenya,2740,30.545876887340302
-0.03216113746191553,0.000653125355092513,3.812570579759781e-06,0.028728639011031093,6.528267840621993e-05,Kenya,2790,78.76500193573365
0.09823862462793545,0.007476044671559165,4.364085354444555e-05,0.028721038460919043,0.0,Kenya,2813,30.545876887340302
0.8699557662920637,0.18657801273270522,0.0010891352427651482,0.028676289837445128,9.845910972217098e-05,Kenya,2819,81.85249709639953
0.6941327884321651,0.031812351995983666,0.00018570223364804115,0.028686294320238694,0.0,Kenya,2829,30.545876887340302
-0.09948170057340958,0.012831989150916717,7.490578023823928e-05,0.028732589225795954,0.0,Kenya,2930,30.545876887340302
-0.041761750012485874,0.025659631188579946,0.0001497861845268727,0.02872924137676779,0.0,Kenya,3030,30.545876887340302
0.021103809485526488,0.00020992247789243816,1.2254068181591523e-06,0.028725528966158927,0.0,Kenya,3100,30.545876887340302
-0.0007764530803472713,7.741045006986973e-05,4.518777325074821e-07,0.028726805987983238,0.0,Kenya,3211,30.545876887340302
0.12092970452235582,0.021622702165554702,0.000126220912246815,0.028719737602251428,0.0,Kenya,3212,30.545876887340302
0.1501921954179441,0.022906007529820062,0.00013371211165975614,0.028718031575327794,0.0,Kenya,3220,30.545876887340302
-0.03730851741937473,0.0010064348011392115,5.8749881371949355e-06,0.0287289400780217,0.0,Kenya,3230,30.545876887340302
0.012273390031302525,0.006893448692884267,4.0239992942627926e-05,0.028726055642671,0.0,Kenya,3240,30.545876887340302
-0.14947975948909215,0.019390564190201045,0.0001131909731877312,0.028735518828862456,0.0,Kenya,3250,30.545876887340302
0.9535137637071245,0.08474270393897193,0.0004946792179600093,0.02867124170872117,0.00021450022177305073,Kenya,3290,87.48548199767711
-0.28652047650967927,0.02999381847018265,0.0001750866797352801,0.028743536278665348,0.0,414,1392,30.545876887340302
-0.17087943308282888,0.01857421812984114,0.00010842561390660191,0.028736766650860522,0.0,414,1410,30.545876887340302
-0.16475422903300468,0.020081368414709103,0.00011722349135931577,0.02873641162444886,0.0,414,1512,30.545876887340302
-0.6655302156392409,0.03865086079833292,0.0002256215190746068,0.02876567526514294,0.0,414,2023,30.545876887340302
-0.5514466421417066,0.19822209559036158,0.0011571067085568837,0.02875928359561834,0.0,414,2029,30.545876887340302
0.08756887554771278,0.02032329524996088,0.00011863572122812048,0.028721682839638173,0.0,414,2220,30.545876887340302
0.0680938808874261,0.01412142470045995,8.243276415082766e-05,0.028722809280765857,0.0,414,2620,30.545876887340302
0.15598415888741793,0.0012951534098982688,7.560361496231102e-06,0.02871765724544955,0.0,414,2651,30.545876887340302
0.5943857819012701,0.09761847693020435,0.00056984058310267,0.028692227206264177,0.0,414,2819,30.545876887340302
0.35109039789327934,0.018188069917920865,0.00010617150250101185,0.02870629637091717,0.0,414,2930,30.545876887340302
-0.2527058181259191,0.054593640764486306,0.0003186863088344996,0.028741603642638343,0.0,414,3100,30.545876887340302
0.22580915780888441,0.05728516828276123,0.00033439790010986094,0.028713675109949374,0.0,414,3211,30.545876887340302
-0.0025866629245368646,0.006903940729568068,4.030123942474735e-05,0.028726923105129677,0.0,417,1392,30.545876887340302
-0.29562330895522754,0.044540011362940876,0.0002599989965486204,0.02874409205797219,0.0,417,1393,30.545876887340302
0.7834974270713633,0.05124996127352797,0.00029916782902664066,0.028681110259631517,0.0,417,1410,30.545876887340302
-0.047492122366238926,0.002663743357463714,1.554940330751388e-05,0.028729537317819943,0.0,417,1512,30.545876887340302
0.2550210928152311,0.0022498865204276745,1.3133544868068447e-05,0.028711877637977168,0.0,417,1520,30.545876887340302
2.9103794143983284,0.38631569206913263,0.0022550890584759017,0.028557513301592292,0.0,417,2599,30.545876887340302
0.17388938148283165,0.002003983377213386,1.1698103597906065e-05,0.02871661322956664,0.0,417,2930,30.545876887340302
-0.0688130035145573,0.058115245419674014,0.0003392434135269241,0.028730874908694637,0.0,417,3240,30.545876887340302
0.2567573264387079,0.028530989868231067,0.00016654752680308107,0.028711820334572827,0.0,417,3290,30.545876887340302
0.171762384856882,0.021034862290629588,0.0001227894407914897,0.028716769293270585,0.0,418,1103,30.545876887340302
-0.47269504941407575,0.03215646541428348,0.0001877109700789283,0.02875440772966811,0.0,418,1312,30.545876887340302
0.12474247161291656,0.0005864972269999786,3.423633848136368e-06,0.028719479767749388,0.0,418,1392,30.545876887340302
-0.12659343662407213,0.08137143837690768,0.000474999706518193,0.02873428681858814,0.0,418,1410,30.545876887340302
0.3453742406838815,0.027244489146278823,0.00015903767472780821,0.028706645223808627,0.0,418,1430,30.545876887340302
0.01288550960050466,5.271900541475146e-05,3.077432647060652e-07,0.028726008439686986,0.0,418,1512,30.545876887340302
-0.3988015815567072,0.026003224915522045,0.0001517918872981943,0.028750083918675604,0.0,418,1610,30.545876887340302
-0.4059205418787487,0.03148124939168985,0.00018376944687415508,0.028750508677034086,0.0,418,1629,30.545876887340302
1.5117464038761987,0.08498934781417454,0.0004961189831979431,0.028638655545561525,0.0,418,2220,30.545876887340302
0.019316682876377316,0.008167400482317951,4.7676591559656365e-05,0.028725646631747332,0.0,418,3211,30.545876887340302
0.014751492460973056,0.009030679476301574,5.27159183426755e-05,0.028725914569055624,0.0,422,1030,30.545876887340302
0.09941304086826569,0.022488186644716662,0.0001312731133851772,0.028720995074084456,0.0,422,1040,30.545876887340302
-1.4281127034099494,0.05144836140754383,0.00030032597502123627,0.028810212072473734,0.0,422,1050,30.545876887340302
0.0038074796423441214,0.013686916528036781,7.98963550803038e-05,0.028726561225992504,0.0,422,1061,30.545876887340302
-0.3237961580763942,0.06007769513642748,0.0003506990674776001,0.02874576270381187,0.0,422,1062,30.545876887340302
-0.020637419348467308,0.04700259824707863,0.0002743741639362592,0.028728044049606438,0.0,422,1071,30.545876887340302
0.2162253416949091,0.02351248519580581,0.00013725237983123315,0.02871417795103772,0.0,422,1072,30.545876887340302
0.0513067146903268,0.04575380525891843,0.0002670844279464575,0.028723842258984472,0.0,422,1073,30.545876887340302
0.0660340442170381,0.07773658922908785,0.00045378154554068836,0.028723036185028087,0.0,422,1074,30.545876887340302
0.0307106164882261,0.008688309919511309,5.071736157337189e-05,0.028724982392509157,0.0,422,1079,30.545876887340302
0.01875354229757943,0.003003007535073614,1.7529832657311035e-05,0.028725670844811695,0.0,422,1101,30.545876887340302
0.13839230934258598,0.02508739091649969,0.00014644577459044038,0.028718724042753854,0.0,422,1102,30.545876887340302
0.022496471575632615,0.026877035520578456,0.00015689269157587892,0.028725492386741023,0.0,422,1103,30.545876887340302
-0.029622794272248416,0.04775315370952879,0.00027875547550578194,0.028728569824301126,0.0,422,1104,30.545876887340302
-0.232081858707164,0.02573267439357779,0.00015021256879178414,0.028740351310443536,0.0,422,1312,30.545876887340302
0.031487114009127876,0.0018598408515576128,1.085668234803034e-05,0.028724925615065882,0.0,422,1392,30.545876887340302
0.0135247128095633,0.02926869567859962,0.0001708538294863242,0.02872602011777916,0.0,422,1393,30.545876887340302
0.04993945719383265,0.050702295167292466,0.00029597086895169554,0.02872393036917828,0.0,422,1399,30.545876887340302
-0.5353181002388406,0.07094159077754236,0.00041411624854390276,0.02875812842048889,0.0,422,1410,30.545876887340302
-1.2313159976219006,0.03384393612551179,0.00019756145458036688,0.02879869458202507,0.0,422,1430,30.545876887340302
-0.0171050608534333,0.0001356615052075825,7.91913925140902e-07,0.028727759255980582,0.0,422,1512,30.545876887340302
-0.0033213967284456054,5.578424677288646e-05,3.256363826669091e-07,0.028726954510907204,0.0,422,1520,30.545876887340302
0.3381884907485649,0.09102611430037469,0.0005313581576117223,0.028707171570122116,0.0,422,1622,30.545876887340302
0.5339919846191522,0.03854850388111259,0.00022502401819948938,0.02869565372132434,0.0,422,1629,30.545876887340302
0.00014646302355185263,0.06749256973904807,0.0003939828453039179,0.028726865162554262,0.0,422,1702,30.545876887340302
-0.48219127544301543,0.025274580303716633,0.00014753847868618857,0.0287549505142234,0.0,422,1709,30.545876887340302
-2.30723210980842,4.218420523611702,0.024624715387291492,0.028868552286858775,0.0,422,2011,30.545876887340302
-0.09486285057591458,0.02267181916362396,0.00013234505452727844,0.028732336107325746,0.0,422,2022,30.545876887340302
0.049331746693002124,0.004427153558066703,2.584317891803958e-05,0.028723888252525333,0.0,422,2023,30.545876887340302
-0.562186085184164,0.33095025827672836,0.0019318974653663996,0.028760133343288596,0.0,422,2029,30.545876887340302
0.17583238256921188,0.014241037054416277,8.313099235176025e-05,0.028716520321355576,0.0,422,2219,30.545876887340302
0.881776026675851,0.07432229604222147,0.00043385086354614665,0.02867541192349875,0.0,422,2220,30.545876887340302
-0.03032740508335539,0.018997729245025657,0.000110897828475159,0.028728562732322847,0.0,422,2310,30.545876887340302
-0.8286172959915532,0.10466722978689025,0.0006109871525259192,0.028775306263772678,0.0,422,2392,30.545876887340302
-0.13720141410484957,0.058972773639218865,0.0003442491705927899,0.028734868483135306,0.0,422,2393,30.545876887340302
-0.7661578615504792,0.060285818368434996,0.00035191397133201247,0.02877158567864663,0.0,422,2395,30.545876887340302
0.15837863423146695,0.0584350389895622,0.00034111018465538435,0.028717613257280974,0.0,422,2396,30.545876887340302
0.03532347251669715,0.05762745970961623,0.00033639600080149085,0.028724795180985717,0.0,422,2399,30.545876887340302
-2.334900648402707,0.8884847080558897,0.005186463260212167,0.028864555667914387,0.0,422,2420,30.545876887340302
0.04086987607845179,0.006238286512170257,3.641553254511712e-05,0.028724385244887435,0.0,422,2593,30.545876887340302
0.6478908916962903,0.43759161212962394,0.0025544084199866073,0.028689673236833847,0.0,422,2599,30.545876887340302
0.09680472474176408,0.06194870310694999,0.0003616209370502486,0.028721213491571168,0.0,422,2620,30.545876887340302
-0.005286858841199577,0.0006254156771782289,3.650817400271512e-06,0.028727070198520544,0.0,422,2630,30.545876887340302
-0.5172965581767173,0.008849752514546748,5.1659770688793546e-05,0.028756972190106665,0.0,422,2651,30.545876887340302
0.44765622331500776,0.03375933205040051,0.00019706758459785587,0.02870068549467486,0.0,422,2660,30.545876887340302
-0.9928395883237162,0.12715841271065265,0.0007422777564666988,0.028784930468396457,0.0,422,2710,30.545876887340302
0.5577687589703375,0.02911900937201668,0.00016998004682849095,0.02869424997223005,0.0,422,2740,30.545876887340302
-0.07551495959735299,0.0069096664200314125,4.033466271606371e-05,0.02873118025140955,0.0,422,2750,30.545876887340302
0.10256606949901792,0.0034042938602508784,1.9872311670721938e-05,0.028720779022926534,0.0,422,2790,30.545876887340302
-0.03676499714215087,0.0009995737333002804,5.834937165073759e-06,0.028728908338922558,0.0,422,2813,30.545876887340302
-0.22594729435384184,0.0675300069553712,0.0003942013822638273,0.028740063331928738,0.0,422,2815,30.545876887340302
0.2978773218700787,0.016092700686819325,9.393994079246353e-05,0.02870939913625413,0.0,422,2816,30.545876887340302
0.372700526004586,0.19580706451759117,0.001143009144673537,0.02870533252246532,0.0,422,2819,30.545876887340302
-0.11814732494350993,0.05965629600836298,0.0003482391814764394,0.028733757357537453,0.0,422,2825,30.545876887340302
0.06273771545554255,0.0036336802435182713,2.1211337585768348e-05,0.02872310435847973,0.0,422,2829,30.545876887340302
-2.614520789266217,0.9879363161180731,0.005767004609665631,0.028881046806948616,0.0,422,2910,30.545876887340302
-0.0030670816087636794,2.3057181857247373e-05,1.3459458052835904e-07,0.028726939610571135,0.0,422,2930,30.545876887340302
0.019616338197468608,0.0017729219265850923,1.0349299601991274e-05,0.0287256184170824,0.0,422,3030,30.545876887340302
-0.07809491179496282,0.01073119014819194,6.264252264254747e-05,0.028731337263605928,0.0,422,3100,30.545876887340302
0.19771838289185847,0.01194252028232493,6.971357201425306e-05,0.02871523888848987,0.0,422,3211,30.545876887340302
0.5359167053745031,0.07029219793694327,0.000410325466239296,0.028695594540403862,0.0,422,3212,30.545876887340302
0.16266403048173997,0.040444007210230226,0.00023608887760217934,0.02871733294019438,0.0,422,3240,30.545876887340302
0.10301012608975955,0.0004481623984822897,2.6161145974284413e-06,0.028720748145338988,0.0,422,3250,30.545876887340302
-0.016240036382006,0.016627356101375147,9.706095192447824e-05,0.02872773641673711,0.0,422,3290,30.545876887340302
-0.4858525555847688,0.021908273374813256,0.0001278879128958579,0.028755158588478377,0.0,426,1410,30.545876887340302
0.5651871121198998,0.09138613935870289,0.0005334597770553037,0.028693921227422876,0.0,426,1430,30.545876887340302
0.794899102123798,0.023804468633874552,0.00013895681138802112,0.028680398744061236,0.0,426,2220,30.545876887340302
0.0,0.0,0.0,0.028726760533303364,0.0,430,1040,30.545876887340302
0.6595784664798133,0.038562380575793434,0.0002251050223703916,0.028688322710793603,0.0,450,1020,30.545876887340302
0.04205236621764817,0.021611999991381817,0.00012615843910276562,0.02872434199595058,0.0,450,1030,30.545876887340302
0.33926174903427647,0.00960013929783143,5.6040097606260285e-05,0.02870697246898708,0.0,450,1040,30.545876887340302
0.7760991404726393,0.07069308257269433,0.0004126656004206212,0.02868157468343489,0.0,450,1073,30.545876887340302
0.057262372663319995,0.001699977849246877,9.923493987404455e-06,0.028723420735346488,0.0,450,1079,30.545876887340302
0.049266541276951833,0.011757879280430594,6.86357439278821e-05,0.028723904350542496,0.0,450,1312,30.545876887340302
0.05139958659667813,0.009045187110421227,5.280060557552481e-05,0.028723775287073677,0.0,450,1392,30.545876887340302
-0.15451084433383502,0.11598165567628907,0.0006770342703363802,0.0287359745410725,0.0,450,1394,30.545876887340302
0.07405702248235942,0.07681324104995402,0.0004483915693666019,0.02872256629938003,0.0,450,1399,30.545876887340302
-0.5913547918968128,0.04595377231798939,0.00026825172074927185,0.028761357581351628,0.0,450,1410,30.545876887340302
0.5469580609035379,0.05567123749376477,0.00032497669942316455,0.028694925515994268,0.0,450,1430,30.545876887340302
0.27174906772217783,0.004048483993823158,2.3632723560842647e-05,0.028710904169191427,0.0,450,1512,30.545876887340302
0.3531763751482824,0.061661851746758665,0.0003599464636155515,0.028706247452766065,0.0,450,1629,30.545876887340302
-0.8221022725608921,0.044504175358131746,0.00025978980654157795,0.028774824894773433,0.0,450,1709,30.545876887340302
0.006687036719001928,0.2738454513907392,0.0015985524114669881,0.028726829395943107,0.0,450,2029,30.545876887340302
0.4251907407697044,0.048682381178317025,0.0002841797715950141,0.028702021906066456,0.0,450,2220,30.545876887340302
-0.2438809420773305,0.08528591152872544,0.0004978501517773056,0.028741139989329922,0.0,450,2399,30.545876887340302
-6.326796134110862,0.793193923160721,0.004630210405869866,0.02909742981418791,0.0,450,2420,30.545876887340302
-1.4413374479268024,0.3715228711351444,0.0021687370688542626,0.02881152237869348,0.0,450,2599,30.545876887340302
-0.3556944806596636,0.005927248930735008,3.4599873846624704e-05,0.02874753388010602,0.0,450,2630,30.545876887340302
0.12921635378122448,0.0017718043853654861,1.0342776038417577e-05,0.028719220595327253,0.0,450,2651,30.545876887340302
-0.18793352290616264,0.006988350140259437,4.079397306821644e-05,0.0287377427358941,0.0,450,2813,30.545876887340302
1.176481498191133,0.15250634210083425,0.0008902444049780643,0.02865833943199839,0.0,450,2819,30.545876887340302
-0.0810374047206015,9.750055573439524e-05,5.691522269113717e-07,0.02873149119492875,0.0,450,3030,30.545876887340302
0.2934027130096478,0.02600548269231221,0.0001518050669019239,0.02870967695136297,0.0,450,3211,30.545876887340302
0.09959034720069469,0.06405316677919001,0.00037390558688109006,0.028721054410642075,0.0,450,3240,30.545876887340302
0.6813766490236735,0.03273473212087162,0.00019108655887762108,0.02868704049635812,0.0,450,3290,30.545876887340302
0.17271220979462493,0.016217633332035936,9.466922579708098e-05,0.0287167057726704,0.0,454,1072,30.545876887340302
-0.3134561735775324,0.014208746324545031,8.294249762292119e-05,0.028745082145690975,0.0,454,1079,30.545876887340302
0.12239497102177374,0.04308483001533124,0.0002515044838936556,0.028719688049400068,0.0,454,1200,30.545876887340302
1.7920050114752946,0.08546148772154988,0.000498875064716375,0.02862229636592605,0.0,454,1410,30.545876887340302
0.00012835732371072538,9.624194149897089e-07,5.618051601226906e-09,0.02872675304215415,0.0,454,2630,30.545876887340302
0.13077624196194895,0.006022088401089315,3.515349218597338e-05,0.02871913666343216,0.0,454,3100,30.545876887340302
1.8719574789877207,0.20674826159703508,0.0012068775671244352,0.028617831792920042,0.0,Malaysia,1020,30.545876887340302
0.205439295659573,0.25407512391244647,0.001483144598390617,0.028715194055392634,0.0,Malaysia,1030,30.545876887340302
-2.875833663983522,0.4802151828275263,0.0028032203369946604,0.028895445182936262,0.0011037527583539486,Malaysia,1040,96.42857142857143
0.5118324823428569,0.23241794416796926,0.0013567224258466228,0.028697272035965428,0.0,Malaysia,1061,30.545876887340302
-0.014077642931634323,0.14614389499665884,0.0008531040942314067,0.02872782738348834,0.0,Malaysia,1071,30.545876887340302
0.3593943907375755,0.14836913829415874,0.000866093786122413,0.028706029774758206,0.0,Malaysia,1073,30.545876887340302
-0.16482350578160132,0.1025765351605063,0.0005987828784739889,0.028736554052167955,0.0,Malaysia,1074,30.545876887340302
0.8321134243139064,0.27316266839651165,0.0015945667166293051,0.02867864383248277,0.00012985327339265496,Malaysia,1079,83.87533875338752
0.4307934276082122,0.06890920464275245,0.00040225234596563865,0.028701728741435114,0.0,Malaysia,1080,30.545876887340302
0.4313726242452356,0.1448286450333285,0.0008454264206024094,0.028701822130673422,0.0,Malaysia,1104,30.545876887340302
2.050678827130434,0.339932196935511,0.0019843288628196977,0.028607621354527282,0.0,Malaysia,1311,30.545876887340302
0.3063845684960435,0.5768442149363648,0.003367285109700717,0.02870984230472559,0.0,Malaysia,1312,30.545876887340302
-0.19746630126953618,0.11754893653265501,0.0006861831555183912,0.02873848468009981,0.0,Malaysia,1391,30.545876887340302
-0.23858403740372772,0.3090944863843927,0.0018043160259613152,0.028741206280849557,0.0,Malaysia,1392,30.545876887340302
0.8742627532874849,0.18319048527741327,0.0010693608037336928,0.028676032746964796,0.0,Malaysia,1393,30.545876887340302
0.3298805190557898,0.09641525476686078,0.0005628168634061214,0.028707665575462345,0.0,Malaysia,1394,30.545876887340302
-0.7354100168468348,0.13981380100511395,0.0008161526423682958,0.02876992435139793,0.0,Malaysia,1399,30.545876887340302
1.7445922026782503,0.7489814864373782,0.004372123601864177,0.028626172835459852,0.0,Malaysia,1410,30.545876887340302
0.15150206196937235,0.17232571341540398,0.001005938507793228,0.028718205600846602,0.0,Malaysia,1430,30.545876887340302
0.6571563895843445,0.07367462956141453,0.00043007015873815257,0.028688522899647805,0.0,Malaysia,1511,30.545876887340302
0.1693566083773863,0.34508711251222635,0.002014420298277974,0.02871745295772054,0.0,Malaysia,1512,30.545876887340302
-0.07571174640258402,0.350013814169171,0.0020431795519894767,0.02873176719166017,0.0,Malaysia,1520,30.545876887340302
-0.004744548424243092,0.17549833701053374,0.0010244584615588111,0.02872733179236262,0.0,Malaysia,1610,30.545876887340302
0.32384623765157455,0.1644559422810975,0.0009599993053688333,0.028708131848425054,0.0,Malaysia,1621,30.545876887340302
0.21189629271266966,0.08843676468928388,0.0005162430222537344,0.028714539481959272,0.0,Malaysia,1622,30.545876887340302
-0.3407231210527717,0.07009740967926974,0.000409188404303638,0.028746767619977104,0.0,Malaysia,1623,30.545876887340302
0.2122292235449499,0.16220821447926215,0.0009468783618596479,0.028714643703311546,0.0,Malaysia,1629,30.545876887340302
0.11202034922875619,0.19834790846801714,0.0011578411318527557,0.028720553967298446,0.0,Malaysia,1701,30.545876887340302
-0.31392336320528125,0.11512124451229083,0.0006720116842971475,0.028745278747280063,0.0,Malaysia,1702,30.545876887340302
-0.047538284954938406,0.1936956920634869,0.0011306841653435083,0.02872986038923717,0.0,Malaysia,1709,30.545876887340302
-0.500257069075108,0.04559135167582487,0.0002661361172636004,0.028756039197051022,8.490405889460817e-05,Malaysia,1811,80.79752226093689
-1.0400714910194186,0.9283829657052015,0.00541936636542984,0.028789034114607762,0.0,Malaysia,1920,30.545876887340302
0.14299250167643113,3.4709002439518875,0.020261121471080536,0.028724233304398675,0.0006046292837709188,Malaysia,2011,93.57336430507162
3.325521396459988,0.9283762674906907,0.005419327265101883,0.02853418206116532,0.0,Malaysia,2012,30.545876887340302
1.2754664474265283,1.1096786243325856,0.006477666259824585,0.02865416225110187,0.0016265829326584935,Malaysia,2013,97.67711962833914
-0.18238110204259955,0.11460226661845661,0.0006689821895238236,0.028737599143617606,0.0,Malaysia,2021,30.545876887340302
-0.33389865803997565,0.2011674071116833,0.0011742997450342812,0.02874658918971918,0.0,Malaysia,2022,30.545876887340302
0.4100121360903238,0.28361129176291416,0.001655559776744226,0.028703301580776542,0.0,Malaysia,2023,30.545876887340302
-0.6840333585750842,0.2426218953999628,0.0014162872306135294,0.028767097895501137,0.001275905524380505,Malaysia,2029,96.96089818041037
0.48893585570055637,0.23236457441806146,0.0013564108839094415,0.028698608538204134,0.0,Malaysia,2030,30.545876887340302
1.351529670231026,4.334311505130314,0.025301220353990822,0.028655116090228767,0.002207505516707897,Malaysia,2100,98.15137437088657
-0.7407083205638612,0.08836817664178262,0.000515842644638645,0.02877014723811891,0.0,Malaysia,2211,30.545876887340302
0.07121968014929735,0.23016267448845967,0.0013435574571886463,0.028722989047419396,0.0,Malaysia,2219,30.545876887340302
-0.37823917737089313,0.3252592664892827,0.0018986767249843386,0.028749385821259597,0.0011037527583539486,Malaysia,2220,96.42857142857143
-0.18909739829464134,0.21275736336791068,0.0012419552508244924,0.028738155868021163,0.0,Malaysia,2310,30.545876887340302
-0.1485349548468594,0.011420148567622586,6.666426606456944e-05,0.028735450306859308,0.00020068231970071793,Malaysia,2391,87.175764614789
1.6540320355336633,0.26111442972592286,0.0015242360214032646,0.02863064404464888,0.0006020469591021538,Malaysia,2392,93.5152922957801
0.05238891174228456,0.12691080892924944,0.0007408323878478653,0.028723915165695002,0.0,Malaysia,2393,30.545876887340302
-0.3839660963588673,0.008348570801043467,4.873415979171614e-05,0.02874918827866516,0.00020068231970071793,Malaysia,2395,87.175764614789
-0.13086742026443232,2.5836256408225133,0.015081722108181927,0.028738734117436483,0.0015051173977553844,Malaysia,2399,97.52226093689508
45.74948227707279,475.00393528438696,2.772800067881078,0.02679925846149383,0.024691874161362648,Malaysia,2410,99.96128532713898
1.3351403634044452,2.3767871091914965,0.013874317596462387,0.028652798089941613,0.0,Malaysia,2420,30.545876887340302
0.018603280589145697,0.0002737950769154837,1.5982583542223376e-06,0.0287256750397754,0.0003398171393200755,Malaysia,2431,90.2632597754549
-0.3534038414851776,0.0114891764648555,6.706721126968342e-05,0.028747409499226943,0.00017432674940209836,Malaysia,2511,86.1788617886179
-0.8984521820442205,0.1051223556509769,0.0006136439158347924,0.028779383612706863,0.0,Malaysia,2512,30.545876887340302
0.4864513811256385,0.07711271629217828,0.00045013973377174726,0.02869849347982805,0.0,Malaysia,2513,30.545876887340302
-0.6208577716099657,0.10161582786855272,0.0005931748212633727,0.028763173258867326,0.0,Malaysia,2520,30.545876887340302
-0.23461192444038603,0.27050995413317797,0.0015790816948367233,0.028740909671968514,0.0,Malaysia,2593,30.545876887340302
0.20872996508015174,0.49420694546283356,0.0028848962085045,0.028715404486783648,0.00042679524631239474,Malaysia,2599,91.63763066202091
-0.37466955445550315,0.42650738029727286,0.0024897050428266854,0.02874934736323644,2.5970652131945826e-05,Malaysia,2610,72.77390631049168
0.2978636891728391,0.1973283510280934,0.0011518895412897497,0.028709703666533984,0.00030905078165233135,Malaysia,2620,89.58575300038714
0.7095880003170015,0.21730887382768826,0.0012685243538873479,0.028685702747800565,8.260110189439729e-05,Malaysia,2630,80.56523422377082
-6.292374556340468,28.7105315346325,0.1675955878985904,0.029142915448495225,0.004822517279535532,Malaysia,2640,99.03213317847465
0.031175200738611967,0.011851837271856014,6.918421669968429e-05,0.028724960577335607,0.00044723073369823396,Malaysia,2651,91.98606271777004
-0.3545284976679876,0.047125610753593894,0.00027509224027432474,0.028747534952345413,8.830021397443488e-05,Malaysia,2652,81.04916763453349
0.09770983995476562,0.02606885182076513,0.00015217497946606005,0.028721100500552665,0.0004415011208038777,Malaysia,2660,91.90863337204802
0.1887807864641417,0.031833552814090456,0.00018582599184353997,0.02871579395700991,0.00024541711900383234,Malaysia,2670,88.26945412311265
0.5978589255904748,0.10418797978475372,0.0006081895663592687,0.028692035466101287,0.0,Malaysia,2680,30.545876887340302
0.2675824442924627,0.04638086706065946,0.0002707448544761708,0.02871121834170625,0.0005666541401296854,Malaysia,2710,93.22493224932249
-0.08691968796762176,3.376140071259123,0.019707966025920676,0.028737497981641942,0.002207505516707897,Malaysia,2720,98.15137437088657
0.0690445607985993,0.09927262178111465,0.0005794965303784399,0.028722896556717968,0.0,Malaysia,2731,30.545876887340302
0.07359084373429711,0.1260243236169383,0.0007356575959112885,0.028722676023199105,0.0,Malaysia,2732,30.545876887340302
-0.3716327484387396,0.0847386208605872,0.00049465538329427,0.028748596524477935,0.0,Malaysia,2733,30.545876887340302
-0.35967849381908507,0.08850178706908465,0.0005166225855493889,0.02874790501546445,0.0001002339631668292,Malaysia,2740,82.01703445605885
-0.3335665672512808,0.17398726410860674,0.001015637686121387,0.028746524193576515,0.0007141983951441944,Malaysia,2750,94.3476577622919
-0.7390905053518254,0.2333481478679167,0.0013621524206124834,0.028770296285960638,4.415010698721744e-05,Malaysia,2790,75.9194734804491
-0.3965154601471101,0.1569878814424817,0.000916405056854121,0.028750170295761737,0.0,Malaysia,2811,30.545876887340302
0.8839270729050127,0.13983554973322518,0.0008162795989476072,0.028675396020663782,0.0,Malaysia,2812,30.545876887340302
0.37204729685816684,0.3220250411238272,0.0018797971754759568,0.0287055821563767,0.0,Malaysia,2813,30.545876887340302
-0.27163384186257067,0.1711908440948171,0.0009993137927216036,0.02874290418816623,0.0,Malaysia,2814,30.545876887340302
0.42214326034581273,0.11507236273543466,0.000671726340568145,0.028702311036108055,0.0,Malaysia,2815,30.545876887340302
0.09450466613721102,0.1372269408641157,0.0008010520391064209,0.028721473967809386,7.791195821482688e-05,Malaysia,2816,80.08130081300813
-0.7506435728518025,0.2947060094852197,0.0017203243645051926,0.028771073748169233,0.0,Malaysia,2817,30.545876887340302
0.4496259072906043,0.0727389485982453,0.00042460819085648154,0.02870063582134374,0.0,Malaysia,2818,30.545876887340302
0.13541716826864914,0.4395900081535942,0.002566073907826409,0.028719592623011384,0.001304736826568842,Malaysia,2819,97.11575687185443
0.8981034664924538,0.18114305387601493,0.0010574090755329985,0.028674637621067416,0.0,Malaysia,2821,30.545876887340302
-0.15738598005848828,0.2362446641724959,0.00137906061864909,0.02873634411418681,0.0,Malaysia,2822,30.545876887340302
0.2228362025359379,0.0897799466190954,0.0005240837466551612,0.02871390312097022,0.0,Malaysia,2823,30.545876887340302
-0.21799714474735873,0.17266661399621108,0.0010079284895247198,0.028739775630530574,4.598969826474786e-05,Malaysia,2824,76.15176151761518
0.21747456375221014,0.019784976551320582,0.00011549332594830493,0.02871409878060634,0.00016393973783124238,Malaysia,2825,85.84978706929927
-1.275989539344648,0.09736627019888291,0.0005683683451067692,0.028801409169698533,6.898454739712179e-05,Malaysia,2826,79.24893534649632
-0.7454431973413682,0.11946280404019852,0.0006973552144438711,0.028770475856746892,0.00024013836809899658,Malaysia,2829,88.1145954316686
0.11464762052621404,0.06811757292197831,0.000397631254799762,0.028720182264328684,0.0014191106893122196,Malaysia,2910,97.42547425474255
-0.6022935325450814,0.07688618624727067,0.0004488173815189794,0.028762048058418144,0.0,Malaysia,2920,30.545876887340302
-0.792694623600325,7.931358923548544,0.04629871655365937,0.028786361206903675,0.0026105016004294157,Malaysia,2930,98.4126984126984
0.2026853099701876,0.06064631001881661,0.0003540183144719283,0.0287150305858723,0.0,Malaysia,3012,30.545876887340302
-2.9472299869691083,0.3995774480205574,0.002332503570379508,0.028899476968411688,0.0,Malaysia,3020,30.545876887340302
-0.5970048698192725,0.3687703248329878,0.002152669284976017,0.028762229403280486,2.5970652131945826e-05,Malaysia,3030,72.77390631049168
-0.13552667571491164,0.08358307886284128,0.0004879099930105642,0.028734812002002865,0.0,Malaysia,3091,30.545876887340302
0.35371037442272296,0.08944125612124733,0.0005221066661182146,0.028706262831145725,0.0,Malaysia,3092,30.545876887340302
0.2391463538676339,0.07431133031958097,0.00043378685195756105,0.028712925096037567,0.0,Malaysia,3099,30.545876887340302
-0.015769605065240312,0.2455173569322655,0.0014331892714955891,0.028728092800189117,0.0,Malaysia,3100,30.545876887340302
0.8709950986054483,0.23991060315292084,0.0014004602642071512,0.028676318444062102,0.0,Malaysia,3211,30.545876887340302
0.5595444322600336,0.11153047069957811,0.0006510508098031827,0.028694284358496403,0.0,Malaysia,3212,30.545876887340302
-1.946482983355989,0.10867642191570243,0.0006343905127533732,0.028840567988475965,0.0,Malaysia,3220,30.545876887340302
0.15253888317536973,0.2018561327171658,0.0011783201294222336,0.028718194581960173,0.0,Malaysia,3230,30.545876887340302
-0.08305602733189489,0.02947904603765692,0.00017208173402889117,0.028731658308929025,0.00017320427286904305,Malaysia,3240,86.14014711575687
-0.30327899658552726,0.10443165869281744,0.0006096120238225227,0.02874463944945882,0.00022740552958566695,Malaysia,3250,87.8435927216415
0.8416670534501612,0.22103296675414932,0.0012902634687709,0.028677998868136358,0.0,Malaysia,3290,30.545876887340302
-0.5923017752465085,0.14802235600282435,0.0008640694703441105,0.02876158422803071,0.0,Malaysia,Wastes,30.545876887340302
0.0,0.0,0.0,0.028726760533303364,0.0,462,1020,30.545876887340302
-0.300569367652303,0.014383052430629498,8.395999652531181e-05,0.028744330179849797,0.0,466,1312,30.545876887340302
-0.0604640063720325,0.006990729008777252,4.08078595358806e-05,0.028730301798829787,0.0,466,1392,30.545876887340302
-0.17895250469109392,0.05101450992511038,0.0002977933993295811,0.028737292330142453,0.0,466,1410,30.545876887340302
-0.08130928689934934,0.0027177547292609565,1.586469066465142e-05,0.028731511460487785,0.0,466,1512,30.545876887340302
-0.0198112836688382,0.002249801472420898,1.313304840666793e-05,0.028727920775072968,0.0,466,2610,30.545876887340302
0.338049474422691,0.043434835081641886,0.00025354761238067304,0.028707099933365034,0.0,466,2620,30.545876887340302
-0.02013797379508826,0.004289335603907383,2.503867688287349e-05,0.028727943265610737,0.0,466,2630,30.545876887340302
-0.019551173696047922,0.002871718317398858,1.6763441634755264e-05,0.028727906634281295,0.0,466,2651,30.545876887340302
0.15427450936966144,0.020757941388960414,0.00012117293566825055,0.028717789671995966,0.0,466,3100,30.545876887340302
-0.2911505387353801,0.09604555597010941,0.0005606587742355254,0.02874391738428833,0.0,466,3220,30.545876887340302
-0.5939976700522299,0.04217711923466659,0.0002462057898676021,0.028761505517049292,0.0,478,1020,30.545876887340302
-0.5939976700522299,0.04217711923466659,0.0002462057898676021,0.028761505517049292,0.0,478,1410,30.545876887340302
0.13616536429435527,0.018882958247896414,0.00011022786133385476,0.028718843637820457,0.0,480,1020,30.545876887340302
0.3408378978530158,0.021421349775760733,0.00012504553267916055,0.02870690027175553,0.0,480,1072,30.545876887340302
-0.1678723602565399,0.0038164194179176646,2.2278063895889982e-05,0.028736566359160564,0.0,480,1101,30.545876887340302
-0.13042944442367696,0.0013067068534855448,7.627803862037774e-06,0.028734376446708097,0.0,480,1392,30.545876887340302
0.12145075265837571,0.07470715592502813,0.00043609745442656136,0.02871979618244012,0.0,480,1410,30.545876887340302
0.29495980542250044,0.03132536914707704,0.0001828595075647366,0.028709594972733628,0.0,480,1430,30.545876887340302
0.005971523375588632,2.1808060792021982e-05,1.2730292941314248e-07,0.028726411986646744,0.0,480,1512,30.545876887340302
0.12418485682828984,0.035857307074122,0.0002093143574266008,0.028719571449033428,0.0,480,1629,30.545876887340302
0.224395227580021,0.06391585372934813,0.00037310403218724405,0.028713768761375043,0.0,480,1702,30.545876887340302
0.09973047897000242,0.07817539402052895,0.00045634303580448156,0.028721069907529772,0.0,480,2220,30.545876887340302
0.12316284063940544,0.4468715911248955,0.0026085796056897707,0.02872032018669534,0.0,480,2599,30.545876887340302
-0.15312890967687284,0.009004918928040848,5.256554306226181e-05,0.028735714424355706,0.0,480,2610,30.545876887340302
-0.07442218929280461,0.06547070338185405,0.0003821803511432799,0.02873121467819002,0.0,480,2620,30.545876887340302
0.012272203830468825,0.00032511120575852377,1.897812431504216e-06,0.028726044697718275,0.0,480,2630,30.545876887340302
0.2510976817103012,0.010211222747224458,5.9607251695085964e-05,0.028712120007794415,0.0,480,2651,30.545876887340302
-0.24071053548521404,0.067425784920849,0.00039359299390547643,0.028740924953666105,0.0,480,2652,30.545876887340302
-0.09937094100337088,0.13218332996240603,0.0007716103363924141,0.028732782943041588,0.0,480,2710,30.545876887340302
-0.26238978276246405,0.07674866035083455,0.00044801458434900397,0.028742206110575562,0.0,480,2731,30.545876887340302
-0.011583474418879088,0.002638759276692157,1.5403560598194335e-05,0.028727441135037647,0.0,480,2790,30.545876887340302
0.0007610772039401368,4.733593523405306e-06,2.76319993752504e-08,0.028726716113926614,0.0,480,2930,30.545876887340302
-0.055623448269364044,0.009334262317206007,5.4488060548957155e-05,0.028730023165069663,0.0,480,3100,30.545876887340302
0.055084307001213015,0.010466183507799511,6.109556613148377e-05,0.028723562576762333,0.0,480,3211,30.545876887340302
-1.133819363927853,0.0666410541145478,0.000389012186313477,0.02879305840208822,0.0,480,3212,30.545876887340302
0.006322494209527161,0.0007922715218442213,4.624825956935832e-06,0.028726392790962015,0.0,480,3250,30.545876887340302
0.09728302838310317,0.014876591635765291,8.684099484942714e-05,0.028721106650725994,0.0,480,3290,30.545876887340302
-0.3023169596055688,0.03321825878790458,0.00019390910975684402,0.028744463798622735,0.0,Mexico,1010,30.545876887340302
0.2787390667256329,0.08873276051876547,0.0005179708758463319,0.028710638060784395,0.0,Mexico,1020,30.545876887340302
-0.0187836986533693,0.1205779147989166,0.0007038645903832876,0.02872805922434824,0.0,Mexico,1030,30.545876887340302
0.036309599573238524,0.31180619601459036,0.0018201454288107551,0.028725163827247897,2.5900024411384948e-05,Mexico,1040,72.74487030584591
-0.023570856744287123,0.04641908283440203,0.0002709679362069865,0.028728214308746735,0.0,Mexico,1050,30.545876887340302
0.07526983937124641,0.10580844401162148,0.0006176489055025701,0.02872254411701169,0.0,Mexico,1061,30.545876887340302
0.18022912557481097,0.03887430440677178,0.0002269258544845354,0.02871630495715182,0.0,Mexico,1062,30.545876887340302
-0.11995587955237845,0.05083778911326768,0.00029676180476230653,0.028733848139449628,0.0,Mexico,1071,30.545876887340302
-0.00786172632016597,7.824974051258405e-05,4.567770279104495e-07,0.02872721958693692,0.0002279273612657562,Mexico,1072,87.88230739450252
0.002889277213041764,0.047355916847262064,0.00027643663493028524,0.028726671284942995,8.23411210149061e-06,Mexico,1073,67.41192411924119
0.27600598758569655,0.026719293843979267,0.00015597188629598154,0.028710693670109155,0.0,Mexico,1074,30.545876887340302
0.07529864316710086,0.0767871481738713,0.00044823925414729735,0.02872249377662408,0.00019776840053964406,Mexico,1079,87.0305845915602
0.03889672196533743,0.011170436205894526,6.52065887652524e-05,0.028724508696422506,0.0,Mexico,1080,30.545876887340302
-0.516820634554221,0.23650251453487378,0.0013805658009206358,0.028757326566449876,8.23411210149061e-06,Mexico,1101,67.41192411924119
-1.488987776116175,0.0805896705589784,0.00047043619514996874,0.028813814635532765,0.0,Mexico,1102,30.545876887340302
-0.5352571362948193,0.07746815880453803,0.0004522146029447971,0.028758135818171236,0.0,Mexico,1103,30.545876887340302
-0.06166029731519232,0.05006327723215369,0.0002922406493844215,0.02873044386923647,0.0,Mexico,1104,30.545876887340302
0.1697275139561911,0.012579857016359207,7.343397769538772e-05,0.028716873904125074,0.00024560370366089046,Mexico,1200,88.28881145954317
-0.0052603275749281905,0.18311655814860325,0.001068929259629411,0.028727374676318213,0.000653776980470866,Mexico,1311,93.94115369725125
0.6657580494256429,0.8749924808014926,0.0051077033892556,0.028689362770944433,0.0011772887082770467,Mexico,1312,96.65118079752226
0.30786868562070563,0.09588696458013057,0.0005597330088171075,0.0287089496217172,0.00037941421032883227,Mexico,1391,91.0762679055362
0.0020344959670563056,0.00017607509030771737,1.0278252159429067e-06,0.028726642066377366,0.00029535824432969093,Mexico,1392,89.27603561749903
-0.8278828398901356,0.07354522708253568,0.0004293147814126901,0.028775211113255504,0.0,Mexico,1393,30.545876887340302
0.1609430715407578,0.02362145083472883,0.00013788845862671,0.028717405199448213,0.0,Mexico,1394,30.545876887340302
0.08045244604224903,0.017182923675266523,0.00010030403622792983,0.028722092991149306,6.58396675135009e-05,Mexico,1399,78.80371660859466
-0.31093020782453124,6.75024624380042,0.03940405931967235,0.028756241979081335,0.0025310448836535215,Mexico,1410,98.31591173054588
0.2687108470736044,0.015698979691850502,9.164162383026374e-05,0.02871110104920786,0.0,Mexico,1420,30.545876887340302
0.013646971427449096,0.0015680004779213916,9.15308591920397e-06,0.028725966530830427,0.0001674031955190003,Mexico,1430,85.98528842431281
0.015839862153277595,0.0004299615172856788,2.5098683100429627e-06,0.028725836614137055,0.00010360009764553979,Mexico,1511,82.30739450251644
-0.00905623765764789,0.18543859095710924,0.0010824839530767247,0.02872760015608837,0.0,Mexico,1512,30.545876887340302
-0.024330943137229832,0.18905478783592644,0.0011035932328241703,0.028728497879732463,0.0,Mexico,1520,30.545876887340302
-0.168524306129252,0.06870158552835458,0.0004010403848601982,0.028736713259889794,0.0,Mexico,1610,30.545876887340302
-0.1815350122649044,0.06185981531388736,0.00036110206118348273,0.028737461275902498,0.0,Mexico,1621,30.545876887340302
-0.16492395416250671,0.019759320890520925,0.00011534356294062745,0.028736420991813633,0.0,Mexico,1622,30.545876887340302
-0.09860276189608386,0.011651866250744715,6.801690076875481e-05,0.028732535939016098,0.0,Mexico,1623,30.545876887340302
-0.02553868218922526,0.06048425340098818,0.00035307232104421867,0.028728352766702856,0.0,Mexico,1629,30.545876887340302
0.11677508527712327,0.08325956005490491,0.0004860214760826578,0.028720083460511997,0.0,Mexico,1701,30.545876887340302
0.17579158613939969,0.033298904364918724,0.00019437987230175904,0.028716554649690706,0.0,Mexico,1702,30.545876887340302
0.2865849435151267,0.07831073645285054,0.00045713308716543256,0.028710162594483887,2.6428597266203724e-06,Mexico,1709,63.472706155632984
-0.05439771883833382,0.028100136341754307,0.00016403245145587094,0.028729983086090857,0.0,Mexico,1811,30.545876887340302
-0.31105300889331655,0.007560090320970972,4.413146375855808e-05,0.028744930706413332,0.0,Mexico,1812,30.545876887340302
1.5899245904691989e-24,1.0564151276878831e-23,6.166744568147247e-26,0.028726760533303364,0.0,Mexico,1910,30.545876887340302
-13.19036499289776,32.29284478808991,0.18850707450850876,0.029552446711087303,0.004967100918292999,Mexico,1920,99.09020518776617
-0.7861040980048333,2.253473608155646,0.013154484225317477,0.028776434165595898,0.0007615879294462502,Mexico,2011,94.56058846302749
-0.4404811087873746,0.6507769885308475,0.0037988621649911814,0.028753565598041535,0.0,Mexico,2012,30.545876887340302
-2.958975123705046,7.880870621598646,0.046003994854164273,0.028912789538893986,0.002849003067240119,Mexico,2013,98.52884243128146
-0.11994640544728279,0.033020058430724065,0.00019275212994463432,0.028733817700365125,0.0,Mexico,2021,30.545876887340302
0.26369486840626155,0.08508979646661183,0.0004967053447196218,0.028711510153510172,0.0,Mexico,2022,30.545876887340302
-0.02740331281160752,0.11846861298301897,0.0006915516982494552,0.02872855885410036,2.4144092094502412e-05,Mexico,2023,72.39643825009678
0.4089609457535702,0.5577911986749093,0.003256064547387958,0.028703822357896924,0.00020720019529107958,Mexico,2029,87.26287262872629
0.5224089728053601,0.1057724352253485,0.0006174387068966106,0.028696442481835917,0.0,Mexico,2030,30.545876887340302
0.025507891414199887,0.295740270407116,0.0017263617855482916,0.028725767439826015,7.770007505314425e-05,Mexico,2100,80.06194347657762
0.01336158972192604,0.005818260786289531,3.396366367683796e-05,0.028725990316861124,4.912073563900776e-05,Mexico,2211,76.67440960123886
-0.06435318880367613,0.09987604895624254,0.0005830189915369019,0.028730684608081897,5.285719453240745e-06,Mexico,2219,65.54394115369725
0.1618738570787951,0.1384322375191874,0.0008080878684938108,0.028717543330532593,0.0002624081389512867,Mexico,2220,88.69531552458382
0.2079269215143676,0.09268428879751887,0.0005410376276470335,0.02871477831199332,0.0,Mexico,2310,30.545876887340302
0.045506941493449804,0.045044149819283646,0.000262941867211643,0.02872417962740646,0.0,Mexico,2391,30.545876887340302
-0.030040591516119437,0.01410157276106359,8.23168799342625e-05,0.02872853777887836,0.0,Mexico,2392,30.545876887340302
-0.35618531101093437,0.03977236082716062,0.0002321681919020651,0.02874761932817949,0.0,Mexico,2393,30.545876887340302
0.24532628635706943,0.03392409210070186,0.00019802935911112626,0.028712496653363933,0.0,Mexico,2394,30.545876887340302
0.18186936891798147,0.038707213744393995,0.00022595047519698058,0.02871620892885935,0.0,Mexico,2395,30.545876887340302
0.11190743278848822,0.040216207483251554,0.00023475911367495716,0.02872029544383539,0.0,Mexico,2396,30.545876887340302
-0.17384040814765886,0.04089130828955957,0.00023869996431325076,0.028736976932711,0.0,Mexico,2399,30.545876887340302
3.4796719406301633,217.3641957610505,1.2688472915499385,0.028890209923474023,0.019174640998244286,Mexico,2410,99.92257065427798
1.7282964061381385,1.421681552895146,0.008298960100220687,0.028628248365687243,0.00014736222510691732,Mexico,2420,85.0077429345722
-0.06137922201255299,0.0922299328030422,0.0005383853583946264,0.028730498180435035,0.0,Mexico,2431,30.545876887340302
0.1468022487262438,0.03172875544435249,0.0001852142450087496,0.028718244251732056,0.0,Mexico,2511,30.545876887340302
-0.07363349997476185,0.02802625386013958,0.00016360116797626382,0.028731105838406507,0.0,Mexico,2512,30.545876887340302
-0.04028436671730528,0.01461110925457313,8.529126123690427e-05,0.028729136606627553,0.0,Mexico,2513,30.545876887340302
-0.05626201606610175,0.026230080467631353,0.0001531161396749905,0.028730088776959282,0.0,Mexico,2520,30.545876887340302
0.022804627678814155,0.1319798935896058,0.0007704227917292899,0.028725650639119606,0.0,Mexico,2593,30.545876887340302
0.024392694340464875,0.038849533848893766,0.00022678125819919202,0.028725401771779853,0.0006939878803677857,Mexico,2599,94.23151374370886
0.20514382662914213,0.28110140916205373,0.0016409085241353974,0.028715256606420887,0.0,Mexico,2610,30.545876887340302
-1.0374473709183822,0.47771342410577916,0.002788616506924643,0.02878812354068609,0.0,Mexico,2620,30.545876887340302
0.4467849965892684,0.17410998250056892,0.0010163540455876705,0.02870097149562286,0.0,Mexico,2630,30.545876887340302
1.0767112235728322,0.616946219438038,0.003601377571982811,0.028664940650895893,0.0,Mexico,2640,30.545876887340302
0.12372714725335819,0.12266725510904775,0.000716060958715036,0.028719743704174388,0.00014245013881009072,Mexico,2651,84.72706155632986
0.3567272081444723,0.030846237074043402,0.0001800626098004344,0.028705988537166105,0.0,Mexico,2652,30.545876887340302
-0.02713952895816677,0.06684089818964103,0.0003901787612064879,0.028728456875415045,0.0,Mexico,2660,30.545876887340302
-0.050895303108478146,0.11712509969922703,0.0006837090395938651,0.028729927937801967,0.0,Mexico,2670,30.545876887340302
0.28062490804853485,0.027544807808054187,0.00016079076253171898,0.02871042542717132,0.0,Mexico,2680,30.545876887340302
0.6718505789516847,0.44701359000021723,0.0026094085135405978,0.028688290351210614,9.971510007744655e-05,Mexico,2710,81.97831978319783
1.6507399913360812,0.791755784494648,0.004621815378598099,0.02863172312206792,0.0,Mexico,2720,30.545876887340302
-0.1572918587441314,0.025046302798956248,0.00014620592576677674,0.028735984342032256,0.0,Mexico,2731,30.545876887340302
0.24092645898254128,0.039276780477836754,0.00022927527855088828,0.028712762462100517,0.0,Mexico,2732,30.545876887340302
-0.4561680945506418,0.01803209720649414,0.00010526102342345918,0.028753419271962,0.0,Mexico,2733,30.545876887340302
-0.11577389083173469,0.07378300119448025,0.0004307027700687116,0.02873364250448299,0.0,Mexico,2740,30.545876887340302
0.214601162957112,0.06522261793273315,0.00038073217082504546,0.028714342675108577,7.942107185954228e-05,Mexico,2750,80.21680216802169
-0.16091042184544366,0.14739984011182453,0.0008604355802295202,0.028736400817461382,0.0,Mexico,2790,30.545876887340302
0.3410102808383997,0.05731313523104144,0.0003345611550859347,0.02870695035463558,0.0,Mexico,2811,30.545876887340302
0.18233952555335212,0.047145686474752424,0.00027520943080024704,0.028716195629084198,0.0,Mexico,2812,30.545876887340302
-0.20197698202488507,0.1291990957268241,0.0007541900914716208,0.028738767534022998,0.0005894489004276693,Mexico,2813,93.41850561362757
0.027213390662853904,0.06601652407502209,0.0003853665387569912,0.028725282669534447,0.0,Mexico,2814,30.545876887340302
-0.0012424738028049835,0.00010235666625767469,5.974994101416025e-07,0.028726833233428183,0.00014736222510691732,Mexico,2815,85.0077429345722
0.06167739704092662,0.0243034035831547,0.00014186930696640816,0.028723200910628324,0.00012210012937430292,Mexico,2816,83.43012001548587
-0.07799235131477905,0.14903689827948233,0.0008699917852653568,0.028731563240919862,0.0,Mexico,2817,30.545876887340302
0.06350717969399292,0.012743305050650345,7.438809341298941e-05,0.02872307471557135,0.0,Mexico,2818,30.545876887340302
0.1552175680327732,0.21762734527580382,0.0012703834072285043,0.02871806465298884,0.00032015066244639456,Mexico,2819,89.87611304684475
0.2535556223374085,0.07225005062285157,0.00042175428536505216,0.02871208050726665,0.0,Mexico,2821,30.545876887340302
-0.06459190350730268,0.09648725251293197,0.0005632371448824716,0.0287306928594613,1.4245014426705893e-05,Mexico,2822,70.04452187379016
0.08002386254579441,0.02039688869994856,0.00011906531750714766,0.02872212339806033,0.0,Mexico,2823,30.545876887340302
0.2676449673182919,0.27130380985406005,0.0015837157684374648,0.02871159166782952,0.0006426984327845275,Mexico,2824,93.84436701509871
-0.004838330227624947,0.012243629312493554,7.147127353474952e-05,0.028727063498822293,6.687913264613599e-05,Mexico,2825,78.99728997289974
-0.17119595984484362,0.05140927901522674,0.00030009783446908507,0.028736840208493833,1.4245014426705893e-05,Mexico,2826,70.04452187379016
-0.2875933340304498,0.10376360863403998,0.0006057123313974123,0.028743722684092966,0.00013810420932713896,Mexico,2829,84.43670150987224
-0.08694487655628562,0.4914167651070116,0.002868608738643031,0.028732660103266684,0.0016358791617676616,Mexico,2910,97.71583430120016
-0.1461454463561394,0.014512597100326312,8.471620387907595e-05,0.028735316008274024,0.0,Mexico,2920,30.545876887340302
0.16520457408640046,0.1913812307327795,0.0011171736698335046,0.028717437663078254,0.0,Mexico,2930,30.545876887340302
-0.8273691567154894,0.05725573483465491,0.0003342260845503576,0.02877515376521812,0.0,Mexico,3011,30.545876887340302
0.05785554320425419,0.008001190124989049,4.6706350987211005e-05,0.02872339667474182,0.0,Mexico,3012,30.545876887340302
0.407719185290485,0.22591583509417873,0.0013187668487620193,0.028703338759870918,0.0,Mexico,3020,30.545876887340302
-0.44687153809544333,0.23462328157462092,0.0013695959185834846,0.02875324012946798,0.0,Mexico,3030,30.545876887340302
-0.08459682101638327,0.017501183700742103,0.00010216185540518398,0.028731728162542672,0.0,Mexico,3091,30.545876887340302
-0.18079853734540996,0.02819952423743946,0.0001646126208890723,0.028737361818487468,0.00023741689801681787,Mexico,3092,88.00813008130082
-0.03940253417574091,0.013406328924493394,7.825844585817095e-05,0.028729083109801212,0.0,Mexico,3099,30.545876887340302
0.0026936127368684427,0.0008123999527386403,4.742324172012661e-06,0.028726604657976246,0.00023741689801681787,Mexico,3100,88.00813008130082
0.5213655908450796,0.11088324337222409,0.0006472726685207377,0.028696511950215452,0.0,Mexico,3211,30.545876887340302
-0.11433610032662218,0.03138086007681849,0.0001831834317310949,0.028733487452928076,0.0,Mexico,3212,30.545876887340302
-0.05218020676127015,0.029875645617417772,0.0001743968545152596,0.02872985661794687,0.0,Mexico,3220,30.545876887340302
-0.26384016529451865,0.757483085165938,0.004421751050776858,0.028743432969348944,0.0008900317479856312,Mexico,3230,95.29616724738676
-0.2463680632519032,0.396854457704479,0.002316608317367043,0.028741807920478504,0.0006667792913503945,Mexico,3240,94.07665505226481
0.00983337202407035,0.17080751369711822,0.0009970761300965056,0.028726472942345472,3.83891056117136e-05,Mexico,3250,75.20325203252033
0.5338813899699123,0.098173238193865,0.000573078960630248,0.02869576005445497,0.0,Mexico,3290,30.545876887340302
0.4106225499563109,0.10546462338899475,0.000615641878244601,0.028702967455494475,0.000423027464421466,Mexico,Wastes,91.52148664343787
-0.009419649595105323,0.002403831237834442,1.4032185681685827e-05,0.028727314429397657,0.0,496,1392,30.545876887340302
-0.3498046887584335,0.031323326287228524,0.00018284758252263514,0.02874723268490328,0.0,496,1393,30.545876887340302
0.04631430969088335,0.06783191936169194,0.0003959637734327322,0.028724170707305673,0.0,496,1410,30.545876887340302
0.4936708397862818,0.036050702075207636,0.00021044328633077305,0.028698003259008772,0.0,496,1430,30.545876887340302
0.01981848098190391,0.00017880756867216444,1.0437758547305332e-06,0.028725603944078637,0.0,496,1520,30.545876887340302
0.07911578556393617,0.07292728949417938,0.0004257076167985385,0.028722264481157504,0.0,496,2511,30.545876887340302
0.12714253308823492,0.007773968957719213,4.5379964359166314e-05,0.02871935171553139,0.0,496,2651,30.545876887340302
0.20573828898013916,0.12298331707243582,0.0007179059468686866,0.028714956860413792,0.0,496,2710,30.545876887340302
0.1568819534986473,0.0031526433455377157,1.8403320547814285e-05,0.028717607951193033,0.0,498,1030,30.545876887340302
-0.16735977733939345,0.03165529282417035,0.00018478541243896091,0.02873658313657788,0.0,498,1071,30.545876887340302
0.17751976869373562,0.03063196848176041,0.0001788118328634573,0.028716449297529263,0.0,498,1073,30.545876887340302
-0.36749885749708294,0.017448451455561387,0.00010185403485433092,0.0287482422864398,0.0,498,1079,30.545876887340302
0.24406289319820362,0.00877616468690163,5.1230207229772014e-05,0.028712528253312525,0.0,498,1101,30.545876887340302
0.10529216091826082,0.014282284832883874,8.337177318416834e-05,0.028720638126794377,0.0,498,1102,30.545876887340302
-0.007588262824198012,1.8014842745808587e-05,1.051603017952657e-07,0.02872720352269944,0.0,498,1392,30.545876887340302
-0.23118805711183352,0.09316541944491738,0.0005438461919402271,0.028740412267459287,0.0,498,1410,30.545876887340302
-0.09887846733270554,0.02104986968493758,0.00012287704533718891,0.02873256779586536,0.0,498,1430,30.545876887340302
0.0022170774055390195,0.0007416962419481503,4.32959653016283e-06,0.02872663235680959,0.0,498,1512,30.545876887340302
0.06681063188253956,0.0009867512741035612,5.7600870152328326e-06,0.02872286216692627,0.0,498,1520,30.545876887340302
-0.7930775831274757,0.0970338954035912,0.0005664281320127553,0.028773218825705247,0.0,498,2220,30.545876887340302
-0.08779915941855557,0.009791254440025278,5.715571800408064e-05,0.028731902165718443,0.0,498,2310,30.545876887340302
0.020735695745962353,0.0016081175930772267,9.387266588803465e-06,0.02872555279906373,0.0,498,2593,30.545876887340302
-0.12229084590347075,0.00037888016193787116,2.2116847055406995e-06,0.02873389980578696,0.0,498,2790,30.545876887340302
0.26540742587963784,0.00418738089942978,2.4443523894662898e-05,0.0287112745906859,0.0,498,3100,30.545876887340302
0.017401896437033194,0.008928971332599482,5.212220463461458e-05,0.02872575968306857,0.0,499,1101,30.545876887340302
-0.14825403050668984,0.014088850976439176,8.224261746473364e-05,0.028735438384609957,0.0,499,1102,30.545876887340302
-0.4125515243478114,0.015437724724272404,9.011656742962336e-05,0.02875086883033865,0.0,499,1103,30.545876887340302
-0.04173812604897793,0.000215655638684268,1.258873716961246e-06,0.028729197326966344,0.0,499,2630,30.545876887340302
-0.2556765737656961,0.01789351766003458,0.00010445207565000558,0.028741715484047213,0.0,499,2651,30.545876887340302
0.0,0.0,0.0,0.028726760533303364,0.0,500,2930,30.545876887340302
0.011575397948709435,0.0001885732400994908,1.10078223380481e-06,0.028726085144287455,0.0,Morocco,1020,30.545876887340302
0.10418662150867582,0.0039809863818310795,2.323871128176249e-05,0.02872068539124528,0.0,Morocco,1030,30.545876887340302
0.7809713694512168,0.09491671385656339,0.0005540692425357649,0.028681330826139856,0.0,Morocco,1040,30.545876887340302
-0.09332694055916399,0.014565563306187936,8.50253901579656e-05,0.028732232853590504,0.0,Morocco,1074,30.545876887340302
0.7143906970429421,0.06316980984650818,0.0003687490566274261,0.02868516428510613,0.0,Morocco,1079,30.545876887340302
-0.00031026525715297735,7.025186569151281e-08,4.100900297627531e-10,0.028726778644924303,0.0,Morocco,1102,30.545876887340302
-0.011173485049683714,3.384011473690478e-05,1.9753914750920003e-07,0.028727412833912887,0.0,Morocco,1103,30.545876887340302
-0.42886657909918735,0.10146710551745614,0.0005923066656238427,0.028751965600012013,0.0,Morocco,1312,30.545876887340302
-0.22932001325232326,0.01322478688186459,7.719870771553211e-05,0.028740169105192812,0.0,Morocco,1392,30.545876887340302
0.0068711334126764076,0.00016785837057462823,9.798607269328761e-07,0.028726359717490105,0.0,Morocco,1393,30.545876887340302
0.042859907856183044,0.004495267482794636,2.6240788876778524e-05,0.028724266155601863,0.0,Morocco,1399,30.545876887340302
-0.0852293556859369,0.18017781329631688,0.0010517745555930617,0.02873203792968022,0.0,Morocco,1410,30.545876887340302
0.010294222381905317,0.0006678228790953342,3.898366280648674e-06,0.028726160735595564,0.0,Morocco,1430,30.545876887340302
0.35068166193580375,0.021455676660240435,0.00012524591330876202,0.028706325706167674,0.0,Morocco,1512,30.545876887340302
0.19434153199556592,0.022697248515917867,0.00013249349647592146,0.02871545403733435,0.0,Morocco,1520,30.545876887340302
-0.21921078150701387,0.02061533066906762,0.0001203404562203433,0.02873959138464082,0.0,Morocco,1622,30.545876887340302
-0.018697481755852858,0.001460216826959592,8.523906890351467e-06,0.028727854433600288,0.0,Morocco,1629,30.545876887340302
0.0038736780699390404,7.307948782064917e-07,4.2659606318522825e-09,0.02872653441145873,0.0,Morocco,1709,30.545876887340302
-5.774927313947183,4.892963153635523,0.028562307713129665,0.029072171293946153,0.0,Morocco,2011,30.545876887340302
-0.06876412128199541,0.27306816899023967,0.0015940150833886903,0.02873123256781075,0.0,Morocco,2012,30.545876887340302
0.0972596663609206,0.008388377668581628,4.896652941397172e-05,0.028721097136496357,0.0,Morocco,2023,30.545876887340302
-0.9889475386715296,0.5378868681142966,0.003139874501306442,0.0287853934339914,0.0,Morocco,2029,30.545876887340302
0.0836493787352919,0.0015045965494203451,8.782970212380674e-06,0.02872188008580179,0.0,Morocco,2219,30.545876887340302
0.31097563532401,0.029765215647613356,0.00017375222779740626,0.028708657444308394,0.0004617557569872588,Morocco,2220,92.27642276422763
0.2193305425638377,0.014799617020124181,8.63916612679127e-05,0.028713982082845,0.00010864841169677675,Morocco,2310,82.68486256291135
0.6890883844009505,0.027356566639730486,0.00015969191874215446,0.028686581322627004,0.0,Morocco,2392,30.545876887340302
0.08914938588088364,0.007177166533330659,4.189617468937036e-05,0.028721568537588442,0.0,Morocco,2393,30.545876887340302
-0.13655739719114235,0.007639941666637174,4.459759003717739e-05,0.028734744784585237,0.0,Morocco,2395,30.545876887340302
0.3286745588286465,0.006990374451041869,4.080578983152721e-05,0.02870758611526605,0.0,Morocco,2396,30.545876887340302
-0.12859201892260982,0.006712894463949558,3.918602108880182e-05,0.02873427825638246,0.0,Morocco,2399,30.545876887340302
-21.383339578059864,43.69223278352935,0.255050152280345,0.03005164380642606,0.005901936907321215,Morocco,2420,99.32249322493224
0.17441539824149077,0.2690698909286271,0.0015706754332150358,0.02871703021577,0.001024399301968515,Morocco,2599,96.01238869531552
0.39869307151142885,0.06053653049718777,0.00035337748469681886,0.028703588554438372,0.0,Morocco,2610,30.545876887340302
1.3355148005187651,0.1656652067974657,0.0009670582968507974,0.028649077905531735,0.0,Morocco,2620,30.545876887340302
0.01867838695892903,0.0003163134809192063,1.8464563684916987e-06,0.02872567072679352,8.827683632262051e-05,Morocco,2630,81.02981029810297
-2.996826011959687,0.2513127103228273,0.0014670192149572657,0.02890212201775562,0.0,Morocco,2640,30.545876887340302
0.09804057896879988,0.063603865911708,0.00037128282655573137,0.02872114412425617,0.0,Morocco,2651,30.545876887340302
-0.08050280379373993,0.0006559838667287738,3.829256928377751e-06,0.028731460924673647,0.0,Morocco,2660,30.545876887340302
0.1023161773028678,0.13895848428228005,0.0008111597947496466,0.028721020876088497,0.00010864841169677675,Morocco,2710,82.68486256291135
0.03703469998390581,0.007389903103007547,4.313800855857336e-05,0.02872461105152073,0.0,Morocco,2732,30.545876887340302
-0.013070169703359124,0.00015669992025306223,9.147241048740254e-07,0.028727523757495554,0.0,Morocco,2740,30.545876887340302
-0.4612277555145988,0.00995577274968084,5.8116081374349374e-05,0.028753701070280475,0.0,Morocco,2790,30.545876887340302
-0.53386920436679,0.01600450419903551,9.342510036873647e-05,0.02875795161733489,0.0,Morocco,2813,30.545876887340302
0.8761707663458409,0.3607514308322516,0.0021058595889336873,0.028676218598769492,0.0,Morocco,2819,30.545876887340302
0.44528550159691005,0.047700726932679446,0.0002784494381035452,0.02870084724138835,0.0,Morocco,2829,30.545876887340302
-0.0633835369915675,0.0235079902073776,0.00013722614067131675,0.028730499925788675,0.0,Morocco,2930,30.545876887340302
-1.1473861593612404,0.04009246338378901,0.00023403676671759105,0.02879380573324561,0.0,Morocco,3030,30.545876887340302
0.02839199071259821,0.002973901279288715,1.735992705859676e-05,0.028725108158665264,0.0,Morocco,3100,30.545876887340302
-0.00262664010720848,0.0023856490839131396,1.3926048713374126e-05,0.028726917861986438,0.0,Morocco,3211,30.545876887340302
0.04546934110318981,0.011449387913620209,6.683494856748063e-05,0.02872412549216146,0.0,Morocco,3212,30.545876887340302
0.055246987079517945,0.012388251333542205,7.231549380324206e-05,0.028723556303192427,0.0,Morocco,3220,30.545876887340302
0.01706660473224784,6.922954478365128e-05,4.0412230766163496e-07,0.028725764399059904,0.0,Morocco,3230,30.545876887340302
-0.14823619120353976,0.0018474531041430989,1.0784369795816866e-05,0.02873541680941087,0.0,Morocco,3240,30.545876887340302
0.05399899207169939,0.0008513463325347313,4.96967076121022e-06,0.02872360980985808,0.0,Morocco,3290,30.545876887340302
0.10215460388785322,0.0014837850927848695,8.661484885449642e-06,0.028720799822089915,0.0,Mozambique,1030,30.545876887340302
-0.12180894437059242,0.003942321735464515,2.3013009290460838e-05,0.02873387765217083,0.0,Mozambique,1629,30.545876887340302
-0.1114385564623053,0.0005889348354238149,3.4378632056237635e-06,0.028733266663786707,0.0,Mozambique,3211,30.545876887340302
0.010016168338190384,1.1139118909021677,0.006502377637898681,0.02872804385284145,0.0,512,1071,30.545876887340302
4.702688869712222,1.0194948571274065,0.005951225240596863,0.028453937933611707,0.0,512,1393,30.545876887340302
-3.5422366969794923,0.3274938583955802,0.001911720988682404,0.028934089099343342,0.0,512,1410,30.545876887340302
-0.8962946706383973,0.22485152219192275,0.0013125540015234902,0.028779458812588355,0.0,512,2012,30.545876887340302
2.5278023596640717,0.8193078842930646,0.004782648707580051,0.028580568862858712,0.0,512,2023,30.545876887340302
-0.377568802248343,0.32035402926446643,0.0018700427682955374,0.028749338455639033,0.0,512,2220,30.545876887340302
-2.170882625229492,1.1671622206841652,0.0068132224689963685,0.028855450174502098,0.0,512,2396,30.545876887340302
3.0400993565440504,81.48689633622377,0.47567368375006025,0.028685747551387173,0.0,512,2410,30.545876887340302
1.5921682308591114,0.23234967663447958,0.0013563239192081861,0.028634207272149288,0.0,512,2710,30.545876887340302
-0.7681508684309899,1.1315896732290505,0.006605570374621211,0.028773501421593663,0.0,512,2812,30.545876887340302
1.1467293175675644,0.757309744604566,0.004420739188169761,0.028661088096056418,0.0,512,2813,30.545876887340302
-0.25129087418531915,0.8985167916700807,0.005245024800570276,0.028742937024960055,0.0,512,3211,30.545876887340302
-0.3444630864696408,0.08454813003319586,0.0004935434072875761,0.028747010188204605,0.0,516,1010,30.545876887340302
-0.536871918422984,0.030677499215793953,0.0001790776151297522,0.028758151530796607,0.0,516,1020,30.545876887340302
-0.8276695011196833,0.014209458157983721,8.294665289756315e-05,0.028775098991510577,0.0,516,1040,30.545876887340302
-0.6636109896719551,0.05985781910158551,0.0003494155575126348,0.02876559884168165,0.0,516,1073,30.545876887340302
0.4807073624027925,0.0039004919858780032,2.2768831245023195e-05,0.028698706133677525,0.0,516,1079,30.545876887340302
-0.05782841871237741,0.005458706162023711,3.186479035703203e-05,0.028730145378943972,0.0,516,1392,30.545876887340302
0.07676601321341414,0.05550332717990559,0.0003239965354811797,0.02872237243399105,0.0,516,1410,30.545876887340302
0.17338031163279174,0.1284613230613785,0.0007498833985268486,0.028716854929768228,0.0,516,1511,30.545876887340302
-0.07885238839890331,0.001798147307649056,1.0496550883782461e-05,0.02873136649850615,0.0,516,1512,30.545876887340302
-1.670985167941997,0.05157210009668656,0.0003010482903962638,0.028824389822348657,0.0,516,1629,30.545876887340302
-4.289047354800242,0.2965081057497528,0.0017308439671304507,0.02897763203340118,0.0,516,2029,30.545876887340302
-0.14234472880708104,0.029688273075951524,0.00017330308127023246,0.028735119599598735,0.0,516,2100,30.545876887340302
-0.4825625349474445,0.05849818158350844,0.0003414787748412225,0.02875502795392088,0.0,516,2220,30.545876887340302
1.2122345813564173,0.07425112160798283,0.00043343538809125355,0.028656121448924984,0.0,516,2396,30.545876887340302
-0.3243550991903577,0.012042869644871348,7.029935393859427e-05,0.028745714728512794,0.0,516,2593,30.545876887340302
-0.31379472905577566,0.39784542530448097,0.002322393016870445,0.02874574565591536,0.0,516,2599,30.545876887340302
-0.13938136937746168,0.003267219229429618,1.9072148730138282e-05,0.028734902297216397,0.0,516,2610,30.545876887340302
-0.34672819771960967,0.0475840905603693,0.0002777685819736579,0.028747080383769483,0.0,516,2620,30.545876887340302
0.017080870432507472,0.003109790691276643,1.815317137258093e-05,0.028725768664861078,0.0,516,2630,30.545876887340302
0.061956645076906625,0.004008908014184085,2.3401701729488806e-05,0.02872315058203231,0.0,516,2651,30.545876887340302
-1.0282669453409674,0.1061688366595214,0.0006197526707228781,0.02878696325779415,0.0,516,2710,30.545876887340302
-0.12628769028216125,0.04056200616484509,0.0002367776877047106,0.02873420051927083,0.0,516,2740,30.545876887340302
0.15950981971167685,0.007939435857233793,4.6345865052034065e-05,0.028717462575824533,0.0,516,2790,30.545876887340302
0.02769531546500425,0.0038904187194488517,2.271002930305231e-05,0.02872515036339582,0.0,516,2813,30.545876887340302
-0.002278709045995468,0.0012644406746667159,7.381078193485666e-06,0.02872689567160012,0.0,516,2930,30.545876887340302
0.02628130415760557,0.00012879740164161043,7.518452321893898e-07,0.02872522659773114,0.0,516,3030,30.545876887340302
-0.11187232200525718,0.01804955788928366,0.00010536294885781383,0.028733321270991163,0.0,516,3100,30.545876887340302
-0.19559127165166573,0.01961092821924095,0.00011447733178245436,0.028738210926739463,0.0,516,3211,30.545876887340302
0.019228532535762545,9.191706360122882e-05,5.365590077486963e-07,0.028725638236178543,0.0,516,3250,30.545876887340302
-0.10304348836536312,0.02550546055917547,0.00014888622496880705,0.028732818399342035,0.0,516,3290,30.545876887340302
-0.6045533339390723,0.15990079015528164,0.0009334089443519105,0.028762319353630657,0.0,Nepal,1079,30.545876887340302
0.9979907665246599,4.103989538468884,0.023956733040615276,0.0286753732487759,0.0017730495892465115,Nepal,1311,97.8513356562137
-0.12273724815159116,0.06578871203337362,0.00038403670294380194,0.028734035577925057,0.00016118634084705263,Nepal,1312,85.74332171893147
2.6573632239419425,2.0714764839002773,0.012092089577602999,0.02857509426176215,0.0013033561408519745,Nepal,1392,97.09639953542393
-0.012987146109013206,0.01838299449711194,0.00010730936020336776,0.028727549475627077,0.0,Nepal,1393,30.545876887340302
-0.14530214242857847,0.006641135596711326,3.876713404983421e-05,0.02873525357740119,0.0,Nepal,1399,30.545876887340302
0.523299784133625,0.3283444606308765,0.001916686315831446,0.02869676332538096,0.0,Nepal,1410,30.545876887340302
-0.10432078871286138,0.01505471321635018,8.78807662998282e-05,0.02873287543226026,0.0,Nepal,1430,30.545876887340302
0.3500994196075064,0.08703531498289696,0.0005080621640495281,0.02870646958734042,0.0,Nepal,1512,30.545876887340302
-0.3201261934024693,0.08951823394815134,0.0005225560184452368,0.028745597873089414,0.0,Nepal,1520,30.545876887340302
-0.21946676732259174,0.012172076777849995,7.105359094692434e-05,0.02873959216277888,0.0,Nepal,1629,30.545876887340302
0.5323822534067424,0.023390336675697822,0.000136539346949423,0.028695722297022823,0.0,Nepal,1701,30.545876887340302
0.1947114528966516,0.002196941562837485,1.2824482624379571e-05,0.028715398079969624,0.0,Nepal,1702,30.545876887340302
0.28468169478714206,0.02181087500169146,0.0001273193571523314,0.028710179005172552,0.0,Nepal,1709,30.545876887340302
-0.13375533291471156,0.05766145915242944,0.00033659447001477,0.02873466512046171,0.0,Nepal,2023,30.545876887340302
-2.7931303011871167,0.7778316188260881,0.004540534099343318,0.02889111924390096,0.0,Nepal,2029,30.545876887340302
-3.515279424801842,3.360130584934937,0.019614511842767718,0.028937638326114824,0.0018464593449607491,Nepal,2220,97.89005032907471
0.11340055610443685,0.009729325699853228,5.679421359917494e-05,0.0287201571717511,5.3728774219052866e-05,Nepal,2310,77.4583817266744
0.004802742844470245,0.004073216975648674,2.3777100498780297e-05,0.028726487007095222,0.0,Nepal,2393,30.545876887340302
0.001059614629964554,0.00029228030900228287,1.7061645187352423e-06,0.028726699169213873,0.00016118634084705263,Nepal,2593,85.74332171893147
0.02734224462896115,0.9373569069702001,0.005471751078693007,0.02872673630565632,0.0,Nepal,2599,30.545876887340302
0.14004811903112782,0.018501966788965415,0.00010800385208948187,0.028718616345951478,0.0,Nepal,2740,30.545876887340302
0.27778465016007114,0.04123880843376413,0.0002407284705041778,0.028710614176018986,0.0,Nepal,3100,30.545876887340302
-0.15186828816097953,0.050081355373757755,0.0002923461791885838,0.028735709739179462,0.00032237268169410527,Nepal,3211,89.89547038327527
-0.006909399562981013,0.0017254142636462467,1.007197716056174e-05,0.028727166757746614,0.0,Nepal,3212,30.545876887340302
-0.047078844112156244,0.001386623745993484,8.094312765460206e-06,0.02872951105119475,0.0,Nepal,3220,30.545876887340302
-0.18353175561356416,0.011142472311493717,6.504335161597202e-05,0.028737492754570666,0.0,Nepal,3240,30.545876887340302
-0.10331159903960449,0.01156108561926196,6.748697559879393e-05,0.02873281066179909,5.3728774219052866e-05,Nepal,3290,77.4583817266744
-0.47050033813255915,0.029962923878901093,0.00017490633486139735,0.02875427593290534,0.0,533,1410,30.545876887340302
0.11861498212514889,0.011003588340440788,6.423262678664489e-05,0.028719854919648517,0.0,533,1512,30.545876887340302
0.2656508175799386,0.025532034579377694,0.0001490413488310472,0.0287112961565326,0.0,533,2023,30.545876887340302
-0.17906033256388632,0.024225165475087865,0.00014141259784203276,0.028737253684851433,0.0,533,2620,30.545876887340302
0.8557463753049271,0.06934910086584262,0.0004048202073803336,0.02867692306645354,0.0,533,2710,30.545876887340302
-0.4671880544476571,0.015591678852594186,9.10152631787557e-05,0.028754058458345867,0.0,533,2813,30.545876887340302
0.06667472537065443,0.04101939209525382,0.00023944764398228517,0.02872293722230221,0.0,533,3211,30.545876887340302
1.8424996452152993,0.9514713341450391,0.005554142995309582,0.028620795629733724,0.0,540,2220,30.545876887340302
-6.005417987387731,74.2625748678989,0.43350224564234674,0.029203921989830083,0.0,540,2410,30.545876887340302
-0.14415868983602487,1.3459208748511897,0.007856712788948984,0.028737433506987653,0.0,540,2610,30.545876887340302
-1.2706486716598935,0.9983209362296863,0.005827624055551192,0.028802612210393375,0.0,540,2620,30.545876887340302
-0.6521948070868581,0.8187879675548919,0.004779613732372878,0.028766206832626765,0.0,540,2640,30.545876887340302
-3.8188513965829634,1.3316743552005268,0.007773549792350278,0.028951933730188544,0.0,540,2651,30.545876887340302
0.6675763675114067,0.7947050263748945,0.00463903135825277,0.02868912215780016,0.0,540,2710,30.545876887340302
0.2879275208753908,1.6375581636698442,0.0095591237252897,0.02871269766117288,0.0,540,2813,30.545876887340302
2.338307502621742,1.5696503338492431,0.00916271683021106,0.028592883460636626,0.0,540,2930,30.545876887340302
0.3090750262383919,0.13238850716015443,0.0007728080429914211,0.028708940374015536,0.0,558,1010,30.545876887340302
-0.13258256463344906,0.06161844919865493,0.00035969310447599785,0.0287346032980803,0.0,558,1020,30.545876887340302
0.30730170314791694,0.039548392336526364,0.00023086079253144292,0.02870888830299599,0.0,558,1030,30.545876887340302
0.16766719030284452,0.002127306060741482,1.2417990571165046e-05,0.028716976652111356,0.0,558,1040,30.545876887340302
0.43372246964949907,0.10933616862149018,0.0006382417349742951,0.028701625493164427,0.0,558,1050,30.545876887340302
0.9514816801189065,0.048765440469964685,0.00028466462401919646,0.028671300116460435,0.0,558,1061,30.545876887340302
-0.19936467183674852,0.10280918552364449,0.000600140957628251,0.02873857076935952,0.0,558,1071,30.545876887340302
-0.06294723319314605,0.06613934206594249,0.0003860834796247699,0.028730545955014935,0.0,558,1072,30.545876887340302
0.5552035949512008,0.10095825016406262,0.0005893362604258597,0.028694520044479567,0.0,558,1073,30.545876887340302
0.007867281214651387,0.00011292855257722292,6.592120085581275e-07,0.028726301475993553,0.0,558,1079,30.545876887340302
0.00853089802301721,0.0024047435829783036,1.403751142846162e-05,0.028726266580942714,0.0,558,1101,30.545876887340302
0.9686176918335884,0.07170616053562107,0.00041857936751960387,0.028670338205620538,0.0,558,1103,30.545876887340302
0.5689368155544259,0.10391779970387766,0.0006066124102749833,0.028693723330438202,0.0,558,1104,30.545876887340302
0.875535417652967,0.11383611935489005,0.0006645098619774164,0.028675842359677267,0.0,558,1200,30.545876887340302
0.6220737334817078,0.014373463757684288,8.390402336168435e-05,0.028690471515232942,0.0,558,1311,30.545876887340302
-0.04248400610496658,0.0032008644769353223,1.868480780819358e-05,0.028729245873498736,0.0,558,1312,30.545876887340302
1.0085831305467643,0.1296520780910932,0.0007568343422600744,0.028668102214846343,0.0,558,1391,30.545876887340302
0.15013548999642815,0.0215983470229742,0.00012607874091730793,0.0287180326933121,0.0,558,1392,30.545876887340302
1.2010311199191221,0.07558037468145523,0.0004411948038319857,0.028656777669078707,0.0,558,1393,30.545876887340302
-0.5089057577380125,0.15399217568073456,0.0008989178477543668,0.028756726026941924,0.0,558,1394,30.545876887340302
-0.5204208266388969,0.10824731048198749,0.0006318856067428135,0.028757321424538556,0.0,558,1399,30.545876887340302
-0.26756374583964443,0.026409739852028907,0.00015416488794052805,0.0287424236782638,0.0,558,1410,30.545876887340302
0.2198669115551345,0.08283177762697144,0.0004835243280442903,0.02871406480570769,0.0,558,1430,30.545876887340302
-0.0500567778091201,0.01333684773427982,7.78528545890685e-05,0.02872970492729363,0.0,558,1512,30.545876887340302
-0.18238981878315233,0.012389197933209337,7.232101950824429e-05,0.02873742818623192,0.0,558,1520,30.545876887340302
-0.7826389444017641,0.08065668772824955,0.0004708274028804752,0.028772581967544564,0.0,558,1610,30.545876887340302
0.048324656125301284,0.08844363658910492,0.0005162831364567439,0.02872408791514276,0.0,558,1621,30.545876887340302
-1.185926447732954,0.16446531321623764,0.0009600540075042527,0.02879626456545339,0.0,558,1622,30.545876887340302
0.5348803374708685,0.1919905592831097,0.0011207305798298522,0.028695858895541482,0.0,558,1623,30.545876887340302
0.18639426145446142,0.09010540156197244,0.0005259835656264744,0.028716030948823114,0.0,558,1629,30.545876887340302
-1.200517027466495,0.13222765683670445,0.0007718690912172347,0.028797062095599787,0.0,558,1702,30.545876887340302
-0.4069753005830327,0.06907314329047225,0.00040320932560256235,0.028750633338371308,0.0,558,1709,30.545876887340302
-5.382810878646332,0.14324720954624823,0.0008361949088186167,0.02904122094748598,0.0,558,1811,30.545876887340302
-5.14567527677113,3.8026618328705926,0.02219775501859708,0.029033580295291204,0.0,558,2011,30.545876887340302
-3.851179045308217,0.13597636826404594,0.0007937519147647404,0.02895180004507037,0.0,558,2013,30.545876887340302
-0.877329646932695,0.029027554543816,0.00016944618608544031,0.028778022760788828,0.0,558,2023,30.545876887340302
2.167321784185946,0.22226027018594413,0.0012974277610771391,0.028600615811890683,0.0,558,2029,30.545876887340302
2.0004589375957975,0.048789891422235186,0.00028480735463062775,0.02861006671743422,0.0,558,2030,30.545876887340302
-0.04049486453678203,0.009845034892449232,5.7469657386588147e-05,0.02872914090137676,0.0,558,2100,30.545876887340302
-0.15853663867981077,0.04980650262323667,0.00029074174674352234,0.02873609853925611,0.0,558,2219,30.545876887340302
0.21568813519820149,0.02848779214066101,0.00016629536328812653,0.028714217649586527,0.0,558,2220,30.545876887340302
-0.09251451529350894,0.05840445613984847,0.00034093165954966824,0.028732258956545364,0.0,558,2310,30.545876887340302
-0.6140865578914774,0.18263745901440848,0.0010661325541431255,0.02876291402920184,0.0,558,2392,30.545876887340302
-0.30016670705329707,0.12018771140679647,0.0007015868071655332,0.028744484208607826,0.0,558,2393,30.545876887340302
-1.0564265297532511,0.12205911332229308,0.0007125109763626054,0.028788633766747434,0.0,558,2395,30.545876887340302
57.07227412754482,95.29255957299935,0.5562632138918601,0.025537263472366616,0.0,558,2410,30.545876887340302
-1.7847565025318843,0.7035129346876794,0.004106704320016465,0.028832128414136425,0.0,558,2420,30.545876887340302
-0.7138388779632194,0.05876613258205127,0.0003430429188235319,0.028768529034147512,0.0,558,2431,30.545876887340302
-0.5405938302370821,0.03342341306286931,0.0001951066825458099,0.02875837340472102,0.0,558,2593,30.545876887340302
-0.036383305489288226,0.31099492287380803,0.001815409682319551,0.028729405938060136,0.0,558,2599,30.545876887340302
-0.33467828269857064,0.021041555086058678,0.0001228285094859606,0.02874633243729564,0.0,558,2620,30.545876887340302
0.08692790376360535,0.01660134348531404,9.690910521706766e-05,0.028721714015668795,0.0,558,2630,30.545876887340302
-0.008298313359975044,9.53506453209704e-05,5.566022851162293e-07,0.028727245101057123,0.0,558,2651,30.545876887340302
-0.9383098851221083,0.08269939000663037,0.0004827515251780391,0.028781672617443146,0.0,558,2660,30.545876887340302
-1.0108394118651631,0.14451006793307902,0.0008435667505247957,0.02878601035975567,0.0,558,2680,30.545876887340302
0.028329476583374397,0.06388503644983175,0.0003729241386150281,0.028725213944479803,0.0,558,2710,30.545876887340302
-0.5806582733866337,0.12105346170445434,0.0007066405599995526,0.028760859263116563,0.0,558,2732,30.545876887340302
-0.16562388110877554,0.07533971955225918,0.0004397899974524949,0.02873655508441047,0.0,558,2740,30.545876887340302
-0.3808204314597421,0.026303719794014267,0.00015354600375405548,0.028749034785139967,0.0,558,2790,30.545876887340302
-0.5943619842243661,0.09407069572906254,0.000549130674774303,0.028761613909970257,0.0,558,2811,30.545876887340302
0.01191563874850727,0.018347765729956833,0.00010710371490087027,0.0287260957334884,0.0,558,2813,30.545876887340302
0.0715615977439324,0.08362176091504143,0.0004881357966071221,0.02872272338426798,0.0,558,2814,30.545876887340302
0.16712149172670152,0.114692648988554,0.0006695097898726318,0.02871719720523422,0.0,558,2819,30.545876887340302
0.8793255222253146,0.07690493397204974,0.0004489268199650185,0.02867555929362376,0.0,558,2821,30.545876887340302
0.9079133230665742,0.047035357189538635,0.000274565391821187,0.028673840498223597,0.0,558,2822,30.545876887340302
-0.38351937883615855,0.05166998977410754,0.0003016197140920175,0.0287492349045475,0.0,558,2824,30.545876887340302
2.1598485339163758,0.09045909957859026,0.0005280482514356564,0.028600832011168937,0.0,558,2826,30.545876887340302
-0.09063144876871801,0.0018972883388688995,1.1075279264067563e-05,0.028732054258728476,0.0,558,2829,30.545876887340302
0.7838937508622018,0.7922993141584277,0.004624988192498517,0.028682327874148237,0.0,558,2910,30.545876887340302
0.05150872420589725,0.18117182958462003,0.001057577051587188,0.028724057528960494,0.0,558,2920,30.545876887340302
-0.032369152665823867,0.011802579674499606,6.889667914652332e-05,0.028728669851563422,0.0,558,2930,30.545876887340302
-0.25406186745949555,0.0430269338417781,0.0002511665192958211,0.02874166339488725,0.0,558,3100,30.545876887340302
1.1910923956629687,0.04542001824634272,0.00026513597113930786,0.028657307383315563,0.0,558,3211,30.545876887340302
-1.2683898304450862,0.1393270259886834,0.0008133111294915797,0.02880103608629519,0.0,558,3220,30.545876887340302
-0.36568179009357027,0.06433446958886899,0.0003755476710657317,0.02874821489849127,0.0,558,3230,30.545876887340302
-0.3853721569362788,0.0929913575090934,0.000542830118363533,0.028749412406197397,0.0,558,3240,30.545876887340302
0.28202697331929744,0.006834005216017969,3.9892996077030845e-05,0.02871030887234659,0.0,558,3250,30.545876887340302
0.28511110343672785,0.05418885369324945,0.00031632339447689334,0.02871020820225249,0.0,558,3290,30.545876887340302
0.4517959416558152,0.02120843594603971,0.00012380266406766192,0.02870042281384262,0.0,562,1410,30.545876887340302
-0.0631952206358356,0.05762557658288973,0.0003363850081895834,0.028730546152455558,0.0,562,2219,30.545876887340302
-0.08912116146194049,0.023074732901056664,0.00013469703343843158,0.028732001615831216,0.0,562,2220,30.545876887340302
-0.06150146223626389,0.021236001349386337,0.000123963575055115,0.028730386250535315,0.0,562,2630,30.545876887340302
0.017199143733700056,0.0007099208056568812,4.144109789189554e-06,0.0287257577365342,0.0,562,2651,30.545876887340302
-0.055682959974276906,0.05563716678703008,0.00032477781421205547,0.028730104293593406,0.0,562,2710,30.545876887340302
0.24427721385657075,0.023205494716109637,0.00013546034578749256,0.028712539927121982,0.0,562,2813,30.545876887340302
-0.4521609476017848,0.10354459386442824,0.0006044338490040343,0.028753328886454693,0.0,562,2819,30.545876887340302
0.03831995969387074,0.0036526850037992714,2.132227645739195e-05,0.028724529758941603,0.0,562,2829,30.545876887340302
-0.3043892982910169,0.05289967849807618,0.00030879793036353413,0.028744617794499872,0.0,562,3211,30.545876887340302
0.32216543535340186,0.06128214155437062,0.0003577299336691241,0.02870805706345359,7.470156560884789e-06,Nigeria,1010,66.99574138598528
-0.01639776866053262,0.07053182730443623,0.00041172428481129996,0.028727836020304265,8.217172580771148e-05,Nigeria,1020,80.5071622144793
0.051224492414411925,0.00191002156627819,1.114960853000025e-05,0.028723773544327067,0.0003566852828953415,Nigeria,1030,90.65040650406505
1.0450176268307825,0.19397343785461355,0.0011323054856974722,0.02866608299586961,0.0008478628005832434,Nigeria,1040,95.10259388308168
0.9136301308774576,1.8554636627133805,0.010831130834405197,0.028676534048307677,0.0013490422861650586,Nigeria,1061,97.19318621757647
1.456973358359106,0.20328963847104423,0.0011866881124143792,0.02864205069127259,0.0005534706870093942,Nigeria,1062,93.14750290360047
-0.2139753958202015,0.06735310398717294,0.0003931687243724041,0.0287393641817397,0.0004308922216296196,Nigeria,1073,91.77313201703446
-0.7983482504896247,0.19340941292009634,0.0011290130321817352,0.028773688376069726,0.00013069833221379668,Nigeria,1079,83.93341076267905
-1.041896336748891,0.08928224415059001,0.000521178445591434,0.02878773049083162,0.0,Nigeria,1104,30.545876887340302
-1.6943753635959362,0.3422985809925824,0.0019981424533747987,0.02882624442168084,7.093707972671837e-05,Nigeria,1312,79.42315137437089
0.4536784542291468,0.09367089062185616,0.0005467968422603948,0.028700434324754845,0.00012870012142229825,Nigeria,1392,83.82694541231128
-0.4526742619508638,0.08535430677323173,0.0004982494039192825,0.02875332831923167,0.0,Nigeria,1399,30.545876887340302
15.222842515377344,14.22236391466502,0.08302198929026174,0.02786126942790984,0.0034864286426454782,Nigeria,1410,98.664343786295
-0.07294446723495304,0.03597412681535267,0.0002099962839588943,0.02873107894640729,0.0,Nigeria,1511,30.545876887340302
0.7099039390867282,0.2557111636423118,0.001492694858371749,0.02868574861067953,0.0,Nigeria,1512,30.545876887340302
0.010930020277293347,2.945382527001177e-05,1.7193450967758846e-07,0.02872612255090647,0.00038610037881881,Nigeria,1520,91.1149825783972
0.3659319186427417,0.10303365972959544,0.0006014513090743409,0.028705572180339013,0.0,Nigeria,1629,30.545876887340302
15.068719189363387,5.048265297593645,0.029468872403065005,0.027855343937832244,0.00024827977176755667,Nigeria,2011,88.40495547812621
-0.46784140114501716,0.20321111636966943,0.001186229745500236,0.028754411519772958,0.0,Nigeria,2023,30.545876887340302
-0.39722580855759737,0.03707038516094332,0.00021639561034184114,0.028750010507567012,0.00045726937241852283,Nigeria,2220,92.1796360820751
0.7461656916279301,0.14401573027063785,0.0008406810912656731,0.02868344480350476,0.0,Nigeria,2310,30.545876887340302
3.8006704628022834,0.9869993516643405,0.005761535149503461,0.0285065416422775,0.00014187415945343673,Nigeria,2599,84.66898954703834
0.9065684234602016,0.5870950184962775,0.0034271234114397215,0.028674822998865368,0.0,Nigeria,2620,30.545876887340302
-0.14774659100350088,0.24237699670487534,0.001414857652734441,0.02873579170097847,0.0,Nigeria,2630,30.545876887340302
-2.420617611955052,27.811075069479163,0.1623450778241,0.028915004368542767,0.0045045046135783195,Nigeria,2651,98.95470383275261
0.960606061264066,0.355080882730607,0.0020727581870437235,0.02867128015677003,0.0002128112391801551,Nigeria,2710,87.43708865660085
1.5543600899141259,0.1930473317662233,0.0011268994104336617,0.028636348624438226,3.546853986335918e-05,Nigeria,2813,74.69996128532715
0.2271976503787813,0.007601741986039568,4.437460224889589e-05,0.0287135107813101,0.00037537538446485996,Nigeria,2829,91.03755323267518
0.04271892400428036,0.09795333064633702,0.000571795266712327,0.02872443109289247,0.00015273895405698568,Nigeria,2930,85.34649632210608
1.2943867198528105,0.31296458212612155,0.0018269074213966968,0.028651725113793464,0.0,Nigeria,3030,30.545876887340302
-1.659895432372686,0.16650027866679162,0.0009719329666460408,0.028823935841302474,0.0,Nigeria,3211,30.545876887340302
-0.7413068604497615,0.048503795209189404,0.00028313728931110793,0.028770115227674635,0.00012870012142229825,Nigeria,3290,83.82694541231128
0.0,0.0,0.0,0.028726760533303364,0.0,584,1020,30.545876887340302
0.48577606293037306,0.05513803747273316,0.00032186418404236993,0.028698496087882476,6.206388934515417e-05,Pakistan,1010,78.47464188927603
-0.38154812196209664,0.13711019495127208,0.0008003705435418341,0.028749263221170933,4.6872348320903257e-05,Pakistan,1020,76.32597754548975
-0.03142067460592159,0.0052960888581256495,3.091552396618156e-05,0.028728603573362453,0.00031237510847859085,Pakistan,1030,89.64382500967866
0.010037796572338248,0.5016610348521594,0.002928408899725342,0.028727015828898268,1.3467153621604666e-05,Pakistan,1040,69.68641114982579
-0.896824396979434,0.117028713945761,0.0006831463949421037,0.02877930859383957,5.355865141609684e-06,Pakistan,1050,65.64072783584979
0.14112642083539473,0.13508340778515943,0.0007885393245259053,0.02871874884230358,6.994868454057723e-05,Pakistan,1061,79.36507936507937
0.1682045061356896,0.10943306860719927,0.0006388073814184471,0.02871712516774395,0.0,Pakistan,1062,30.545876887340302
-0.24777447343666933,0.10057116740266156,0.0005870766936573321,0.02874139291753118,3.213519448763691e-05,Pakistan,1071,74.19667053813396
-0.42111910453364293,0.07244399627596236,0.00042288642865937853,0.02875146463319205,7.10757085471414e-05,Pakistan,1073,79.44250871080139
-0.15043087562207055,0.06870421210704317,0.00040105571731752123,0.028735657069539976,2.6779327527037822e-05,Pakistan,1074,73.01587301587301
0.6413858137110999,0.29340826086984156,0.001712748853690406,0.02868981149890143,9.755536302691326e-05,Pakistan,1079,81.68795973674023
-0.215414012144838,0.11189470648358457,0.0006531770090440651,0.02873952288565983,1.751477066136431e-05,Pakistan,1104,70.94463801780874
0.5309652668704525,0.11054927686975839,0.0006453231639547335,0.02869595101322291,7.552003353339387e-06,Pakistan,1200,67.0538133952768
1.658526377756,2.353363952630132,0.01373758666587661,0.028633878896110965,0.0016027336241677403,Pakistan,1311,97.63840495547814
2.5010708064730465,4.066706570811952,0.023739096495797907,0.028587548814943544,0.0021071487572044134,Pakistan,1312,98.08362369337979
-0.4227747343834979,0.03266261866295915,0.00019066560194202196,0.028751494512518613,0.00010635627404553816,Pakistan,1391,82.50096786682153
0.08022240649561356,0.010301063942323704,6.0131692975178865e-05,0.028722094881199735,0.000330120645230636,Pakistan,1392,90.08904374758033
0.3364777961549338,0.11366257545705055,0.0006634968124088446,0.02870730936482856,5.181459346204065e-05,Pakistan,1393,77.23577235772358
0.16878309495653587,0.06335544780221214,0.00036983270435735294,0.028717014150847524,2.7270836653769948e-05,Pakistan,1394,73.15137437088657
0.12454926225374854,0.03724464338365428,0.00021741282972860792,0.02871955250294367,0.00012074771075276658,Pakistan,1399,83.33333333333334
1.0494173926691035,2.3633842725120964,0.013796079536324654,0.02866945683625562,0.001821385114453733,Pakistan,1410,97.87069299264421
-0.6050225347181912,0.06704815530038996,0.0003913886091426095,0.028762190844753673,0.0,Pakistan,1420,30.545876887340302
-0.24688680775611016,0.09773585622522668,0.0005705257759885162,0.028741336343421648,6.071274765417911e-05,Pakistan,1430,78.30042586140146
0.07293658457536117,0.04551798991387529,0.0002657078734462268,0.028722579232696423,0.0003533217532094568,Pakistan,1511,90.5536198219125
0.01404938082734171,0.09586906581347632,0.000559628526100845,0.028726101170625837,0.00019490586419124156,Pakistan,1512,86.99186991869918
-0.047103104688553464,0.000349366139094239,2.0393987970139185e-06,0.02872951072784063,0.0004207919992040843,Pakistan,1520,91.46341463414635
0.22216730336878376,0.07519050313201618,0.00043891895772114816,0.0287139177133896,0.0,Pakistan,1622,30.545876887340302
0.14396420908539187,0.05836322852849404,0.0003406909964412801,0.028718454571090533,0.0,Pakistan,1623,30.545876887340302
0.3393613493969921,0.14407830575255012,0.0008410463709772826,0.02870719200827134,0.0,Pakistan,1629,30.545876887340302
0.31734849635135526,0.17334819439818616,0.0010119071643197642,0.028708526054995964,4.467975941224722e-06,Pakistan,1701,64.82771970576849
-0.16903446122695753,0.09993241710753747,0.0005833480364186951,0.02873679542951979,0.0,Pakistan,1702,30.545876887340302
-0.043363449626821836,0.11648075575696265,0.0006799477298569683,0.02872948718785039,5.789751958218403e-05,Pakistan,1709,78.01006581494386
-0.04843167079159005,0.09076479928913099,0.0005298327507106594,0.028729739915558626,0.0,Pakistan,1811,30.545876887340302
3.982592610479803,0.9401927211335277,0.005488304932504482,0.028495843596875254,0.002755070338025689,Pakistan,2011,98.50948509485094
-0.858811369202657,1.0482944147532256,0.006119340511667209,0.028778654070704162,1.8859411284211092e-05,Pakistan,2013,71.27371273712737
-0.1404448939064714,0.9216004454910001,0.005379773909213487,0.028736504858295566,0.0010603673290461302,Pakistan,2022,96.28339140534263
2.349677700577989,1.1374637712594133,0.006639859984048507,0.028591498284314017,0.0012062209425494075,Pakistan,2023,96.7673248161053
0.0767397358980452,0.18929576181301272,0.0011049999004544549,0.028722598293100702,0.0005481283296830952,Pakistan,2029,93.07007355787844
10.85890543672253,4.4062079596525985,0.02572091054847404,0.028100107625648716,0.0019579140935093164,Pakistan,2030,97.96747967479675
0.2425331005661425,0.40165868148584527,0.002344652615608726,0.028713276070907894,0.00011114551307400689,Pakistan,2100,82.84939992257065
-0.3332069963661005,0.15206990387450456,0.0008876967293617174,0.028746466424803194,5.09898854943458e-05,Pakistan,2219,77.11962833914053
-0.33655890781792175,0.29251355042442767,0.001707526048152401,0.028746897769461044,0.00023551180493086576,Pakistan,2220,87.97909407665504
0.28637307630017106,0.12800845151784876,0.000747239794646201,0.028710258252896862,6.146256782812998e-05,Pakistan,2310,78.397212543554
0.22447635495072335,0.05605997003569617,0.0003272458966625719,0.02871375085796767,1.1956753041886259e-05,Pakistan,2392,69.00890437475803
-0.5533649885753102,0.0958253591708853,0.0005593733918323876,0.028759223673506674,1.799835627025459e-05,Pakistan,2393,71.1188540456833
0.30827631704172254,0.06511394571847719,0.00038009780487419223,0.028708874254870155,5.756573591497727e-05,Pakistan,2395,77.93263646922183
0.49185893610734743,0.07849842314358585,0.0004582286942334028,0.028698180137810475,4.133651964366436e-05,Pakistan,2396,75.55168408826945
-0.05834168379080457,0.112799931372289,0.0006584611918610864,0.028730355363850126,0.0,Pakistan,2399,30.545876887340302
5.611680183360995,33.449774499585146,0.19526056546779316,0.028454743778861438,0.012419011443853378,Pakistan,2410,99.76771196283391
-0.9208076504285659,1.626638729387206,0.009495382341543068,0.028783245072744598,0.00018608201935421675,Pakistan,2420,86.62408052651955
0.3242979598299834,0.17462133520234208,0.0010193390288706803,0.028708122514710496,1.4893252227921039e-05,Pakistan,2431,70.30584591560202
0.07086923163208192,0.057923109789809496,0.0003381218361083881,0.028722720712519766,5.441705070552416e-05,Pakistan,2511,77.52613240418118
0.33195022248492567,0.049984711029268464,0.0002917820250309982,0.02870746694971277,5.5129621614469215e-05,Pakistan,2520,77.64227642276423
0.017997983470837916,0.0018416339784308913,1.0750401083199448e-05,0.02872571300256238,0.0003475132107269019,Pakistan,2593,90.41811846689896
-0.6650366581226266,4.963726841567515,0.028975385467072623,0.028773918906454404,0.002652454189956188,Pakistan,2599,98.45141308555942
2.6880687344603986,0.39216014248477005,0.002289205602162018,0.028570500561976353,2.8782867957488634e-05,Pakistan,2610,73.5191637630662
1.2208628856319115,0.5187230318605105,0.0030280070355484024,0.028656361288958737,8.005122799659148e-05,Pakistan,2620,80.27487417731321
-0.917452360379401,0.463040249288937,0.0027029629425940403,0.02878109407332615,0.0009425186435692012,Pakistan,2630,95.60588463027487
0.9701997817682518,0.580592119749968,0.0033891632247006467,0.028671097554473914,0.00012027353659505025,Pakistan,2640,83.2365466511808
0.10284515600539024,0.4229848812575608,0.002469142717231263,0.028721466197967928,1.50132718772511e-05,Pakistan,2651,70.34456058846303
-0.18488261657053756,0.13356883116069965,0.0007796980963693452,0.028737776986143805,0.0005799178034067154,Pakistan,2660,93.34107626790554
-1.1759575480629483,0.26747639317725225,0.0015613735088624823,0.028795855789537427,0.0003178981423843652,Pakistan,2710,89.83739837398373
0.4772332619997747,0.08520634193405908,0.0004973856701991476,0.028699045142277186,0.0,Pakistan,2731,30.545876887340302
-0.4883552014384107,0.09798319789230478,0.0005719696145345133,0.028755432376528292,1.4391433978744317e-05,Pakistan,2732,70.09291521486644
-0.07285103372985316,0.03756992820119367,0.0002193116556059428,0.028731076168696763,0.00016184139531105757,Pakistan,2740,85.79171506000775
-0.04939527665223137,0.004254662749606279,2.4836276680226385e-05,0.028729651081136877,0.00032726398785598576,Pakistan,2750,90.01161440185831
-0.6033241731208697,0.2164812379526433,0.001263693091154479,0.028762342599958888,4.002561399829574e-05,Pakistan,2790,75.33875338753387
-0.21059615872469223,0.13916080772556363,0.0008123408427696694,0.028739287388070783,0.0,Pakistan,2811,30.545876887340302
-0.41611013930836127,0.2133162484962507,0.0012452177011047646,0.02875140867016855,6.309840682661161e-05,Pakistan,2813,78.57142857142857
0.8728256589318149,0.15255103789431673,0.0008905053133411246,0.028676065347907998,0.0,Pakistan,2814,30.545876887340302
0.5424025340775351,0.12899639245663885,0.0007530068262403699,0.028695314267330685,6.880848377477378e-05,Pakistan,2816,79.2102206736353
0.5732013822674308,0.06077569211118457,0.00035477357279265284,0.02869340212645611,0.0,Pakistan,2818,30.545876887340302
-0.8340732936332871,0.2830329503896634,0.0016521837520844557,0.028775924371291,0.00037230481393635273,Pakistan,2819,90.97948122338366
0.35057505694371627,3.192559194581327,0.018636326341485012,0.028711646771845237,0.0017219235887750983,Pakistan,2822,97.8319783197832
0.4039943286043652,0.07252947899802381,0.00042338542767797135,0.028703299191073645,0.00014017020293977112,Pakistan,2824,84.5528455284553
0.22311837481052404,0.110003547732449,0.000642137510791523,0.028713920547329373,0.0,Pakistan,2825,30.545876887340302
-2.67695052473325,1.735698859165638,0.010132012720345522,0.028885952253280618,0.001298492425121367,Pakistan,2826,97.07704219899342
0.6484607140730743,0.25242871059707495,0.001473533783377286,0.02868932986941634,0.00010239112452836707,Pakistan,2829,82.22996515679442
0.29928087523851693,0.016513417067344348,9.639584130575092e-05,0.028709317909868363,0.0002928597677964717,Pakistan,2920,89.19860627177701
-0.6826594722461597,0.24985284538302335,0.0014584973621819572,0.028767029837547958,0.0008197368588298559,Pakistan,2930,94.88966318234611
0.3811817906683027,0.38194907967729624,0.0022295992841033056,0.028705149340190524,0.0,Pakistan,3030,30.545876887340302
-0.25285563618256407,0.029118370335476044,0.00016997631650031547,0.02874156964646137,0.00033416200312785804,Pakistan,3091,90.16647309330236
0.21179650995194377,0.15444519483525282,0.0009015623133031576,0.02871465595041355,6.071882671676576e-05,Pakistan,3100,78.31978319783198
0.33180999671571965,0.20504529518131948,0.0011969366276030219,0.028707734985454123,1.057280405802885e-05,Pakistan,3211,68.3894696089818
0.16303133936802106,0.0799267417434709,0.00046656639760073583,0.028717377686017453,2.1488574930117466e-05,Pakistan,3212,71.91250483933412
0.3295920664490213,0.09393412421978582,0.0005483334487682356,0.028707678255887555,0.0,Pakistan,3220,30.545876887340302
-0.07935359229614379,0.03181496806477277,0.00018571750475460927,0.028731446099432352,0.0004626781737897545,Pakistan,3230,92.29578010065815
-0.09679260886263327,0.06706762320202683,0.00039150225156737783,0.028732523218176834,8.866081043379381e-05,Pakistan,3240,81.06852497096399
-0.43072189796480936,7.203833811782471,0.042051842939691525,0.02876399939490791,0.00251140003092587,Pakistan,3250,98.27719705768486
0.37648715011776324,0.07262736307898503,0.0004239568187048083,0.028704905072931688,0.00013584074622485787,Pakistan,3290,84.37862950058071
0.31284930794771393,0.022776515168685563,0.00013295620965332575,0.02870853635791543,0.0003922627947758883,Pakistan,Wastes,91.21176926054974
1.1845805739040156,0.1462922425908002,0.000853970062255143,0.028657856254739832,0.0,591,1010,30.545876887340302
-0.1401395725335799,0.07121426562562233,0.0004157079676457938,0.028735060530333343,0.0,591,1020,30.545876887340302
-0.5738758091566201,0.04730501034341005,0.00027613947200835716,0.028760339524575185,0.0,591,1030,30.545876887340302
0.4438988166884419,0.07606844044142785,0.00044404385132792334,0.028700975715656378,0.0,591,1072,30.545876887340302
-1.361160865708409,0.11314387163218338,0.0006604689174926883,0.028806407541668102,0.0,591,1073,30.545876887340302
-0.007703801585490531,0.0008559228312366969,4.996385731274353e-06,0.028727211672301203,0.0,591,1079,30.545876887340302
0.10882539908952782,0.0045788985586765595,2.672897904881053e-05,0.028720415608418218,0.0,591,1101,30.545876887340302
-1.4775709336695237,0.11627568917166045,0.0006787506689498716,0.028813208205094653,0.0,591,1104,30.545876887340302
0.16080468335293524,0.12675412883301218,0.000739917779464206,0.028717586166294023,0.0,591,1200,30.545876887340302
0.28484983013970905,0.027421086392245744,0.00016006854798849293,0.02871017859274732,0.0,591,1392,30.545876887340302
2.175099189317471,0.12085284959762463,0.000705469501778525,0.02859999250355825,0.0,591,1399,30.545876887340302
-0.07781542423346025,0.020701846753653316,0.00012084548741564993,0.028731337671218445,0.0,591,1410,30.545876887340302
-0.21702486014536912,0.0939020891406617,0.000548146446381578,0.028739586732778606,0.0,591,1430,30.545876887340302
-0.12360818759007207,0.017986737955305518,0.00010499624217549005,0.02873400623874955,0.0,591,1512,30.545876887340302
0.4301642600923075,0.016883402598613192,9.855560426772105e-05,0.028701678302355194,0.0,591,1520,30.545876887340302
0.7613348352988576,0.09158527095881834,0.000534622192928736,0.028682471522610723,0.0,591,1610,30.545876887340302
0.6163483175203085,0.0998712462806882,0.0005829909562763202,0.028690948925299845,0.0,591,1621,30.545876887340302
0.6030329608130754,0.17992240003997262,0.0010502835997463378,0.02869186027958852,0.0,591,1622,30.545876887340302
0.33613527156999684,0.10163662295591624,0.0005932962110358988,0.02870730920674116,0.0,591,1629,30.545876887340302
0.779374269289293,0.07628264546886006,0.00044529425720982174,0.028681392857834238,0.0,591,1701,30.545876887340302
-0.06522100919435211,0.14612315416776425,0.000852983021188649,0.028730812830058003,0.0,591,1702,30.545876887340302
-0.003596716662074388,0.07921245541302688,0.000462396804385985,0.02872710332216546,0.0,591,1709,30.545876887340302
0.48032056603290263,3.7303527810827775,0.02177565631832919,0.028704972874506775,0.0,591,2011,30.545876887340302
-0.2860953310613334,0.12258426819965546,0.0007155765288168744,0.02874366681794665,0.0,591,2013,30.545876887340302
0.06341496825009273,0.07455024321565958,0.00043518148818108587,0.028723183729776416,0.0,591,2022,30.545876887340302
-0.1374340785892371,0.035722557966574614,0.00020852776955479588,0.028734843065332076,0.0,591,2023,30.545876887340302
0.5694301720856959,0.2050418778017793,0.00119691667890467,0.02869386391307472,0.0,591,2029,30.545876887340302
0.39125430637095887,0.006495195385471793,3.791521894435349e-05,0.02870393223794848,0.0,591,2100,30.545876887340302
-0.41443991974992433,0.18002026290084427,0.0010508548669024835,0.02875125528868214,0.0,591,2211,30.545876887340302
0.003951805797624844,0.058468729123668975,0.00034130684830214396,0.028726627895533693,0.0,591,2219,30.545876887340302
-0.5666997515307597,0.022546192347968612,0.00013161171735446474,0.028759879060280966,0.0,591,2220,30.545876887340302
-0.04342982127491486,0.06775583662297176,0.00039551964611626774,0.02872940934720812,0.0,591,2310,30.545876887340302
0.4354810605810011,0.19890745006932226,0.0011611074142450313,0.0287016729082292,0.0,591,2392,30.545876887340302
-0.03558405331287229,0.13345166489727742,0.0007790141470395864,0.02872906152934661,0.0,591,2393,30.545876887340302
-0.1044079049212347,0.13264212635539346,0.0007742885261401633,0.028733077743857055,0.0,591,2396,30.545876887340302
2.462806498929683,94.92919451966549,0.5541420974763792,0.028742269052165155,0.0,591,2410,30.545876887340302
-0.5162155464322364,0.6726089604934826,0.0039263046740805625,0.028758023358681228,0.0,591,2420,30.545876887340302
-0.5692713312820821,0.14947099182713625,0.0008725257739946943,0.0287602422634879,0.0,591,2511,30.545876887340302
0.5303005387629869,0.15787114689042747,0.000921561053072457,0.028696069086408184,0.0,591,2512,30.545876887340302
-0.2752915769453557,0.04058213758296399,0.00023689520335748768,0.02874289856446742,0.0,591,2593,30.545876887340302
-0.4310730207233065,0.2905639205218694,0.0016961452289115666,0.028752411782249146,0.0,591,2599,30.545876887340302
0.03404439617151861,0.0011937359018913021,6.9683443523779976e-06,0.028724775218693037,0.0,591,2610,30.545876887340302
-0.14195632964194999,0.01598396360238514,9.330519616677997e-05,0.0287350739395564,0.0,591,2620,30.545876887340302
0.3896166454484008,0.021749045244754357,0.000126958430554682,0.028704053394241143,0.0,591,2630,30.545876887340302
0.5534987356045813,0.048716781225555755,0.00028438057930676823,0.02869453205883833,0.0,591,2640,30.545876887340302
0.01552752925944219,0.0008062271684654721,4.7062910039055195e-06,0.028725855477278617,0.0,591,2651,30.545876887340302
-1.9174965030281597,0.15140619485055046,0.0008838223774038301,0.0288389478475392,0.0,591,2652,30.545876887340302
-0.4723308508126702,0.09376112875796278,0.0005473236006540323,0.028754489874777852,0.0,591,2660,30.545876887340302
-0.7325282218116087,0.049508480874915356,0.0002890020670006995,0.02876960446701447,0.0,591,2670,30.545876887340302
-0.6991411125802268,0.05481475903797534,0.00031997707027497707,0.028767664424576348,0.0,591,2710,30.545876887340302
-2.1617200333438724,0.16522616957411113,0.0009644954497830336,0.028853227617082765,0.0,591,2731,30.545876887340302
-0.9937175229976278,0.13436385398506692,0.0007843389828496915,0.028784993824970382,0.0,591,2732,30.545876887340302
-0.6957344223379425,0.08591358487059766,0.0005015141481269536,0.028767517784814567,0.0,591,2740,30.545876887340302
-0.3144032522935939,0.04226793320804959,0.0002467359096684205,0.02874518451350854,0.0,591,2750,30.545876887340302
-0.14410144305215647,0.03269355425479706,0.00019084618615359638,0.028735227187720924,0.0,591,2790,30.545876887340302
-0.04241537929490455,0.1058453600775505,0.0006178644002858977,0.028729414008277037,0.0,591,2811,30.545876887340302
0.3835670273033336,0.12083263094379665,0.0007053514768937983,0.028704572562102095,0.0,591,2812,30.545876887340302
0.12572855687588483,0.02374166300971274,0.00013859018823818357,0.028719461024862402,0.0,591,2813,30.545876887340302
0.15506379517819607,0.09474308601721212,0.0005530557029648748,0.02871786762564106,0.0,591,2814,30.545876887340302
-0.12874952873934933,0.06216259247722916,0.0003628695003070436,0.02873438045938306,0.0,591,2816,30.545876887340302
-0.14587006926582072,0.031929217140660666,0.00018638442521956848,0.0287353291480508,0.0,591,2817,30.545876887340302
-0.1028584617697579,0.10242154189510097,0.0005978781168395834,0.028732936607284085,0.0,591,2819,30.545876887340302
-0.16196689982718177,0.05546295263841561,0.00032376085210454185,0.028736308267275516,0.0,591,2822,30.545876887340302
0.16829658006935586,0.06048634204193169,0.00035308451333004984,0.02871703774129435,0.0,591,2824,30.545876887340302
-0.035489127195279135,0.0038672537672418674,2.2574805621140007e-05,0.02872883867013111,0.0,591,2829,30.545876887340302
-0.19634683180673893,0.7594819099379151,0.004433419041401193,0.028739496275563575,0.0,591,2910,30.545876887340302
0.20854185779475415,0.0161974116886348,9.455118346094377e-05,0.028714614207798493,0.0,591,2930,30.545876887340302
1.5394344220764073,0.22590161654881058,0.0013186838490632097,0.028637274831447623,0.0,591,3012,30.545876887340302
-0.042955279800584764,0.0064579198083151105,3.7697625541030475e-05,0.028729278846001034,0.0,591,3030,30.545876887340302
0.18318539036322934,0.051102545253735164,0.00029830729899872936,0.028716152885057893,0.0,591,3100,30.545876887340302
0.06787585591818962,0.053707646127087484,0.000313514381176151,0.02872288838119106,0.0,591,3211,30.545876887340302
-0.22175462299192394,0.07413192171210554,0.00043273956758361484,0.028739829662750675,0.0,591,3230,30.545876887340302
0.6464624105134174,0.1047002742766229,0.0006111800472717679,0.02868919911459007,0.0,591,3240,30.545876887340302
-0.21096330325715482,0.010261166583978323,5.9898795119580855e-05,0.02873909257326002,0.0,591,3250,30.545876887340302
-0.09420926043284361,0.06320918481128603,0.0003689789050495101,0.02873236594503167,0.0,591,3290,30.545876887340302
0.02735239771799132,0.014113897672387117,8.238882568547832e-05,0.028725187523818318,0.0,598,1020,30.545876887340302
0.02735239771799132,0.014113897672387117,8.238882568547832e-05,0.028725187523818318,0.0,598,1079,30.545876887340302
0.7909305375504511,0.03946328426467639,0.00023036398050553506,0.028680656622594888,0.0,600,1030,30.545876887340302
0.08628581188176467,0.002147101355312906,1.2533544127786651e-05,0.028721727263198122,0.0,600,1040,30.545876887340302
1.917113895063861,0.12161352618108548,0.0007099098946375716,0.028615053579693475,0.0,600,1062,30.545876887340302
-0.07240056892927751,0.10267193591485937,0.0005993397732668453,0.028731159059814528,0.0,600,1071,30.545876887340302
-0.6785567109306297,0.06602926691294642,0.00038544092412358904,0.028766481653335514,0.0,600,1072,30.545876887340302
-0.06197190973000915,0.00010842406881102063,6.32917420313891e-07,0.028730378279182758,0.0,600,1079,30.545876887340302
-1.0122554285965388,0.19378194105295185,0.0011311876373909552,0.028786175815126835,0.0,600,1080,30.545876887340302
-0.7208551640314735,0.11369169434671622,0.0006636667917568963,0.02876903084671951,0.0,600,1200,30.545876887340302
0.4061544078010008,0.02153546391829531,0.00012571166548072695,0.02870308765560405,0.0,600,1392,30.545876887340302
-0.9222289119638081,0.02647937174755275,0.0001545713589406464,0.028780639445282925,0.0,600,1410,30.545876887340302
0.04640861567851336,0.013287443517732507,7.756446115730885e-05,0.02872407374462674,0.0,600,1512,30.545876887340302
-0.856609354236371,0.08053512606433172,0.00047011779572793383,0.028776899751211303,0.0,600,1610,30.545876887340302
-0.42681621272943204,0.08831633989792234,0.0005155400515100038,0.028751823838762097,0.0,600,1621,30.545876887340302
-0.39657099038074334,0.1642917080363852,0.0009590406002064981,0.0287501857952377,0.0,600,1622,30.545876887340302
-1.9805690567213905,3.8034968739994794,0.022202629508947296,0.028848779963508677,0.0,600,2011,30.545876887340302
-0.6443958655603681,0.2224621857024634,0.0012986064278550803,0.028764750202551117,0.0,600,2029,30.545876887340302
0.5088669657714976,0.009887567019333417,5.771793550714937e-05,0.02869707236681734,0.0,600,2100,30.545876887340302
0.1830440604097768,0.04971098690809025,0.0002901841808756035,0.028716158802458733,0.0,600,2219,30.545876887340302
0.22877032460716312,0.028560109894287755,0.0001667175127847306,0.028713454106474533,0.0,600,2220,30.545876887340302
-1.9056686849216153,0.703872130811435,0.004108801100616264,0.028839187467250657,0.0,600,2420,30.545876887340302
0.3138235110735046,0.03334517624077475,0.00019464998092820178,0.02870849720083662,0.0,600,2593,30.545876887340302
2.571612499476611,0.31123375908931983,0.0018168038709259822,0.028577163761411055,0.0,600,2599,30.545876887340302
0.0003944152490568025,0.00024671023846810917,1.4401526285498441e-06,0.028726737923316047,0.0,600,2610,30.545876887340302
0.32137872208000834,0.021103713435023302,0.0001231913542150791,0.02870803565575895,0.0,600,2620,30.545876887340302
0.12732186287141767,0.01654621820391628,9.658731549566218e-05,0.028719355953712333,0.0,600,2630,30.545876887340302
0.3646956248975053,0.05739007359505308,0.00033501027705126415,0.0287055678646277,0.0,600,2640,30.545876887340302
-0.010737315759091651,9.12152726499762e-05,5.324623553786342e-07,0.028727387469070283,0.0,600,2651,30.545876887340302
-0.6304889884635329,0.06399331031571,0.00037355617923691734,0.02876367230654625,0.0,600,2710,30.545876887340302
0.5168065607428738,0.1182738215667391,0.0006904146178756681,0.02869679046235715,0.0,600,2720,30.545876887340302
0.20985782536408415,0.12090452726392306,0.0007057711663037556,0.028714712899329052,0.0,600,2732,30.545876887340302
-0.16672497357417193,0.02623431938801843,0.00015314088405680282,0.028736536986754352,0.0,600,2790,30.545876887340302
0.11947319002826565,0.018289811063482764,0.00010676540885496959,0.028719817037714698,0.0,600,2813,30.545876887340302
0.27116817458142184,0.08349798417842696,0.0004874132591328143,0.028711071234794973,0.0,600,2814,30.545876887340302
-0.44708944842536014,0.11483770816929643,0.0006703565620282532,0.028753051794587287,0.0,600,2819,30.545876887340302
0.26120528063248305,0.051572702779184826,0.00030105180851042657,0.028711599306524338,0.0,600,2824,30.545876887340302
0.053877134019725145,0.0018786829735934463,1.0966671831019998e-05,0.028723618645787194,0.0,600,2829,30.545876887340302
0.6075938808710862,0.01175610669684422,6.862539660331588e-05,0.028691312382903546,0.0,600,2930,30.545876887340302
0.05971177468753951,0.0037844289492739063,2.2091321919586453e-05,0.028723281248314584,0.0,600,3030,30.545876887340302
-0.40571318943080925,0.042938159760170506,0.0002506483072111986,0.028750515801019887,0.0,600,3100,30.545876887340302
-0.2530629445332293,0.006798653126677585,3.9686630890468616e-05,0.02874154430062103,0.0,600,3250,30.545876887340302
0.5397374082121239,0.05408922248542662,0.0003157418047272236,0.028695344367589564,0.0,600,3290,30.545876887340302
-0.009352259665281679,0.0014503124434468787,8.466090789817626e-06,0.028727308896570686,0.0,Peru,1010,30.545876887340302
-0.0341117210990067,0.023625118148135484,0.00013790986629537874,0.02872879139943521,0.0,Peru,1020,30.545876887340302
-0.1046169925552888,0.04123641236614276,0.00024071448363802858,0.028732936636607732,0.0,Peru,1030,30.545876887340302
0.7210955023718779,0.2007559813797276,0.0011718980779895404,0.028685003279821878,0.0,Peru,1040,30.545876887340302
-0.01819319805906246,0.005080137283698442,2.9654922746378423e-05,0.028727831066895904,0.0,Peru,1050,30.545876887340302
-0.2041582241280563,0.03279949127052357,0.00019146458558690156,0.028738733141964148,0.0,Peru,1061,30.545876887340302
0.01926683379668092,0.0028079270321463515,1.6391064761766892e-05,0.02872564055467933,0.0,Peru,1062,30.545876887340302
-0.05504474252628042,0.006609131965948879,3.858031524064387e-05,0.02872998481323954,0.0,Peru,1071,30.545876887340302
-0.04945514208362534,0.020955336065184182,0.0001223252123779265,0.028729682584006423,0.0,Peru,1072,30.545876887340302
-0.2017725595750913,0.007088966880811244,4.138131579173512e-05,0.02873855074846815,0.0,Peru,1073,30.545876887340302
0.008100379584121025,0.00037189475822771586,2.170907932038604e-06,0.02872628830330402,0.0,Peru,1074,30.545876887340302
-0.19750790709475868,0.15312234080640036,0.0008938402515084425,0.028738546786866697,0.0,Peru,1079,30.545876887340302
-0.14381681894399106,0.0014811349812824711,8.646015057080023e-06,0.028735158217361695,0.0,Peru,1080,30.545876887340302
-0.18114131355238636,0.12453636176567463,0.0007269717295095329,0.028737543436285137,0.0,Peru,1101,30.545876887340302
-0.1010401014070045,0.01951815703745311,0.0001139357869234529,0.028732691410730985,0.0,Peru,1102,30.545876887340302
-0.21333724266625256,0.017997623838935682,0.00010505978770980355,0.028739244129222307,0.0,Peru,1103,30.545876887340302
-0.11260892401503557,0.0063317738985491125,3.696125819503646e-05,0.02873334461551555,0.0,Peru,1104,30.545876887340302
-0.6603321075225639,0.07954989060581849,0.00046436655717322847,0.02876544050498825,0.0,Peru,1311,30.545876887340302
-0.4930799278816871,0.2102327643432217,0.0012272180921884509,0.02875589660414283,0.0,Peru,1312,30.545876887340302
-0.03733512157751215,0.0017525073793376832,1.0230131204029502e-05,0.028728942882206326,0.0,Peru,1391,30.545876887340302
-0.39059591936332017,0.06501047703848578,0.00037949381416676375,0.028749670382186853,0.0,Peru,1392,30.545876887340302
-0.1480962360469546,0.016133173959358604,9.417620050424274e-05,0.028735432602637938,0.0,Peru,1393,30.545876887340302
-0.01592801476342602,9.05716665024263e-05,5.287053524633919e-07,0.028727690471178093,0.0,Peru,1394,30.545876887340302
-0.12236409781543045,0.005318156651933615,3.104434306771611e-05,0.028733912366563787,0.0,Peru,1399,30.545876887340302
-0.4603917885461169,0.31859931015257836,0.0018597997262675958,0.028754170330788573,0.0,Peru,1410,30.545876887340302
0.00787399299098772,0.00035646314301171196,2.080827028408127e-06,0.02872630149257603,0.0,Peru,1420,30.545876887340302
-0.08247721464771202,0.013025697846751,7.603654031212558e-05,0.028731596925746446,0.0,Peru,1430,30.545876887340302
-0.041608275518614526,0.0008738193624155259,5.100855398115709e-06,0.02872919085080858,0.0,Peru,1511,30.545876887340302
-0.07687737610322161,0.08205360954338764,0.0004789818298570021,0.028731385810950458,0.0,Peru,1512,30.545876887340302
-0.31384421782385635,0.08446493021732146,0.0004930577345636941,0.028745222686139323,0.0,Peru,1520,30.545876887340302
0.34217090506149767,0.013908445372808984,8.11895132000449e-05,0.028706809868676117,0.0,Peru,1610,30.545876887340302
0.78140779243865,0.0109287232852992,6.379560760731065e-05,0.0286811647331641,0.0,Peru,1621,30.545876887340302
-0.007241297850713496,1.301729821386126e-05,7.5987508081197e-08,0.028727183260497183,0.0,Peru,1622,30.545876887340302
0.06517464270589521,0.0013127571170892614,7.66312182486905e-06,0.028722958213188505,0.0,Peru,1623,30.545876887340302
-0.030728171839722852,0.010355029434103425,6.0446712511133776e-05,0.028728571632908415,0.0,Peru,1629,30.545876887340302
-0.03321254418892794,0.001467202008382778,8.564682366269947e-06,0.02872870175133753,0.0,Peru,1702,30.545876887340302
-0.12056590561268409,0.019353701956452016,0.00011297579264574187,0.02873383094045316,0.0,Peru,1709,30.545876887340302
0.05812474900661913,0.000550144153117624,3.211425488918609e-06,0.028723368466832867,0.0,Peru,1811,30.545876887340302
26.19808865361628,237.01604009497512,1.383563468102183,0.027579040159349533,0.013584117405116558,Peru,2011,99.82578397212544
-0.10611646880930334,0.43894825069832677,0.0025623276965145735,0.028733691254405613,0.0,Peru,2012,30.545876887340302
0.6350697101146734,0.5939553993759925,0.0034671703734876777,0.028690683567204195,0.0,Peru,2013,30.545876887340302
0.09239449407294587,0.0014091330519075307,8.225709161005975e-06,0.02872136943611426,0.0,Peru,2021,30.545876887340302
0.23754001203678787,0.02176384776822313,0.00012704483918212728,0.02871293079044753,0.0,Peru,2022,30.545876887340302
-0.35715001226373666,0.05362028162648523,0.0003130043974155843,0.028747698880629724,0.0,Peru,2023,30.545876887340302
0.15983743110225512,0.7627929003104899,0.0044527467009169664,0.028718708913761045,0.0,Peru,2029,30.545876887340302
-0.5253866650182348,0.2511587717841246,0.0014661206102113728,0.028757851213061392,0.0,Peru,2100,30.545876887340302
-0.012607867411564961,1.386289574322899e-05,8.092362063240597e-08,0.028727496531413592,0.0,Peru,2211,30.545876887340302
-0.010919360825607606,0.03195570172888675,0.00018653902702931373,0.028727451530761405,0.0,Peru,2219,30.545876887340302
-1.1347366065571924,0.3257196663523574,0.0019013642748692077,0.02879354740716091,0.0,Peru,2220,30.545876887340302
-0.2780012945367506,0.025684916322707724,0.00014993378461272024,0.028743031747179442,0.0,Peru,2310,30.545876887340302
0.005866650695327465,0.0006464691524954403,3.7737154932183547e-06,0.028726419155995053,0.0,Peru,2392,30.545876887340302
-0.04209398346348415,0.0030530364763106947,1.7821872872883447e-05,0.028729222858298934,0.0,Peru,2393,30.545876887340302
0.12338066402911144,0.0027631516362644553,1.6129691725633215e-05,0.028719562911379202,0.0,Peru,2395,30.545876887340302
0.11783539914542365,0.0031768993023875815,1.8544912888011553e-05,0.028719887305784758,0.0,Peru,2396,30.545876887340302
0.0895719473883935,0.0033686640366788687,1.9664325231283474e-05,0.028721537485533417,0.0,Peru,2399,30.545876887340302
-11.87782934390855,23.553757340691938,0.13749330290079328,0.029460626356365753,0.01149425283074379,Peru,2410,99.7483546264034
1.6583387975726525,1.5393167930873441,0.00898564704691903,0.028632529060037146,0.0,Peru,2420,30.545876887340302
-0.300051708215426,0.025445996589422946,0.00014853910847751405,0.028744318524681862,0.0,Peru,2431,30.545876887340302
0.03134690253173797,0.001152593830079152,6.728180574692244e-06,0.028724932613897775,0.0,Peru,2511,30.545876887340302
-0.04027435961109565,0.0005398482392116402,3.1513238588967073e-06,0.028729112424374606,0.0,Peru,2512,30.545876887340302
0.013711514687580775,0.0003161722085765896,1.8456317017213852e-06,0.028725960664028768,0.0,Peru,2520,30.545876887340302
0.06072270030568491,0.04801119480319786,0.00028026177115702394,0.028723296391351783,0.0,Peru,2593,30.545876887340302
0.18513013840357007,0.9208407399947657,0.005375339185003745,0.02871749736234918,0.0,Peru,2599,30.545876887340302
0.0549037446163823,0.1490069423229569,0.0008698169196019019,0.028723805412653233,0.0,Peru,2610,30.545876887340302
-0.3929122779830279,0.29920063993208246,0.0017465614347322,0.028750198634555853,0.0,Peru,2620,30.545876887340302
-0.8284097468778073,1.1926560429301891,0.006962040756179614,0.028777121809772342,0.0010449320543557405,Peru,2630,96.17692605497483
0.48729810612811564,0.4112444507296382,0.0024006088290956062,0.028699003820384567,0.0,Peru,2640,30.545876887340302
0.21115309816553257,0.15379771474086956,0.0008977826965120195,0.028714692424120513,0.0,Peru,2651,30.545876887340302
0.008540749662075693,0.0009894275671133237,5.775709676200255e-06,0.028726263632553265,0.0,Peru,2652,30.545876887340302
-0.1148849784396545,0.013078270581493717,7.63434297326859e-05,0.028733488794421273,0.0,Peru,2660,30.545876887340302
3.360069761503408,1.3621629466527583,0.007951524672490443,0.02853288776500858,0.0010449320543557405,Peru,2670,96.17692605497483
-0.9470619341748474,0.4286192277943134,0.0025020327951844478,0.028782764722032443,0.0,Peru,2710,30.545876887340302
-4.2323067587341905,0.5559652878604756,0.0032454059291026683,0.028974758634336135,0.0,Peru,2720,30.545876887340302
0.016128842000043747,0.0001983713576503545,1.157978014706869e-06,0.028725819356811892,0.0,Peru,2731,30.545876887340302
0.05760868101648202,0.002916853586755843,1.702691540547666e-05,0.028723402560197023,0.0,Peru,2732,30.545876887340302
0.03868209249637232,0.016244640583606206,9.48268786151413e-05,0.02872452973356047,0.0,Peru,2740,30.545876887340302
0.042028543466487545,0.04621338682577675,0.00026976720108815515,0.02872438463737288,0.0,Peru,2750,30.545876887340302
0.2620841755261256,0.05748057428060568,0.00033553856805772344,0.028711557903251295,0.0,Peru,2790,30.545876887340302
-0.12339184811556389,0.009067956460290233,5.293351995827532e-05,0.028733978650373516,0.0,Peru,2811,30.545876887340302
-0.1234408988451205,0.005322399027397626,3.106910761828251e-05,0.02873397523115666,0.0,Peru,2812,30.545876887340302
-0.006539678418123359,0.07101231425898324,0.00041452909159545064,0.02872726136501226,0.0,Peru,2813,30.545876887340302
-0.16758220378833164,0.01271504506845299,7.422312787326556e-05,0.028736564348719285,0.0,Peru,2814,30.545876887340302
0.09100322653209182,0.0014616881994715205,8.532495917721338e-06,0.028721450738440273,0.0,Peru,2815,30.545876887340302
0.48122199315149905,0.029323269584267488,0.00017117240059300314,0.02869871868241689,0.0,Peru,2816,30.545876887340302
-0.13198769064055987,0.548485863522806,0.0032017453470092063,0.028735385250227893,0.0,Peru,2819,30.545876887340302
0.21308671355012354,0.015529619609265438,9.065299697139982e-05,0.028714347785640543,0.0,Peru,2821,30.545876887340302
0.28863245264876813,0.03424680353800852,0.00019991316307315908,0.02870996922401932,0.0,Peru,2822,30.545876887340302
-0.011206750508363887,0.03049387138296789,0.0001780057013423009,0.028727465855538425,0.0,Peru,2824,30.545876887340302
-0.014727835163752985,0.0028999313188869413,1.6928132928090445e-05,0.028727625122754244,0.0,Peru,2825,30.545876887340302
-0.3192170612134787,0.12843436763213964,0.0007497260482177853,0.02874561010465045,0.0,Peru,2829,30.545876887340302
1.722958019261032,1.669386096582157,0.009744916911375492,0.028628974012863108,0.0,Peru,2910,30.545876887340302
-0.040004798461481084,0.0005620483925397189,3.2809155992645273e-06,0.02872909672617346,0.0,Peru,2920,30.545876887340302
-0.9131822082998027,0.08602231176836383,0.0005021488332887219,0.028780211383569662,0.0,Peru,2930,30.545876887340302
0.30790709760005974,0.10964723766326484,0.000640057577320174,0.02870897043991969,0.0,Peru,3020,30.545876887340302
-0.015595011566926983,0.11573840348153383,0.0006756143037802595,0.028727864970044772,0.0,Peru,3030,30.545876887340302
-0.0038068637283722433,3.7011372274126694e-06,2.1605112701356505e-08,0.028726982762342566,0.0,Peru,3092,30.545876887340302
0.24601349677927986,0.03783255925820753,0.00022084474482609787,0.02871246308876048,0.0,Peru,3100,30.545876887340302
-0.43985724676928145,0.0356513139760629,0.00020811188807034307,0.028752496709600405,0.0,Peru,3211,30.545876887340302
-0.06710648819716723,0.0010870628352042107,6.345648276451883e-06,0.02873067964768204,0.0,Peru,3212,30.545876887340302
0.0076154537473885715,0.0008219647103750229,4.79815773180738e-06,0.02872631736520104,0.0,Peru,3220,30.545876887340302
0.04327089041837622,0.0219907776601686,0.00012836952551217615,0.028724271500538107,0.0,Peru,3230,30.545876887340302
-0.10947951259928963,0.009407145362895447,5.491350989584323e-05,0.02873316709664153,0.0,Peru,3240,30.545876887340302
-0.31400607799797275,0.10193157094735182,0.0005950179479520031,0.02874526144352735,0.0,Peru,3250,30.545876887340302
0.20598060305376295,0.028611820055655206,0.00016701936699750454,0.028714784528378764,0.0,Peru,3290,30.545876887340302
0.1369677907546627,0.007013324116388258,4.093975679243715e-05,0.028718776898004197,0.0,Peru,Wastes,30.545876887340302
-0.27637222979416853,0.03375654694959884,0.00019705132677951315,0.028742950194588716,0.0,Philippines,1020,30.545876887340302
-0.09226800224278374,0.018054406653498677,0.00010539125315751713,0.028732176890363764,0.0,Philippines,1030,30.545876887340302
0.2526767893418994,0.012237628880441494,7.143624645988684e-05,0.02871203122485516,0.0,Philippines,1040,30.545876887340302
-0.06534272827068806,0.07084067312564765,0.0004135271492728483,0.02873069367558159,0.0,Philippines,1050,30.545876887340302
-0.022415763381530902,0.024438411051030888,0.00014265740299737562,0.02872811001955889,0.0,Philippines,1061,30.545876887340302
-0.7373188356986855,0.08090856976625885,0.0004722977455033675,0.028769936850540998,0.0,Philippines,1062,30.545876887340302
-0.08767967441942268,0.06560648356847129,0.0003829729578623038,0.02873198880469307,0.0,Philippines,1071,30.545876887340302
-0.7931378013714636,0.03712350687634517,0.00021670570439608097,0.028773121714290535,0.0,Philippines,1072,30.545876887340302
-0.40946552076364834,0.06412958160841423,0.0003743516527511195,0.028750770406867677,0.0,Philippines,1073,30.545876887340302
-0.4895178217099991,0.10121918143550598,0.0005908594272744401,0.028755505675900517,0.0,Philippines,1074,30.545876887340302
0.045381969681520175,0.0029024406363726734,1.6942780881881833e-05,0.02872411626131266,0.0,Philippines,1079,30.545876887340302
-0.4755985373227006,0.04132234016511127,0.00024121608075989266,0.028754592604134297,0.0,Philippines,1103,30.545876887340302
0.6877326240246421,0.06649268204471459,0.0003881460754147139,0.02868672600037746,0.0,Philippines,1104,30.545876887340302
-0.08205782760360665,0.07447167994889733,0.00043472288096706163,0.028731675500995542,0.0,Philippines,1200,30.545876887340302
-0.3189675113639781,0.0030678629588792674,1.7908421359788005e-05,0.028745385171882014,0.0,Philippines,1311,30.545876887340302
-0.11113771116529958,0.01465970571514243,8.557493945334822e-05,0.028733272702837043,0.0,Philippines,1312,30.545876887340302
0.054339462111714976,0.08736235477889041,0.0005099712344827816,0.02872373499049034,0.0,Philippines,1391,30.545876887340302
-0.06812329451098074,0.006800092305492609,3.969503198953236e-05,0.028730748584524696,0.0,Philippines,1392,30.545876887340302
-0.6364059571799205,0.04427563471724282,0.00025845571758462854,0.028763984598872392,0.0,Philippines,1393,30.545876887340302
-0.42768080884212295,0.10752974216310365,0.0006276968551651678,0.02875190655656158,0.0,Philippines,1394,30.545876887340302
0.13883263722437966,0.06996474738468025,0.0004084139980469346,0.028718773573075413,0.0,Philippines,1399,30.545876887340302
0.2562214657266176,0.051534369313716855,0.00030082803976293595,0.028711890169632204,0.0,Philippines,1410,30.545876887340302
0.251648751296068,0.12695996999726933,0.0007411193619182193,0.028712283517304846,0.0,Philippines,1420,30.545876887340302
-0.27892541625829603,0.049864683036110954,0.0002910813705672083,0.0287431262624667,0.0,Philippines,1430,30.545876887340302
0.7424223568054122,0.13468505842754866,0.0007862139898417574,0.028683647696439135,0.0,Philippines,1511,30.545876887340302
0.07198025125099826,0.00259938680555494,1.5173726732551606e-05,0.028722563098070183,0.0,Philippines,1512,30.545876887340302
0.3170217460211178,0.0021907721721475698,1.2788469266061729e-05,0.028708258296517814,0.0,Philippines,1520,30.545876887340302
0.07766614107669746,0.04818030358608709,0.000281248931072644,0.028722307611389483,0.0,Philippines,1610,30.545876887340302
-0.11258289195539367,0.054239456884875734,0.00031661878683631107,0.02873342345112453,0.0,Philippines,1621,30.545876887340302
-0.09679093218435866,0.11630974365539248,0.000678949459460412,0.02873260571169783,0.0,Philippines,1622,30.545876887340302
-0.11617808095059354,0.055542483687521176,0.0003242251086758617,0.028733635503846645,0.0,Philippines,1629,30.545876887340302
-0.2549585268449771,0.03727319371208505,0.0002175794901428284,0.02874170608333257,0.0,Philippines,1701,30.545876887340302
0.13150499632403487,0.08947882941480093,0.0005223259974188143,0.028719234035185608,0.0,Philippines,1702,30.545876887340302
-0.2159199870446843,0.039329478200766335,0.00022958289758067345,0.028739430682429193,0.0,Philippines,1709,30.545876887340302
-0.1339266941884693,0.09858283897652267,0.000575469974669484,0.02873474376407723,0.0,Philippines,1811,30.545876887340302
-0.9552329158781062,0.10569064691374001,0.0006169612737236747,0.028782699120893547,0.0,Philippines,1920,30.545876887340302
0.23170269663844273,4.058381822302128,0.023690501396855593,0.028720038982322612,0.0,Philippines,2011,30.545876887340302
-1.3169474485576618,0.1877062776679861,0.0010957214052298057,0.028803951970095554,0.0,Philippines,2013,30.545876887340302
-1.9011193563280504,0.08993747478299705,0.0005250033055706008,0.028837888358599913,0.0,Philippines,2021,30.545876887340302
1.4626210729446996,0.0360652160811946,0.00021052801075892283,0.028641441416589336,0.0,Philippines,2022,30.545876887340302
-0.1516746443161429,0.011209231596883404,6.543305396854179e-05,0.02873563323021727,0.0,Philippines,2023,30.545876887340302
0.1125248714316501,0.2872380760558076,0.0016767308597322105,0.028720673546200243,0.0,Philippines,2029,30.545876887340302
-0.008497785988887029,0.02680529863683563,0.00015647393286392724,0.028727301535965172,0.0,Philippines,2100,30.545876887340302
-0.05019290931819019,0.11638842970272317,0.000679408783396853,0.028729885700340515,0.0,Philippines,2211,30.545876887340302
0.03404882951637896,0.025176999170385087,0.00014696885609355968,0.02872481517479086,0.0,Philippines,2219,30.545876887340302
0.3969256123887748,0.05442159189853925,0.000317681986403168,0.02870368148295354,0.0,Philippines,2220,30.545876887340302
-0.16043906074229475,0.03138887241691786,0.00018323020316922647,0.02873617869724981,0.0,Philippines,2310,30.545876887340302
0.5804295918315039,0.1316673446693838,0.0007685983107032771,0.028693098923176074,0.0,Philippines,2392,30.545876887340302
0.32407501080057705,0.07962549878440574,0.00046480791428028817,0.02870797633304269,0.0,Philippines,2393,30.545876887340302
-0.4239968574877492,0.08115006538910952,0.000473707458201921,0.02875164723253114,0.0,Philippines,2395,30.545876887340302
-0.6658856134671095,0.07900046002509357,0.00046115929710996634,0.028765763765666728,0.0,Philippines,2396,30.545876887340302
-0.014894701897148699,0.0780610077519717,0.00045567531448754067,0.02872776090573972,0.0,Philippines,2399,30.545876887340302
3.7642688761474163,96.55601223208103,0.5636385246180097,0.028668611482136366,0.0,Philippines,2410,30.545876887340302
-0.5866436135459705,0.8158747760004763,0.004762608193808239,0.028762375256230925,0.0,Philippines,2420,30.545876887340302
-0.34347233759825335,0.03165416740457648,0.00018477884288596464,0.02874686359312602,0.0,Philippines,2431,30.545876887340302
0.3941209123059356,0.09210273363682646,0.0005376428427426113,0.028703908343313687,0.0,Philippines,2511,30.545876887340302
0.3876848099073525,0.10217801630067991,0.0005964565543332912,0.02870430093016954,0.0,Philippines,2520,30.545876887340302
0.12013287559852552,0.01399953346392059,8.172123314267274e-05,0.028719771336382437,0.0,Philippines,2593,30.545876887340302
0.5042607026079888,0.3870958528234766,0.002259643188730229,0.02869797316243439,0.0,Philippines,2599,30.545876887340302
0.07018137250359519,0.002360014410536926,1.3776408218216717e-05,0.028722667704944995,0.0,Philippines,2610,30.545876887340302
-0.4133502170804936,0.04391462409621709,0.0002563483449922591,0.028750963246753976,0.0,Philippines,2620,30.545876887340302
0.05413239144212455,0.004140293460592482,2.4168654480104816e-05,0.028723607537409882,0.0,Philippines,2630,30.545876887340302
-0.22061818817656778,0.09232436431506505,0.0005389365953076224,0.028739793844867207,0.0,Philippines,2640,30.545876887340302
0.055242571559071134,0.0029960650796480894,1.7489306591219326e-05,0.02872354081291168,0.0,Philippines,2651,30.545876887340302
-0.5597768274856618,0.09362316474069855,0.0005465182459863781,0.028759594264809212,0.0,Philippines,2652,30.545876887340302
0.7350034135335674,0.04976197716997274,0.0002904818327287916,0.028683938578502433,0.0,Philippines,2660,30.545876887340302
0.1338768555881566,0.019425265254685107,0.00011339353806521867,0.02871897813710871,0.0,Philippines,2670,30.545876887340302
0.17348503439058546,0.09963095161041875,0.0005815882540489467,0.02871680048726618,0.0,Philippines,2680,30.545876887340302
0.3093704467152326,0.10065135858445792,0.0005875448037040315,0.02870886994153867,0.0,Philippines,2710,30.545876887340302
0.8495738548208698,0.16662446785769683,0.0009726579117915285,0.028677446226206313,0.0,Philippines,2720,30.545876887340302
-0.021162114766073166,0.10455506567004488,0.0006103324028539687,0.028728171193317227,0.0,Philippines,2731,30.545876887340302
-0.09247390832657701,0.08033046254714894,0.00046892308770094156,0.028732293361133844,0.0,Philippines,2732,30.545876887340302
0.2064133351500027,0.044091486785659224,0.0002573807677594456,0.02871478521504848,0.0,Philippines,2740,30.545876887340302
0.789000796133472,0.0149967463106965,8.75423888086288e-05,0.02868072830770423,0.0,Philippines,2750,30.545876887340302
-0.06616396206868104,0.009541993279083345,5.570067455572245e-05,0.028730638808433545,0.0,Philippines,2790,30.545876887340302
-0.33975402786692704,0.06994936379403167,0.00040832419748313694,0.028746710801221164,0.0,Philippines,2812,30.545876887340302
-0.03256473375768854,0.00503430494020854,2.9387379857362438e-05,0.028728669917967756,0.0,Philippines,2813,30.545876887340302
0.06440126884182562,0.05047804031600803,0.00029466179797212175,0.028723085793197135,0.0,Philippines,2814,30.545876887340302
0.6658204039614196,0.0895219344293767,0.0005225776197285752,0.028688043680786094,0.0,Philippines,2815,30.545876887340302
0.10933869019777784,0.027620382094022,0.00016123192179313893,0.02872042427525049,0.0,Philippines,2816,30.545876887340302
0.11248488630396869,0.009131144388739342,5.3302374780894957e-05,0.028720209620459573,0.0,Philippines,2817,30.545876887340302
0.45768899891481385,0.13595720144868276,0.0007936400299086533,0.028700271055969256,0.0,Philippines,2818,30.545876887340302
0.31343735310557125,0.1625413079346406,0.0009488227700783526,0.02870873625646245,0.0,Philippines,2819,30.545876887340302
0.7421886996292351,0.04529077745674958,0.00026438153766299925,0.028683511655060823,0.0,Philippines,2821,30.545876887340302
0.3731361207117792,0.02321822446503709,0.00013553465474804678,0.02870501789562012,0.0,Philippines,2822,30.545876887340302
-0.7234092101247918,0.026506851659161158,0.00015473177087644972,0.028769033521587547,0.0,Philippines,2824,30.545876887340302
0.8561570836452815,0.08041942215113432,0.00046944238275861645,0.028676917623286266,0.0,Philippines,2825,30.545876887340302
0.35823048344085456,0.05582025427596158,0.0003258465737822967,0.028705942633169553,0.0,Philippines,2826,30.545876887340302
0.010904319851275929,0.0004386182662531599,2.5604014369112493e-06,0.028726124737263676,0.0,Philippines,2829,30.545876887340302
-1.6217351700979268,0.9112860865441622,0.005319564607640397,0.028822961371152114,0.0,Philippines,2910,30.545876887340302
-0.7005687431447716,0.1304233665022251,0.0007613366808721999,0.028767874731899304,0.0,Philippines,2920,30.545876887340302
-0.03066945376247715,0.0019482150790597068,1.1372560314115052e-05,0.028728554106979463,0.0,Philippines,2930,30.545876887340302
-0.010370498156913209,7.668908603916992e-06,4.4766682374502334e-08,0.02872736591626393,0.0,Philippines,3030,30.545876887340302
-0.6554624798371143,0.1220230341229086,0.0007123003667253558,0.02876522756183737,0.0,Philippines,3091,30.545876887340302
0.3952058869667682,0.13382741296929687,0.0007812075484036782,0.028703914921367802,0.0,Philippines,3099,30.545876887340302
-0.08468096676307357,0.020428486907349205,0.00011924976968768164,0.028731737984152707,0.0,Philippines,3100,30.545876887340302
-0.23178099442935896,0.022087499789710703,0.00012893413373420989,0.028740327632188055,0.0,Philippines,3211,30.545876887340302
-0.31606287753355305,0.09269805830560326,0.000541118006124168,0.028745366014553863,0.0,Philippines,3212,30.545876887340302
0.7290768182035806,0.09533537274639274,0.0005565131326004711,0.028684360849692087,0.0,Philippines,3220,30.545876887340302
-0.12336990026645851,0.03577443750425304,0.00020883061248916075,0.028734022164712342,0.0,Philippines,3230,30.545876887340302
-0.08635722586282366,0.0578131991577009,0.00033748024098562536,0.028731898536477306,0.0,Philippines,3240,30.545876887340302
0.0006941997395807406,0.0003300382019089296,1.9265734042993486e-06,0.02872672056335234,0.0,Philippines,3250,30.545876887340302
-0.2499177305756288,0.02831947296456269,0.00016531281264329516,0.028741396807761395,0.0,Philippines,3290,30.545876887340302
0.5814716824284987,0.06435790708193104,0.00037568448568457165,0.028692925352109613,0.0,Philippines,Wastes,30.545876887340302
0.04720486114491024,0.0034551846991000253,2.0169383149363385e-05,0.028724010778173884,9.597330972610507e-06,Poland,1010,67.94425087108013
-0.025089322408206514,0.0089481044666636,5.2233892878628814e-05,0.028728240109676825,7.068392733344808e-05,Poland,1020,79.40379403794037
0.02128772774809449,0.006184534039617913,3.610175649302467e-05,0.028725528248483102,0.00012067761417711154,Poland,1030,83.31397599690283
0.3527070112985496,0.0591520452728699,0.00034529565539224565,0.028706270645913776,0.0001822328777052462,Poland,1040,86.5079365079365
0.21039014837301362,0.007834408544205095,4.5732775940422845e-05,0.028714492297140473,1.2246245205460582e-05,Poland,1050,69.22183507549362
-0.005568162851923191,0.0014737007456670807,8.60261826078473e-06,0.028727088041941344,0.00019344552129041404,Poland,1061,86.95315524583818
0.16064399969586912,0.0023794121135243067,1.3889640863600894e-05,0.028717387048298793,2.8662771001108922e-05,Poland,1062,73.46109175377468
-0.0074779686751516505,0.011289847893522408,6.590364559144933e-05,0.0287272159864337,6.3372008298756555e-06,Poland,1071,66.14401858304298
-0.00401052240261944,0.0051955123934053615,3.032841634982742e-05,0.028727003357004562,8.10702404123731e-05,Poland,1072,80.33294618660473
-0.07173873114655699,0.010783682766211621,6.294894438770856e-05,0.028730966314103705,1.0400516657682601e-05,Poland,1073,68.27332559039876
0.085638036678345,0.0022375281326277477,1.306140370041681e-05,0.028721765228208143,3.994394774053944e-06,Poland,1074,64.38250096786682
-0.18378145264563783,0.06606198386778442,0.000385631906908903,0.02873759945997314,0.0001282227603951469,Poland,1079,83.778552071235
1.0872378931372186,0.0936241744313924,0.0005465241399805463,0.028663450484338732,6.135056173661724e-05,Poland,1101,78.35849787069299
0.11680306870715779,0.025940293117665863,0.00015142452761882024,0.028719985730329287,9.096244866668712e-06,Poland,1102,67.73132017034456
0.06192507110281643,0.026284796019546714,0.0001534355376310816,0.028723189775014143,4.030600848636823e-06,Poland,1103,64.42121564072784
0.15900516386657632,0.011965784098190237,6.984937280540204e-05,0.02871749878436968,2.6182958663412137e-06,Poland,1104,63.45334881920248
-0.022866794227441815,0.007830313249120266,4.570886996060731e-05,0.028728108496666422,7.108181762305321e-06,Poland,1200,66.82152535811072
-0.9933985953915182,0.052288363205645665,0.00030522942290825753,0.028784837295674066,6.629745621467009e-05,Poland,1311,78.86178861788618
0.23933160405632786,0.06593470951207998,0.0003848889523438519,0.028712900242082933,0.00017985077283810824,Poland,1312,86.39179248935346
0.0691622391505185,0.0036575816781258827,2.1350860428800716e-05,0.028722729371692776,0.00010377349826740101,Poland,1391,82.34610917537746
0.33780230555491325,0.06881993118104802,0.0004017312187869221,0.028707156901108293,1.9803303075605072e-05,Poland,1392,71.48664343786295
0.2215304512388419,0.02084134943351421,0.00012165982391152822,0.028713863791565788,1.2160679943917785e-05,Poland,1393,69.1831204026326
-0.009570248845380411,0.0011253553986420527,6.56917826139026e-06,0.028727321076595477,7.04729927747394e-06,Poland,1394,66.7828106852497
0.056181745080006645,0.0009710527323826539,5.668447948025306e-06,0.028723482593984953,5.740678170695901e-05,Poland,1399,77.91327913279133
0.15336975883268053,0.24939777662373874,0.0014558409322181097,0.028718225779631314,7.522927626268938e-05,Poland,1410,79.96515679442508
0.017943179072323026,0.00016966038700090102,9.903798635082405e-07,0.028725713398092614,1.018705347632931e-06,Poland,1420,61.92411924119241
0.05756258867933627,0.019560077098981284,0.00011418049215811859,0.028723433156650734,5.747799150412902e-06,Poland,1430,65.85365853658537
0.0013132036557357773,0.00024307618262265615,1.4189390984157772e-06,0.028726684283632908,1.4747310160601046e-05,Poland,1511,70.267131242741
-0.3059565918946365,0.09794913824172821,0.0005717707938629032,0.02874478487559564,5.142282589076785e-06,Poland,1512,65.46651180797522
0.6454687238904823,0.09582436228928769,0.0005593675726103638,0.028689242255963334,1.0953083801723551e-05,Poland,1520,68.52497096399536
-0.3732279901397528,0.009254201188731067,5.402070967882796e-05,0.02874856296922063,4.2076469981111586e-05,Poland,1610,75.6678281068525
0.03337781291861552,0.00865962515279474,5.0549916385678366e-05,0.02872482664872819,3.4229484299430624e-05,Poland,1621,74.54510259388309
-0.012493891056557578,0.0005140802262034163,3.000905003575885e-06,0.0287274907169662,5.323664936440764e-06,Poland,1622,65.60201316298877
0.005359011178409846,8.978646417672616e-05,5.241217924120457e-07,0.028726447855581726,4.959990292263683e-06,Poland,1623,65.27293844367014
-0.06770005845800281,0.01469485256817592,8.57801065882662e-05,0.028730737119012646,1.05427679955028e-05,Poland,1629,68.3701122725513
-0.006054183198656274,1.078326964690947e-05,6.294653283457403e-08,0.028727113959817835,0.00013343105092644691,Poland,1701,84.22377080913667
0.04631606048586403,0.004122253211491759,2.4063345870606393e-05,0.02872406377976492,5.614971087197773e-06,Poland,1702,65.79558652729385
-0.09358329401516471,0.010371476851933023,6.054272308680843e-05,0.028732240783620317,5.397247150540352e-05,Poland,1709,77.50677506775068
-0.1833684223324213,0.0031945909548801235,1.8648186590792308e-05,0.028737469887300665,1.308545307665554e-07,Poland,1811,61.13046844754162
0.12314587095449067,0.0012739040203268394,7.436319768427697e-06,0.02871957412055234,8.956386409408879e-06,Poland,1812,67.69260549748356
5.091024586227689,60.60295899127999,0.3537652560798451,0.028530506788068958,0.007784311193972826,Poland,2011,99.55478126209833
2.6922022080826493,0.3504287178381962,0.0020456015212326336,0.02857018966826957,7.944894605316222e-05,Poland,2012,80.23615950445219
-0.14935500237815924,0.09293677045356682,0.000542511470495534,0.028735634914361208,0.0008486785809509456,Poland,2013,95.1219512195122
-0.21019753147360998,0.0036546117862220136,2.133352390617229e-05,0.02873903678858203,7.900311175035313e-06,Poland,2021,67.20867208672087
-0.005566796894489425,0.0005410231744615679,3.1581824558445512e-06,0.028727086398176678,0.00012055526167387143,Poland,2022,83.29461866047232
0.015098379967598649,0.06281517225420781,0.0003666788861152283,0.028725984508746333,1.0844071766769048e-05,Poland,2023,68.48625629113434
-0.07002455346447789,0.06257062239442708,0.0003652513445362425,0.028730953104611677,0.0005024786223657429,Poland,2029,92.7022841656988
0.8055790489563915,0.028002071232121853,0.00016346000368765861,0.02867978233673084,3.5935849155066535e-05,Poland,2030,74.71931862175765
-2.3793692475312405,1.3175441114966817,0.007691065547924511,0.02886787468683344,0.0012876158580183983,Poland,2100,96.99961285327139
0.022313842955611327,0.0005232502048934057,3.054434070695818e-06,0.02872545885675262,5.081281869934173e-06,Poland,2211,65.38908246225319
0.02513097240902608,0.0228116936541821,0.00013316156144038902,0.02872533178262065,4.6661985834361985e-05,Poland,2219,76.24854819976771
-0.010714429618739633,0.04023444014357501,0.00023486554547062695,0.028727453451036625,0.0003087468212470412,Poland,2220,89.54703832752612
0.14133626223898382,0.010645064545697622,6.213977085734475e-05,0.0287185279799674,6.913777906447649e-05,Poland,2310,79.26829268292683
0.0522380911828569,0.14892237576068726,0.0008693232685978081,0.028723960877741712,0.00037291308399289846,Poland,2391,90.99883855981416
-0.016744760079647196,2.1908950742049607e-05,1.2789186697661264e-07,0.028727738032932777,2.395807541688555e-06,Poland,2392,63.375919473480444
0.03578209796802139,0.0011236295303486575,6.55910363386488e-06,0.02872467366408572,9.33898045332171e-05,Poland,2393,81.39759969028262
0.06984491839078043,0.0005147835402225269,3.0050105467410458e-06,0.028722684251370787,7.343006291193888e-05,Poland,2394,79.69415408439798
-0.16353324070273084,0.01179574944368261,6.885680818321925e-05,0.028736326451257333,0.00014880539674777538,Poland,2395,85.07549361207897
-0.17463592909556058,0.0068136884044264125,3.97743982036754e-05,0.02873696620545508,5.40036535312538e-06,Poland,2396,65.6794425087108
0.010422672487718113,0.0008509674911879237,4.967459303085109e-06,0.0287261535445254,9.21932005439885e-05,Poland,2399,81.24274099883856
8.259402806198219,12.0153793019456,0.07013888111075348,0.028264448418496933,0.005151759367436171,Poland,2410,99.12891986062718
-0.16331998877383913,0.13121179920255105,0.0007659390979946488,0.028736514320116324,0.0012523477198556066,Poland,2420,96.92218350754936
-0.3367871677199771,0.5764277484058905,0.0033648540173703387,0.0287473875408198,0.0007286655600182712,Poland,2431,94.44444444444444
-0.0012952829587508548,3.545362129860127e-05,2.0695787180065257e-07,0.02872683620393309,4.686819374910556e-05,Poland,2511,76.30662020905923
-0.04052625364150997,0.0024703925072787325,1.4420732130933413e-05,0.028729130366104444,5.180438165552914e-06,Poland,2512,65.48586914440573
0.003143681862495726,1.0794044221773215e-05,6.300942861225995e-08,0.02872657704131823,5.091343609819887e-06,Poland,2513,65.4277971351142
-0.07264905258868386,0.0022166371357271275,1.2939454063116517e-05,0.028731005085234577,3.0131279800116317e-06,Poland,2520,63.72435152922957
0.15169819746674823,0.010867913999010506,6.344063793101073e-05,0.028717923482928107,0.0001133598925662227,Poland,2593,82.9655439411537
-0.020954260556067913,0.0025145320459618852,1.4678393398062938e-05,0.02872798793945219,0.000798321096226573,Poland,2599,94.73480449090205
0.1940945530950401,0.12082203336789007,0.0007052896143343323,0.028715632936811297,5.484688517753966e-05,Poland,2610,77.60356174990322
-1.0698286223583564,0.19893391943265065,0.0011612619271805713,0.02878954530376712,0.00010272592044202611,Poland,2620,82.24932249322492
-0.24383624580213314,0.055080269923290584,0.0003215269702781938,0.02874108670275441,0.00041410489939153194,Poland,2630,91.42469996128533
0.3724967162685403,0.2404378567390126,0.0014035380677172012,0.02870541920661708,0.0008916091755963862,Poland,2640,95.33488192024777
-0.13757232481409948,0.18577648256684262,0.0010844563701638468,0.028735102834878238,0.0006555237341672182,Poland,2651,93.96051103368177
0.022981568430535462,0.0023764578520634686,1.3872395582518652e-05,0.028725422986279815,1.2202886864542961e-05,Poland,2652,69.20247773906311
-0.6221013945435876,0.015012712079398052,8.763558779341812e-05,0.02876310044523972,1.9189363229088485e-05,Poland,2660,71.38985675571041
-0.05068215216696079,0.012948186498990683,7.558407359687049e-05,0.02872974078126867,8.994134259410203e-05,Poland,2670,81.16531165311653
0.02608684420573118,1.4560964372356198e-05,8.499854422450363e-08,0.028725237757632673,4.503944728639908e-05,Poland,2680,76.03561749903214
-0.2249492193610388,0.019770924195745245,0.00011541129637002394,0.02873992494543798,0.0006341768312267959,Poland,2710,93.8056523422377
-1.5048596816387594,0.5515956488319282,0.0032198984869638613,0.028815533426499104,2.7687079636962153e-05,Poland,2720,73.26751838946961
0.019142187887663933,0.00042116675246812465,2.4585295259368647e-06,0.028725643828581452,5.192853495827876e-05,Poland,2731,77.25512969415409
0.09286866880505473,0.00602453795702787,3.516779128618744e-05,0.028721349494645627,7.368322258116677e-06,Poland,2732,66.91831204026326
-0.06975553296880688,0.0005218364098663143,3.046181147602156e-06,0.028730833335741474,3.8318663087011373e-07,Poland,2733,61.49825783972126
0.0959149587238894,0.01102359776748542,6.434943032561853e-05,0.02872118005099366,4.2632033000700176e-05,Poland,2740,75.76461478900504
0.08638223726918165,0.040202019347570464,0.00023467629149042922,0.028721785437808553,3.651437509688549e-05,Poland,2750,74.81610530391019
0.013368784904005275,0.2415872745992354,0.0014102477088045774,0.028726385253638857,0.0005851648165844381,Poland,2790,93.37979094076655
-0.07717054130905768,0.01409744535382021,8.229278650211489e-05,0.028731288949911615,0.00018920768343377858,Poland,2811,86.72086720867209
-0.04559155186076547,0.003227986327476331,1.8843129589203974e-05,0.028729427319684864,3.779325561481528e-05,Poland,2812,75.12582268679829
-0.015786969732109416,0.00546946855463263,3.19276150217134e-05,0.02872769125796135,0.00017280247993767262,Poland,2813,86.10143244289586
0.0027267592843876593,0.004045700147637332,2.3616473066226416e-05,0.0287266081449742,0.0001604343269718811,Poland,2814,85.6949283778552
0.05167839712732143,0.003117563823064203,1.819854645002169e-05,0.02872374907269428,1.1966098099946976e-05,Poland,2815,69.02826171118855
0.8003741382688938,0.23269108314703557,0.0013583168542785527,0.02868042886063858,0.0005257336306385696,Poland,2816,92.91521486643438
0.1716094059017627,0.04568778256505972,0.0002666990253920481,0.0287168195496205,4.6971210394985974e-05,Poland,2817,76.40340689121177
0.02240865857591073,0.012839874348802165,7.495180949317363e-05,0.02872547397482378,8.822226664051414e-05,Poland,2818,80.99109562524197
-0.08750407285572293,0.036311459586057866,0.00021196543886484236,0.028731929420095587,0.0007381625473499298,Poland,2819,94.46380178087496
0.2844860242245512,0.021472669776048788,0.00012534510935571414,0.028710189860499332,8.663663720653858e-06,Poland,2821,67.55710414247
0.003207814319799653,0.012567394144766387,7.336122661138274e-05,0.028726594353715364,8.12806174508296e-05,Poland,2822,80.35230352303523
-0.02151004326694994,0.000680065974059768,3.9698344349664534e-06,0.028728017306501322,4.4396733756002504e-06,Poland,2823,64.80836236933798
0.02924175132434504,0.031368657486511894,0.0001831122000196982,0.028725106167038963,0.0002946658933069557,Poland,2824,89.25667828106853
0.04754804857367193,0.005425758176128819,3.16724589451434e-05,0.028723994049002957,1.0277876754116733e-05,Poland,2825,68.19589624467673
-0.1065270110466092,0.01297250379770648,7.572602401563804e-05,0.02873300072653251,1.5699280993430875e-05,Poland,2826,70.5381339527681
0.15514288433380302,0.05046014004429854,0.00029455730647021144,0.02871778877341096,0.0004716872062999755,Poland,2829,92.39256678281068
2.9163355585588384,0.9619760959644579,0.005615463759459715,0.028558125289934524,0.00026367141981609166,Poland,2910,88.75338753387534
0.004993275560394273,2.0148922023533418e-05,1.1761783051573042e-07,0.02872646908835171,1.0729420864663552e-05,Poland,2920,68.44754161827332
-0.039723043218345945,0.2946010431228084,0.0017197116311882673,0.028729573402159116,0.0006653813761658967,Poland,2930,94.0572977158343
-2.6005745249903893,0.11955378760716659,0.0006978863242346017,0.028878768673842845,0.00036289109266363084,Poland,3011,90.74719318621757
0.24762298849710182,0.0033605887074683455,1.96171860989104e-05,0.02871231135846279,2.792299164866563e-05,Poland,3012,73.28687572590012
-0.3504366957849295,0.11421022815225576,0.0006666936941978999,0.028747408671383243,0.0005375664331950247,Poland,3020,93.05071622144793
-0.035105416215729046,0.1272148545419344,0.0007426072314499232,0.02872902312961248,1.2834600966016296e-05,Poland,3030,69.39605110336817
0.005874060505507111,0.00029954529570701467,1.7485733371295044e-06,0.028726418141702063,3.096409955105628e-06,Poland,3091,63.82113821138211
0.2888063691769702,0.025905804965203453,0.00015122320559938978,0.028709945092863315,0.00014716360601596534,Poland,3092,84.97870692992645
0.006263037975689681,1.7656304350622946e-05,1.0306736063697084e-07,0.028726394962737215,4.932970227855549e-07,Poland,3099,61.53697251258227
-0.25766331405834497,0.06292785779088315,0.0003673366795365723,0.028741907016779453,0.0003663268871605396,Poland,3100,90.84397986837011
-0.07115075647791907,0.04700928472272895,0.00027441319573949253,0.02873099274731603,4.007600637123687e-06,Poland,3211,64.40185830429733
-0.10347751703629499,0.004089577971905759,2.3872606594966813e-05,0.02873280781550373,1.7278152881772257e-06,Poland,3212,62.62098335269067
-0.030806918626941644,0.003053404227469601,1.782401959286329e-05,0.028728563984801198,5.089138085168088e-06,Poland,3220,65.4084397986837
-0.07098377539233384,0.027463485263691998,0.00016031604824036743,0.028730950218608265,1.2099961168132722e-05,Poland,3230,69.10569105691057
-0.05207433159449895,0.010462379984974639,6.107336335048853e-05,0.028729817879862736,2.1386704247561283e-05,Poland,3240,71.81571815718158
0.19995247761348883,0.09681661315496454,0.0005651597630814946,0.028715250743500002,3.1650124583393335e-05,Poland,3250,74.13859852884244
0.42475205484341055,0.02751872214227137,0.00016063848940200268,0.02870201205516873,2.7937116101384163e-05,Poland,3290,73.30623306233063
0.04345061308254335,0.00813372134401297,4.7479992100070164e-05,0.028724237774416343,2.0509367459453642e-05,Poland,Wastes,71.6221447928765
2.6112363932335687,4.320365240880065,0.025219810075912542,0.02858153976517473,0.0,Qatar,1410,30.545876887340302
-3.917478921219403,3.241990465663892,0.018924877702077684,0.02896092126437364,0.0,Qatar,1512,30.545876887340302
-10.336309355552135,14.946571381064466,0.08724949639668207,0.02935574762975269,0.0,Qatar,2011,30.545876887340302
0.10112348477772684,4.73773778065105,0.027656191168030884,0.02872880281787929,0.0,Qatar,2012,30.545876887340302
-64.01188013377042,375.85933634294906,2.194050861287089,0.0331916479629677,0.01666666753590107,Qatar,2029,99.86449864498645
-8.923965435470485,4.3464801139701175,0.02537225370110788,0.02925511304563823,0.0,Qatar,2220,30.545876887340302
4.41334646542948,4.248113292150196,0.02479804471048925,0.028476196262745654,0.0,Qatar,2620,30.545876887340302
0.10896347118987959,0.18171545368773184,0.0010607504167701686,0.028720704526881368,0.0010416667209938169,Qatar,2630,96.12853271389857
3.131155281670686,3.6338779986487033,0.021212491966602597,0.028550037852023185,0.0,Qatar,2651,30.545876887340302
0.9799280332677276,0.15440415532478519,0.000901322748219676,0.02866981637232597,0.0010416667209938169,Qatar,2790,96.12853271389857
-2.3789602750883034,3.170479979777794,0.018507440570740094,0.02887097384453392,0.0,Qatar,2813,30.545876887340302
4.356150224983165,20.701165978743138,0.12084151344285321,0.028506921706395478,0.0052083334885537624,Qatar,2819,99.1676345334882
0.09636314618651243,3.5061821721617834,0.02046707709727299,0.02872701498677393,0.0,Qatar,2829,30.545876887340302
-0.7012176356515454,3.266689029448661,0.019069053727267814,0.028773180363355622,0.0,Qatar,2930,30.545876887340302
1.0469354313657426,2.833340992977793,0.016539416863894967,0.028670388372878507,0.0,Qatar,3290,30.545876887340302
0.03183698947979725,4.899715478626375e-05,2.860172390698031e-07,0.028724902154930298,3.602296419558115e-05,Romania,1010,74.73867595818815
-0.0369627303155143,0.000613974108828306,3.584028097824285e-06,0.02872891923478796,0.00017591337382327765,Romania,1030,86.2175764614789
-0.2669936965543018,0.005200499583958487,3.035752870296185e-05,0.028742354816805017,0.00028926998493261635,Romania,1040,89.14053426248549
0.06633309438196776,0.0023122770645230104,1.3497745018955851e-05,0.028722892265302842,1.9265020455350168e-05,Romania,1050,71.40921409214093
-0.17782474253651068,0.0353561412640224,0.000206388839364457,0.02873720023048157,0.0002840613597072661,Romania,1061,89.06310491676346
0.05295680993491599,0.0029993967856298573,1.750875517655973e-05,0.02872367424815249,2.1822192138643004e-05,Romania,1071,71.95121951219512
-0.12631782399578934,0.00204147777688035,1.1916974361322951e-05,0.028734137666368148,3.137727253488265e-05,Romania,1073,74.0611691831204
0.014048173028841359,6.697453617630679e-05,3.9095886299296354e-07,0.028725940593980197,1.0012513484980445e-05,Romania,1074,68.1184668989547
-0.12176762117711493,0.021782538139347024,0.0001271539428304792,0.028733905163723625,0.00018806317530106753,Romania,1079,86.70150987224157
0.17807248432167663,0.012270680645033826,7.162918367218666e-05,0.028716386254070175,2.3662621970288455e-05,Romania,1102,72.26093689508323
0.09152353037421293,0.014196077498042168,8.286854429247965e-05,0.02872144171647533,1.3003122148802504e-05,Romania,1103,69.41540843979868
0.04530380155177524,0.004914888080872275,2.8690292841703298e-05,0.028724124198690245,8.761364370002411e-06,Romania,1104,67.63453348819203
-0.2003581270481354,0.02917694689007915,0.0001703182527718171,0.028738505236553184,8.665581844979897e-05,Romania,1311,80.89430894308943
0.3810366453061147,0.02352160635326661,0.0001373056239080666,0.02870455721611004,0.00023507863807026297,Romania,1312,87.95973674022454
-0.3547676391676208,0.017786684257061335,0.00010382844362295968,0.028747499677895784,0.00013563985703513026,Romania,1391,84.33991482771971
0.014015567882819564,0.05108273787075082,0.0002981916748768983,0.028726028043598834,2.3679707737755962e-05,Romania,1392,72.28029423151374
0.13158035101805296,0.011713824866673004,6.837857957116077e-05,0.028719099266098034,1.589493331266567e-05,Romania,1393,70.57684862562911
-0.0018663126482336742,2.8855088731885323e-07,1.6843942976300642e-09,0.028726869478397025,9.211355973093305e-06,Romania,1394,67.77003484320558
-0.002842673701461189,0.0005347817183009673,3.1217484207129713e-06,0.028726927369044305,7.503503729822114e-05,Romania,1399,79.94579945799458
0.15937659976353516,0.19846153559148677,0.0011585044217168304,0.02871778973994721,9.256677003577352e-05,Romania,1410,81.30081300813008
0.003145527381410412,0.0003474316471912638,2.0281063447173414e-06,0.02872657749809253,1.3315253681867034e-06,Romania,1420,62.253193960511034
-0.03934317990113694,0.011298669616086525,6.59551417393917e-05,0.028729076110408584,7.512811407650588e-06,Romania,1430,67.0150987224158
0.20401743435788852,0.04906491000067713,0.00028641275508381724,0.028714933410868688,5.122513175592758e-05,Romania,1512,77.15834301200155
0.7988397327002363,0.07660997695969946,0.000447205030389997,0.028680257118873457,1.2111796422686893e-05,Romania,1520,69.12504839334107
-0.2508464186737127,0.002852772246166973,1.665284535608149e-05,0.028741408292287742,5.090267222840339e-05,Romania,1610,77.08091366627951
-0.1584820325261065,0.002471523825970411,1.4427336119473431e-05,0.028736015949669354,4.348070433479734e-05,Romania,1621,75.86140147115756
0.41842696582744665,0.004573444515302313,2.669714147712961e-05,0.02870234283375212,5.051734115113504e-05,Romania,1622,76.80991095625242
0.17785378121866074,0.0018251400839922644,1.0654119203783719e-05,0.028716381510865266,6.483085144282086e-06,Romania,1623,66.27951993805652
0.0338708271518921,0.007350747784181637,4.290944230336247e-05,0.028724795674663562,1.3780200788460206e-05,Romania,1629,69.84126984126983
0.06840453122454475,0.0002484230482156694,1.4501510277872295e-06,0.028722767886301855,0.00012408454495016485,Romania,1701,83.54626403406891
0.015633980827124687,0.0013448682598067177,7.85056822708337e-06,0.028725850166467806,2.7646499347611098e-06,Romania,1702,63.569492837785525
-0.23520816172947073,0.005945371542013798,3.470566323919874e-05,0.02874050060901365,4.8980418796418235e-05,Romania,1709,76.63569492837784
-0.09657877455852076,0.00063564563310167,3.710534005486489e-06,0.02873239931340883,1.7103683092045685e-07,Romania,1811,61.14982578397212
6.031794544737483,0.3109197544760834,0.0018149708924004974,0.028375174023691826,8.183375030057505e-05,Romania,1920,80.41037553232675
-9.35818411826372,37.554939976853326,0.21922416296350092,0.02933735212072191,0.006492408458143473,Romania,2011,99.39992257065427
-0.3746345575611779,0.17486392519451516,0.001020755129868585,0.028748923002474062,0.0009114856366068125,Romania,2013,95.45102593883081
-0.007071896481479689,0.001769144088163981,1.0327246751788611e-05,0.028727176316715827,0.00014662917237728834,Romania,2022,84.90127758420442
-0.5472601359906992,0.047959146429365565,0.00027995794265419505,0.028758786948350636,1.1133080079162028e-05,Romania,2023,68.62175764614788
0.005445071126330678,0.11434030005594675,0.0006674529792408077,0.0287266344181121,0.00041119675734080374,Romania,2029,91.40534262485482
0.12702156457631897,0.014802371762878574,8.640774187341715e-05,0.028719370559906122,4.697088661487214e-05,Romania,2030,76.38404955478126
0.6658277113965332,0.5932554056919417,0.003463084212530947,0.028688886857235703,0.0009746600990183651,Romania,2100,95.79945799457995
-0.014243562314469323,6.993392722164806e-05,4.0823408764241e-07,0.02872759210791288,5.066824542154791e-06,Romania,2211,65.33101045296166
-0.10735453894967052,0.010803405158658496,6.306407238361186e-05,0.028733045394726566,5.878604497411288e-05,Romania,2219,78.08749516066588
0.10569347837212471,0.028617906721016002,0.0001670548974528796,0.02872063873451544,0.0003088698722422123,Romania,2220,89.56639566395664
0.11032448391844651,0.0029355250274372595,1.7135908548781616e-05,0.028720325345273485,8.271495607914403e-05,Romania,2310,80.58459156020132
0.06341012533083035,0.0007582681421055194,4.426333762147573e-06,0.028723060285878326,3.1315028081735363e-06,Romania,2392,63.84049554781262
0.032327101747683364,0.0019667915376383664,1.148099900647464e-05,0.02872487676073661,9.863249033514876e-06,Romania,2393,68.04103755323267
0.02051263964039191,0.0027472486994767555,1.6036859517457842e-05,0.028725567729932358,4.539012024906697e-06,Romania,2396,64.88579171506001
-0.1256624811805392,0.00948953998737862,5.5394482374993734e-05,0.02873411190409251,0.00012050352961523458,Romania,2399,83.2559039876113
-1.534374077923426,18.39885882918915,0.10740196705942305,0.028847311055976776,0.004497843328863382,Romania,2410,98.93534649632211
-0.9578443177565353,0.11297788008764116,0.0006594999542235759,0.0287828638043983,0.0012084386544302106,Romania,2420,96.7866821525358
-1.2460932943811718,0.24686886200768313,0.0014410785816391272,0.02879991533000059,0.0005039190291427076,Romania,2431,92.7216415021293
-0.06515980549698996,0.0009382841639998315,5.477163872490527e-06,0.028730565762002662,4.055773842992494e-06,Romania,2511,64.51800232288038
0.013429233271491921,0.00029554729534000414,1.7252353079773916e-06,0.0287259771074113,6.1413084040395916e-06,Romania,2512,66.02787456445994
0.01640853588160324,0.0007815334869014201,4.56214347831493e-06,0.02872580400776374,5.0799753807950765e-06,Romania,2513,65.35036778939218
0.0032618804724460805,0.00021363171054577146,1.2470591873059292e-06,0.028726570481699354,3.938388090318767e-06,Romania,2520,64.34378629500581
0.03800362411585144,0.0014602498109399305,8.524099431878238e-06,0.028724544548580283,0.0001399810571456328,Romania,2593,84.51413085559427
-0.17810081038952774,0.14657586637204878,0.0008556256949383288,0.028737402919966144,0.0010290573118254542,Romania,2599,96.03174603174604
0.04435894794422323,0.09104783670165544,0.0005314849605101231,0.028724323778240878,6.60197765682824e-05,Romania,2610,78.84243128145567
1.0031964053579838,0.17945927233175113,0.0010475801262687437,0.02866850001638008,9.594243601895869e-05,Romania,2620,81.57181571815718
0.009514159658200497,0.0143466904806546,8.374773635256541e-05,0.028726229208891382,0.00030222334316931665,Romania,2630,89.41153697251258
1.088022618661158,0.36924898456470917,0.002155463425483115,0.028663865863039924,0.0009574794094078243,Romania,2640,95.6833139759969
-0.013162476617787997,0.49658432606686626,0.0028987739905828617,0.02872836165334082,0.0008410713635385036,Romania,2651,94.96709252806814
-0.06917473424110691,0.000322073656924318,1.8800809665877513e-06,0.0287307990970177,1.1855627235490829e-05,Romania,2652,68.93147502903601
0.17570563433037728,0.008202366764868504,4.7880704627839e-05,0.028716517597532208,1.972764584934339e-05,Romania,2660,71.44792876500193
0.034411754716998116,0.0024335484207293557,1.4205657521869461e-05,0.028724755853310944,0.00011535545490914956,Romania,2670,83.08168795973674
0.22955213821328085,0.0027372111268529503,1.597826593541523e-05,0.02871336518622932,5.824007166665979e-05,Romania,2680,78.02942315137436
0.2606092475183196,0.16427056360774323,0.0009589171711802971,0.028711822985324927,0.0008128544432111084,Romania,2710,94.81223383662409
-2.3205989137045835,0.5150777758989679,0.003006728125571461,0.028863091599929263,2.2902800992596895e-05,Romania,2720,72.06736353077817
0.45044998276290904,0.005212857309696454,3.0429666005876137e-05,0.0287004745847603,6.755958747817203e-05,Romania,2731,79.07471931862176
-0.005372127162359136,0.0021044733657543365,1.2284706416008815e-05,0.02872707765625951,7.74120053392835e-06,Romania,2732,67.15060007742935
-0.04694580004211099,0.003791053960377366,2.212999492810877e-05,0.02872950731722836,5.194379991735332e-05,Romania,2740,77.2744870305846
-0.4794317408236512,0.029120431545014758,0.0001699883486573658,0.02875479588363295,3.544364153640345e-05,Romania,2750,74.68060394889663
0.4742113010627526,0.05578776045863398,0.0003256568935455682,0.028699172262889316,0.00036581329186446965,Romania,2790,90.8246225319396
-0.8261805361914616,0.04936982304434928,0.00028819266224960904,0.02877507113395478,0.00024447424220852554,Romania,2811,88.25009678668215
-0.011074055383668825,0.00016553185157320367,9.662798456687778e-07,0.028727407250619504,4.7508907300652936e-05,Romania,2812,76.4614789005033
-0.029320847875348652,0.0002805887945957664,1.637916174812339e-06,0.02872847258649214,0.0002183069591410458,Romania,2813,87.59194734804491
-0.22873724281856508,0.0230491465969743,0.00013454767529542182,0.028740151568569773,0.00020403061353135854,Romania,2814,87.24351529229578
-0.012715415637677724,0.0005134170827935508,2.9970339533480815e-06,0.028727503647186837,1.3435884284263011e-05,Romania,2815,69.66705381339527
0.19268532687063986,0.0757977865764604,0.0004424639295643179,0.028715639727312923,0.0003433168458286673,Romania,2816,90.30197444831592
0.4766538595675812,0.02759435450422111,0.0001610799876776384,0.028698982447841682,5.9505186072783545e-05,Romania,2817,78.18428184281842
-0.2953601391622581,0.21822520931556263,0.001273873393998897,0.028744368128138614,0.00021082143939565867,Romania,2819,87.3209446380178
-0.11840044584926633,0.022120829617648503,0.00012912869412056346,0.02873370917454366,0.00021074192773085088,Romania,2821,87.3015873015873
0.10896729779542336,0.0026554809464072334,1.5501172098809144e-05,0.02872040410051242,0.00010372026736149564,Romania,2822,82.32675183894696
0.005497179702603315,1.0600803906434124e-05,6.188140267460368e-08,0.028726439657311864,2.9683551474590786e-06,Romania,2823,63.68563685636857
0.4538356539129148,0.018918757307885403,0.00011043683567826334,0.028700299910974923,2.9897093554609455e-05,Romania,2824,73.7901664730933
0.028912579823077583,0.0020498675533759756,1.196594905628553e-05,0.028725076220234125,8.07965625426732e-06,Romania,2825,67.28610143244289
0.020673503019666528,0.00647336354221966,3.778777718660207e-05,0.02872556458772589,1.737055936246179e-05,Romania,2826,70.88656600851722
-0.12229383568738712,0.12878510062285248,0.0007517734259092447,0.028734115360253554,0.0005505076260305941,Romania,2829,93.10878823073945
-0.00040955982833985796,0.001381538810204967,8.064629831799603e-06,0.028726786757762093,1.1819453902717214e-05,Romania,2920,68.89276035617499
-0.08518089517032308,0.03132375277541826,0.0001828500721156545,0.02873178544065989,0.00036147749051451683,Romania,2930,90.70847851335657
0.3587332709992705,0.10602575530455458,0.0006189174439778049,0.028705997412415498,1.2681325642915908e-05,Romania,3030,69.29926442121564
-0.49853197997172005,0.016600445565549758,9.690386367736997e-05,0.02875588983162249,9.866186155704781e-05,Romania,3092,81.90089043747581
0.05548738030875325,0.009749138003111717,5.690986644273955e-05,0.028723537845362294,7.481855573132634e-05,Romania,3100,79.90708478513356
0.2597867628611832,0.034294116462099566,0.00020018934874107942,0.028711653152324445,4.293360234441934e-06,Romania,3211,64.71157568718544
0.06299301545155203,0.0004822292318225796,2.8149771978864673e-06,0.028723084171526393,6.651890998909948e-06,Romania,3220,66.37630662020906
0.13522902236313109,0.01900844196068997,0.0001109603631543789,0.028718898506509723,9.492790923104621e-06,Romania,3230,67.88617886178862
-0.13598252417237522,0.003899941117704829,2.2765615593121162e-05,0.028734704953430047,2.7954047254752368e-05,Romania,3240,73.34494773519164
-0.19852592414244247,0.0979421881923183,0.0005717302234674936,0.028738513642922472,6.345620477077318e-06,Romania,3250,66.16337591947348
0.17530007582271634,0.015745456616464506,9.191292941354792e-05,0.028716553916262776,3.494113843771629e-05,Romania,3290,74.66124661246613
-0.21874541461366692,0.006364305536029808,3.715115920408968e-05,0.028739540310912273,4.553714006760856e-06,Romania,Wastes,64.92450638792103
0.6663581046606967,0.1326991742564891,0.000774621539010753,0.028688084599695175,0.0001588674494996667,Russia,1020,85.57878435927216
-0.21312314071428382,0.26576644426309126,0.0015513918095268336,0.028739647302325907,8.088385948212817e-05,Russia,1030,80.31358885017421
-3.9233163700376137,0.7061151564695141,0.004121894595711746,0.02895697477814526,1.9810582671198063e-05,Russia,1040,71.52535811072397
-1.7560847801505166,0.23085680824383326,0.0013476094112484923,0.0288296591846501,6.8352419475559145e-06,Russia,1050,66.55052264808361
0.05945641110046518,0.2531645464751744,0.0014778291704702835,0.02872371429704984,7.35431895009242e-05,Russia,1061,79.79094076655052
0.016015512899211944,0.18679270860092806,0.0010903885138935773,0.02872613886619369,2.9794115107506514e-05,Russia,1062,73.73209446380177
-0.0010512432151783269,0.23268751351190853,0.0013582960167995608,0.02872721209942019,1.3050557754468173e-05,Russia,1071,69.43476577622918
-0.009724638234021588,0.296331769951158,0.001729814620049314,0.028727825139931325,1.4180557627696544e-05,Russia,1072,69.9961285327139
-0.029823902520890316,0.24351281014469278,0.0014214878790317043,0.028728909859355254,6.778873284929432e-06,Russia,1073,66.47309330236159
-0.9539379985479481,0.17911314841108844,0.001045559653680166,0.028782746893741194,1.0867072887776885e-05,Russia,1074,68.50561362756484
-1.1751552129414184,0.5576513064404978,0.003255247936896425,0.028796296733814113,4.797533620148897e-05,Russia,1079,76.57762291908632
-0.5202711645378759,0.24584541333003945,0.0014351042762659639,0.028757543675489026,1.435182980458194e-06,Russia,1104,62.36933797909408
0.8077079593328982,0.4061756626401702,0.0023710201564246377,0.02868029119868637,0.0001831822592066601,Russia,1312,86.52729384436701
0.7754230808698147,0.25121808474681157,0.0014664668452101758,0.0286819163997125,0.00013156438944861293,Russia,1392,84.03019744483159
1.0256048248422673,0.22172892542795664,0.001294326075656083,0.02866726266394193,1.5442534277099185e-05,Russia,1399,70.44134727061557
-1.1668810738314193,0.3418606508843279,0.001995586069008913,0.028795450984263702,0.0003045510093215853,Russia,1410,89.4696089818041
-1.1227535356742822,0.24704461705105812,0.0014421045386049552,0.028792715655165068,2.6961830371874385e-05,Russia,1430,73.05458768873403
0.07708148344112903,0.4829868291329409,0.0028193996157183086,0.028723070777307166,7.354194622166688e-06,Russia,1512,66.89895470383276
-1.0374769272765052,0.42980210936421376,0.0025089377781828547,0.028788044749781704,4.069437272846699e-05,Russia,1520,75.4161827332559
-1.3311405737780624,0.24481404153176797,0.0014290837202666844,0.028804876517935143,3.159480183967389e-05,Russia,1610,74.09988385598142
-0.5125638182137655,0.18401751134602148,0.0010741885067669388,0.028756989968434114,7.171859033405781e-05,Russia,1621,79.51993805652342
-0.3321421649346791,0.16998475455668915,0.0009922733349384705,0.02874643432782238,1.7073198250727728e-06,Russia,1622,62.601626016260155
-0.6200964011290062,0.14511818757187175,0.0008471166035901492,0.028763201856390065,7.308153158191999e-07,Russia,1623,61.69183120402633
0.08887253466675363,0.26437096110472846,0.0015432457806020025,0.02872201591663193,4.378264748083893e-06,Russia,1629,64.76964769647697
1.710705430727593,3.4557184861316417,0.020172499091374717,0.02863267530502191,0.0035431720316410065,Russia,2011,98.70305845915603
0.35195938673070126,0.08583974468955964,0.00050108311157381,0.028706359009152263,0.0010514147579669952,Russia,2012,96.2253193960511
0.5163934308652753,0.16003805906242535,0.0009342102413660463,0.028696884540903946,0.0006037378334440291,Russia,2013,93.5346496322106
-0.3285064211950424,0.3975192710621289,0.0023204891157905683,0.028746603912603842,1.4695913705509156e-05,Russia,2023,70.18970189701898
-2.4864673116976723,1.5089202344665718,0.008808209401572856,0.028874449531317594,4.832058402826078e-05,Russia,2029,76.61633759194734
0.9977083259740299,0.21917782610064807,0.001279434223478695,0.028668886852964804,0.0010619820095598698,Russia,2100,96.30274874177314
0.7978006914495013,0.07702364626731356,0.00044961979414041934,0.028680318464968296,0.00010476742318132892,Russia,2211,82.42353852109949
-0.9476704833067954,0.3108298373987283,0.0018144460081633922,0.02878260233620087,3.013531386386603e-05,Russia,2219,73.88695315524583
-0.1818301183297245,0.02067692887074471,0.00012070003113142131,0.02873740941699619,0.0006468204664997756,Russia,2220,93.90243902439023
0.23674596310130477,0.03369766505849051,0.00019670760812892052,0.02871299714481545,0.00030220759799703956,Russia,2310,89.39217963608208
3.1616676099703183,0.2153381654402495,0.0012570204905621052,0.028542559328934482,7.148588338168338e-06,Russia,2393,66.84088269454122
-2.0421655660909805,0.22264178885383534,0.0012996548478645218,0.02884634532902462,2.0247271095286123e-06,Russia,2396,63.00813008130082
0.2735733233294863,0.19818888317512828,0.0011569128335584414,0.028711123057128748,2.3717790099908598e-05,Russia,2399,72.29965156794425
9.295663305929562,71.4354373138016,0.4169990408905443,0.028302152822147073,0.0016302714357152581,Russia,2410,97.69647696476966
0.037689070670000144,0.015474590204500954,9.03317669226949e-05,0.028724586409320935,0.0011744782095775008,Russia,2420,96.61246612466124
0.9806579885726749,0.27922484997196556,0.0016299542497322933,0.028669982661753073,3.768255919567309e-05,Russia,2431,75.08710801393728
0.8527502180611146,0.1977087377147059,0.00115411002022079,0.028677312842661094,5.691621936421143e-06,Russia,2511,65.83430120015485
-0.5726955119105215,0.030298269679787295,0.0001768638909791255,0.028760242073436654,0.00046688690781593323,Russia,2520,92.33449477351915
1.2551928290283596,0.3559907254030406,0.0020780693258290782,0.028654085039216574,3.107261727564037e-05,Russia,2593,74.02245451025938
1.7413242203128143,1.4489010004028227,0.00845785159624963,0.028627533304118324,0.0001332073734374717,Russia,2599,84.18505613627565
0.07809693022711398,0.04169633239460427,0.00024339923252410765,0.0287222715929994,0.00045921141281723976,Russia,2610,92.23770809136663
0.3475722938937117,0.5749241063935273,0.003356076619196883,0.02870743470321381,0.000158353999722749,Russia,2620,85.54006968641114
0.18605783236570503,0.3930772655548387,0.0022945592397259243,0.0287165584644625,4.91865212097764e-05,Russia,2630,76.69376693766937
0.881938358729181,0.8791986878474845,0.005132256809377615,0.02867674980340837,9.319591481471434e-05,Russia,2640,81.3201703445606
-0.018293289072855656,0.0021472768356408114,1.2534568481121403e-05,0.02872783199132789,0.0006556881708092988,Russia,2651,93.97986837011227
-0.5721320301155494,0.16852532458191077,0.0009837540212390787,0.028760441246120958,2.9902919777669013e-05,Russia,2652,73.80952380952381
-1.562921381350245,1.004603898743887,0.005864300380928243,0.028819684976914645,0.0011747571406885982,Russia,2660,96.63182346109176
0.09165419033522165,0.17045894730132383,0.0009950413997413957,0.02872169608102356,0.0001556276110932231,Russia,2670,85.44328300425862
-0.582870552041375,0.37560089584449596,0.00219254223414019,0.028761415773525124,0.00035206039319746196,Russia,2710,90.534262485482
-0.0597714769604733,0.15112692771319575,0.0008821921763046529,0.02873050310697098,3.3268588595092297e-05,Russia,2731,74.37088656600852
-1.5559042865290342,0.2183500160788303,0.00127460194417702,0.02881795260052287,3.719261030710186e-06,Russia,2732,64.18892760356175
-0.7695235691736148,0.17428030906136788,0.0010173483141910718,0.028771973609279196,9.806248272070661e-05,Russia,2740,81.70731707317073
-0.08193449284747323,0.09976609476102884,0.0005823771421177601,0.028731710725169397,0.0002428259322186932,Russia,2750,88.23073945025165
0.8185668776951487,0.283435190520695,0.0016545317988684494,0.02867945181258539,9.605648665456101e-05,Russia,2790,81.59117305458768
-0.7204327381038761,1.3954930210449257,0.008146086497503013,0.02877115898091372,0.0012971293181180954,Russia,2811,97.01897018970189
0.8011136621762311,0.2350243682071732,0.0013719372319060813,0.02868038959732574,4.816204636881594e-06,Russia,2812,65.1567944250871
0.18507389843657748,0.21868563283355075,0.0012765610819675602,0.028716323563837447,0.00016607565339654684,Russia,2813,85.92721641502129
0.9229148273086035,0.221055357724539,0.0012903941743916422,0.028673256066178186,4.648109097615816e-05,Russia,2814,76.19047619047619
-0.7510038898580393,0.3934266503934783,0.0022965987476801404,0.0287712605860246,2.5083116270252503e-05,Russia,2817,72.59001161440186
-0.017260782200727423,0.037267195026428605,0.00021754447326241997,0.028727830614406827,0.0010346747003495693,Russia,2819,96.07046070460704
0.24114484013054527,2.164439942279451,0.012634756836875084,0.02871631211920644,0.0015415166271850467,Russia,2821,97.58033294618662
-0.2429864062527187,0.020136613175089156,0.00011754597853037506,0.028740978467523222,0.00025264793657697737,Russia,2825,88.57917150600078
0.23572393930280355,0.1072923936247491,0.000626311350763258,0.028713180157949516,0.0008450706372968853,Russia,2829,95.08323654665118
-27.260856330899088,412.54484900288793,2.4081998070907265,0.031066229583689164,0.016855575144290924,Russia,2910,99.88385598141696
1.1617231666875927,0.12979179824470635,0.0007576499482427723,0.028659162945469684,2.6144212824874558e-05,Russia,2920,72.80294231513744
0.1534594564597904,0.3650640042423101,0.0021310339147779423,0.02871841445106502,8.206890925066546e-05,Russia,2930,80.44909020518777
4.365882498364292,156.95314762391183,0.9162023007770989,0.02873517775630043,0.010169681161642075,Russia,3030,99.65156794425087
1.1305242372042161,0.18390238836059195,0.001073516484920167,0.028661074704952695,0.000140682517667301,Russia,3100,84.63027487417732
0.626004133457707,0.015777175550627492,9.209808632755873e-05,0.028690244431770026,0.0003684258263092488,Russia,3211,90.88269454123112
-0.6097080695523046,0.20253335357813812,0.001182273355721612,0.028762691841060582,8.145366336975712e-07,Russia,3212,61.76926054974835
-0.7687643142234921,0.17845306407118847,0.0010417064605452793,0.028771936296268147,1.864825389930047e-05,Russia,3220,71.21564072783585
-0.44024537422091664,0.030009305231248937,0.0001751770825487013,0.028752509896695328,0.00030095616239123046,Russia,3230,89.35346496322106
0.12334327042148038,0.26151370516242584,0.0015265667620039205,0.028719998891783345,2.8603128612303408e-06,Russia,3240,63.60820751064653
-0.9939439058230691,0.5206057616959118,0.0030389973306335937,0.02878565606329067,0.0011166908079758286,Russia,3250,96.4769647696477
0.48011895221088996,0.22749237996255295,0.0013279698119236369,0.028699115062908263,8.44404348754324e-05,Russia,3290,80.75880758807588
0.14644978670696757,0.01760559419309917,0.0001027713438720992,0.02871824115028282,0.0,646,1079,30.545876887340302
-0.0035103217525672033,1.3329088279183297e-05,7.780755934829226e-08,0.02872696546807101,0.0,646,1392,30.545876887340302
-0.05262470071382566,0.0007743746476162587,4.520354287570729e-06,0.028729833759674066,0.0,646,1512,30.545876887340302
0.0273141208043573,0.02460592526848636,0.00014363525475612681,0.0287252073513847,0.0,646,1629,30.545876887340302
0.20532281182955617,0.013839235561884227,8.07855060873137e-05,0.02871479816459486,0.0,659,1101,30.545876887340302
0.18388703525401628,0.010036267688751087,5.858596458149467e-05,0.02871604308825115,0.0,659,2220,30.545876887340302
-0.5582890517220428,0.2391866207325442,0.0013962340707901154,0.028759751794031018,0.0,659,2599,30.545876887340302
-0.4663186682271805,0.007144172116776552,4.170357224196926e-05,0.02875399352943372,0.0,659,2610,30.545876887340302
-0.5627723220062324,0.03898582971279402,0.00022757687514591958,0.028759677398514163,0.0,659,2630,30.545876887340302
-0.0353154013022509,0.029154217655757507,0.00017018557256058428,0.028728870935925598,0.0,659,2640,30.545876887340302
0.674397502643214,0.006141364888772601,3.5849759792570834e-05,0.02868740336611285,0.0,659,2651,30.545876887340302
0.11528584577366925,0.03391225323623021,0.00019796025062218087,0.028720087662341957,0.0,659,2710,30.545876887340302
-0.3618244832588573,0.053262321354076755,0.00031091483100591087,0.028747971149534226,0.0,659,2790,30.545876887340302
0.30687487976589534,0.04163885936184018,0.0002430637379790905,0.028708916721891846,0.0,659,2813,30.545876887340302
0.21997945094185328,0.0729329092704243,0.0004257404218234991,0.02871404164409798,0.0,659,2819,30.545876887340302
0.002400058488136245,0.09083417799980056,0.000530237743763062,0.028726772751869696,0.0,659,3290,30.545876887340302
0.15479319721966403,0.0021912789598022638,1.279142760122267e-05,0.028717728269197947,0.0,662,1079,30.545876887340302
0.32684656347161417,0.007262874327694151,4.2396487550750645e-05,0.028707693279828875,0.0,662,1101,30.545876887340302
0.14165322993104423,0.017582483059403017,0.0001026364343517325,0.028718521107253207,0.0,662,2220,30.545876887340302
-0.041176135798532354,0.002714975127203225,1.58484649448166e-05,0.028729168712672268,0.0,662,2610,30.545876887340302
-0.5439291055085874,0.0272350708483258,0.00015898269611549874,0.02875855771055116,0.0,662,2630,30.545876887340302
0.4304377014586446,0.046902816127163446,0.0002737916932484985,0.028701712636211782,0.0,662,2710,30.545876887340302
-0.18017302065662252,0.0013738958241753063,8.020014470520188e-06,0.02873728030382657,0.0,670,1020,30.545876887340302
-0.18017302065662252,0.0013738958241753063,8.020014470520188e-06,0.02873728030382657,0.0,670,1104,30.545876887340302
0.0,0.0,0.0,0.028726760533303364,0.0,678,1073,30.545876887340302
-0.2787725556510317,0.0981227356919914,0.0005727841560397568,0.02874319830994268,1.3602229046227876e-05,Saudi Arabia,1030,69.73480449090205
0.26654187817559905,0.042839428753660126,0.00025007197231959386,0.02871127314867846,1.7364546920362045e-06,Saudi Arabia,1071,62.650019357336426
0.09367270962444812,0.0429440968356046,0.0002506829644465262,0.028721364458265692,3.7623185562551953e-06,Saudi Arabia,1073,64.22764227642277
-0.4785154819387425,0.2572093008700082,0.0015014401227750108,0.028755125258888792,9.261092600354459e-06,Saudi Arabia,1079,67.8281068524971
-0.3549923505942921,0.042595623877372375,0.0002486487795262212,0.028747554427619556,8.682273460181023e-07,Saudi Arabia,1104,61.856368563685635
-0.6473010408462401,0.2590288380811911,0.001512061535626379,0.028764981193314332,5.9328871429897845e-05,Saudi Arabia,1312,78.16492450638792
-1.463952984471904,0.13333415954093686,0.0007783282182801912,0.02881244195298302,1.3602229046227876e-05,Saudi Arabia,1392,69.73480449090205
0.33028561139550267,0.06139560740976058,0.00035839228214280377,0.02870758324267873,5.498773589351913e-06,Saudi Arabia,1393,65.72783584978707
-0.18380195464168528,0.03202113774903802,0.00018692100491968358,0.028737543551914276,1.678573062235955e-05,Saudi Arabia,1399,70.77042198993418
-1.1661266513350106,0.38227789980015625,0.002231518747061946,0.02879547488382477,5.67241913813632e-05,Saudi Arabia,1410,77.77777777777779
-0.0669712736439744,0.16736729274234147,0.000976994096689309,0.02873095063117699,4.051727955811657e-06,Saudi Arabia,1512,64.45993031358886
-0.5653048086374513,0.16831255418909769,0.0009825119899298392,0.028760042351022957,6.367000878526596e-06,Saudi Arabia,1520,66.221447928765
-0.6770268754610858,6.701212395500475,0.039117827884951384,0.028777538620564633,0.003879598109051585,Saudi Arabia,2011,98.78048780487805
0.407834318534742,0.2996971814028574,0.0017494599585582105,0.028703455664401117,0.0010240741539746523,Saudi Arabia,2012,95.99303135888502
2.510195560005188,7.120436225720738,0.041565015747081754,0.028592114055167716,0.0027302857488393784,Saudi Arabia,2013,98.49012775842044
0.042306947950200624,0.04911182566508307,0.0002866866217779355,0.028724373245685473,0.0004448011750355363,Saudi Arabia,2023,91.92799070847852
-6.167598470989817,1.2558043747077456,0.007330664436180399,0.029088921908291047,0.0016241847770288587,Saudi Arabia,2029,97.65776229190864
-1.188637788782253,0.0865852804101668,0.00050543512077447,0.02879629192484714,1.1286956578260288e-05,Saudi Arabia,2030,68.73790166473094
3.124940065661853,0.3649989221240031,0.0021306540027632103,0.028544952680316246,1.9101002180832438e-05,Saudi Arabia,2100,71.33178474641889
-0.29879040837670395,0.08436235292854412,0.0004924589472860381,0.028744343754782065,1.2444593266991433e-05,Saudi Arabia,2219,69.24119241192412
-0.3469993396998775,14.5589297873835,0.08498666748637294,0.02877146827319524,0.0034553175792098045,Saudi Arabia,2220,98.6449864498645
3.3821619123334576,1.4606657208823184,0.008526527275167147,0.02853176212103915,0.0011456742649897933,Saudi Arabia,2310,96.51567944250871
-1.3649655298044747,3.616185355119126,0.021109212478717013,0.028812521475109508,0.006421899888664484,Saudi Arabia,2410,99.38056523422377
16.450739092852352,9.712248603124488,0.056694527319859564,0.027782211894002207,0.003432971192523837,Saudi Arabia,2420,98.62562911343399
-0.3506914258849786,0.022401455332780523,0.00013076682581625432,0.02874726947579391,1.1576365750443074e-06,Saudi Arabia,2512,62.10801393728222
-0.6152691493323935,0.09870173635775198,0.000576164029270413,0.028762842132455942,2.5178595024044625e-05,Saudi Arabia,2593,72.66744096012388
-5.314461354784972,1.1468627247064105,0.0066947256742458765,0.02903893233062202,1.2734001757053193e-05,Saudi Arabia,2599,69.35733643050716
0.018629852601100783,0.26415808785663303,0.0015420031488827183,0.028726115987156575,0.0,Saudi Arabia,2610,30.545876887340302
0.1250066138660847,0.44944157191535355,0.0026235816770009664,0.028720216863739642,3.472909384072409e-06,Saudi Arabia,2620,64.05342624854819
0.3810666878259044,0.08009955999418944,0.0004675752112583249,0.02870465026525808,9.033423702931032e-05,Saudi Arabia,2630,81.18466898954703
0.1174500524972473,0.591718463162813,0.003454112425072921,0.028720896526085542,0.0,Saudi Arabia,2640,30.545876887340302
1.5149629622956202,0.2705242556417702,0.0015791651788271699,0.02863877795316363,0.0,Saudi Arabia,2651,30.545876887340302
-0.8209181697758001,0.10628160035985117,0.0006204109204187289,0.02877485954196493,0.0,Saudi Arabia,2670,30.545876887340302
1.6322701005501081,0.2856913279036642,0.001667701832680697,0.02863195547843988,0.00018992956029251218,Saudi Arabia,2710,86.7595818815331
-0.6823058362942952,0.812247871957295,0.0047414364117868745,0.028767953642170406,0.0013584863627329469,Saudi Arabia,2720,97.21254355400697
-0.12189032698590924,0.6750033816797898,0.0039402819292878345,0.02873500803061922,0.000768130412325263,Saudi Arabia,2732,94.5993031358885
0.6707452117284809,0.06523090192768621,0.00038078052802813776,0.028687715518742204,0.0,Saudi Arabia,2740,30.545876887340302
1.5706723183588351,0.1137377999173457,0.0006639359295889746,0.028635263827222323,4.341136900620768e-06,Saudi Arabia,2750,64.7406116918312
1.0773963637429746,0.13437040942429865,0.0007843772497375982,0.028664093158231083,8.682273460181023e-07,Saudi Arabia,2790,61.856368563685635
0.19951058873146899,0.04714329746953992,0.00027519548516038316,0.028715193274306505,4.6305463001772296e-06,Saudi Arabia,2811,65.06000774293457
-0.060142334178607745,0.03945589723996214,0.00023032085929935628,0.02873033746919419,1.7364546920362045e-06,Saudi Arabia,2812,62.650019357336426
-0.9959963293989791,0.45808330966765515,0.002674027177019501,0.028785670813328407,0.0008199539151974022,Saudi Arabia,2813,94.92837785520713
0.030194307624193707,0.05524303523295748,0.0003224771006416883,0.028725090594940387,4.341136900620768e-06,Saudi Arabia,2814,64.7406116918312
0.49019119812605483,0.7914461502978547,0.004620007912052853,0.028699471905348717,0.0009099465678445995,Saudi Arabia,2816,95.43166860240031
0.3972376535631206,0.16233661463347615,0.0009476278881895873,0.02870384408698861,0.0003564073413144797,Saudi Arabia,2819,90.61169183120403
-0.40071954843754753,0.059288502705326505,0.00034609221548337837,0.02875025174065094,6.945818768144818e-06,Saudi Arabia,2821,66.70538133952768
0.0059192984169053955,0.003919041664512868,2.2877113611456924e-05,0.028726421570446314,0.0002874990168493241,Saudi Arabia,2822,89.12117692605499
-0.8021096931654758,0.17347837651426443,0.001012667092719268,0.028773874472348814,0.0005503982538357377,Saudi Arabia,2824,93.08943089430895
0.3534214256025025,0.03035882604771256,0.00017721738426333016,0.02870618069334845,5.788182534161024e-06,Saudi Arabia,2825,65.91173054587689
-0.3799460809837019,0.12234591634681224,0.000714185167641419,0.02874914492471747,0.00010451528214616701,Saudi Arabia,2829,82.40418118466899
2.50016550788814,2.0110236840326774,0.01173920086421555,0.028584170788498946,1.447045633540256e-06,Saudi Arabia,2910,62.388695315524586
0.07299323616111097,0.010866266473556185,6.343102062396918e-05,0.02872251782653406,0.0,Saudi Arabia,2920,30.545876887340302
0.3807581713891687,0.07450941335428522,0.0004349431469085602,0.02870465890779277,0.00011349661508575082,Saudi Arabia,2930,83.00425861401472
0.8448561529504058,0.21634366000621838,0.0012628899901465736,0.028677804854213947,2.3152731500886148e-06,Saudi Arabia,3030,63.33720480061944
0.5293762051812394,0.1039771507531503,0.0006069588676013916,0.028696032765011127,0.0,Saudi Arabia,3100,30.545876887340302
-0.45723686133463615,0.09607433356230674,0.0005608267612850441,0.02875361265223761,5.209364189795451e-06,Saudi Arabia,3211,65.50522648083623
-0.7216646439902848,0.05059772691090469,0.00029536045954901,0.028768972141173042,0.0,Saudi Arabia,3240,30.545876887340302
0.7005279325112739,0.1986518447841059,0.0011596153374440795,0.0286862003869598,1.1576365750443074e-06,Saudi Arabia,3250,62.10801393728222
-0.026093875265077986,0.0840508386754973,0.0004906405060525418,0.02872842469711125,5.498773589351913e-06,Saudi Arabia,3290,65.72783584978707
0.93898537352861,0.03309943537374802,0.00019321548693318905,0.02867200336074577,0.0,686,1020,30.545876887340302
-0.10606152998380472,0.02387978354255032,0.00013939645655383135,0.028732991848835873,0.0,686,1061,30.545876887340302
0.04196221184427732,0.0030992992312241013,1.80919282565035e-05,0.028724316217246103,0.0,686,1079,30.545876887340302
-0.16518182110295088,0.015098097976841064,8.813402160551765e-05,0.02873642822556211,0.0,686,1312,30.545876887340302
-0.07922372617888106,0.006506943227143102,3.7983796094486284e-05,0.02873139607254468,0.0,686,1392,30.545876887340302
-0.8259957841197211,0.05235350014020923,0.0003056096549088015,0.028775065360924678,0.0,686,1410,30.545876887340302
-0.05250256869038898,0.0024193743259709535,1.4122917300181151e-05,0.028729829389108005,0.0,686,1512,30.545876887340302
0.02925125497972894,0.0020257775951355523,1.1825325720598203e-05,0.02872505640992778,0.0,686,1520,30.545876887340302
-0.011856882903934468,0.05469867705755785,0.0003192994503664416,0.028727544396896735,0.0,686,1629,30.545876887340302
0.0808427954428443,0.05526326678412331,0.0003225952008136635,0.02872213405160146,0.0,686,2220,30.545876887340302
0.20629248505752598,0.013577511191442574,7.92577095824442e-05,0.028714741121894028,0.0,686,2593,30.545876887340302
1.0682134207503227,0.3893352195828618,0.002272715325277301,0.028665055846175427,0.0,686,2599,30.545876887340302
0.6506578823908281,0.04467102484956306,0.00026076377801170835,0.02868885367452431,0.0,686,2620,30.545876887340302
-0.15348259120132307,0.003912260564771085,2.2837529447142437e-05,0.028735726527696747,0.0,686,2630,30.545876887340302
-0.139968440131374,0.003196021850956719,1.8656539339987827e-05,0.028734936447615506,0.0,686,2651,30.545876887340302
0.00511676054646534,2.0851329261812267e-05,1.2171808041537324e-07,0.028726461881185533,0.0,686,3030,30.545876887340302
-0.17808380258492887,0.019918018934455974,0.00011626995094356525,0.028737189455260864,0.0,686,3100,30.545876887340302
-0.8049675768647065,0.09422887485317664,0.0005500540336214637,0.028773908187664173,0.0,686,3220,30.545876887340302
0.18672873765934667,0.027717874453277176,0.00016180102617371377,0.028715906845052416,0.0,686,3290,30.545876887340302
-0.15896837282183102,0.05071055175599885,0.0002960190661728656,0.028736125257989666,0.0,Serbia,1030,30.545876887340302
-0.6086414534071728,0.06108373712275587,0.0003565717625876152,0.0287623920830645,0.0,Serbia,1061,30.545876887340302
-0.8959818218658444,0.12038191726845296,0.0007027204694078505,0.028779265042122578,0.0,Serbia,1071,30.545876887340302
-0.8539588739716256,0.11837834256405105,0.0006910247514070211,0.02877680860094469,0.0,Serbia,1073,30.545876887340302
-0.7503394736546202,0.5758651382931448,0.003361569822771239,0.02877152821582369,0.0005525624728761613,Serbia,1079,93.12814556716997
-0.9731943689896578,0.19037061746357778,0.0011112742902004364,0.02878388989719243,0.00027628123643808067,Serbia,1101,88.93728222996515
-0.5673811145385488,0.08326118545612436,0.0004860309642411273,0.0287600207655742,0.0,Serbia,1102,30.545876887340302
-0.12098140686424481,0.0864961738953571,0.000504914968135808,0.028733967814860203,0.0,Serbia,1103,30.545876887340302
-0.6916817163290339,0.12158129710591853,0.0007097217598134734,0.02876734110602977,0.0,Serbia,1104,30.545876887340302
0.3948705117409865,0.030028044611575273,0.00017528647228461962,0.028703760575305905,0.0,Serbia,1392,30.545876887340302
0.28139942298273396,0.12626072291852414,0.0007370375592143121,0.028710545659232315,0.0,Serbia,1399,30.545876887340302
0.11151186652340613,0.018547301785955723,0.00010826849175537611,0.02872028220622662,0.0,Serbia,1410,30.545876887340302
0.3698518811375885,0.09867599974182377,0.0005760137936932066,0.028705336052105648,0.0,Serbia,1430,30.545876887340302
-0.24265445094109428,0.02010937539058924,0.00011738697999352065,0.028740959044158788,0.0,Serbia,1512,30.545876887340302
-0.3401850504314497,0.01894175064896097,0.000110571057592987,0.028746650367541253,0.0,Serbia,1520,30.545876887340302
0.7851992615910548,0.09630065574418767,0.0005621479001528867,0.028681086341779596,0.0,Serbia,1610,30.545876887340302
0.5819200927942649,0.10660086343446518,0.0006222745948205665,0.028692969930682075,0.0,Serbia,1629,30.545876887340302
0.7498704829762818,0.1520637077359182,0.0008876605598645478,0.028683242012601015,0.0,Serbia,1702,30.545876887340302
1.5210945215632685,0.08360191558786151,0.00048801995098887756,0.0286381075340308,0.0,Serbia,1709,30.545876887340302
-0.01895700640766336,0.16386497472934589,0.0009565495763331542,0.02872814193334279,0.0,Serbia,1811,30.545876887340302
3.137737719680698,2.44223402479908,0.014256359088246382,0.028547667290585003,0.00027628123643808067,Serbia,2011,88.93728222996515
1.6155379172586384,0.11725657760780286,0.0006844765320854919,0.02863265069529649,0.0,Serbia,2013,30.545876887340302
0.1462781409740672,0.03868971221871165,0.00022584831134528328,0.028718286515617322,0.0,Serbia,2023,30.545876887340302
-0.010425301439944294,0.19813414351967618,0.001156593294899751,0.02872770136517221,0.0,Serbia,2029,30.545876887340302
0.3244585328602055,0.005314394028293949,3.10223790326661e-05,0.028707829414133943,0.0,Serbia,2100,30.545876887340302
-0.44273552098569025,0.18660743978843766,0.0010893070210096455,0.02875291809690427,0.0,Serbia,2211,30.545876887340302
0.33366929018304053,0.0622482359488516,0.00036336943768921733,0.028707387151060065,0.0,Serbia,2219,30.545876887340302
-0.0005066384378176261,0.02029513964984586,0.00011847136501102215,0.028726824141005233,0.0,Serbia,2220,30.545876887340302
1.5169853353460443,0.0718199253125181,0.00041924346092530104,0.028638327709351347,0.0,Serbia,2310,30.545876887340302
-1.1504629296757902,0.13913142635206716,0.0008121693311918197,0.028794151806597654,0.0,Serbia,2393,30.545876887340302
-35.88984504653283,94.77934766787054,0.5532673776478371,0.030993279190480973,0.0,Serbia,2410,30.545876887340302
1.8640403563244639,0.6600498500542067,0.0038529918029825555,0.0286190512565614,0.0,Serbia,2420,30.545876887340302
0.559977448169924,0.07222093407662876,0.0004215843196966736,0.028694193237364083,0.0,Serbia,2431,30.545876887340302
0.22401471581835103,0.15547853812180845,0.0009075943777183512,0.028713944447381904,0.0,Serbia,2511,30.545876887340302
-0.8539548548984618,0.16849080087486523,0.0009835524916724193,0.028776892547307868,0.0,Serbia,2520,30.545876887340302
-0.07062883957904079,0.04374078258715234,0.00025533355814034243,0.028730956798944985,0.0,Serbia,2593,30.545876887340302
0.43551196161459144,0.2823295588719138,0.0016480777565267652,0.028701810875313004,0.0,Serbia,2599,30.545876887340302
0.02499263327013286,0.0017845021355164183,1.041689820849889e-05,0.028725304599250177,0.0,Serbia,2610,30.545876887340302
-0.01599573537808697,0.014097956654576808,8.229577118217183e-05,0.028727717914130663,0.0,Serbia,2620,30.545876887340302
-0.19620956958389066,0.024077250868370422,0.00014054915735011098,0.028738254512057894,0.0,Serbia,2630,30.545876887340302
0.5466878596524427,0.04538003345833033,0.00026490256291954525,0.028694924050558304,0.0,Serbia,2640,30.545876887340302
0.0917878522841696,0.0013022733192876016,7.6019234366100356e-06,0.028721404669219394,0.0,Serbia,2651,30.545876887340302
-1.0517878161594774,0.15745212409638898,0.0009191150387440535,0.028788422461843592,0.0,Serbia,2652,30.545876887340302
0.05257753093761336,0.09853149929006075,0.0005751702830763578,0.028723856570210603,0.0,Serbia,2660,30.545876887340302
-0.98471276809598,0.05299107211068697,0.0003093314337651415,0.02878433144617206,0.0,Serbia,2670,30.545876887340302
-1.1290268919851045,0.16521546874195903,0.0009644329844729305,0.028792944325256902,0.0,Serbia,2680,30.545876887340302
0.13448203614449353,0.05127173831497381,0.0002992949508829325,0.028718996199184964,0.0,Serbia,2710,30.545876887340302
-0.8969430748466651,0.14006279205031877,0.0008176061090361717,0.0287793542185207,0.0,Serbia,2732,30.545876887340302
2.8363163655994077,0.09048249109338007,0.0005281847976597591,0.02856134353617988,0.0,Serbia,2740,30.545876887340302
0.4388564685633593,0.045490299592371386,0.00026554623325834143,0.028701218829057434,0.0,Serbia,2750,30.545876887340302
0.12519750057688248,0.03553469087614872,0.0002074311094170779,0.02871951179572488,0.0,Serbia,2790,30.545876887340302
-0.029130838233967143,0.12624005682844228,0.000736916922453803,0.028728672730723596,0.0,Serbia,2812,30.545876887340302
0.19542201946112053,0.026171533547018802,0.0001527743763897,0.028715396788343176,0.0,Serbia,2813,30.545876887340302
0.2968902795902395,0.0995380623634505,0.0005810460199932545,0.02870959660048738,0.0,Serbia,2814,30.545876887340302
-0.1296001210571402,0.06605781863396419,0.0003856075926669324,0.028734436645942246,0.0,Serbia,2816,30.545876887340302
0.7455649812039191,0.03473764199780548,0.00020277839599765855,0.028683296896760607,0.0,Serbia,2817,30.545876887340302
1.087649387956595,0.2111835318459773,0.0012327681266204845,0.028663623166969448,0.0,Serbia,2818,30.545876887340302
-0.22610528854346998,0.09755675840038548,0.0005694803057850331,0.028740122930334823,0.0,Serbia,2819,30.545876887340302
-0.23778638552787035,0.05914557002558249,0.0003452578566188369,0.02874074036598902,0.0,Serbia,2822,30.545876887340302
-0.19984236537989206,0.1401802506807908,0.0008182917650367921,0.028738661348529426,0.0,Serbia,2825,30.545876887340302
0.012062559140715278,0.004883232875065018,2.8505507937219082e-05,0.028726064578914953,0.0,Serbia,2829,30.545876887340302
5.8599328958368195,0.7461326604326317,0.004355493792398256,0.028385927665517785,0.0,Serbia,2910,30.545876887340302
0.19365346105107545,0.018214724418756496,0.00010632709616295093,0.028715486689196948,0.0,Serbia,2930,30.545876887340302
-0.011489004108469574,0.007753518897212528,4.5260588655200495e-05,0.028727444197565233,0.0,Serbia,3030,30.545876887340302
1.3921243396850815,0.054639813015174274,0.00031895583590644936,0.0286455876793655,0.0,Serbia,3100,30.545876887340302
2.319879368332978,0.15625173783881105,0.0009121078734360379,0.028591600090530828,0.0,Serbia,3212,30.545876887340302
0.24580268431117439,0.07838021291977054,0.00045753865086266087,0.028712543355798828,0.0,Serbia,3230,30.545876887340302
-0.28190868445611267,0.011878885720367669,6.934211000181934e-05,0.0287432366738051,0.0,Serbia,3250,30.545876887340302
0.2115918938498099,0.06713656871804208,0.00039190471587827397,0.02871452154777365,0.0,Serbia,3290,30.545876887340302
-0.2988565758314645,0.012964682291966777,7.56803665588572e-05,0.028744227816902237,0.0,690,2620,30.545876887340302
-0.2988565758314645,0.012964682291966777,7.56803665588572e-05,0.028744227816902237,0.0,690,3250,30.545876887340302
0.05603379829401087,0.03715359465643131,0.00021688133956974598,0.028723551898116782,0.0,694,1020,30.545876887340302
-0.09298380232491488,0.020560639428930133,0.00012002120018244348,0.028732222878217493,0.0,694,1030,30.545876887340302
-0.20017261813500487,0.010322699786223508,6.025799060131984e-05,0.028738462777908855,0.0,694,1040,30.545876887340302
-0.06783589518924131,0.008369651828549353,4.8857218718510774e-05,0.028730734440161425,0.0,694,1392,30.545876887340302
0.23098325903948452,0.04751907216306594,0.00027738904192553527,0.028713356705425002,0.0,694,1410,30.545876887340302
-0.37936262270277354,0.05397590177810034,0.000315080303544547,0.02874899612607058,0.0,694,1430,30.545876887340302
0.024060672733288768,0.003116856506140223,1.819441754019771e-05,0.028725361235878308,0.0,694,1520,30.545876887340302
0.05443723421400351,0.028121863014246865,0.00016415927928715225,0.028723629952834742,0.0,694,2219,30.545876887340302
0.00814259585568759,0.05029309901512105,0.00029358221691276403,0.028726369550851925,0.0,694,2220,30.545876887340302
-0.6562454670234619,0.034667527683777746,0.00020236910891548076,0.02876512658503971,0.0,694,2310,30.545876887340302
0.6064397180847985,0.37594942429705797,0.0021945767430045088,0.02869198973450285,0.0,694,2599,30.545876887340302
-0.09250258855808914,0.001564744419772108,9.134078922447297e-06,0.028732162927382225,0.0,694,2610,30.545876887340302
-0.31176673163244045,0.040214300241522116,0.00023474798029351752,0.028745027162258276,0.0,694,2620,30.545876887340302
-0.015762229907116163,0.005382898819526182,3.1422270645490724e-05,0.028727689668618238,0.0,694,2630,30.545876887340302
-0.01757825353652622,0.002089696121645846,1.2198445354945e-05,0.02872779015509542,0.0,694,2651,30.545876887340302
0.7169683996145629,0.09500749209683416,0.0005545991537472041,0.028685067124506625,0.0,694,2710,30.545876887340302
-0.45943199786206185,0.047962252035177455,0.0002799760713966461,0.02875366003710942,0.0,694,2740,30.545876887340302
-0.08056424239935056,0.011386225055838205,6.646624009301159e-05,0.028731482507641144,0.0,694,2790,30.545876887340302
0.25321530358538274,0.006396154989191056,3.7337078013024614e-05,0.02871198999890829,0.0,694,2813,30.545876887340302
0.18821570719872494,0.0546139674667403,0.0003188049644438598,0.028715865129285527,0.0,694,2814,30.545876887340302
-0.21365448538477727,0.1553471210236729,0.0009068272402031371,0.028739493072192552,0.0,694,2819,30.545876887340302
0.00392881871662897,0.002826168313897217,1.649754688437658e-05,0.02872653593061285,0.0,694,2930,30.545876887340302
-0.07806089259062962,0.023089223995721997,0.00013478162412344904,0.02873135600431404,0.0,694,3100,30.545876887340302
0.41903942085319834,0.024850926959825975,0.00014506543386816036,0.028702341056616995,0.0,694,3211,30.545876887340302
-0.004705126496373706,0.015877784514809846,9.268538365710034e-05,0.028727061817343087,1.2704527762252837e-05,India,1010,69.31862175764614
-0.24632421106106114,0.06306226088724473,0.00036812124759386995,0.028741245328157576,5.438220341602573e-06,India,1020,65.69879984514131
0.601166875645029,0.057014339329864785,0.0003328169562835202,0.02869176335606985,5.2670762670459226e-05,India,1030,77.35191637630662
-4.980543325301561,33.754182776805365,0.19703752609704445,0.02907478427332814,0.004869911819696426,India,1040,99.05149051490515
0.3826157504311368,0.03059125127908413,0.00017857414922768465,0.02870447688282936,6.841215167696646e-07,India,1050,61.63375919473481
-0.08893654738756501,0.012856651762242394,7.504974639362917e-05,0.028731973701241798,0.0003054141125176102,India,1061,89.4889663182346
0.03849837131885437,0.022185838476257474,0.00012950817848726855,0.02872455042021435,6.554293577210046e-06,India,1062,66.31823461091754
0.07568623781097186,0.03278486836782156,0.00019137922548229428,0.028722397374285395,3.6379581160872476e-06,India,1071,64.16957026713123
0.2543673533466104,0.040259620415740806,0.00023501253343258732,0.028711979505394485,0.00034438472357578576,India,1072,90.34068912117694
-0.16561077569236324,0.034363654818332805,0.00020059527371256078,0.02873648558292859,2.559478161856532e-06,India,1073,63.433991482771965
0.20144891280032512,0.014363082368045232,8.384342277344156e-05,0.028715025178828228,3.031631649719202e-06,India,1074,63.76306620209059
0.9763451586674886,0.22326606742815447,0.0013032990275116073,0.028670140770049278,1.7849843061412685e-05,India,1079,71.0801393728223
-0.04198898754565443,0.0037185249650599312,2.170661232388018e-05,0.028729217845294856,3.870743967127055e-06,India,1080,64.3050716221448
-0.7941495525403773,0.20773688374735522,0.001212648575240137,0.0287734673425566,1.2535518862932804e-06,India,1101,62.19512195121951
0.6753897309240762,0.05833390782290143,0.0003405198390077973,0.028687432847561464,2.0708532701974036e-06,India,1102,63.12427409988386
-0.11922043453693724,0.05563536695976367,0.0003247673078545376,0.028733813255340454,2.1477433165273396e-06,India,1103,63.22106078203639
0.19444764107954912,0.03389085795226173,0.00019783535724670888,0.028715466606532524,0.0,India,1104,30.545876887340302
0.04008751877947824,0.027366647045979207,0.0001597507623622899,0.028724466341827744,2.7805929221358383e-06,India,1200,63.58885017421603
-0.13123388519405915,0.06529507888936786,0.0003811551562585349,0.028734530736682133,0.00010029981058323756,India,1311,82.03639179248935
-0.0009321927318150106,0.010268372516598196,5.9940859214156345e-05,0.028726832168469302,0.0005085187149234116,India,1312,92.81842818428184
0.14829467404667546,0.005528462342359641,3.22719868604774e-05,0.028718113210142806,0.00016895764565560967,India,1391,86.02400309717383
-0.21979442988928483,0.04065835616083928,0.00023734012362489532,0.028739659080067117,0.0004295016697142273,India,1392,91.71506000774293
0.016058353230985582,0.01835285021736591,0.00010713339521714931,0.028725853913885175,7.353071123361588e-05,India,1393,79.7522260936895
0.013792698703799724,0.009697933830595865,5.6610965902172984e-05,0.028725971656846913,1.1910742614418268e-05,India,1394,68.98954703832753
-0.00886452641489743,0.0001661600290872246,9.699467850857655e-07,0.028727278272064987,0.0001259554992429912,India,1399,83.62369337979094
-0.08466866120744412,0.20854588783846534,0.0012173710763230031,0.028732052778993863,0.0008615832775831223,India,1410,95.19938056523422
-0.22572598495413526,0.006315448243823838,3.68659584024077e-05,0.028739947714687734,4.7243388507922646e-06,India,1420,65.1374370886566
0.04089335211281606,0.020528503487023175,0.00011983360901680884,0.02872440783584815,5.769322160631418e-05,India,1430,77.95199380565234
0.003064194525566565,1.2201593858968047e-05,7.12258947079001e-08,0.028726581683692593,5.470351243275218e-05,India,1511,77.5648470770422
0.35050943489822584,0.12443080590237698,0.0007263555550251221,0.028706508317610638,2.9257944333949126e-05,India,1512,73.61595044521874
0.15529064742858506,0.11682300773424335,0.0006819456002646487,0.02871789139790223,4.084041211172007e-05,India,1520,75.47425474254743
0.18515087360478194,0.04881840291700347,0.00028497378835623787,0.028716034322229463,1.1538355693119229e-06,India,1610,62.07897793263647
0.0686190414241784,0.041584588640555226,0.00024274693668864902,0.02872282467168234,3.934092546842294e-06,India,1621,64.3244289585753
0.24540029601755373,0.01018369688840749,5.944657154587735e-05,0.028712452542500697,0.0,India,1622,30.545876887340302
-0.006097377208681632,0.004520335488891532,2.6387121493929368e-05,0.028727124043414373,8.08912488992064e-07,India,1623,61.74990321331785
-0.2321358930508966,0.038978963676780845,0.00022753679517245154,0.02874037668797013,6.774729172320804e-06,India,1629,66.45373596593109
-0.05846840998105602,0.024325950907163794,0.0001420009252897501,0.028730214380326934,7.112729508662596e-05,India,1701,79.4618660472319
-0.03318517174545233,0.019472728168121716,0.0001136705992847643,0.028728730349089442,2.511805405447376e-06,India,1702,63.41463414634146
-0.0274751796757393,0.02663852529905531,0.0001555004059350584,0.028728409049231043,6.156010931590572e-05,India,1709,78.41656987998451
0.010490225449972322,0.015862036173346333,9.259345388760717e-05,0.028726174772768984,1.555966264277231e-06,India,1811,62.54355400696864
0.11218568608694077,0.0020993209761425518,1.2254629725682547e-05,0.0287202152970515,1.1304357485641958e-06,India,1812,62.0499419279907
-0.33134125253305113,0.5170643469419676,0.0030183245859662206,0.02874697000881881,3.672904858831316e-05,India,1920,74.89353464963222
0.8299567318064557,10.92812695229129,0.06379212655782457,0.028696618610953184,0.004410549998283386,India,2011,98.91598915989161
-0.3678600574489732,0.11520132805339711,0.0006724791659993417,0.02874842741715798,0.0003273242327850312,India,2012,90.03097173828881
0.7266089740857653,0.18388111660303813,0.0010733923126209338,0.02868465317488001,0.0003416780673433095,India,2013,90.2826171118854
-0.19080088521976754,0.019382257800594757,0.0001131424852575199,0.028737930907574174,2.1741700493294047e-06,India,2021,63.2404181184669
0.17912324869252427,0.03259123970892732,0.00019024893261807997,0.02871635897973661,5.474088538903743e-05,India,2022,77.5842044134727
0.009045089211998212,0.06827242684478149,0.0003985352030321134,0.028726347017567766,5.724785660277121e-05,India,2023,77.87456445993031
0.19650337459913336,0.039710459202321496,0.00023180684578089436,0.02871535635943644,0.0005959761328995228,India,2029,93.45722028648858
-0.2971934683135709,0.3560198071519842,0.002078239088370933,0.028744706364227,0.0006752884946763515,India,2030,94.13472706155633
-0.0313676707327129,0.030194809209112716,0.0001762599481929721,0.028728642234792462,0.0005966027383692563,India,2100,93.4765776229191
0.0025310461468225675,0.008922382055895404,5.20837402229852e-05,0.02872662774727322,4.85321515952819e-06,India,2211,65.17615176151762
-0.007201115946106374,0.06516414207388738,0.00038039082235752196,0.02872729016905469,2.144025893358048e-05,India,2219,71.8544328300426
0.065263999180968,0.048047940216559594,0.0002804762697687096,0.02872303135728251,0.00034906339715234935,India,2220,90.47619047619048
0.006729294240195762,0.027049757585022097,0.00015790094375325753,0.028726413075045112,7.678626570850611e-05,India,2310,79.9845141308556
-0.007542975300298122,1.1837284489598153e-05,6.90992659179433e-08,0.028727200868714657,0.000129464446217753,India,2391,83.85598141695702
-0.3873462463991228,0.005528504643481916,3.227223379012577e-05,0.02874938085979642,3.630060746218078e-06,India,2392,64.15021293070073
0.00011252082659877791,6.649216453300652e-07,3.881430544786907e-09,0.028726753966098986,0.00012167181557742879,India,2393,83.39140534262486
0.05691004690249169,0.020889323580667845,0.00012193986941979225,0.02872347347709929,0.0,India,2394,30.545876887340302
-0.41951444435216406,0.01027426215929209,5.9975239564398376e-05,0.02875126661994904,4.265365350875072e-05,India,2395,75.78397212543554
0.04220383383455798,0.011676750160387606,6.816215873657701e-05,0.028724316495074037,4.0434952097712085e-05,India,2396,75.37746806039489
0.005624110063892943,0.002490085404583485,1.453568795114299e-05,0.02872643640565546,8.623336907476187e-05,India,2399,80.85559427022841
13.334160605831062,35.80182860137156,0.2089905059769991,0.028006920651711616,0.003279655007645488,India,2410,98.58691444057298
6.792022440632163,126.12669847666993,0.7362552015244783,0.028540411550330207,0.009625774808228016,India,2420,99.63221060782035
0.16204025360617938,0.052660338880590886,0.00030740080318560347,0.02871738983176254,2.645429594849702e-05,India,2431,72.88037166085947
-0.013517349342341917,0.015728990199193594,9.181680793005072e-05,0.028727575975239342,9.993961612053681e-06,India,2511,68.09910956252419
-0.1155325803876143,0.014456705957324779,8.438994349764181e-05,0.02873352890978028,5.756596237915801e-06,India,2512,65.87301587301587
-0.06637559257891318,0.005030030365307253,2.9362427344980923e-05,0.028730643595061573,7.883941179898102e-06,India,2513,67.18931475029036
0.18497546617131466,0.010777243434993904,6.291135527167964e-05,0.028715980793949474,0.00017307417874690145,India,2520,86.12078977932637
0.02540563775708188,0.06709164466348325,0.00039164247505819394,0.028725389998963707,4.9458507419331e-05,India,2593,76.73248161053039
0.48412457133003045,0.6874596074050976,0.004012994218536548,0.028699651837662425,0.00017986948660109192,India,2599,86.41114982578398
1.1249806441865826,1.452786016452182,0.008480530087868721,0.028663521445261887,0.00129803700838238,India,2610,97.05768486256291
0.06858670262912366,0.15790776469664258,0.0009217748067869354,0.028723021597235207,0.0001945223775692284,India,2620,86.97251258226868
-0.9667547634827862,0.079561339008148,0.00046443338636852224,0.028783327801436588,7.313203968806192e-05,India,2630,79.65543941153697
2.025090846519544,0.3103374645252105,0.0018115718182131644,0.028609065638306532,0.0001444546360289678,India,2640,84.78513356562138
0.1922026828778396,0.08147478258758624,0.00047560297064528506,0.028715677417563163,0.00016169845184776932,India,2651,85.77235772357723
0.111610422172832,0.013794579625615014,8.052483038776516e-05,0.02872026848504516,1.4180984180711675e-05,India,2652,70.0154858691444
-0.1224434247021681,0.03766738771879483,0.0002198805682758102,0.02873397125737663,0.00031608992139808834,India,2660,89.7406116918312
0.1299063576226951,0.04631518224550259,0.0002703614242634996,0.028719254992289465,6.687637505820021e-05,India,2670,78.97793263646922
0.1723507020970767,0.008010667821406832,4.676167633363125e-05,0.028716713117946206,2.817537279042881e-05,India,2680,73.38366240805266
-0.006040813814428209,2.7453031142176833e-05,1.602550230852189e-07,0.028727113207343915,0.000585125875659287,India,2710,93.36043360433605
2.0851469156859106,0.5806098203822065,0.0033892665508220253,0.0286060111702292,6.749116437276825e-05,India,2720,79.05536198219126
-0.07618490910355832,0.007046500330411868,4.113342046901623e-05,0.028731219588721345,2.6531904950388707e-05,India,2731,72.91908633372049
-0.1059329949506185,0.010679208476388112,6.233908350783812e-05,0.028732962204791924,4.224338408675976e-05,India,2732,75.70654277971352
0.022171267240303546,0.008502943043058132,4.9635296248366646e-05,0.028725480560080906,1.851313413681055e-06,India,2733,62.83391405342624
0.12427154111934507,0.027013852430076618,0.0001576913500874482,0.02871955156296471,5.17559346917551e-05,India,2740,77.21641502129307
0.1787146790972938,0.04544793452404922,0.00026529893032968435,0.02871640438142941,8.137169061228633e-05,India,2750,80.37166085946573
0.01899119445296532,0.0013896115945004701,8.11175410842093e-06,0.02872565426663667,0.00029204614111222327,India,2790,89.1792489353465
0.06496188896925084,0.03238608199199296,0.0001890513397368729,0.02872302273271331,1.5145139514061157e-05,India,2811,70.38327526132404
0.07297122221138766,0.001818365797505832,1.0614574811339518e-05,0.02872250394136742,0.0001684834569459781,India,2812,86.00464576074333
0.10809033813121378,0.018839264221187518,0.0001099728007096688,0.02872048242509881,0.0001789146481314674,India,2813,86.31436314363144
-0.03431169313945967,0.007377990784061592,4.306847128460912e-05,0.02872877582586078,0.00010056686005555093,India,2814,82.07510646535037
0.01812052258549787,0.011762343557743896,6.866180381395431e-05,0.028725722484902756,2.6253821488353424e-05,India,2815,72.86101432442896
-0.19534101171313717,0.05640833947160768,0.0003292794772790458,0.028738258048450892,2.9283573894645087e-05,India,2816,73.65466511807975
-0.3879621731829008,0.09457610562708185,0.0005520809673833458,0.02874956625687945,2.9749638997600414e-05,India,2817,73.71273712737127
-0.0032716985627387783,0.004174251595354278,2.4366882560712714e-05,0.028726958516132654,6.601164841413265e-06,India,2818,66.35694928377856
0.36738076429017197,0.49325684187729757,0.0028793500496397508,0.028706141505314267,0.0001093003447749652,India,2819,82.77197057684863
0.2903944495207747,0.036711115123077814,0.00021429839827393545,0.02870987049855025,2.873282392101828e-05,India,2821,73.4998064266357
-0.10044470766608539,0.05223003909716804,0.0003048889602721974,0.028732711521112488,4.6722881961613894e-05,India,2822,76.28726287262873
-0.01798151291848073,0.008506865196523529,4.965819152688382e-05,0.02872782445643558,8.367144801013637e-06,India,2823,67.46031746031747
-0.40071575200971443,0.02933898197514244,0.00017126412050361516,0.028750201255433414,8.25587849249132e-05,India,2824,80.54587688734031
-0.0063855252080140985,0.013767855063023457,8.03688277455479e-05,0.02872715637125676,3.141030538245104e-05,India,2825,74.0805265195509
0.008404561529893748,0.023894467824254778,0.00013948217495379057,0.028726309991370342,3.9124370232457295e-05,India,2826,75.22260936895083
-0.3263044250760628,0.15190196781123982,0.0008867164151094968,0.02874606320696786,5.599316136795096e-05,India,2829,77.75842044134727
-4.19813885445442,0.6733599148388405,0.003930688314099328,0.02897296259671117,0.00044086924754083157,India,2910,91.8892760356175
-0.12069559327427927,0.004313875472247001,2.518192653523089e-05,0.02873381328432824,1.158430222858442e-05,India,2920,68.81533101045297
0.26588077730994125,0.11043974534441925,0.0006446837818394809,0.028711425039002467,5.0129645387642086e-05,India,2930,76.7711962833914
0.46795963904187926,0.037269191780925894,0.00021755612916797012,0.02869950617570198,5.033283287048107e-06,India,3011,65.29229578010066
0.028157432139242978,0.0029804309869842383,1.7398043740578666e-05,0.028725121861798594,0.0002916698285844177,India,3020,89.15989159891599
-0.36486875558529724,0.1641909230123858,0.0009584522751408972,0.028748335014027324,3.025006481038872e-05,India,3030,73.90631049167634
0.002002964211285728,3.0843438710126045e-06,1.8004627455964243e-08,0.028726643616932564,7.225148874567822e-05,India,3091,79.55865272938443
0.10919778768178569,0.007983606027106691,4.660370512645064e-05,0.028720399578608165,1.0139802725461777e-05,India,3092,68.17653890824621
-0.015714486963648796,0.00557340938556402,3.253436187506236e-05,0.028727687201136807,1.1304357485641958e-06,India,3099,62.0499419279907
-0.1748849850973811,0.08289324308113849,0.00048388312805167273,0.028737108367977066,8.508642167726066e-06,India,3100,67.49903213317847
-3.2464476788913768,10.032823514839784,0.058565859472998374,0.028933214482559,0.002648961963132024,India,3211,98.43205574912892
0.10938397861177979,0.010046646508966448,5.864655017091815e-05,0.028720392168600273,2.8519447369035333e-05,India,3212,73.44173441734418
0.07822355904268123,0.014072617983620103,8.214785857907581e-05,0.028722217886034983,1.1147646546305623e-05,India,3220,68.6411149825784
0.16174315992937613,0.04762636400193284,0.00027801535003794096,0.028717398735674107,2.6468545911484398e-05,India,3230,72.89972899728997
-0.434346554437851,0.036681296731940455,0.00021412433563818006,0.028752176755086633,7.645824553037528e-06,India,3240,67.09252806813782
0.005305675892741245,0.0038959475574558713,2.2742303482827237e-05,0.028726457351485813,0.00037215196061879396,India,3250,90.96012388695316
0.3561518882575251,0.05258042650286236,0.00030693432063686935,0.02870605854102933,3.396034298930317e-05,India,3290,74.44831591173055
-0.35174864094087266,0.03383854406091314,0.00019752997880516894,0.02874735038267812,3.303000994492322e-06,India,Wastes,63.956639566395665
-0.00871115964302056,9.825306939121362e-06,5.735449692945652e-08,0.02872726905723106,5.065856021246873e-05,Vietnam,1010,76.94541231126597
0.5508716986062882,0.03420292421165131,0.00019965702077608737,0.028694661099394028,0.0,Vietnam,1020,30.545876887340302
0.49519936194162023,0.054897983521157726,0.0003204628869924308,0.028697945605911063,0.0,Vietnam,1030,30.545876887340302
-2.485251182398502,0.2297224426492917,0.0013409876366401125,0.028872222391630623,0.0,Vietnam,1040,30.545876887340302
0.725371391730864,0.04508911584224243,0.00026320435301912956,0.028684493017799736,0.0,Vietnam,1061,30.545876887340302
0.1683929066078661,0.007093944444048369,4.141037194612996e-05,0.028716942614684257,0.0,Vietnam,1062,30.545876887340302
0.33985272410846634,0.012663506894377629,7.392227762349012e-05,0.02870694310466839,0.0,Vietnam,1071,30.545876887340302
0.5465136384375877,0.0309743317103984,0.00018081035269264367,0.028694910090370767,0.0,Vietnam,1072,30.545876887340302
0.2703440125126097,0.013324473444453734,7.778062059452441e-05,0.028711001734668742,0.0,Vietnam,1073,30.545876887340302
0.05239719102663263,0.0025522959956404117,1.4898837639581451e-05,0.028723706165829692,0.0,Vietnam,1074,30.545876887340302
0.42393258295559977,0.053793345707227595,0.0003140146460876146,0.02870210391356082,0.0001458966580685228,Vietnam,1079,84.87224157955865
-0.24354865963112457,0.027354150856798338,0.000159677816789348,0.028741023397819417,0.0,Vietnam,1103,30.545876887340302
-0.18404965904102213,0.012278440477370357,7.16744811150733e-05,0.02873752489244062,0.0,Vietnam,1104,30.545876887340302
-0.07001215735138731,0.009172826956928656,5.3545693665896604e-05,0.0287308628249451,0.0,Vietnam,1200,30.545876887340302
0.3378549970207882,0.015048254871191317,8.784306619133507e-05,0.028707063716836935,0.0001458966580685228,Vietnam,1311,84.87224157955865
0.10579659035661423,0.23985226715017355,0.0014001197321391785,0.028720986864400968,0.0,Vietnam,1312,30.545876887340302
0.18523282358755744,0.005343411136644854,3.119176423987903e-05,0.028715956662302925,0.0,Vietnam,1391,30.545876887340302
0.2715835353301162,0.048410159555759245,0.0002825906981633277,0.02871098818143477,5.065856021246873e-05,Vietnam,1392,76.94541231126597
-1.1412963738679804,0.025043730985986175,0.00014619091300025361,0.028793424951835317,0.0,Vietnam,1393,30.545876887340302
0.002239119606831644,0.0016607740005076135,9.694644442441533e-06,0.02872663261131013,0.0,Vietnam,1394,30.545876887340302
-0.007524176358830674,9.62577913792489e-06,5.618976826174452e-08,0.028727199767631925,8.21018111309968e-05,Vietnam,1399,80.47812620983352
0.7173921047046055,0.28458878282850564,0.0016612658079824777,0.028685359843973263,4.761904710903764e-05,Vietnam,1410,76.50987224157956
-0.2228299325636612,0.0028975251613638266,1.6914087162891824e-05,0.028739772925601082,5.065856021246873e-05,Vietnam,1420,76.94541231126597
0.2511886220502626,0.021131233150151627,0.00012335199850096318,0.02871213300170408,0.0,Vietnam,1430,30.545876887340302
-0.0033530807228240086,2.80644412298951e-06,1.638240839009222e-08,0.02872695627159751,0.0,Vietnam,1511,30.545876887340302
0.7088499958462472,0.10092419925246537,0.0005891374907673898,0.028685550940471063,0.0,Vietnam,1512,30.545876887340302
0.2536179957693528,0.03742948509816719,0.0002184918294599297,0.0287120185052486,9.827760368352756e-05,Vietnam,1520,81.76538908246226
0.03935540211527222,0.022251615032130925,0.00012989214422953486,0.028724500501907987,0.0,Vietnam,1610,30.545876887340302
-0.40415982906717035,0.018435180405393936,0.00010761399155329566,0.028750384001521096,0.0,Vietnam,1621,30.545876887340302
-0.037593637994131054,0.0007632915174134378,4.4556573410910795e-06,0.028728956313964767,0.0,Vietnam,1622,30.545876887340302
-0.009910400352997601,2.4963113482033064e-05,1.4572031432973993e-07,0.028727339087398836,0.0,Vietnam,1623,30.545876887340302
0.19832117317323014,0.017687761877555764,0.00010325099160575947,0.028715213331380246,0.0,Vietnam,1629,30.545876887340302
0.00303619833402647,4.662062111612809e-06,2.7214440090493912e-08,0.02872658330530642,0.00013276036770548671,Vietnam,1701,84.11730545876888
0.02273454951748398,0.0048357772831825185,2.822848945669986e-05,0.028725441529678673,0.0,Vietnam,1702,30.545876887340302
0.08595620486892652,0.0017603132526881936,1.0275697407903599e-05,0.02872174585527115,9.827760368352756e-05,Vietnam,1709,81.76538908246226
0.03984127395500276,0.0029910871278920636,1.746024816887436e-05,0.02872443984399035,0.0,Vietnam,1811,30.545876887340302
-1.6183779038436317,0.9765515367676405,0.005700546808770169,0.02882287519867722,0.0025805470068007708,Vietnam,2011,98.3739837398374
-2.0994674052308757,0.364053382455862,0.002125134485426083,0.028849928478028183,0.00015197567699942738,Vietnam,2013,85.26906697638404
-0.09011974832664682,0.004729877005201695,2.7610304477246904e-05,0.028732029139442047,0.0,Vietnam,2021,30.545876887340302
-0.2353908290889096,0.04377067621637522,0.00025550805997281414,0.028740574731988176,0.0002969639899674803,Vietnam,2022,89.31475029036005
0.027731797719560546,0.024190296002009136,0.00014120904989192623,0.0287251822728383,8.21018111309968e-05,Vietnam,2023,80.47812620983352
0.5589546481629732,0.7029677568639727,0.004103521885105319,0.02869530949063774,5.065856021246873e-05,Vietnam,2029,76.94541231126597
-0.03390579785228326,0.04506561061131824,0.00026306714298556823,0.028728815335055075,0.0,Vietnam,2030,30.545876887340302
-0.7803156626990176,0.22106927467657905,0.0012904754135618782,0.028772682182895797,4.761904710903764e-05,Vietnam,2100,76.50987224157956
-0.0076182491237571075,0.0007569315636297996,4.418531584917219e-06,0.028727206512238406,0.0,Vietnam,2211,30.545876887340302
-0.044068196528919114,0.0029963795999387146,1.7491142579973133e-05,0.028729338006519056,0.00020263424084987491,Vietnam,2219,87.22415795586528
-0.02434358378015944,0.005755105289444834,3.3594998171291794e-05,0.02872819122309739,0.0005188135546632111,Vietnam,2220,92.83778552071234
-0.011858952983156019,4.9723820450195594e-05,2.902590957210974e-07,0.028727452874228752,0.00015197567699942738,Vietnam,2310,85.26906697638404
-0.0065645302861717285,3.375520061613687e-05,1.970434676582776e-07,0.02872714378947092,0.0,Vietnam,2392,30.545876887340302
0.14079004172046544,0.007480514818915289,4.3666947696455204e-05,0.028718554560071757,0.0,Vietnam,2393,30.545876887340302
0.014975288883021052,0.0023587397093836593,1.3768967245244166e-05,0.02872589031723505,0.00010131712042493746,Vietnam,2395,82.18157181571816
0.052874093412304514,0.007369940240341261,4.3021476835687655e-05,0.028723686404864137,0.00013276036770548671,Vietnam,2396,84.11730545876888
-0.05743701792879449,0.00797018159706231,4.65253410166543e-05,0.02873012674320381,0.0,Vietnam,2399,30.545876887340302
3.254581212822527,55.95358074146511,0.326624857087207,0.028630290425989233,0.013528909534215927,Vietnam,2410,99.80642663569493
0.1121123237034165,1.6178001819127688,0.009443787979440748,0.028722928592447676,0.0,Vietnam,2420,30.545876887340302
0.020241721961596015,0.036386971632648896,0.0002124062348085393,0.028725639952921236,0.0,Vietnam,2431,30.545876887340302
-0.6483586021305118,0.04617876690581968,0.00026956510988579587,0.02876468552300583,0.00021437695249915123,Vietnam,2511,87.45644599303137
0.04681332650629529,0.00013721308352785048,8.009711479388271e-07,0.02872402807033197,5.065856021246873e-05,Vietnam,2512,76.94541231126597
0.23504502588754836,0.002402657679428681,1.4025335121963183e-05,0.028713043982208253,0.0,Vietnam,2520,30.545876887340302
-0.01338638482262059,0.0626752478236064,0.0003658620876808373,0.02872764705710913,0.0,Vietnam,2593,30.545876887340302
-0.6760449615263174,0.5761840998552816,0.0033634317371164647,0.028767191718899597,0.0013394124107435346,Vietnam,2599,97.17382888114595
0.6630081788117703,0.027555224028322334,0.000160851566441163,0.02868810407030208,0.00044642857392318547,Vietnam,2610,91.94734804490902
1.6281195048546175,2.4346802705741197,0.014212264610976025,0.028635790064981192,0.0016369047807529569,Vietnam,2620,97.73519163763066
3.1518261203595936,1.1163743418270302,0.006516752011634184,0.028544635215825516,0.0010416667209938169,Vietnam,2630,96.12853271389857
-0.6087751626280307,0.2285827418143864,0.00133433471796377,0.028762681120112193,0.00014880952949170023,Vietnam,2640,85.10452961672473
0.05217328386443703,0.0009991675159126536,5.832565901350833e-06,0.02872371663207475,0.000348277622833848,Vietnam,2651,90.43747580332946
0.026375452565647172,0.003930142401914568,2.2941913338647676e-05,0.028725227476035533,0.0,Vietnam,2652,30.545876887340302
0.02450219739006751,0.021198179747446724,0.00012374279427281948,0.028725365781363674,0.0,Vietnam,2660,30.545876887340302
-0.23866864828625745,0.05257634571244763,0.0003069104993269844,0.028740780846229788,0.0,Vietnam,2670,30.545876887340302
-3.183837768612312,4.97244302702463,0.029026265550019057,0.028921009378959858,0.002231825841590762,Vietnam,2710,98.18041037553232
1.2574384034662913,0.6035215260146098,0.0035230119247309038,0.02865436800053232,0.0,Vietnam,2720,30.545876887340302
-0.04615876667086077,0.0020539130026836134,1.1989564065091956e-05,0.02872945846144024,0.0,Vietnam,2731,30.545876887340302
0.03461108377532906,0.007780023673428483,4.541530831083192e-05,0.02872475318252051,0.00013276036770548671,Vietnam,2732,84.11730545876888
-0.049861159622512856,0.0009176639548773525,5.356794938662011e-06,0.028729672680322046,9.827760368352756e-05,Vietnam,2740,81.76538908246226
-0.20866140492230423,0.03385438219729681,0.0001976224327458157,0.028738997781996824,4.761904710903764e-05,Vietnam,2750,76.50987224157956
0.7484965773113823,0.04171888037538518,0.00024353085468130614,0.028683137455783325,0.0003637566405814141,Vietnam,2790,90.78590785907859
-0.5933467197277592,0.015992510603458764,9.335508864849792e-05,0.02876142355606991,0.0,Vietnam,2811,30.545876887340302
-0.038902412360118196,0.017249835520040047,0.00010069462913453175,0.028729060361249822,0.0003284072445239872,Vietnam,2813,90.06968641114983
-0.08928045102399113,0.006054796876143489,3.534442547118122e-05,0.02873198236824094,5.065856021246873e-05,Vietnam,2814,76.94541231126597
-0.02256356712695204,0.006091791692466628,3.556037995406489e-05,0.028728087880533885,9.523809421807528e-05,Vietnam,2816,81.4847077042199
-0.13633629593614255,0.006193218999772781,3.615245430059661e-05,0.028734729451270532,0.00014880952949170023,Vietnam,2817,85.10452961672473
0.00035758603982009944,2.9022274008704027e-09,1.69415361355308e-11,0.028726739659489686,0.0,Vietnam,2818,30.545876887340302
-0.1969078543206102,0.22088945642662494,0.0012894257379304954,0.028738625445767607,0.0002310379786649719,Vietnam,2819,87.92102206736352
-0.23695270247436642,0.02429033673942404,0.0001417930302400655,0.02874063322291275,0.0,Vietnam,2821,30.545876887340302
0.2034099893297856,0.012244507647819418,7.147640075174767e-05,0.028714907151169658,0.0002502532734069973,Vietnam,2822,88.48238482384824
-0.018299347498504974,0.0008926683419065534,5.210884910988942e-06,0.028727830241048368,0.0,Vietnam,2823,30.545876887340302
-0.16786765037827636,0.00600058591480644,3.502797302498144e-05,0.028736569748112218,9.827760368352756e-05,Vietnam,2824,81.76538908246226
-0.14211130146642295,0.002235543696848344,1.3049819704464143e-05,0.028735059924477547,0.00010131712042493746,Vietnam,2825,82.18157181571816
-0.07492302882907867,0.004385440294612286,2.5599680851715772e-05,0.02873114146434802,5.065856021246873e-05,Vietnam,2826,76.94541231126597
-0.180624255013348,0.10460630262141549,0.0006106314947386568,0.028737479819664347,5.065856021246873e-05,Vietnam,2829,76.94541231126597
-1.2152739388402745,0.4768139291975456,0.0027833657724415377,0.028798502811350928,0.00048433078336529434,Vietnam,2910,92.52806813782423
0.004737052205013408,5.667259735534868e-05,3.3082206297896527e-07,0.028726484106445196,0.0,Vietnam,2920,30.545876887340302
0.23575875355207815,0.01587069559391013,9.26440026097198e-05,0.0287130248926827,0.00015197567699942738,Vietnam,2930,85.26906697638404
-0.07232156176272414,0.002219016720488767,1.2953344711800623e-05,0.02873098597219016,0.00013276036770548671,Vietnam,3011,84.11730545876888
-0.01572704387317155,0.0005518152768878403,3.2211805493703065e-06,0.028727679513137757,0.0,Vietnam,3012,30.545876887340302
-0.2207658682834604,0.09009173670818715,0.0005259037980610104,0.02873979872000995,4.761904710903764e-05,Vietnam,3020,76.50987224157956
-0.0348652510564986,0.13796704505377377,0.0008053723421500039,0.0287290271419858,0.0,Vietnam,3030,30.545876887340302
0.14451784201139287,0.011890868167085372,6.941205664142421e-05,0.028718344345985535,9.827760368352756e-05,Vietnam,3091,81.76538908246226
0.06797216108098554,0.0013595640972026695,7.936354082530374e-06,0.028722794988605912,5.065856021246873e-05,Vietnam,3092,76.94541231126597
-0.0012978101410918985,8.097336841199824e-06,4.726760027681146e-08,0.028726836305581514,0.0,Vietnam,3099,30.545876887340302
0.2652428939219776,0.050959277448886495,0.00029747098386636786,0.028711362585041797,0.0,Vietnam,3100,30.545876887340302
0.48654471492028883,0.048422546332189675,0.00028266300504749394,0.028698439968088026,0.0,Vietnam,3211,30.545876887340302
0.06136840643695096,0.004122451041511779,2.4064500688603034e-05,0.02872318511040953,0.0,Vietnam,3212,30.545876887340302
0.13172919473413797,0.003588681772997517,2.094866236805717e-05,0.028719076956007363,0.0,Vietnam,3220,30.545876887340302
0.12656164072419704,0.032230503223742143,0.00018814316027324708,0.028719426625495467,0.0,Vietnam,3230,30.545876887340302
-0.09850397758299734,0.016441937799440264,9.597858640705653e-05,0.028732538206658997,0.0,Vietnam,3240,30.545876887340302
0.16936787600380382,0.12285229755970078,0.0007171411302286139,0.028717079751770014,0.0,Vietnam,3250,30.545876887340302
0.19690443749438108,0.005769896344497092,3.3681339852710445e-05,0.02871527605521675,9.523809421807528e-05,Vietnam,3290,81.4847077042199
0.005822013318042729,0.013220692883530463,7.717480930540214e-05,0.028726442847192838,0.0,Vietnam,Wastes,30.545876887340302
0.05134732342427077,0.02993225063423703,0.00017472728208189624,0.028723813359908507,0.0,South Africa,1010,30.545876887340302
0.12178068173650261,0.08330789605556063,0.0004863036338837695,0.028719791342164975,0.0,South Africa,1020,30.545876887340302
-0.3613165086776578,0.10234880556394614,0.0005974535239278578,0.028748023871272427,1.383412836730713e-05,South Africa,1030,69.87998451413085
0.18632322755834715,0.33987085486457924,0.0019839707830527544,0.02871645377982328,0.0,South Africa,1040,30.545876887340302
-0.26092530606762726,0.042519062122708,0.0002482018559898859,0.028742063191899102,0.0,South Africa,1050,30.545876887340302
-0.9997390374153663,0.09155918352146272,0.0005344699094575956,0.028785273403083303,1.0291241778759286e-05,South Africa,1061,68.22493224932249
0.01053792761654749,0.046752383451563524,0.0002729135537171591,0.028726223787391363,0.0,South Africa,1071,30.545876887340302
-0.4989927649537208,0.050834105867368515,0.0002967403040889003,0.028755974194599354,4.150238601141609e-05,South Africa,1072,75.60975609756098
-0.6159385242833157,0.04801463911439123,0.00028028187706689406,0.02876279610247443,0.0,South Africa,1073,30.545876887340302
0.12764319722957831,0.26295325670038533,0.001534970036810018,0.028719750296365434,1.0291241778759286e-05,South Africa,1079,68.22493224932249
-0.1680720064830767,0.00930084916727094,5.429301377665493e-05,0.028736587213368872,0.0,South Africa,1080,30.545876887340302
0.41240649449448474,0.2379717912838779,0.0013891425944306424,0.028703085338358116,0.0,South Africa,1101,30.545876887340302
0.08155520500946703,0.07542373766036359,0.0004402804468962783,0.028722126266903864,0.0,South Africa,1102,30.545876887340302
-0.6083663255203423,0.07240493419345773,0.00042265840666424375,0.028762395030791317,0.0,South Africa,1103,30.545876887340302
-0.9019759587546522,0.04600976569961134,0.00026857857794103233,0.02877949000315433,0.0,South Africa,1104,30.545876887340302
-0.09170755110625503,0.039786534731175535,0.00023225093101030255,0.028732180624002113,0.0,South Africa,1200,30.545876887340302
-0.11580713574950388,0.1738659226041951,0.001014929364133553,0.028733812316434713,0.0,South Africa,1311,30.545876887340302
1.8691403256591295,0.35216853240859425,0.0020557575591105344,0.02861823918156899,0.0,South Africa,1312,30.545876887340302
0.3761356495867385,0.03125448709580191,0.0001824457388736003,0.028704856265897947,0.0,South Africa,1391,30.545876887340302
-0.2534176298800358,0.15202041045072873,0.0008874078151894103,0.028741808655619424,0.0,South Africa,1392,30.545876887340302
0.22081029084067363,0.06861406117028941,0.00040052946794360666,0.0287139859051311,0.0,South Africa,1393,30.545876887340302
-0.2024282654611056,0.020863878905798737,0.00012179133802675855,0.02873861213356032,0.0,South Africa,1394,30.545876887340302
0.22577496709430053,0.04320250354881209,0.0002521913943745723,0.02871365350124338,0.0,South Africa,1399,30.545876887340302
0.29936097476491397,0.4891218200889606,0.0028552121681535143,0.028710105293949524,0.0,South Africa,1410,30.545876887340302
0.13242230076254838,0.013466719422616055,7.861097088976597e-05,0.028719053056523534,0.0,South Africa,1420,30.545876887340302
-0.1303381932734386,0.06202919306002045,0.0003620907911519917,0.028734472973068862,0.0,South Africa,1430,30.545876887340302
-0.13414356689984075,0.011101992056919072,6.480705114708177e-05,0.02873460968609065,0.0,South Africa,1511,30.545876887340302
1.1995310897219353,0.17755810338143357,0.0010364821942245857,0.02865703582508312,0.0,South Africa,1512,30.545876887340302
0.16028625679291728,0.18109700330256395,0.0010571402587428505,0.02871770752897986,0.0,South Africa,1520,30.545876887340302
-0.01931481776567823,0.004776028086838367,2.7879707976437568e-05,0.02872789603064769,0.00014064698189031333,South Africa,1610,84.61091753774681
-2.194215172463851,0.7448434168688356,0.004347967929188156,0.028856100862552327,0.0008438818622380495,South Africa,1621,95.02516453735966
-0.5266600345198361,0.01724454251745054,0.00010066373162642858,0.02875753286867896,0.0,South Africa,1622,30.545876887340302
0.05010357555462042,0.009740591797060296,5.6859978601904466e-05,0.028723852106801145,0.0,South Africa,1623,30.545876887340302
-0.3529591560345289,0.056020306058461075,0.0003270143611518102,0.02874745826927635,0.0,South Africa,1629,30.545876887340302
-0.3545134871158229,0.05550243870550813,0.00032399134907810684,0.02874754813344672,0.00039410454337485135,South Africa,1701,91.25048393341076
0.2916788433398265,0.03000880604352446,0.00017517416857756654,0.028709784290351686,0.0,South Africa,1702,30.545876887340302
-1.3366699656984766,0.9043385218351434,0.005279008716487113,0.028806308333794054,0.0009376464877277613,South Africa,1709,95.56716995741385
-0.42367486081556505,0.025084724472241103,0.00014643020942082388,0.02875153433845004,0.0,South Africa,1811,30.545876887340302
-2.401573108487102,0.6359450043096264,0.0037122815625993495,0.02886802223576961,0.0,South Africa,1920,30.545876887340302
-0.21330799644047038,0.8215029250962365,0.004795462094661555,0.028740590472728707,0.002597273327410221,South Africa,2011,98.3933410762679
0.21668165140998366,0.093056692463696,0.0005432115062912954,0.02871426788261271,0.0008438818622380495,South Africa,2012,95.02516453735966
-0.8648198493416649,1.6803906959070316,0.009809155439708414,0.028780066828907505,0.0016853833803907037,South Africa,2013,97.79326364692218
0.03144075166263714,0.001333599717307636,7.784788950143975e-06,0.028724927439034348,0.0001040558927343227,South Africa,2021,82.36546651180797
0.41338753466483114,0.048930155721680135,0.0002856261370240607,0.028702711326530617,4.688232729677111e-05,South Africa,2022,76.3550135501355
-0.06901602633124787,0.09316926016968535,0.0005438686118847925,0.028730945550994216,4.688232729677111e-05,South Africa,2023,76.3550135501355
-0.7646360547859626,0.8001815043011492,0.0046709998899588856,0.028772739567714797,8.708776294952258e-05,South Africa,2029,80.91366627951993
-1.0512955122103214,0.09984169848720659,0.0005828184732342112,0.028788296908759746,0.0,South Africa,2030,30.545876887340302
-0.32958165923859084,0.23027667782567968,0.0013442229431724479,0.028746386032524645,0.0008541731513105333,South Africa,2100,95.1413085559427
0.08044301094942354,0.017214262835063047,0.00010048697623738284,0.028722093594460627,0.0,South Africa,2211,30.545876887340302
0.4802610630652989,0.09840016425341197,0.0005744036245889563,0.028698890499175976,0.0,South Africa,2219,30.545876887340302
0.16711698152553114,0.07477266921803437,0.00043647988339146255,0.028717130548565114,0.00033081325818784535,South Africa,2220,90.10840108401084
-0.21452774725409393,0.008017142377183937,4.679947107040013e-05,0.028739296880490338,0.00029447959968820214,South Africa,2310,89.23732094463801
-0.07611324038966846,0.041203599099505606,0.00024052293863976572,0.028731272692281616,0.0,South Africa,2391,30.545876887340302
-0.1709032730378336,0.011990396531492602,6.999304605032086e-05,0.028736756998216026,0.0,South Africa,2392,30.545876887340302
-0.5064088521640151,0.03616870472368684,0.0002111321179959621,0.02875638248655682,0.0,South Africa,2393,30.545876887340302
0.4675935217581229,0.8603944701896472,0.005022488590369314,0.028700906609750616,0.0008438818622380495,South Africa,2394,95.02516453735966
-0.3057580503338536,0.03515329338350427,0.00020520472998116643,0.028744667917013515,0.0,South Africa,2395,30.545876887340302
-0.21353813105510105,0.0365920233151776,0.00021360320872180658,0.02873928705058271,0.0,South Africa,2396,30.545876887340302
-0.3007683361940161,0.03723611644803689,0.00021736305437749517,0.02874438014041413,0.0,South Africa,2399,30.545876887340302
-3.5629989881284545,40.846857357587226,0.23844048531100523,0.02900390499538998,0.012774690985679626,South Africa,2410,99.78706929926442
-0.10908259841191553,0.07458820570803104,0.000435403091400776,0.028733253254154052,0.0008438818622380495,South Africa,2420,95.02516453735966
0.15474960813385208,0.019970787164293055,0.00011657798155216773,0.0287177606188566,0.00011720581824192777,South Africa,2431,83.13975996902826
-3.531061127262588,1.0872990422743902,0.0063470271176184,0.02893472008926709,0.0009273909963667393,South Africa,2511,95.52845528455285
0.35642332392767395,0.025014921287913244,0.00014602273853507909,0.028705996504710854,0.0,South Africa,2512,30.545876887340302
-0.17142678131513267,0.02331962901626268,0.00013612659625765434,0.02873680656232661,0.0,South Africa,2520,30.545876887340302
-0.2998792734542507,0.038893377866805516,0.00022703719438584507,0.02874433102269942,0.00042194093111902475,South Africa,2593,91.48277197057685
-3.8802614512272964,45.03354368264429,0.2628799546795374,0.029029580852360497,0.005974272731691599,South Africa,2599,99.34185056136275
0.9255044752485817,0.2484428271408866,0.0014502664857889657,0.028673150736479542,1.722207889542915e-05,South Africa,2610,70.8284939992257
0.39788164118243075,0.4650132292709643,0.00271448006618338,0.028704313661932265,0.0,South Africa,2620,30.545876887340302
-0.07241086288414489,0.03030392374580411,0.00017689689616807379,0.028731038287767872,0.00017905845015775412,South Africa,2630,86.33372048006194
0.16407042216186968,0.5760554175357667,0.0033626805636676124,0.02871814874430536,1.3185654097469524e-05,South Africa,2640,69.53155245838173
-0.02916677427725921,0.22602111889920792,0.0013193814351265658,0.02872884216502244,3.955696229240857e-05,South Africa,2651,75.28068137824235
-0.3553881340637652,0.02768283492974457,0.00016159648556675742,0.028747552505775903,0.0,South Africa,2652,30.545876887340302
-0.4432218170291058,0.06214385549144212,0.00036276012454906995,0.02875273757998443,0.0,South Africa,2660,30.545876887340302
0.4480928726840926,0.11087972329279172,0.0006472521203194199,0.028700789212312453,0.0,South Africa,2670,30.545876887340302
-1.57377686974619,0.024560190206473383,0.00014336827974048154,0.028818669901894033,0.0,South Africa,2680,30.545876887340302
-3.3088786310661464,3.783895923914358,0.02208821042377905,0.028926303159834278,0.002093298127874732,South Africa,2710,98.04490902051877
-1.2722032499655014,1.7542020390517536,0.0102400236537992,0.02880397398353461,0.001687763724476099,South Africa,2720,97.81262098335269
-0.024879467621223016,0.017367060489731422,0.000101378921157761,0.028728241978063666,1.3185654097469524e-05,South Africa,2731,69.53155245838173
0.07217926044938591,0.15742971668116157,0.0009189842371277965,0.02872281108087962,0.0004483122320380062,South Africa,2732,92.04413472706156
0.2347152058443933,0.015633568795704947,9.125979259940462e-05,0.028713085411608993,0.0,South Africa,2733,30.545876887340302
-0.16995762230169215,0.06884373222194248,0.00040187015558913676,0.02873679716743907,0.0,South Africa,2740,30.545876887340302
-1.1560097477109375,0.5664228016238138,0.003306450886247057,0.0287951938396379,0.0008438818622380495,South Africa,2750,95.02516453735966
0.03007344753013968,0.0068958578475245835,4.025405620327481e-05,0.02872501658120331,0.00022322380391415209,South Africa,2790,87.78552071234998
0.013896254255798587,0.045337279226816476,0.0002646529882797628,0.028726025374103296,1.3185654097469524e-05,South Africa,2811,69.53155245838173
0.17565498770281876,0.04321459356249569,0.00025226196892832314,0.028716579245328586,0.0,South Africa,2812,30.545876887340302
-0.1521188987688664,0.022925994321571913,0.00013382878306689532,0.02873567881724669,0.00042313963058404624,South Africa,2813,91.54084397986837
0.261999001965477,0.06134906564763798,0.0003581205980753958,0.028711569358888064,0.0,South Africa,2814,30.545876887340302
0.06052122290877501,0.02998385151331568,0.00017502849836745468,0.028723277925947494,0.0,South Africa,2815,30.545876887340302
0.19698513486723498,0.09373811684823194,0.0005471892703461676,0.028715418800568653,0.0,South Africa,2816,30.545876887340302
0.7250260759409272,0.12929553218118198,0.0007547530320860594,0.02868465417481445,1.3185654097469524e-05,South Africa,2817,69.53155245838173
-0.17122896829642315,0.010740601687042179,6.269746179909822e-05,0.02873677391393028,0.0,South Africa,2818,30.545876887340302
1.3100004760084338,0.63528465276604,0.003708426809682859,0.02865135274636969,6.006798139424063e-05,South Africa,2819,78.24235385210994
-0.018962303849248498,0.0673632546506238,0.00039322797811372045,0.02872798041011356,0.0,South Africa,2821,30.545876887340302
-0.11078301545680293,0.1023906215578139,0.0005976976216753125,0.028733399148102048,0.0,South Africa,2822,30.545876887340302
-0.09171153531308963,0.017840491383004912,0.00010414253871014989,0.02873214404820446,0.0,South Africa,2823,30.545876887340302
-0.14137173344364384,0.05790977151205563,0.0003380439749061663,0.028735110140180455,5.2742616389878094e-05,South Africa,2824,77.37127371273714
-0.019489606370894415,0.03563692076907314,0.00020802786879733567,0.028727957986707468,0.0,South Africa,2825,30.545876887340302
0.1319140000859331,0.05574203755001196,0.00032538998947443683,0.028719153601121115,0.0,South Africa,2826,30.545876887340302
-0.01306143408254378,0.24334867484801298,0.0014205297514711336,0.028727931073590496,0.0,South Africa,2829,30.545876887340302
-3.5228114273477114,2.3297125240900924,0.013599523214629533,0.028936337228551844,0.002260521287098527,South Africa,2910,98.19976771196283
0.05086239108280437,0.012369636361512615,7.220683029148325e-05,0.02872381221968845,0.0,South Africa,2920,30.545876887340302
0.5935919211190857,0.16891714614193992,0.0009860412503913923,0.028692392966171185,1.3185654097469524e-05,South Africa,2930,69.53155245838173
-1.0136698019571666,0.05291487372145842,0.0003088866313474545,0.0287860216686281,0.0,South Africa,3011,30.545876887340302
-0.02895592878472413,0.006432039637588641,3.7546551973389057e-05,0.028728461600610683,0.0,South Africa,3012,30.545876887340302
-2.0588430010637935,0.4272977251015129,0.0024943186217132145,0.02884766351157806,0.0008570675272494555,South Africa,3020,95.1800232288037
0.2647523650463611,0.2257484222511102,0.0013177895887686959,0.02871168417091129,0.0,South Africa,3030,30.545876887340302
0.14289074356687256,0.0035251930771624447,2.0578051838239615e-05,0.028718425302343482,0.0,South Africa,3040,30.545876887340302
-0.005970296908498689,0.015139497492226005,8.837568819087104e-05,0.0287271344327382,0.0,South Africa,3091,30.545876887340302
0.3079764635493176,0.017689689680382637,0.00010326224501107287,0.02870881228215751,0.0,South Africa,3092,30.545876887340302
-0.14421715258059412,0.01134998928558659,6.625471648499507e-05,0.028735198140517296,0.0,South Africa,3099,30.545876887340302
0.29347768499675947,0.019582766751940248,0.00011431294131609693,0.028709661811043653,0.00014504219871014357,South Africa,3100,84.82384823848238
-0.4350068513569913,0.10480887103206907,0.0006118139727374433,0.028752329644789926,0.0,South Africa,3211,30.545876887340302
0.212552172801225,0.028189423664517158,0.00016455365954748293,0.02871440020923787,0.0,South Africa,3212,30.545876887340302
0.05893632675368945,0.026763766938476586,0.00015623149467031472,0.028723365044099742,0.0,South Africa,3220,30.545876887340302
-0.5163168182178026,0.08021317457271555,0.00046823842789222686,0.028757034794218553,0.0,South Africa,3230,30.545876887340302
0.4420100861557848,0.05378543287141863,0.0003139684554983617,0.02870104863621464,0.0,South Africa,3240,30.545876887340302
0.18168087846009282,0.20629188749906102,0.0012042135173432815,0.02871650085542381,0.0,South Africa,3250,30.545876887340302
0.4233000206173607,0.09246264867802995,0.0005397438199694273,0.028702205628486886,0.0,South Africa,3290,30.545876887340302
-0.08073730791174236,0.04781745161948609,0.00027913080976272334,0.02873155371209383,0.0,South Africa,Wastes,30.545876887340302
-1.3508850304086364,0.047516678494251854,0.00027737506906224475,0.02880569733989638,0.0,716,1010,30.545876887340302
1.173112650937886,0.03668258353913812,0.0002141318472792845,0.028658342323320304,0.0,716,1200,30.545876887340302
-0.0018535192613277427,1.1982647217153747e-06,6.994781000546168e-09,0.028726868733118104,0.0,716,1392,30.545876887340302
-0.4590479755029133,0.09509812928509936,0.000555128241578074,0.028753716736724787,0.0,716,1410,30.545876887340302
0.2200767372499169,0.08158256066125111,0.00047623211711708235,0.028714050463330674,0.0,716,1511,30.545876887340302
0.02894922724124142,0.0009231775808415634,5.388980319270871e-06,0.0287250721917289,0.0,716,1512,30.545876887340302
-0.04095029804074972,0.0011945549421900558,6.973125439074937e-06,0.028729152979749126,0.0,716,1520,30.545876887340302
0.45093009514199456,0.023810498946840807,0.0001389920128904932,0.028700477716471155,0.0,716,1629,30.545876887340302
0.8053073091729999,0.4949661336557768,0.002889327912994837,0.028680579995368303,0.0,716,2599,30.545876887340302
-0.14434247358173544,0.0045226458044035685,2.640060778853189e-05,0.028735194003879135,0.0,716,3211,30.545876887340302
-0.05679674423345049,0.025305089547499292,0.00014771657412276828,0.028730118440061334,0.0,716,3240,30.545876887340302
-0.08430542633551817,0.03970552054554509,0.00023177801674006406,0.02873174839360539,0.0,740,1020,30.545876887340302
-0.6086490450426424,0.04472333926211451,0.0002610691594957312,0.02876236505731685,0.0,740,1410,30.545876887340302
0.27454514476166564,0.055240518168875395,0.0003224624074677181,0.028710826746732816,0.0,740,1610,30.545876887340302
0.014789450110716307,0.030347559477175858,0.00017715161649757417,0.028725948098657857,0.0,740,2219,30.545876887340302
-0.23078337669990712,0.047415700707746956,0.00027678561875988544,0.028740311889954302,0.0,740,2220,30.545876887340302
0.45095287225925956,0.03764580578496851,0.000219754585345705,0.028700499566166035,0.0,740,2620,30.545876887340302
-0.07594016586843186,0.006380495710064312,3.724566813828409e-05,0.028731204185013015,0.0,740,2630,30.545876887340302
-0.020659862111368096,0.0015369089412128661,8.971591391070617e-06,0.028727969114711323,0.0,740,2651,30.545876887340302
0.6658053844729382,0.06643056172646937,0.0003877834526870853,0.02868800588758146,0.0,740,2811,30.545876887340302
-0.8228525703531677,0.07840689563189487,0.000457694409205895,0.028774925640011804,0.0,740,2812,30.545876887340302
-0.036877905479023386,0.0074797813248196135,4.3662665979342565e-05,0.028728925797363723,0.0,740,2813,30.545876887340302
0.1785389816101567,0.05769896018274093,0.00033681337948408005,0.028716435174121393,0.0,740,2814,30.545876887340302
0.2005533319072852,0.15025796841596786,0.0008771196911748259,0.028715305249632107,0.0,740,2819,30.545876887340302
-0.32098970767300783,0.8818715524056014,0.005147859457014095,0.028746977922261194,0.0,740,2910,30.545876887340302
-0.4139631257912576,0.14188378971158377,0.0008282360471560398,0.028751163449724348,0.0,740,2920,30.545876887340302
-0.04217766507692922,0.003560685818055993,2.078523806776e-05,0.028729228594503733,0.0,740,2930,30.545876887340302
0.019800182824054217,0.022925793520585595,0.00013382761090610434,0.028725643155230997,0.0,748,1030,30.545876887340302
0.05825423915532933,0.009901970352986596,5.7802013893799665e-05,0.0287233765882025,0.0,748,1392,30.545876887340302
0.45290653810903525,0.05173975064061122,0.00030202693795061783,0.028700409134681294,0.0,748,1393,30.545876887340302
1.051842393725245,0.04408565982683474,0.0002573467533216191,0.028665433787121854,0.0,748,1410,30.545876887340302
0.031738345176817936,0.06386765191087551,0.00037282265766462494,0.02872501492442385,0.0,748,1629,30.545876887340302
0.380585454066567,0.015109235703396869,8.81990372541385e-05,0.028704569458244893,0.0,748,2023,30.545876887340302
1.0814941247435135,0.04675903959404258,0.0002729524084527661,0.02866370735814094,0.0,748,2220,30.545876887340302
-0.06043206029912135,0.0009943936040475282,5.804698546660914e-06,0.02873028987748711,0.0,748,2610,30.545876887340302
0.17426908529695,0.03706094390446781,0.00021634049771086789,0.028716649831083508,0.0,748,2620,30.545876887340302
0.24316797545098123,0.0066245086512133795,3.867007549477665e-05,0.02871257688715643,0.0,748,2630,30.545876887340302
-0.03508331468299232,0.0014205625434563843,8.292427966027103e-06,0.028728810877964642,0.0,748,2651,30.545876887340302
0.4085645406870144,0.09012605029667482,0.0005261041010762494,0.028703061890749424,0.0,748,2710,30.545876887340302
-0.011092244187682083,0.00774379028794779,4.520379862373791e-05,0.02872742102067578,0.0,748,2813,30.545876887340302
-0.913798851281773,0.1490872241583431,0.0008702855588321754,0.028780353331407268,0.0,748,2819,30.545876887340302
-0.24862370881405665,0.028703559114711452,0.00016755488691698947,0.028741321914483538,0.0,748,2822,30.545876887340302
0.0015741317512516805,1.518850191048785e-05,8.866174782993815e-08,0.028726668670005232,0.0,748,2829,30.545876887340302
0.026683014406430144,0.03434716377551113,0.00020049900847924647,0.028725260526088068,0.0,748,3290,30.545876887340302
0.0723928398930591,0.012979426531869709,7.576643496033101e-05,0.02872255641728952,0.0,760,1030,30.545876887340302
0.1834529766114526,0.01717756713815677,0.00010027276784180027,0.028716080396938674,0.0,760,1040,30.545876887340302
-0.0078691231993104,0.055553653313015275,0.0003242903105321573,0.028727313047397576,0.0,760,1071,30.545876887340302
-0.3165917206096788,0.0055225267769507015,3.2237338439809126e-05,0.028745250605726545,0.0,760,1079,30.545876887340302
0.004064568483650477,0.0038468861535173125,2.2455911194119714e-05,0.02872652971795165,0.0,760,1392,30.545876887340302
1.1566344891049107,0.061232109993496736,0.0003574378781616171,0.028659345296453233,0.0,760,1410,30.545876887340302
-0.14380599214032894,0.04632616033128245,0.0002704255080209897,0.028735232808308295,0.0,760,1629,30.545876887340302
-0.04092483189520553,0.007299012358689422,4.260744061314324e-05,0.028729161730622513,0.0,760,2023,30.545876887340302
0.5217155454383451,0.06792841582033048,0.00039652706431768674,0.02869641956626831,0.0,760,2396,30.545876887340302
-0.9504697747792212,0.4129471976431479,0.002410548487289253,0.028782937324635268,0.0,760,2599,30.545876887340302
-0.14545873891724093,0.015003520033598217,8.758192991118923e-05,0.028735276745680164,0.0,760,3100,30.545876887340302
0.052473579984410226,0.0020380253361949488,1.189682099614903e-05,0.028723700844390146,0.0,Thailand,1010,30.545876887340302
0.3687957379000359,0.02584576202973802,0.0001508727094389008,0.028705275665411905,0.0,Thailand,1020,30.545876887340302
0.1828958181039098,0.044154210509987114,0.000257746912825107,0.028716158141253743,0.0,Thailand,1030,30.545876887340302
-0.2757625241916426,0.018363196148671126,0.0001071937888200112,0.028742888775705393,0.0004520795773714781,Thailand,1040,92.10220673635308
-0.16429895878329068,0.006136624132451141,3.5822085980895814e-05,0.028736361656526554,0.0,Thailand,1050,30.545876887340302
0.1836287093309414,0.0354071301189178,0.00020668648300446288,0.02871610069656212,0.0,Thailand,1061,30.545876887340302
0.07042180380396275,0.003606170975540612,2.10507542843476e-05,0.02872265575933077,0.0,Thailand,1062,30.545876887340302
0.03959258007100368,0.007807152787034765,4.5573672489444494e-05,0.028724462436744418,0.0,Thailand,1071,30.545876887340302
0.19570454736806447,0.023049648318616334,0.00013455060405811144,0.02871537506292943,0.0,Thailand,1072,30.545876887340302
0.03590863424872501,0.008327936570494208,4.861370900885388e-05,0.02872467835767509,0.0,Thailand,1073,30.545876887340302
0.021425658999325994,0.0006941169401923717,4.051855902479037e-06,0.028725510990345173,0.0,Thailand,1074,30.545876887340302
0.31145870815885396,0.15869867629047868,0.0009263916942654859,0.0287088453197184,0.0,Thailand,1079,30.545876887340302
-0.04628611582457396,0.0009874671745840242,5.764266030928009e-06,0.02872946410685808,0.0,Thailand,1080,30.545876887340302
-0.3493857848588264,0.0215411170569251,0.00012574466525612258,0.02874719181614049,0.0,Thailand,1102,30.545876887340302
0.14406018569727597,0.019942170201174378,0.00011641093216292316,0.02871838455867748,0.0,Thailand,1103,30.545876887340302
0.1692840239393537,0.007505444831501523,4.381247478677289e-05,0.028716891286162234,0.0,Thailand,1104,30.545876887340302
0.16439654380609098,0.005126663428661616,2.9926515649782257e-05,0.028717172601640535,0.0,Thailand,1200,30.545876887340302
0.9425327022200589,0.08358310473756832,0.0004879101440523548,0.02867188078234132,0.0,Thailand,1311,30.545876887340302
0.5296737551858196,0.2167582108447115,0.0012653098997677972,0.02869620431854997,0.0,Thailand,1312,30.545876887340302
-0.014877312770326891,0.002393605290960856,1.3972492479000566e-05,0.02872763299931391,0.0,Thailand,1391,30.545876887340302
0.33100698762154335,0.06866131829510548,0.00040080532788741834,0.028707553308519644,0.0,Thailand,1392,30.545876887340302
0.18561426456638042,0.017976898802773273,0.00010493880685594271,0.028715955573137747,0.0,Thailand,1393,30.545876887340302
0.013048464835356812,0.000274844700687145,1.6043854547558725e-06,0.028725999299770006,0.0,Thailand,1394,30.545876887340302
0.03685192251096928,0.006397955164347263,3.734758640132321e-05,0.028724620057746602,0.0,Thailand,1399,30.545876887340302
0.2992731486856618,0.0875449909098447,0.0005110373592844728,0.028709437402262363,0.00021097046555951238,Thailand,1410,87.36933797909407
0.04671237244596917,0.0001396817986958265,8.153820887266012e-07,0.028724033967589446,0.0,Thailand,1420,30.545876887340302
0.07844033987788579,0.014687429474439856,8.573677483186102e-05,0.02872220626242168,0.0,Thailand,1430,30.545876887340302
-0.01922725987364472,0.000506200936747927,2.9549102386610312e-06,0.028727883759150658,0.0,Thailand,1511,30.545876887340302
-0.03471053113252375,0.15646557486408091,0.0009133561311327427,0.02872904913321846,0.0005274261930026114,Thailand,1512,92.93457220286489
0.5080684441558155,0.08861935696054427,0.0005173088910277316,0.028697250869993994,0.0,Thailand,1520,30.545876887340302
0.2269432355599254,0.015623899576365346,9.120334925220341e-05,0.028713539078788656,0.0,Thailand,1610,30.545876887340302
-0.13311501362515266,0.01245501985340486,7.270525006135947e-05,0.028734551914534494,0.0,Thailand,1621,30.545876887340302
-0.004555311203267292,1.192719253284544e-05,6.962409741911787e-08,0.028727026466200494,0.0,Thailand,1622,30.545876887340302
-0.10887930299723533,0.0008509159794356286,4.967158607070506e-06,0.02873311770868234,0.0,Thailand,1623,30.545876887340302
0.18424183174035172,0.011842051642721807,6.912709381898365e-05,0.028716025404253692,0.0,Thailand,1629,30.545876887340302
-0.02439350525093931,0.022931969376009755,0.0001338636620018265,0.028728222942641986,0.0,Thailand,1701,30.545876887340302
0.12309824169524156,0.0020580375801068835,1.2013640978375583e-05,0.028719578215462494,0.0,Thailand,1702,30.545876887340302
0.20674669430492262,0.021368331991722795,0.00012473604531651103,0.028714727666737345,0.0,Thailand,1709,30.545876887340302
0.06083585428389392,0.0009312676382957892,5.43620542666879e-06,0.028723210847106193,0.0,Thailand,1811,30.545876887340302
-0.0991798908681523,0.0025165768795340692,1.4690329961629222e-05,0.02873255430641625,0.0,Thailand,1812,30.545876887340302
-2.1713098017011,0.4483597404584699,0.002617266566505541,0.02885426431760841,0.0,Thailand,1920,30.545876887340302
-3.0256656537878275,5.56506172059267,0.03248563300298397,0.028912774008323552,0.0,Thailand,2011,30.545876887340302
-3.9190214923692173,0.4483550855791015,0.0026172393939941784,0.028956288347269748,0.0,Thailand,2012,30.545876887340302
-1.675099669340557,2.7535457173301725,0.016073617889829955,0.028829177119739296,0.0018654231680557132,Thailand,2013,97.90940766550523
0.07557188069631807,0.05337373887367076,0.00031156522247205405,0.028722438570224725,0.00021097046555951238,Thailand,2021,87.36933797909407
0.1567385723581378,0.023897226822702934,0.00013949828040159018,0.02871765109659625,0.0,Thailand,2022,30.545876887340302
0.057789971614532976,0.05694048830009934,0.00033238585640173895,0.02872348255957752,0.0,Thailand,2023,30.545876887340302
0.2652789490994307,0.7751775589917955,0.004525041222880556,0.028712574328199424,0.0,Thailand,2029,30.545876887340302
-0.2642867958096238,0.03538630119888413,0.00020656489573624652,0.02874224744941649,0.0,Thailand,2030,30.545876887340302
0.401434107140691,0.2582865094916641,0.0015077282478143566,0.028703759891203353,0.0,Thailand,2100,30.545876887340302
0.08927795608268488,0.16228787861408453,0.0009473433953089199,0.028721821093435358,0.00031090385164134204,Thailand,2211,89.6147890050329
-0.530856439696389,0.9500670175441511,0.00554594540182241,0.02875934385980604,0.0008882966940291226,Thailand,2219,95.27680991095625
0.20403247637095928,0.09129616950114705,0.0005329345847177103,0.028715003321754185,0.00021097046555951238,Thailand,2220,87.36933797909407
0.057784842698815786,0.02799821445968323,0.00016343749006601205,0.02872343433104079,0.0,Thailand,2310,30.545876887340302
0.012208999731288726,0.005643284262250808,3.294225125960885e-05,0.02872605730505398,0.0,Thailand,2391,30.545876887340302
-0.010300462201593403,0.00033724500136711797,1.9686425589788907e-06,0.02872736238064603,0.0,Thailand,2392,30.545876887340302
0.011620799485813132,0.0038832608358046897,2.2668245690791216e-05,0.028726088689495288,0.0,Thailand,2393,30.545876887340302
0.0811989980532268,0.002215647518585881,1.2933677246815446e-05,0.02872202431712747,0.0,Thailand,2394,30.545876887340302
-0.10110840170455496,0.003555404751520558,2.0754410235482837e-05,0.028732668624187798,0.0,Thailand,2395,30.545876887340302
-0.023761385904926238,0.004022796015689245,2.348277190313523e-05,0.028728154332662008,0.0,Thailand,2396,30.545876887340302
0.06376937366584473,0.04432111221214296,0.00025872118907145034,0.028723112356423847,0.00021097046555951238,Thailand,2399,87.36933797909407
4.230533786654851,405.9514858339096,2.3697115410270735,0.02917107664666682,0.02320674993097782,Thailand,2410,99.94192799070848
-1.3594173126796176,1.5568890169524479,0.00908822359398871,0.028808733707825503,0.0,Thailand,2420,30.545876887340302
0.06812830148018169,0.027748742964116436,0.0001619812188049585,0.02872283012007408,0.0,Thailand,2431,30.545876887340302
-0.04871676812899154,0.0016819347983671462,9.818169022729906e-06,0.02872960715905332,0.0,Thailand,2511,30.545876887340302
-0.07287434461056722,0.0009178573445584762,5.357923836511301e-06,0.02873101605823919,0.0,Thailand,2512,30.545876887340302
-0.020691617888861653,0.00026366788184581716,1.5391416078320066e-06,0.028727968833239283,0.0,Thailand,2513,30.545876887340302
-0.08410880312241749,0.0006171626251483753,3.602640824187141e-06,0.028731671357094198,0.0,Thailand,2520,30.545876887340302
-0.018343791898031286,0.051155626456580866,0.00029861715656394225,0.028727917124972156,0.0,Thailand,2593,30.545876887340302
0.842059031514847,0.9344431491414361,0.005454742234544067,0.028679170339783063,0.0,Thailand,2599,30.545876887340302
-0.13189481305919543,0.15450850578563916,0.0009019318862571664,0.028734718962300853,0.0,Thailand,2610,30.545876887340302
-0.218517088214932,0.3069757066914549,0.001791947807426693,0.028740031311817498,0.0,Thailand,2620,30.545876887340302
-0.006175044698103309,0.07848436322923313,0.0004581466205313222,0.028727252609872057,0.0,Thailand,2630,30.545876887340302
0.8508244612544884,0.4203511953593594,0.002453768772101865,0.028677797976389544,0.0,Thailand,2640,30.545876887340302
0.4330659898847513,0.1593862245667189,0.0009304052060817384,0.028701747671483452,0.0,Thailand,2651,30.545876887340302
0.06544298779565971,0.001483535690235108,8.660029016654587e-06,0.0287229428350838,0.0,Thailand,2652,30.545876887340302
0.0688254437134812,0.014743251743192432,8.606263316500041e-05,0.028722767618895653,0.0,Thailand,2660,30.545876887340302
-0.11100278030345526,0.04207469440334054,0.00024560789254895446,0.028733310809146973,0.0,Thailand,2670,30.545876887340302
-0.2810668446650747,0.02823232871990433,0.0001648041146103842,0.028743214970868916,0.00015069318760652095,Thailand,2680,85.152922957801
0.30201106853236215,0.4379153164659073,0.0025562980199224108,0.02870986477198594,0.0,Thailand,2710,30.545876887340302
1.4801629469564859,0.566545735675932,0.0033071685046134275,0.028641304340708305,0.0,Thailand,2720,30.545876887340302
0.004371829292758251,0.0004471517427408648,2.6102149698669357e-06,0.028726506080850495,0.0,Thailand,2731,30.545876887340302
-0.025577853521297163,0.003729475168800648,2.177053332204495e-05,0.02872825987573364,0.0,Thailand,2732,30.545876887340302
0.016444949032324248,8.012467228983197e-06,4.677218024123973e-08,0.0287258005850965,0.0,Thailand,2733,30.545876887340302
-0.3078997025502862,0.018094551788486873,0.00010562559739079957,0.028744764310776216,0.0,Thailand,2740,30.545876887340302
-0.25355961578025316,0.0492993267412449,0.0002877811453346678,0.028741644599918303,0.0,Thailand,2750,30.545876887340302
-0.32146354010381517,0.06091645626158314,0.0003555952730287713,0.028745627945948773,0.0,Thailand,2790,30.545876887340302
0.03933967412946782,0.010462700809423823,6.107523613929805e-05,0.028724481652692816,0.0,Thailand,2811,30.545876887340302
-0.22662212034367313,0.0064026082547713435,3.737474846985644e-05,0.02874000017216877,0.0,Thailand,2812,30.545876887340302
0.047996965351061,0.07482570953221673,0.0004367895022721509,0.028724084210009913,0.0,Thailand,2813,30.545876887340302
-0.03364010660346479,0.01435743982620271,8.381048485600177e-05,0.02872874832715601,0.0,Thailand,2814,30.545876887340302
-0.0027505213879020505,0.0020515063192122584,1.1975515229709686e-05,0.028726924533136508,0.0,Thailand,2815,30.545876887340302
-0.09666625977042734,0.031791571630325824,0.0001855809298123747,0.028732456676127678,0.0,Thailand,2816,30.545876887340302
-0.5601902602286386,0.061970475676000156,0.000361748032799264,0.02875956525936887,0.0,Thailand,2817,30.545876887340302
0.02954667790357748,0.0005869972681124327,3.426552800859836e-06,0.02872503675228186,0.0,Thailand,2818,30.545876887340302
0.047409826347009264,0.5589952373032104,0.003263093033137841,0.028724930341227934,0.0,Thailand,2819,30.545876887340302
-0.12042736681687513,0.017339469783443723,0.00010121786246627536,0.028733819474838836,0.0,Thailand,2821,30.545876887340302
-0.08693748435119746,0.03691026545665509,0.0002154609235025549,0.02873189735016502,0.0,Thailand,2822,30.545876887340302
-0.0026236798590957016,3.252879034234662e-05,1.8988438909531857e-07,0.02872691374320751,0.0,Thailand,2823,30.545876887340302
-0.6741628880275685,0.03300997373978306,0.00019269326131292702,0.028766169719876344,0.0,Thailand,2824,30.545876887340302
-0.00758266361615789,0.0037103370982283033,2.1658816261531886e-05,0.028727209387613733,0.0,Thailand,2825,30.545876887340302
-0.3079649098012835,0.011714299245769328,6.838134872377781e-05,0.02874475741142467,0.0,Thailand,2826,30.545876887340302
-0.4727753033068005,0.1335456156317302,0.0007795625774493517,0.02875458259921683,0.0,Thailand,2829,30.545876887340302
-4.6819168352242135,1.6876836124460897,0.009851727296428811,0.029002921227607777,0.0,Thailand,2910,30.545876887340302
0.0316721286135534,0.0002770904391342175,1.617494785554906e-06,0.028724912161026274,0.0,Thailand,2920,30.545876887340302
-0.03814353535644252,0.011200158559203383,6.538009078734207e-05,0.02872900591679972,0.00031090385164134204,Thailand,2930,89.6147890050329
-0.0997527219332052,0.010438184005631991,6.093212112451924e-05,0.028732601031478948,0.0,Thailand,3011,30.545876887340302
-0.06906664498436295,0.002271942971010207,1.3262297754370003e-05,0.02873079605758934,0.0,Thailand,3012,30.545876887340302
-0.027170004637835823,0.11437367250564112,0.0006676477884284885,0.028728538367524037,0.0,Thailand,3020,30.545876887340302
-0.057037233108108654,0.12059298003718348,0.0007039525325887856,0.028730292286893618,0.0,Thailand,3030,30.545876887340302
0.15260321675568503,0.004691094373590526,2.7383913755873885e-05,0.02871786029834191,0.0,Thailand,3040,30.545876887340302
-0.0048014471056489596,2.3253953619887404e-05,1.357432210264187e-07,0.028727040853194417,0.0,Thailand,3091,30.545876887340302
-0.008582841251013282,2.6395880020482057e-05,1.540839822069136e-07,0.028727261594528295,0.0,Thailand,3092,30.545876887340302
0.047700221690730196,0.00045490799162967925,2.655491494644633e-06,0.028723976831178215,0.0,Thailand,3099,30.545876887340302
-0.03428652355915404,0.040629441893673054,0.00023717133874543274,0.028728830120111726,0.0,Thailand,3100,30.545876887340302
0.28382311859025067,0.038367831065719546,0.00022396935410605158,0.028710256872479637,0.0,Thailand,3211,30.545876887340302
0.04934776355518992,0.001602573997308564,9.35490626169491e-06,0.028723882581479395,0.0,Thailand,3212,30.545876887340302
0.04226782306454395,0.0012767367346385042,7.4528555270861386e-06,0.028724295321416453,0.0,Thailand,3220,30.545876887340302
0.14411195904851207,0.02413499086222122,0.00014088621026057393,0.028718388565356818,0.0,Thailand,3230,30.545876887340302
0.08553470105835434,0.010826811550693528,6.32007054525247e-05,0.028721785661253392,0.0,Thailand,3240,30.545876887340302
-0.1914395383982142,0.1064904639921363,0.0006216301463045763,0.028738114318450296,0.0,Thailand,3250,30.545876887340302
0.43488588179856713,0.031050603552645377,0.00018125558388685096,0.0287014264170329,0.0,Thailand,3290,30.545876887340302
-0.010758489994741475,0.0038184606555920837,2.2289979468671083e-05,0.02872739495546842,2.2207417714525945e-05,Thailand,Wastes,71.97057684862564
-0.14240988015814643,0.006640434973295314,3.87630442128641e-05,0.028735084742506228,0.0,768,1030,30.545876887340302
-0.3131065647129764,0.026732786332441992,0.00015605064769172222,0.02874508275253283,0.0,768,1040,30.545876887340302
-0.2046267653789683,0.010701917554397396,6.247164605809986e-05,0.028738723421767712,0.0,768,1061,30.545876887340302
-0.6999790467983213,0.07833821593017724,0.00045729349656614877,0.02876775284149482,0.0,768,1410,30.545876887340302
-0.03718043722976938,0.002808558577136336,1.6394751358573824e-05,0.028728935623651836,0.0,768,2023,30.545876887340302
-0.1518052313663493,0.008109080793052779,4.733615472041953e-05,0.028735635652881543,0.0,768,3100,30.545876887340302
0.1958510605616974,0.013318563913696672,7.774612414919598e-05,0.02871535019869216,0.0,768,3290,30.545876887340302
0.0,0.0,0.0,0.028726760533303364,0.0,776,1629,30.545876887340302
-0.49305617212115327,0.07236447170777571,0.0004224222099199398,0.028755663790162773,0.0,780,1020,30.545876887340302
0.4411126548261013,0.04824330742637933,0.0002816167112943689,0.028701091737931148,0.0,780,1030,30.545876887340302
0.018645378078337046,0.0006424659702897208,3.750347215469005e-06,0.028725673200567826,0.0,780,1040,30.545876887340302
-1.7045353110714547,0.12350727400910154,0.0007209645064334271,0.028826469340226923,0.0,780,1050,30.545876887340302
0.3322631316898302,0.0583728796115345,0.00034074733391918687,0.02870746274055668,0.0,780,1061,30.545876887340302
0.07793017911749739,0.11656388180863117,0.0006804329719877965,0.028722406853909095,0.0,780,1071,30.545876887340302
0.7921557468477277,0.07725704664582222,0.0004509822514535042,0.028680648376646915,0.0,780,1072,30.545876887340302
0.6014023705173692,0.11459247020334723,0.0006689250036807969,0.02869184604511091,0.0,780,1073,30.545876887340302
0.49549112275305196,0.1627529616163588,0.0009500582826698096,0.02869810925709013,0.0,780,1074,30.545876887340302
0.1115334856796603,0.0009861233169751644,5.7564213623005e-06,0.028720251502466806,0.0,780,1079,30.545876887340302
-0.15474079968055637,0.004873994700951817,2.8451580784399085e-05,0.028735801587938713,0.0,780,1101,30.545876887340302
-2.1962423291292827,0.08009109466762127,0.0004675257955454449,0.028855099447333863,0.0,780,1102,30.545876887340302
-0.054475514076821344,0.11774413613927857,0.000687322618672885,0.028730137969571003,0.0,780,1104,30.545876887340302
-0.06180684032453238,0.0012816662876392547,7.481631425304584e-06,0.02873037061104012,0.0,780,1312,30.545876887340302
0.19485980119037014,0.028136565598598312,0.00016424510452744907,0.028715432901340095,0.0,780,1392,30.545876887340302
0.5204051480611527,0.17072943367350324,0.000996620343778335,0.02869666826750237,0.0,780,1394,30.545876887340302
-0.19829801227041996,0.020088788071164168,0.00011726680305084934,0.02873836973253598,0.0,780,1410,30.545876887340302
0.14774589446548766,0.018567083678242283,0.00010838396707715877,0.028718167102724883,0.0,780,1512,30.545876887340302
-0.0027680986304596533,0.01744581052325752,0.00010183861860884855,0.028726951374128167,0.0,780,1520,30.545876887340302
0.3210095316897212,0.09288903593728925,0.000542232823814648,0.02870817750631647,0.0,780,1610,30.545876887340302
0.5254613494449717,0.10123250815387447,0.0005909372209996113,0.028696256695543126,0.0,780,1621,30.545876887340302
0.6235313452371526,0.21062875892298266,0.0012295296810324134,0.028690715116631283,0.0,780,1623,30.545876887340302
-0.8428454128996032,0.10300982277549872,0.0006013121626314849,0.02877613404046183,0.0,780,1629,30.545876887340302
1.0121969744960821,0.07747291754310687,0.00045224238172650083,0.02866780393731585,0.0,780,1701,30.545876887340302
-0.4341570863195087,0.14776876143515574,0.0008625891309569751,0.028752352144283472,0.0,780,1702,30.545876887340302
1.0784820915405162,0.08042528205186156,0.00046947658949234494,0.02866393951554022,0.0,780,1709,30.545876887340302
0.11101794662713213,0.15940531104182998,0.0009305166219575921,0.0287205471928816,0.0,780,1811,30.545876887340302
-0.0901966818833843,0.05751558696780883,0.0003357429520096069,0.02873212216345548,0.0,780,1920,30.545876887340302
1.2607823260300022,3.7220660615661623,0.02172728321080025,0.028659390211621203,0.0,780,2011,30.545876887340302
0.23278016806709625,0.05751391977478526,0.00033573321989459576,0.02871326856447586,0.0,780,2012,30.545876887340302
0.03683660800533552,0.12108584957453558,0.0007068296217771271,0.028724813259256077,0.0,780,2013,30.545876887340302
-0.4176549597536608,0.07572697456371341,0.00044205056971786933,0.028751267925424196,0.0,780,2022,30.545876887340302
-0.509020237524182,0.03653853780438723,0.00021329099103910173,0.028756535545371078,0.0,780,2023,30.545876887340302
-0.15080075835868517,0.20310260093797494,0.0011855962947558997,0.02873590410698781,0.0,780,2029,30.545876887340302
-0.023848137093310337,0.006153827223765575,3.59225077442142e-05,0.028728162970407582,0.0,780,2100,30.545876887340302
0.7373738021678558,0.1818462887347977,0.0010615141566056464,0.02868402137214974,0.0,780,2211,30.545876887340302
0.3637791006373592,0.05951136872206508,0.0003473931792448073,0.028705624920828857,0.0,780,2219,30.545876887340302
-0.5863640947156141,0.02190620641763358,0.00012787584718738186,0.02876102587869236,0.0,780,2220,30.545876887340302
-1.8476323758990367,0.06887787925323277,0.00040206948633915034,0.028834730631770004,0.0,780,2310,30.545876887340302
1.0974793478081084,0.1350245068655382,0.000788195494797787,0.028662921914238724,0.0,780,2393,30.545876887340302
-0.3577133995231291,0.132984869281604,0.0007762892624256285,0.028747864952968227,0.0,780,2399,30.545876887340302
-15.847380092239465,94.88737287247565,0.5538979667280782,0.029816995264880287,0.0,780,2410,30.545876887340302
-0.03503384157776535,0.6690928565114361,0.0039057796791576085,0.028729927735372373,0.0,780,2420,30.545876887340302
-0.19623090464607498,0.06927060018454681,0.000404361965504305,0.02873833157298409,0.0,780,2431,30.545876887340302
-0.4855142666186904,0.1511352911696898,0.0008822409973585681,0.028755355758277392,0.0,780,2511,30.545876887340302
-0.03090609737888181,0.15958144549793182,0.0009315447937169334,0.028728832275643407,0.0,780,2512,30.545876887340302
0.01279533789001976,0.04145154649757656,0.0002419703130952857,0.028726083123584295,0.0,780,2593,30.545876887340302
-0.9039972916742031,0.2882544927512319,0.0016826641164332957,0.028780014972396573,0.0,780,2599,30.545876887340302
0.0028859019618480957,0.0013466643046478022,7.861052504975289e-06,0.028726594329140005,0.0,780,2610,30.545876887340302
0.011674045772754632,0.015445831454648593,9.016388986396052e-05,0.028726104970156256,0.0,780,2620,30.545876887340302
-0.029260940903202862,0.022386747881298616,0.00013068097216444618,0.028728506161610136,0.0,780,2630,30.545876887340302
0.28268262397718685,0.04777386847182573,0.00027887639638671886,0.028710339212185118,0.0,780,2640,30.545876887340302
0.03014872089844054,0.0009327271065344245,5.444724963730594e-06,0.02872500218818958,0.0,780,2651,30.545876887340302
-0.10558950499190528,0.0950802356662836,0.000555023788911935,0.02873308371740622,0.0,780,2660,30.545876887340302
0.4345171006336166,0.05381429272890194,0.0003141369227653557,0.028701486083385665,0.0,780,2710,30.545876887340302
-0.04443558958993028,0.1042771325774973,0.0006087099891419203,0.028729529307240407,0.0,780,2720,30.545876887340302
-0.7566173069219035,0.13594204654379838,0.0007935515642809591,0.028771155818608504,0.0,780,2732,30.545876887340302
-2.5143431225472903,0.08717647991521452,0.0005088862038202264,0.028873680373196434,0.0,780,2740,30.545876887340302
0.0467459251247601,0.04315512143825041,0.0002519148048357865,0.02872410413503708,0.0,780,2750,30.545876887340302
-0.04677608704519447,0.03347437309605367,0.00019540415794122573,0.028729547191249916,0.0,780,2790,30.545876887340302
-0.013313628682472892,0.10724660893865692,0.0006260440860707491,0.028727717554631226,0.0,780,2811,30.545876887340302
0.6033866315827299,0.1223294867981761,0.0007140892613758292,0.028691743173074876,0.0,780,2812,30.545876887340302
0.03376746564738334,0.024407731833256705,0.0001424783153502894,0.02872483030931904,0.0,780,2813,30.545876887340302
0.1332416454022663,0.09606905835333746,0.0005607959676458727,0.0287191437073643,0.0,780,2814,30.545876887340302
-0.12144897136194452,0.06323751967691417,0.00036914430771567983,0.028733956096248132,0.0,780,2816,30.545876887340302
-0.20687461312621552,0.03270090886040699,0.00019088911811567002,0.028738891544067575,0.0,780,2817,30.545876887340302
-0.0873995652581406,0.10105228198171651,0.0005898851641527678,0.028732031903775743,0.0,780,2819,30.545876887340302
-0.2529434319033271,0.05647855848625515,0.00032968937554328753,0.02874162067567947,0.0,780,2822,30.545876887340302
0.044718001519865005,0.06154673972274015,0.0003592745057551995,0.028724253352214395,0.0,780,2824,30.545876887340302
-0.6520919693883374,0.1360577647823031,0.0007942270608731903,0.02876505437582664,0.0,780,2825,30.545876887340302
0.04675645276981087,0.0041388235720947655,2.416007411555729e-05,0.02872403809997167,0.0,780,2829,30.545876887340302
0.1294016793195351,0.7557453441299673,0.004411607117001627,0.028720473841190433,0.0,780,2910,30.545876887340302
-0.597229738451941,0.19928961870532252,0.0011633382951728053,0.028761957973012814,0.0,780,2920,30.545876887340302
0.140169331075413,0.016748370082414664,9.77673620190389e-05,0.028718606330500638,0.0,780,2930,30.545876887340302
-0.8589674979069757,0.10732516286127584,0.0006265026387390332,0.0287770824099443,0.0,780,3011,30.545876887340302
-0.026529303804656075,0.006807508197791978,3.97383217080876e-05,0.02872832057779184,0.0,780,3030,30.545876887340302
0.43179780036117066,0.05207759615971629,0.0003039990859871325,0.028701641911276148,0.0,780,3100,30.545876887340302
0.5664364290254478,0.05470712517373082,0.0003193487656149223,0.028693786862205636,0.0,780,3211,30.545876887340302
1.6764243213670094,0.15189762832950077,0.0008866910837082877,0.02862915436522282,0.0,780,3212,30.545876887340302
0.5417373711524746,0.15526844507533835,0.0009063679752188334,0.028695397103935125,0.0,780,3220,30.545876887340302
0.03546108961025986,0.010700631777279354,6.246414043000849e-05,0.028724708461270464,0.0,780,3250,30.545876887340302
-0.3908385918952585,0.06429308455338989,0.00037530608900574933,0.0287496833441065,0.0,780,3290,30.545876887340302
1.79647689453672,1.7310684090512507,0.010104982812932636,0.028624785063196805,2.7559217414818704e-05,UAE,1020,73.2288037166086
-0.23818165037301287,1.5877204774555247,0.009268199946657495,0.028743328198744363,0.00010794026457006112,UAE,1030,82.62679055361983
-0.4734156471027706,2.2471131272433222,0.013117355392069204,0.028758168129961258,0.00011253347474848852,UAE,1040,82.89779326364692
2.1433355892500727,1.6772714852956092,0.009790947280254095,0.028604445561997392,6.430484063457698e-05,UAE,1061,78.66821525358111
-0.8379633353533769,1.5908659798129505,0.009286561582219459,0.028778348537489278,1.3779608707409352e-05,UAE,1071,69.81223383662409
-0.9473646992889371,1.5455254358033261,0.009021889536013395,0.028784659161660488,2.9855820685043e-05,UAE,1073,73.75145180023229
2.7514468459280503,1.4454863694854307,0.008437918942778318,0.028568557466180887,1.148300725617446e-05,UAE,1074,68.76693766937669
38.4410069606072,157.62340022710833,0.9201148503910891,0.026728730421852784,0.010826178826391697,UAE,1079,99.69028261711188
2.1343010673404885,1.6092764096451642,0.009394031094146596,0.02860485944868626,6.889804353704676e-06,UAE,1104,66.6182733255904
-1.4634761814132415,1.5414154508294886,0.008997897805065684,0.02881478258928389,1.6076210158644244e-05,UAE,1200,70.64459930313589
5.591502544141662,1.0845565726959978,0.006331018155864061,0.02840215888574219,0.0004708033229690045,UAE,1312,92.37320944638017
-0.1222292324616776,1.2607850907318339,0.00735973899473415,0.028736010469012974,8.956745296018198e-05,UAE,1391,81.13627564847077
3.479580078962564,1.7212175850942342,0.010047479362313124,0.028526508834781274,0.00010794026457006112,UAE,1392,82.62679055361983
-4.354251875760574,1.607847731484074,0.009385691291867527,0.02898365705769282,4.363542757346295e-05,UAE,1393,75.89043747580332
-0.16582349689276388,1.3865389855553114,0.008093817982719978,0.0287387664197827,2.296601451234892e-05,UAE,1394,72.12543554006969
-1.9168155368002333,1.2031918417729366,0.007023542696640089,0.028840678848961677,0.00013320289144758135,UAE,1399,84.16569879984515
2.0661832802526843,1.3791192669655175,0.008050505928479581,0.028608451749449117,0.00045013389899395406,UAE,1410,92.08284939992257
7.429543438422908,1.6056055366140138,0.009372602646435182,0.028295718517946256,3.444902176852338e-05,UAE,1430,74.60317460317461
-1.0926510979912085,2.0806481365796246,0.012145628416511038,0.028794040443901287,3.215242031728849e-05,UAE,1512,74.22570654277972
-5.776168269677031,2.0238478833228686,0.01181406117172242,0.029067374088143867,5.052523556514643e-05,UAE,1520,76.82926829268293
0.942164198590776,1.536985368512886,0.008972037529737985,0.0286743350725553,4.593202902469784e-05,UAE,1629,76.11304684475417
-0.7453639135686501,1.4769599521880528,0.008621643635926475,0.028772751280281787,1.6076210158644244e-05,UAE,1702,70.64459930313589
0.17583634413926885,1.5254812561664504,0.008904883131372821,0.028719053615934503,7.808444934198633e-05,UAE,1709,80.10065814943864
4.272067901587322,1.477332670822344,0.008623819353173625,0.02847983780349136,4.593202902469784e-06,UAE,1811,64.98257839721255
-3.5184352961758187,4.527381664019636,0.026428253016054153,0.028939794853463766,0.0010885890806093812,UAE,2011,96.39953542392567
2.466298786679895,3.0928671674889916,0.018054381563862625,0.028587953558099417,0.00016076210886240005,UAE,2013,85.71428571428571
1.0862959391913471,1.652557113966071,0.009646678979699588,0.02866611414552956,4.593202902469784e-05,UAE,2022,76.11304684475417
-2.233935561065783,1.7783491949957433,0.010380980876817875,0.02886016082439652,7.349124643951654e-05,UAE,2023,79.72319008904375
12.564293611861306,150.27751382048268,0.8772337860168675,0.028241069461334204,0.010968568734824657,UAE,2029,99.7289972899729
2.8731697859199765,1.5927319695063387,0.009297454157973372,0.028561696899238688,8.956745296018198e-05,UAE,2030,81.13627564847077
-2.885861225983721,2.253388719551988,0.013153988694420781,0.02889902190547241,0.0001515757030574605,UAE,2100,85.17228029423151
3.7161113841140088,1.3277305092600427,0.007750527885626621,0.028512045135062277,3.215242031728849e-05,UAE,2211,74.22570654277972
-0.9964680326601815,1.5568642744081187,0.00908807916123037,0.02878754484685832,9.875386604107916e-05,UAE,2219,81.93960511033683
2.9335761529632847,2.4576513792553,0.014346356745754543,0.02855961247580136,0.00015387230087071657,UAE,2220,85.4045683313976
-3.254058994727249,1.4095410348503261,0.008228090731025602,0.028919093290947523,0.00013090627908241004,UAE,2310,83.98180410375532
-1.0723559167969914,1.3192179380304285,0.0077008363855568685,0.028791575702805338,1.8372811609879136e-05,UAE,2392,71.16724738675958
-1.0524960071367246,1.481698469779674,0.008649304379182921,0.028790689397602633,2.7559217414818704e-05,UAE,2393,73.2288037166086
1.858290499358769,1.4990597971521473,0.008750649833696004,0.028620788715477248,2.296601451234892e-05,UAE,2396,72.12543554006969
-2.6884063671787737,1.3596216639655692,0.007936690124218071,0.028885986842453096,6.889804353704676e-05,UAE,2399,79.22957801006582
40.88165434540891,977.7303134575357,5.707427829837503,0.027934675898363192,0.032630112022161484,UAE,2410,99.9806426635695
1.393825694569053,3.8715392662244996,0.022599821902032146,0.0286518722693731,0.00036056642420589924,UAE,2420,90.68912117692605
-2.709654144259572,1.8428592192179192,0.0107575533349706,0.02888804222088752,0.0,UAE,2431,30.545876887340302
0.6526169700675328,1.5029545463105958,0.008773385141613948,0.028691181691974193,4.593202902469784e-06,UAE,2511,64.98257839721255
0.4468566722371389,1.3365136098836798,0.007801798580870119,0.028702914951736793,0.0001998043298954144,UAE,2593,87.10801393728222
5.784196676373076,4.102999090021794,0.023950951371628303,0.028395913454984857,0.00010105047113029286,UAE,2599,82.1525358110724
-0.5093070428112592,2.5091056430088674,0.014646717175280762,0.028760703451208413,0.0,UAE,2610,30.545876887340302
-2.3232717888933685,2.9206414937502863,0.017049027030225688,0.0288673013863494,2.7559217414818704e-05,UAE,2620,73.2288037166086
1.6541890695594952,2.1641074897603083,0.012632816170073882,0.02863381573661946,0.0,UAE,2630,30.545876887340302
-0.07728507443442856,56.64252975937202,0.3306465456285349,0.028826586103091672,0.00716845877468586,UAE,2640,99.4773519163763
1.6061124661972555,2.5286470333467115,0.014760788584863557,0.028637231996473982,0.0,UAE,2651,30.545876887340302
-0.7596853103490306,1.5115636884204493,0.008823640366999204,0.02877364548006241,0.0,UAE,2652,30.545876887340302
-0.31332426593801954,1.7222933968567964,0.010053759333291626,0.028747940852578355,0.0,UAE,2660,30.545876887340302
-0.48607887846682196,10.802021591493759,0.06305599591341166,0.02877327830272648,0.00358422938734293,UAE,2670,98.72241579558653
1.5193213675712227,1.4878924759920298,0.008685461428778296,0.02864055884558664,0.0,UAE,2680,30.545876887340302
15.993826105485729,57.892782888213894,0.3379448050807345,0.02788737679652522,0.007241949904710054,UAE,2710,99.49670925280681
41.408429899101876,147.391397503622,0.8603862971334065,0.026537902780721496,0.01078024785965681,UAE,2720,99.67092528068137
3.149459835711615,1.5600233528371947,0.009106520046098701,0.02854551266567166,2.296601451234892e-06,UAE,2732,63.31784746418892
2.6660991278224673,1.7568335047535228,0.010255384638697407,0.02857405936358403,0.0,UAE,2740,30.545876887340302
-0.5377626089071872,1.871335686160059,0.01092378258825648,0.028761293845987135,3.444902176852338e-05,UAE,2750,74.60317460317461
2.543997175985357,2.0413300213144048,0.011916111849219684,0.0285816624171814,6.889804353704676e-06,UAE,2790,66.6182733255904
-2.3855689936431164,1.5505730910170277,0.009051354847097213,0.028868629347309004,3.674562321975827e-05,UAE,2811,74.91289198606272
1.0093364808324343,1.5698926329056908,0.009164131232893353,0.0286704686679159,1.3779608707409352e-05,UAE,2812,69.81223383662409
0.02173383736667489,1.9389783509346916,0.011318641602143313,0.028728743540264487,5.511843482963741e-05,UAE,2813,77.62291908633372
-0.3397250350142961,1.6021375905143005,0.009352358769560908,0.028749280464861558,3.444902176852338e-05,UAE,2814,74.60317460317461
2.4963075774425296,1.621108132804574,0.009463097896214075,0.028583745346893556,7.349124643951654e-05,UAE,2816,79.72319008904375
3.9080982967244857,10.809839359946032,0.0631016315540557,0.028516622662290842,0.0036186783108860254,UAE,2817,98.74177313201703
-0.8431113808420733,1.2921037882952922,0.007542559557426778,0.02877814714063592,2.296601451234892e-05,UAE,2818,72.12543554006969
4.576761064089239,151.1065543806489,0.8820732484944338,0.028712864009775428,0.010892781428992748,UAE,2819,99.70963995354239
-2.561639469842102,1.469028135977967,0.008575342249996738,0.028878770781473658,0.00013090627908241004,UAE,2822,83.98180410375532
0.7335478575726253,1.65280169955122,0.00964810672982275,0.028686707948066374,6.660144572379068e-05,UAE,2824,78.93921796360821
-3.676889427075584,1.42049089336993,0.008292009713987854,0.028943796235440754,4.593202902469784e-05,UAE,2825,76.11304684475417
1.1362260129368784,1.3343736829742299,0.007789306917035309,0.028662666809770813,0.00011023686965927482,UAE,2826,82.81068524970964
0.5023696134096548,1.986286585555126,0.01159479989562848,0.028700762877585127,0.00011253347474848852,UAE,2829,82.89779326364692
-0.15770116922499022,6.125855133131247,0.03575922275003156,0.028746245655530793,1.148300725617446e-05,UAE,2910,68.76693766937669
-3.944607219963975,1.3789662493302728,0.008049612699438985,0.028959355155592423,0.0,UAE,2920,30.545876887340302
0.09798043702123807,2.2061047985887283,0.012877972330097158,0.028724740162411815,4.593202902469784e-06,UAE,2930,64.98257839721255
0.27017413300185344,1.3070778795595466,0.00762996969909039,0.02871318012660654,0.0,UAE,3012,30.545876887340302
-3.474002043903592,2.292805762865844,0.013384082746822464,0.028933425286856312,1.8372811609879136e-05,UAE,3030,71.16724738675958
-2.6892364507508644,1.9390769499486407,0.01131921716653818,0.028887012490374613,0.0,UAE,3100,30.545876887340302
2.2117489659402985,1.7763796378035304,0.010369483733508959,0.028600617072275108,4.133882976020686e-05,UAE,3211,75.57104142469996
-1.0528775336891816,1.4932125848963143,0.008716517167973599,0.02879073102358436,6.889804353704676e-06,UAE,3212,66.6182733255904
1.2115974758197487,1.788352624272491,0.010439375149616905,0.0286590262569798,6.889804353704676e-06,UAE,3230,66.6182733255904
2.0128279080450016,1.6770041139805445,0.009789386520130883,0.02861206414998029,0.0,UAE,3240,30.545876887340302
-1.308228163030212,2.265828538632728,0.013226605211104699,0.028806937557138597,9.186405804939568e-06,UAE,3250,67.75067750677508
0.16415587381695085,1.7164752420506197,0.010019796288265798,0.0287200557476024,4.363542757346295e-05,UAE,3290,75.89043747580332
-0.9587488531952674,0.2374440098797231,0.0013860617098219905,0.028783125734891432,4.868383257417008e-06,Tunisia,1020,65.22454510259388
0.7699056873900082,0.29485502574390965,0.0017211942358083925,0.02868231154094287,0.0,Tunisia,1030,30.545876887340302
-0.8824440758634906,0.6948094043710661,0.004055898110509461,0.02877943981325923,0.0012411634670570493,Tunisia,1040,96.86411149825784
-0.8239865948515295,0.17743859632823117,0.0010357845807089554,0.028775158185272303,0.0,Tunisia,1071,30.545876887340302
0.2569849444223689,0.047619276865640686,0.00027797397940807405,0.028711839040157564,0.00010792725515784696,Tunisia,1074,82.59775454897405
0.00022882610490377242,0.0006289417753465784,3.6714007355120953e-06,0.028726748230424093,0.0005789055139757693,Tunisia,1079,93.32171893147503
-18.16202689126156,41.22468688664135,0.2406460370253958,0.029858809357465082,0.005525630433112383,Tunisia,1312,99.26442121564072
0.017795281903972716,0.008130342493971624,4.746026831479585e-05,0.028725735380296987,0.00038633833173662424,Tunisia,1392,91.13433991482772
0.47908198084703885,0.1197897312334267,0.0006992636275668751,0.028698995161389042,9.249927825294435e-05,Tunisia,1393,81.28145567169958
0.03738215606880281,0.04506547445161006,0.00026306634816342035,0.028724653942703727,0.0004785015480592847,Tunisia,1399,92.46999612853271
-0.12868070573929866,1.2422897912273319,0.0072517740624207785,0.028736356069204848,0.001545353326946497,Tunisia,1410,97.59969028261712
0.08583798652540299,0.08973356704883416,0.000523813009370655,0.028721900253869215,0.00011826684203697369,Tunisia,1430,83.15911730545878
0.31087155519039117,0.04986566605084548,0.00029108710884245224,0.028708697205293416,0.0003085263888351619,Tunisia,1512,89.52768099109562
0.3216191835130435,0.24072500848230924,0.0014052142946158865,0.028708389667579493,0.00010710443166317418,Tunisia,1520,82.53968253968253
-0.6639201416566566,0.04769038952506383,0.0002783890942570861,0.028765596457004203,0.0001709305652184412,Tunisia,1629,86.04336043360433
0.45934210411332205,0.060633732670852876,0.00035394489514064056,0.02870004836270173,0.0005551542271859944,Tunisia,1709,93.18621757646149
-5.961202602948049,2.1914249528005008,0.012792279824468313,0.02907846109018904,0.0009273572941310704,Tunisia,2011,95.50909794812233
-0.14113981293594338,0.0006394508232732707,3.7327465194939732e-06,0.0287350005372899,0.0004567911382764578,Tunisia,2023,92.14092140921409
-0.06081016671754595,0.001988313720895709,1.1606633147086928e-05,0.028730313616082845,0.0009628268890082836,Tunisia,2029,95.74138598528843
2.067456055632376,0.22333397961859688,0.0013036954598614908,0.028606447267985113,0.0007587457075715065,Tunisia,2219,94.52187379016648
0.6326126076812131,0.061763020628758186,0.0003605370294236174,0.028689935681688608,0.0008872567559592426,Tunisia,2220,95.25745257452574
0.3042718244453906,0.05888555084648547,0.00034374001404134555,0.02870909757699592,0.0005686040385626256,Tunisia,2310,93.24428958575301
-0.2000530910751412,0.023223050087736744,0.00013556282396087898,0.02873847744207721,0.00012409058399498463,Tunisia,2392,83.56562137049941
-0.05896546961828674,0.07996603182125252,0.00046679575050130644,0.028730336710633384,8.604046888649464e-05,Tunisia,2393,80.8168795973674
0.2879156937042052,0.08979255007539562,0.0005241573183919171,0.028710104155392928,7.397617446258664e-05,Tunisia,2396,79.84901277584204
-0.539578224914529,0.27323203090491477,0.0015949716151021846,0.028758716703377277,0.0008097472600638866,Tunisia,2420,94.77351916376307
0.10285264722474362,0.22072843502004885,0.0012884857874713121,0.028721126654317614,0.0007875164155848324,Tunisia,2593,94.67673248161053
0.33570218218095965,0.09250400118079279,0.0005399852121221033,0.02870731918391202,0.0012274922337383032,Tunisia,2599,96.82539682539682
-0.6910931446374815,0.21852653347056195,0.0012756323512945582,0.028767469547664615,0.000197848494281061,Tunisia,2610,87.0499419279907
-1.3700966292327585,0.6984027041006255,0.0040768737298547495,0.028807913365087617,3.920894596376456e-05,Tunisia,2620,75.24196670538133
0.14336251847574327,0.14572188323658528,0.0008506406320365557,0.028718636145530385,0.0001770350500009954,Tunisia,2630,86.25629113433992
-0.4061398833403528,0.0709415507399231,0.0004141160148272845,0.028750587707065706,0.00035650143399834633,Tunisia,2651,90.63104916763453
-0.134093743827245,0.0037505897096945687,2.1893787880744318e-05,0.02873459444674388,0.000331147137330845,Tunisia,2652,90.12775842044135
-0.5456300965640866,0.15000991566450617,0.00087567170172674,0.028758863116731835,5.127323674969375e-05,Tunisia,2660,77.17770034843205
0.11319173323639461,0.018151192320574626,0.00010595623227516892,0.028720183481067283,0.0006581849884241819,Tunisia,2710,93.99922570654277
-0.3472249556195048,0.11031758170672737,0.0006439706607099015,0.028747214654912243,4.730673390440643e-05,Tunisia,2732,76.42276422764228
0.06953244662668402,0.000552153028578086,3.2231521496878482e-06,0.028722702554333835,0.0003397652180865407,Tunisia,2740,90.2439024390244
0.17303069884543407,0.002099594597117931,1.2256226967732028e-05,0.02871666351480587,0.0003896667913068086,Tunisia,2750,91.17305458768872
0.2514864024929168,0.08334694315171308,0.0004865315683971905,0.02871221989601661,0.00022272950445767492,Tunisia,2790,87.76616337591948
0.16500281849857773,0.14660464954929228,0.0008557937145901383,0.028717374378243014,2.296481943631079e-05,Tunisia,2812,72.08672086720867
-0.13705789336496932,0.005601241003927596,3.2696826872834566e-05,0.02873477058103085,0.0004068797279614955,Tunisia,2813,91.3472706155633
-0.6327895762585449,0.06457239694745948,0.0003769365542876264,0.02876380757447392,0.0006325614522211254,Tunisia,2819,93.78629500580719
-1.1708558166651624,0.10729164214315692,0.0006263069640454753,0.028795288715804248,0.0006445721373893321,Tunisia,2824,93.86372435152923
-0.5233063702841394,0.12457144364244566,0.0007271765173503618,0.028757517270535705,0.00026435163454152644,Tunisia,2829,88.77274487030584
0.08885272395813437,0.0060296915401955396,3.519787494380722e-05,0.028721583931155734,0.00042525329627096653,Tunisia,2930,91.57955865272939
-0.3548494843647072,0.0777579886010647,0.0004539064627796045,0.028747605094704084,4.868383257417008e-06,Tunisia,3012,65.22454510259388
-0.2331751869414832,0.38345328456442485,0.002238379968016251,0.028741015294173274,4.66181845695246e-05,Tunisia,3030,76.2098335269067
0.047095509886261266,0.12458731708112586,0.0007272691773655333,0.02872422027041678,0.00013890412810724229,Tunisia,3100,84.45605884630275
2.1964663482195803,0.1057269382593065,0.0006171731217484494,0.028598719950971387,0.0001558368094265461,Tunisia,3211,85.46264034068912
0.171384862414662,0.061947025466805555,0.0003616111439509481,0.02871685991306698,0.00018319480295758694,Tunisia,3230,86.54665118079751
-0.173486357123467,0.020582485439465885,0.00012014872464065707,0.02873692219713819,0.0003947565273847431,Tunisia,3250,91.26984126984127
1.7015495472976898,1.693811006139685,0.009887495500410876,0.02863026466285736,0.0013858313905075192,Tunisia,3290,97.289972899729
-0.09607332009077452,0.00965520861828402,5.636156065981938e-05,0.028732384935776133,1.8919110516435467e-05,Turkiye,1010,71.29307007355787
0.022884787338147885,0.01901528201495362,0.00011100029146132063,0.028725456536240115,7.708074554102495e-05,Turkiye,1020,80.0038714672861
-0.3462788359831148,0.13055578181298644,0.0007621096453792154,0.028747193387389087,0.0004969770670868456,Turkiye,1030,92.64421215640728
-0.03822680040223515,0.06227480964666177,0.00036352455966951787,0.02872909643160586,0.00021692279551643878,Turkiye,1040,87.57259001161441
-0.04095754778526789,0.02424947545119829,0.00014155450551563722,0.028729192067093456,3.428604031796567e-07,Turkiye,1050,61.420828493999224
-0.33500519219017916,0.05575353192959827,0.00032545708705854014,0.028746409768929757,2.2870503016747534e-05,Turkiye,1061,72.04800619434766
0.05068995332462577,0.0007519124976620718,4.389233161425879e-06,0.028723802805814394,0.0001265284518012777,Turkiye,1062,83.70112272551296
-0.0028649834670273077,0.002676974735611296,1.562664049125176e-05,0.02872693226363227,8.760398486629128e-05,Turkiye,1071,80.95238095238095
0.1169228043868786,0.00216576792594637,1.2642508842549673e-05,0.028719938882666312,0.0001401612244080752,Turkiye,1072,84.53348819202478
0.04061523454394191,0.003846183002216855,2.2451806600812562e-05,0.028724396098405217,0.00017689507512841374,Turkiye,1073,86.23693379790942
-0.034665044147606974,0.0003218667798624908,1.8788733371588831e-06,0.028728784619195424,6.600911001442e-05,Turkiye,1074,78.82307394502517
0.27128215018089,0.022159825728097472,0.0001293563310087405,0.02871096177943302,0.0002505537122488022,Turkiye,1079,88.50174216027874
0.7935638641269274,0.19127016531096808,0.0011165253337119237,0.028680757062135,3.428604031796567e-07,Turkiye,1101,61.420828493999224
0.4271216634510014,0.05024535057454945,0.0002933034889498496,0.028701911808262585,3.428604031796567e-07,Turkiye,1102,61.420828493999224
0.668846984667963,0.0479831260546377,0.0002800979219294036,0.02868779744302188,0.0,Turkiye,1103,30.545876887340302
-0.10443590390154839,0.026976013526837817,0.00015747046831010822,0.028732902147188055,1.7143020158982836e-07,Turkiye,1104,61.18854045683314
-0.033618781213420885,0.019513110584014295,0.00011390632862764039,0.0287287557284699,7.4591184784367215e-06,Turkiye,1200,66.97638404955478
0.020302658977951474,0.08407462966671454,0.0004907793841905147,0.02872571636061194,5.892571061849594e-05,Turkiye,1311,78.1262098335269
-0.06566507835917969,0.006741917992401351,3.935544377287517e-05,0.028730604990366317,0.00047878161421976984,Turkiye,1312,92.48935346496322
0.0009068512421950537,1.1196711935480337e-05,6.535997137825233e-08,0.02872670761531379,9.446193143958226e-05,Turkiye,1391,81.45567169957414
-0.5905474267665969,0.085062817004592,0.0004965478541209909,0.028761376113173198,0.0004833788552787155,Turkiye,1392,92.50871080139372
0.05347719370296644,0.0015030914779211079,8.774184469684138e-06,0.02872364136224537,0.0001918762718560174,Turkiye,1393,86.83701122725513
-0.12918450268973342,0.006947419037520372,4.0555040806770276e-05,0.028734313235572875,8.466314284305554e-06,Turkiye,1394,67.47967479674797
-0.003699486727099529,0.00017525160687945358,1.0230181928086212e-06,0.02872697678196585,0.00013093194866087288,Turkiye,1399,84.01084010840108
-0.005952923215073923,0.0009720010615761397,5.6739837490087164e-06,0.028727109660730575,0.00047315459232777357,Turkiye,1410,92.41192411924119
0.04983764179306522,0.0012592799961805197,7.350953117472832e-06,0.028723853409587097,2.336725447094068e-05,Turkiye,1420,72.22222222222221
-0.02301929178506813,0.0037589496417694468,2.1942588361125236e-05,0.028728110570994975,0.00010540978837525472,Turkiye,1430,82.44289585753
0.009920365777541004,0.0010993816872303067,6.417558656970574e-06,0.02872618328286489,1.6975400285446085e-05,Turkiye,1511,70.7897793263647
0.5398813892659009,0.1244913991709948,0.0007267092637143691,0.028695453892126386,1.4169364476401825e-05,Turkiye,1512,69.9767711962834
-0.37196362068973865,0.13102312991720977,0.0007648377551039038,0.028748693513280733,1.0373431905463804e-05,Turkiye,1520,68.25396825396825
-0.4521132988300671,0.04014641316527612,0.00023435169454588383,0.02875321969379824,1.885732217488112e-06,Turkiye,1610,62.87262872628726
-0.7812203131607908,0.03437478278018956,0.00020066023236047875,0.028772421421610506,3.0857436286169104e-06,Turkiye,1621,63.79210220673636
-0.2798909067884981,0.006607631326390383,3.857155536907108e-05,0.028743110043035515,0.0,Turkiye,1622,30.545876887340302
0.07965268138630874,0.002324720820241861,1.3570384515471322e-05,0.028722114765097846,3.428604031796567e-07,Turkiye,1623,61.420828493999224
-0.5123976373086284,0.02567678187060829,0.00014988630035488984,0.028756714465841923,2.021868021984119e-05,Turkiye,1629,71.602787456446
-0.6464626518518094,0.04745904633540654,0.0002770386456305889,0.028764576997759857,8.737898497201968e-06,Turkiye,1701,67.59581881533101
-0.04907032824520745,0.0009027682522884907,5.269842385048314e-06,0.028729626491146222,7.130124868126586e-05,Turkiye,1702,79.4812233836624
0.28335107969784107,0.20676832801954487,0.0012069947033701886,0.028710566660240164,0.000519513210747391,Turkiye,1709,92.87650019357336
-0.2528325316137201,0.011739817697781705,6.853031078538635e-05,0.028741539140554096,0.0,Turkiye,1811,30.545876887340302
0.0878757601476291,0.005028409170072911,2.9352963738635973e-05,0.028721639281955164,0.0006263740942813456,Turkiye,1920,93.74758033294619
-0.6652251333125582,25.089135331478268,0.14645595748285817,0.028807783269452873,0.005699137691408396,Turkiye,2011,99.28377855207124
0.7549350768955596,0.1452164678690315,0.0008476903074995132,0.02868293490333831,0.0009465574403293431,Turkiye,2013,95.6639566395664
0.20111586952520397,0.03876589682017065,0.00022629303327789321,0.028715085524559262,2.7195686925551854e-05,Turkiye,2022,73.11265969802555
0.2197755881908347,0.12088042864081514,0.0007056304923875501,0.028714133912836615,0.0005083409487269819,Turkiye,2023,92.79907084785134
0.024395789435717068,0.2044558808944078,0.0011934959656350736,0.028725679287101808,0.0010795798152685165,Turkiye,2029,96.36082075106465
0.42161130045407147,0.06615772156901548,0.00038619076860404517,0.028702260133365673,6.685777407255955e-06,Turkiye,2030,66.41502129307007
-0.8624473932528812,0.04135444283103984,0.00024140347767948367,0.028777174726161293,0.0006042296881787479,Turkiye,2100,93.55400696864112
-0.00768642837164351,0.0021366295910227656,1.2472415984254216e-05,0.028727212805807974,9.751104516908526e-05,Turkiye,2211,81.66860240030972
0.24888674012190423,0.054282598650356076,0.00031687062367673804,0.028712322936272832,2.3475853595300578e-05,Turkiye,2219,72.24157955865273
-0.06841511326823704,0.07919658923242118,0.00046230418673928243,0.02873088703864097,0.0007172223995439708,Turkiye,2220,94.36701509872242
-0.39055804906813985,0.12268316962358705,0.0007161538585074734,0.028749764960866984,0.0004557471547741443,Turkiye,2310,92.12156407278358
0.07291875561215941,0.022918257884323834,0.00013378362219109376,0.028722542381351964,1.2000114111287985e-06,Turkiye,2391,62.17576461478901
-0.02289441422540925,0.003404685601947307,1.9874598433676436e-05,0.028728102687264504,8.571510079491418e-07,Turkiye,2392,61.827332559039874
-0.051363379833140176,0.007053002055470043,4.117137380443829e-05,0.028729770660758786,0.0001715546241030097,Turkiye,2393,86.08207510646535
-0.3322366944944543,0.015156730260887048,8.847628319348826e-05,0.028746180036264047,1.3714416127186269e-06,Turkiye,2394,62.301587301587304
-0.15882423784814254,0.01810353481154779,0.00010567803511836949,0.028736062147514205,2.2285926206677686e-06,Turkiye,2395,63.27913279132791
0.17585832379561,0.019451190073699807,0.00011354487226391479,0.028716527540872026,1.3714416127186269e-06,Turkiye,2396,62.301587301587304
0.10280657767103962,0.0194189726132417,0.00011335680523981381,0.028720791832930595,2.7428832254372537e-06,Turkiye,2399,63.530778164924506
0.10202294030028008,0.001327418332358381,7.748705576231226e-06,0.028720807245696763,0.007816599681973457,Turkiye,2410,99.57413859852883
0.9214943428623015,0.12498557490350132,0.0007295939777195676,0.028673178185654364,0.001285230158828199,Turkiye,2420,96.98025551684088
-0.35591869895242245,0.32849101001310366,0.0019175417869271624,0.028748088278676972,0.0006257716449908912,Turkiye,2431,93.72822299651567
-0.20725758688578905,0.014017902015499694,8.182845819341876e-05,0.028738882557043214,3.428604031796567e-07,Turkiye,2511,61.420828493999224
-0.0032182155803674394,1.3281057147308204e-05,7.752718119596407e-08,0.02872694841651037,7.997523789526895e-05,Turkiye,2512,80.25551684088269
-1.0702516886588893,0.12349543011682154,0.0007208953685950252,0.028789443219681278,0.00031612947350367904,Turkiye,2513,89.75996902826171
-0.07632779750973594,0.010542467609995212,6.154086889222794e-05,0.028731233793043116,0.0,Turkiye,2520,30.545876887340302
0.10801878771815056,0.7638267424057963,0.004458781677091065,0.028721735656568742,0.0009016492404043674,Turkiye,2593,95.35423925667828
-0.32467932503646,0.045553671110226956,0.00026591615977043743,0.02874578988660372,0.0009628453408367932,Turkiye,2599,95.76074332171893
-1.790974989109475,0.19890410967040228,0.0011610879149153122,0.028831642124104693,1.9076371245319024e-05,Turkiye,2610,71.31242740998839
-0.2551582171105463,0.2104145889633758,0.0012282794798563316,0.02874200823623469,0.00013255364319775254,Turkiye,2620,84.0689121176926
0.09534675275485463,0.026947349972697238,0.00015730314694924598,0.02872123991709208,0.00014835949696134776,Turkiye,2630,85.03677893921797
-0.5380611922023978,0.2899995351977625,0.0016928506716484615,0.028758656295461395,0.00014364052913151681,Turkiye,2640,84.76577622919086
-0.06575241137454486,0.21619846729702444,0.001262042438528569,0.028730961378234488,9.257230885850731e-06,Turkiye,2651,67.8087495160666
-0.11575666588893452,0.0024864728263144604,1.4514599794760495e-05,0.028733521912951296,5.088956095278263e-05,Turkiye,2652,77.06155632984901
0.20274532407404805,0.039435464636971326,0.0002302015855023382,0.028714991528492217,5.142906047694851e-07,Turkiye,2660,61.55632984901278
0.08394407989811258,0.06598046065352477,0.00038515602122198185,0.028721970984607558,1.9968481865362264e-05,Turkiye,2670,71.54471544715447
0.7183213728715288,0.01128647722331903,6.588396955536947e-05,0.02868484795727816,3.428604031796567e-07,Turkiye,2680,61.420828493999224
-0.034092754341025204,0.00887428028881362,5.180294974290273e-05,0.02872876555477502,0.00049398752162233,Turkiye,2710,92.60549748354626
-3.1379994427793867,0.6853165090350162,0.0040004840415366885,0.028911095495634337,2.0571624190779403e-06,Turkiye,2720,63.104916763453346
-0.22973705569371278,0.009402017586216359,5.4883576881677054e-05,0.02874018703633799,1.5428718143084552e-06,Turkiye,2731,62.50483933410763
0.13811297122745583,0.01892258173472234,0.00011045916048487092,0.028718730014018316,1.0285812095389701e-06,Turkiye,2732,61.943476577622924
-0.27656644602326846,0.020693545457705336,0.00012079702921928936,0.028742939614068784,5.242906991043128e-05,Turkiye,2740,77.31320170344561
-0.23881872434255424,0.1803896396282533,0.0010530110760172992,0.028741004044289652,0.0005546157481148839,Turkiye,2750,93.16686024003097
0.07911897518154781,0.07178336187399213,0.0004190300245781557,0.02872226237700144,4.341622116044164e-05,Turkiye,2790,75.84204413472706
0.002462879741070711,0.018967829544536463,0.00011072329120212268,0.02872664857162493,3.245173502364196e-05,Turkiye,2811,74.312814556717
-0.08435804209567684,0.019208222670838347,0.00011212656815924711,0.028731717087022914,1.4739154721610248e-05,Turkiye,2812,70.2477739063105
-0.12790315127998297,0.008361502796955998,4.880964935397131e-05,0.028734240809509114,0.00033894111402332783,Turkiye,2813,90.22454510259388
-1.7256543854517148,1.8466893780889109,0.010779911601899742,0.02883060223527566,0.0011914399219676852,Turkiye,2814,96.7479674796748
0.10623439002681327,0.009023158151873517,5.2672013171927416e-05,0.028720574307671862,0.00016695131489541382,Turkiye,2815,85.96593108788231
0.08549137241418982,0.008106641161198302,4.7321913551306593e-05,0.028721783629857164,0.0001271351211471483,Turkiye,2816,83.72048006194348
0.508408341244174,0.09918620443063506,0.0005789920755361184,0.02869724873012062,9.05800061445916e-06,Turkiye,2817,67.71196283391406
-0.03949912310791998,0.0016708318996797608,9.753356679195053e-06,0.028729069067222755,9.743722330313176e-06,Turkiye,2818,68.00232288037165
0.011977036318743492,0.00021239802584187588,1.239857644799429e-06,0.028726061738897597,0.000620693142991513,Turkiye,2819,93.68950832365466
0.30203773662613126,0.04305519557335051,0.0002513314950473915,0.0287092014608164,1.5428718143084552e-06,Turkiye,2821,62.50483933410763
0.1068526640347841,0.037557912430738596,0.00021924151444150481,0.02872058605613062,5.8290897868573666e-05,Turkiye,2822,78.04878048780488
-0.10690366066035428,0.006645745235607646,3.879404247331279e-05,0.028733012101510857,1.5428718143084552e-06,Turkiye,2823,62.50483933410763
-0.0013427389287958193,0.030834788818528684,0.00017999578146216108,0.028726890621878783,6.423536251531914e-05,Turkiye,2824,78.64885791715061
0.0673181108067529,0.018148091506743944,0.00010593813150555098,0.028722861317223056,3.0857436286169104e-06,Turkiye,2825,63.79210220673636
-0.003732926886798158,0.03073564980042471,0.00017941706483328983,0.02872702998132206,8.228649676311761e-06,Turkiye,2826,67.38288811459543
-0.4435165374321473,0.12055124687561695,0.0007037089183687154,0.028752852816991192,7.353208638960496e-05,Turkiye,2829,79.77158343012002
1.0000710451031884,0.8561198123474152,0.004997535593826216,0.028669814915651893,0.00034572058939374983,Turkiye,2910,90.39876113046846
0.04310936306853654,0.0009528912524413755,5.5624316625310644e-06,0.028724245654132268,2.320657040399965e-05,Turkiye,2920,72.18350754936121
0.1306019406110227,0.04439900611575642,0.00025917588892798444,0.028719211175634994,0.00012819246330764145,Turkiye,2930,83.75919473480448
0.1733587859000797,0.031519575120915015,0.00018399317046190495,0.028716693680144293,1.885732217488112e-06,Turkiye,3011,62.87262872628726
0.11598355122976703,0.000896696387357046,5.234398326076476e-06,0.028719991583267237,1.7143020158982836e-07,Turkiye,3012,61.18854045683314
2.661358808654285,0.7222257600565656,0.0042159390433499245,0.028572610300321006,0.0009689161670394242,Turkiye,3020,95.78010065814944
-0.5395254078686823,0.26977763791115156,0.0015748068534737153,0.028758707820955038,0.0007229379843920469,Turkiye,3030,94.42508710801394
-0.001628422519993225,8.314207902608895e-05,4.853356893333741e-07,0.02872685573067591,1.7143020158982836e-07,Turkiye,3040,61.18854045683314
-0.5164246172883008,0.09107391164540396,0.0005316371710507633,0.02875705931863795,0.0002868759329430759,Turkiye,3091,89.10181958962447
-0.1183641012978653,0.028228175886106672,0.00016477987275262114,0.02873371729687693,0.00019210776372347027,Turkiye,3092,86.85636856368563
0.06025003070640702,0.0017560891084072567,1.025103928050954e-05,0.028723246427099416,1.1174709470651578e-05,Turkiye,3099,68.6604723190089
0.5079320749327285,0.24246361343219097,0.0014153632714241822,0.02869751655112459,0.0005907556624151766,Turkiye,3100,93.43786295005808
-0.003592997968421041,0.07357503367186266,0.00042948877515625706,0.0287270936515244,1.885732217488112e-06,Turkiye,3211,62.87262872628726
-0.0733174663850503,0.013681991803365032,7.986760736709603e-05,0.028731063332569393,6.857208063593134e-07,Turkiye,3212,61.672473867595826
0.11551692017802788,0.01204676118481367,7.032207051295227e-05,0.028720037515713354,2.9143131996534066e-06,Turkiye,3220,63.66627951993805
0.3851193890856386,0.045319809645389654,0.0002645510109002762,0.02870435541367602,1.5540806998615153e-05,Turkiye,3230,70.48006194347658
-0.3431485082006615,0.03291967111292103,0.00019216612645931163,0.028746846813406394,3.428604031796567e-07,Turkiye,3240,61.420828493999224
-0.09080333389978434,0.06842288091601936,0.0003994134674588946,0.028732175870419565,0.0001091371159418486,Turkiye,3250,82.73325590398761
-0.1232031407514146,0.0128448003840619,7.49805648568411e-05,0.028733973969711456,0.0002811999002005905,Turkiye,3290,89.00503290747194
-0.07719879332145593,0.021849796482468587,0.0001275465583953616,0.02873130360111243,1.5939165677991696e-05,Turkiye,Wastes,70.59620596205963
-5.119422868380132,0.7988165522654147,0.004663032084186765,0.029026956563789126,0.0,795,1410,30.545876887340302
-5.119422868380132,0.7988165522654147,0.004663032084186765,0.029026956563789126,0.0,795,2011,30.545876887340302
0.0,0.0,0.0,0.028726760533303364,0.0,796,1020,30.545876887340302
-0.005127054103464413,0.01127143606136455,6.579616789355078e-05,0.02872707872258216,0.0,800,1020,30.545876887340302
-0.2605301104710618,0.017275641011220453,0.00010084526676588926,0.028741997769260737,0.0,800,1079,30.545876887340302
-0.004838509751880855,2.4011405930005034e-05,1.4016479243014488e-07,0.028727043017968953,0.0,800,1392,30.545876887340302
0.9571552196863082,0.092765537789877,0.0005415119125840435,0.028671042567879237,0.0,800,1410,30.545876887340302
-0.05781286659173159,0.0007064085196543523,4.123607081437461e-06,0.028730136501017873,0.0,800,1512,30.545876887340302
0.3825921274642527,0.02499940467365703,0.00014593216145588676,0.028704468892078953,0.0,800,1629,30.545876887340302
-0.2952199727942581,0.0824382921924951,0.0004812273861489078,0.028744132103809095,0.0,800,2620,30.545876887340302
0.04021022989756075,0.00017470010055448663,1.0197988157430616e-06,0.028724413584034953,0.0,800,2630,30.545876887340302
0.36938700365003363,0.05148407719766148,0.0003005344632839774,0.028705284111558836,0.0,800,3212,30.545876887340302
0.043633024277688184,0.008230368263796547,4.804416129074425e-05,0.028724227288347046,0.0,800,3290,30.545876887340302
-0.43920755784203536,0.03102039389024648,0.00018107923723426972,0.02875245101184873,0.0,800,Wastes,30.545876887340302
0.04444621561319323,0.006486265750258693,3.7863092864365936e-05,0.028724176894456627,0.0001332112733507529,Ukraine,1020,84.20441347270615
0.22079441923259327,0.0033238278509599,1.9402597339006846e-05,0.028713877394887437,0.00015347814769484103,Ukraine,1030,85.3852109949671
-0.297201676192097,0.005753563431728224,3.358599769179319e-05,0.028744119113631474,0.0002388113207416609,Ukraine,1040,88.05652342237707
-0.0021174443907275254,6.470798670702438e-05,3.777280494029258e-07,0.028726884246050938,2.3162142497312743e-06,Ukraine,1050,63.35656213704994
0.12186889671667356,0.009943858533349325,5.804653302453834e-05,0.028719663198061098,1.6213498383876868e-05,Ukraine,1061,70.69299264421215
0.0011273317302285253,0.00027398778277171675,1.5993832602947983e-06,0.028726695185603817,3.4743213745969115e-06,Ukraine,1071,64.07278358497871
0.0060336187364249064,0.0002004031097749044,1.1698382162976128e-06,0.028726408661359278,7.527696197939804e-06,Ukraine,1073,67.0344560588463
0.17112321872001235,0.0019983492753800633,1.1665214948390915e-05,0.02871677469283049,2.8952679258509306e-06,Ukraine,1074,63.6372435152923
-0.16459808257310862,0.09418455397064414,0.0005497953137731299,0.028736526815768427,1.8529713997850195e-05,Ukraine,1079,71.19628339140534
0.13494517266038475,0.08259679884647955,0.00048215265692727426,0.028719021678956548,4.053374595969217e-06,Ukraine,1101,64.4889663182346
0.08565555639448547,0.00539495669482372,3.1492657593808314e-05,0.028721769499290586,4.632428499462549e-06,Ukraine,1102,65.07936507936508
-0.08381757993387076,0.004923513110195417,2.8740640807511972e-05,0.02873166157972236,2.8952679258509306e-06,Ukraine,1103,63.6372435152923
0.02677474540756725,0.00029234190134603123,1.706524059451098e-06,0.028725198067699124,1.7371606872984557e-06,Ukraine,1104,62.7177700348432
0.7113457556018316,0.059156097293041214,0.000345319308757979,0.028685335311022127,0.00011870597518282011,Ukraine,1312,83.19783197831978
-0.11833678442081878,0.025347909113196676,0.00014796653014597738,0.028733710871166752,2.7215515729039907e-05,Ukraine,1392,73.13201703445606
-0.20434583130391656,0.002749712034225413,1.6051239050448872e-05,0.028738693681813317,1.1002018254657742e-05,Ukraine,1393,68.58304297328688
0.2117807777139214,0.1267100002634071,0.0007396601822282521,0.028714610378794227,0.00011349449778208509,Ukraine,1410,82.9849012775842
0.03074444136917362,0.0018128452692557718,1.0582349139151473e-05,0.028724968889230255,8.685802640684415e-06,Ukraine,1430,67.57646147890051
0.046984321223742985,0.012818178394855039,7.482516097911172e-05,0.0287240393513803,1.7950660549104214e-05,Ukraine,1511,71.0994967092528
-0.25364611630064793,0.04650659256721304,0.000271478767749747,0.02874164496375127,8.106749191938434e-06,Ukraine,1512,67.34417344173443
0.6811038145960859,0.04570198170403129,0.0002667819118074641,0.02868707813772144,1.2739178600895684e-05,Ukraine,1520,69.37669376693766
-0.04284054942252867,0.001750778064216232,1.0220036455902254e-05,0.02872926425458605,1.2160125152149703e-05,Ukraine,1610,69.1637630662021
-0.07818168133845824,0.0008977094003014127,5.240311713634462e-06,0.02873132583628994,1.1002018254657742e-05,Ukraine,1621,68.58304297328688
0.14585069809932752,0.004366881601373086,2.5491345863201143e-05,0.02871825392818083,1.7371606872984557e-06,Ukraine,1622,62.7177700348432
-0.17448478244536048,0.0028292898204451355,1.651576844618907e-05,0.028736950698554895,1.9687820895342156e-05,Ukraine,1709,71.42857142857143
1.711782501443223,2.1352832547110134,0.012464556846383323,0.028630405158782304,0.0006356887170113623,Ukraine,2011,93.82500967866821
-1.8987109097723431,0.3912375800977086,0.0022838202129905854,0.028838254981356552,0.0010225764708593488,Ukraine,2013,95.97367402245452
0.05880455795806014,0.01632885750522454,9.531848861799369e-05,0.02872335523973054,0.00022896741575095803,Ukraine,2023,87.90166473093302
0.5436359479359506,0.5506567947527765,0.00321441799625415,0.0286959485977767,5.4431031458079815e-05,Ukraine,2029,77.5454897406117
-1.9823045756318092,2.3516162638836726,0.013727384663082853,0.028846435946622343,0.0015112814726307988,Ukraine,2100,97.5416182733256
-0.10355357352350807,0.0055531456176141775,3.241607364001182e-05,0.028732814710024684,8.106749191938434e-06,Ukraine,2211,67.34417344173443
-0.0324277121865125,0.007400540973075067,4.3200106332200586e-05,0.02872866588764652,2.4899301934055984e-05,Ukraine,2219,72.51258226867982
-0.12101619889820171,0.03418632591936406,0.00019956012948201159,0.028733882105087153,0.00024923429009504616,Ukraine,2220,88.44367015098722
-0.19974906796498473,0.003242015419790408,1.892502336993127e-05,0.028738426175017047,3.300605385447852e-05,Ukraine,2310,74.3321718931475
0.025081794733951022,0.00017615384024064325,1.0282849128067481e-06,0.028725296697608337,6.369589300447842e-06,Ukraine,2393,66.24080526519552
0.05310756907797749,0.00013009859807414258,7.594408693798304e-07,0.028723660636681296,5.790535851701861e-06,Ukraine,2396,65.9310878823074
-0.05356834930184702,0.0006180317542144013,3.6077143003296733e-06,0.028729888582259073,1.737160528136883e-05,Ukraine,2399,70.90592334494772
2.5719480636376293,17.300769871481606,0.1009919546146882,0.028605514250054562,0.004549726843833923,Ukraine,2410,98.97406116918313
-4.384450274633964,5.432800947253739,0.031713570596653314,0.0289918939148862,0.0026876332703977823,Ukraine,2420,98.47077042198994
0.006948126588460375,0.0009954427316936681,5.810822751098696e-06,0.028726356610830207,4.053374595969217e-06,Ukraine,2511,64.4889663182346
-0.14970185297413824,0.0017997658848571858,1.0505999207594529e-05,0.028735502286342335,0.0,Ukraine,2520,30.545876887340302
-1.2391325618037619,3.3292347709387267,0.019434159831379343,0.02880469192288044,0.001518230070360005,Ukraine,2593,97.5609756097561
-0.05063148429546897,0.001133369292639332,6.615958770285084e-06,0.028729718009207317,0.0006626490503549576,Ukraine,2599,94.01858304297329
-0.25274778373387846,0.05426623659281472,0.0003167751113853837,0.028741605543046646,0.00042768570710904896,Ukraine,2610,91.69570267131243
0.08491820946073518,0.09211214727109795,0.0005376977941310275,0.028721957933453984,0.00014029179874341935,Ukraine,2620,84.5722028648858
-0.03359816715655519,0.0022968364193867562,1.3407611403838958e-05,0.02872872565310469,0.0001262626174138859,Ukraine,2630,83.67208672086721
-1.6948026415649031,0.33765229360663185,0.0019710200970695915,0.0288262615456946,0.0,Ukraine,2640,30.545876887340302
-0.10636589113105804,0.11020118468117898,0.0006432912017488963,0.02873315440077274,0.0,Ukraine,2651,30.545876887340302
0.08412239644846319,0.0029328059403423137,1.7120036080531583e-05,0.028721854868303094,0.0,Ukraine,2660,30.545876887340302
0.11491676890501644,0.019003936051651373,0.0001109340602462133,0.02872008421292709,0.0,Ukraine,2670,30.545876887340302
-0.8804086075371025,0.14832124914948974,0.0008658142368098173,0.02877840289706662,0.0007498120539821684,Ukraine,2710,94.50251645373596
0.004777783333376771,0.0021270952542200997,1.2416760003808906e-05,0.028726485200661112,0.0,Ukraine,2731,30.545876887340302
-0.21437191192168029,0.029294327644730247,0.0001710034541781373,0.028739323479115887,0.0001262626174138859,Ukraine,2732,83.67208672086721
0.10491341663074877,0.03223683351452041,0.00018818011287383802,0.028720690337432086,0.0,Ukraine,2790,30.545876887340302
0.026600803380560145,0.033846555293829475,0.0001975767437802021,0.028725264485675098,0.0001505764084868133,Ukraine,2812,85.1335656213705
4.392633713549607e-06,2.2470329620543168e-07,1.3116887433753484e-09,0.02872676027726345,0.00015752504987176508,Ukraine,2813,85.52071234998064
0.16279729613717903,0.0025287394229506987,1.476132790229059e-05,0.028717261601531208,1.7371606872984557e-06,Ukraine,2814,62.7177700348432
-0.03382736283997748,0.011830031820888943,6.905692900492977e-05,0.028728755019591934,1.7371606872984557e-06,Ukraine,2816,62.7177700348432
-0.639907789055554,0.033004822015065875,0.00019266318850387343,0.02876417009150249,0.0,Ukraine,2817,30.545876887340302
0.3365091377810974,0.049673181454871415,0.0002899634943602619,0.02870720030360307,0.0003501933242660016,Ukraine,2819,90.5149051490515
0.3550856437061637,0.015588531172271079,9.09968888294814e-05,0.028706058795134937,0.0,Ukraine,2822,30.545876887340302
0.05308124108838153,0.0007617377280637421,4.4465872115736685e-06,0.028723663232641583,6.645401299465448e-05,Ukraine,2824,78.9005032907472
-1.4786214655226395,1.5220243799397748,0.008884703874057313,0.02881563414302817,0.001172526623122394,Ukraine,2829,96.57375145180023
0.2405040617653364,0.053628225477997296,0.0003130507690566923,0.028712811173633324,1.1581071248656372e-06,Ukraine,2930,62.13704994192799
-0.033827681822021394,0.013209205704964718,7.710775375671962e-05,0.028728757351115793,0.0,Ukraine,3012,30.545876887340302
0.2688416184198698,0.07340055238267029,0.0004284702536355313,0.02871119012311791,0.0,Ukraine,3020,30.545876887340302
0.23858388169991523,0.00668491344742441,3.902268399039681e-05,0.02871284458155985,0.00015173452266026288,Ukraine,3030,85.21099496709252
-0.12886805399482543,0.005196772167636703,3.0335770188005803e-05,0.028734291826672448,0.0,Ukraine,3091,30.545876887340302
0.041622524423655514,0.018036773824889427,0.00010528832283477066,0.028724361092861455,0.0,Ukraine,3100,30.545876887340302
-0.49834755690052335,0.013223468516576749,7.719101185642848e-05,0.028755873397444526,1.0422962986922357e-05,Ukraine,3211,68.29268292682927
0.05012550255521177,0.007364805044868002,4.299150051486348e-05,0.02872384684326543,1.7371606872984557e-06,Ukraine,3230,62.7177700348432
-0.04236046732697091,0.0013531774183468876,7.899072320739822e-06,0.02872923556335336,0.0,Ukraine,3240,30.545876887340302
-1.996803858279986,9.456685693875043,0.05520269788545605,0.028859253556768872,0.0025520857889205217,Ukraine,3250,98.35462640340688
-0.021885143540677783,0.0089437786770914,5.2208641404423123e-05,0.0287280530607717,1.1002018254657742e-05,Ukraine,3290,68.58304297328688
0.006205053470881171,0.0001676882932509224,9.78867913232429e-07,0.028726398599125427,8.106749191938434e-06,Ukraine,Wastes,67.34417344173443
-0.3473532250086488,0.03830476705524076,0.0002236012226453475,0.028747101297784055,0.0,807,1030,30.545876887340302
-1.8795107840184144,0.10726179262788729,0.0006261327197249176,0.028836656130169423,0.0,807,1050,30.545876887340302
-0.2346934121994188,0.04738338318307826,0.0002765969676184134,0.028740540081774492,0.0,807,1061,30.545876887340302
-0.5329080815163031,0.10079797975236982,0.0005884006938433321,0.028758037857853996,0.0,807,1071,30.545876887340302
-0.8733443672148321,0.06452817402496525,0.00037667840627371473,0.028777849759739554,0.0,807,1072,30.545876887340302
-0.18309609587550962,0.09896532091743226,0.0005777026844913141,0.028737614649401007,0.0,807,1073,30.545876887340302
-0.29602169502683173,0.14401946871798085,0.0008407029141733933,0.02874428223312965,0.0,807,1074,30.545876887340302
-0.009526560552322958,5.5876304478175344e-05,3.2617376266002676e-07,0.02872731673287597,0.0,807,1079,30.545876887340302
-0.06612800201577812,0.0021055659008573386,1.2291084008240661e-05,0.0287306242374378,0.0,807,1101,30.545876887340302
-0.6672517328296529,0.06712044930745374,0.0003918106200204222,0.028765823563423953,0.0,807,1102,30.545876887340302
-0.057490909924615544,0.10189572595637286,0.0005948087054888641,0.028730287412570096,0.0,807,1104,30.545876887340302
-0.5543473871652269,0.11171928385149846,0.00065215299250436,0.028759307703533014,0.0,807,1200,30.545876887340302
0.37584169244129717,0.013627677085623301,7.955054925061738e-05,0.028704843889501078,0.0,807,1311,30.545876887340302
-0.06152896311183344,0.02068189758256122,0.00012072903561630804,0.028730386926583567,0.0,807,1392,30.545876887340302
0.5227556729873932,0.027444056245636488,0.0001602026327956071,0.028696291032741572,0.0,807,1410,30.545876887340302
-0.08671944363995641,0.08102753781776362,0.000472992212636762,0.028731958616116438,0.0,807,1430,30.545876887340302
-0.3413224967276964,0.01169751154173471,6.828335175274454e-05,0.028746704608859096,0.0,807,1520,30.545876887340302
1.0013431020453194,3.8149638108813817,0.022269566898309116,0.028674693606146436,0.0,807,2011,30.545876887340302
-0.14212147184166393,0.027963534454649698,0.00016323504812149737,0.028735103674052423,0.0,807,2023,30.545876887340302
-2.2797214285068392,0.22524194625841018,0.001314833072911416,0.02886021703618428,0.0,807,2029,30.545876887340302
0.2539621983695892,0.04840966544198195,0.0002825878138109814,0.028712016815924477,0.0,807,2219,30.545876887340302
-0.7957566373370644,0.029561647305080537,0.00017256391277080445,0.028773261886158537,0.0,807,2220,30.545876887340302
0.13764460330711414,0.31452011204330077,0.0018359877113470597,0.028719252914132784,0.0,807,2599,30.545876887340302
0.03244536516738082,0.00016305680946731126,9.518319718524943e-07,0.02872486683270728,0.0,807,2610,30.545876887340302
-0.29063354126253066,0.015799097694148632,9.222605520639995e-05,0.02874375255888043,0.0,807,2630,30.545876887340302
-0.00043871888399926593,4.373211651701145e-05,2.5528297060181915e-07,0.028726786216525815,0.0,807,2651,30.545876887340302
-0.8578936743701109,0.0654882049387593,0.0003822825151772386,0.02877694944636119,0.0,807,2710,30.545876887340302
0.6066787689569859,0.017503868293847577,0.00010217752651734148,0.028691375428490273,0.0,807,2813,30.545876887340302
-6.496824615203197,0.7979200492261576,0.004657798814515811,0.02910736359025437,0.0,807,2910,30.545876887340302
0.6330963905081143,0.011127705263935375,6.495715007650971e-05,0.028689822639475972,0.0,807,2930,30.545876887340302
-0.3441889195975558,0.006322842452706309,3.690912154563296e-05,0.02874686291515879,0.0,807,3250,30.545876887340302
2.4094667228084607,0.40614614826213397,0.0023708478684427003,0.028586787458492663,1.2524983503681142e-05,Egypt,1010,69.26054974835463
-5.44473148892228,0.5759995271419655,0.003362354307659579,0.029045569290697622,7.910516615083907e-06,Egypt,1020,67.23770809136663
-0.5014077603249788,0.1803963039595306,0.0010530499785544056,0.02875633265614374,0.00030150855309329927,Egypt,1030,89.37282229965156
1.7310898667780275,0.7301240257165673,0.00426204458044423,0.02862692954509445,0.00016009622777346522,Egypt,1040,85.6755710414247
0.3207266397468689,0.45073752480872614,0.0026311467054223893,0.028708793725241495,1.1850032024085522e-05,Egypt,1050,68.9121176926055
2.5302257596839417,0.5705601907972091,0.003330602587167119,0.028580012377113138,3.163362271152437e-05,Egypt,1061,74.11924119241192
0.07781615563658484,0.36687371626779086,0.0021415979738400926,0.02872283320083208,6.978485180297866e-05,Egypt,1071,79.32636469221835
-4.111508752483632,0.5230909152908437,0.003053504229513487,0.028967651320681465,2.8386246412992477e-05,Egypt,1072,73.42237708091368
-0.279189380408402,0.32969956220286384,0.0019245966202556452,0.02874361120386112,9.611964924260974e-05,Egypt,1073,81.6105303910182
-1.7472586487122663,0.714188579367572,0.004169022600127887,0.0288299573820444,0.00012383577995933592,Egypt,1079,83.50754936120791
1.6994704551131725,0.4619308573854811,0.0026964869500459626,0.02862832717128988,1.1859442565764766e-05,Egypt,1104,68.95083236546651
1.956488553576552,0.4543933924662029,0.0026524875603834053,0.02861331093676712,4.614467798091937e-06,Egypt,1200,65.03097173828881
1.0858679802385125,0.6213300351943101,0.0036269677697130507,0.028664413448344035,8.37196348584257e-05,Egypt,1311,80.66202090592334
0.010733627684617407,0.0044848113241045895,2.6179751829773474e-05,0.02872614148622012,0.0007708679768256843,Egypt,1312,94.61866047231901
1.1008702700716424,0.08178315883051002,0.0004774030939785792,0.028662634888125583,0.0004474412417039275,Egypt,1392,92.00542005420054
0.09449479185353353,0.2475363009005585,0.0014449747064288372,0.028721659490975365,0.00018757565703708678,Egypt,1393,86.66279519938055
1.9948028280088779,0.35978319444570417,0.0021002075811945597,0.02861091629367446,6.787959864595905e-05,Egypt,1399,79.11343399148278
0.2380644171873924,1.9012343346138667,0.011098313720114654,0.028716050697785447,0.0019586109556257725,Egypt,1410,97.98683701122725
-0.6219598410364751,0.3223718034596703,0.0018818213747655666,0.028763608255175408,0.00012394333316478878,Egypt,1430,83.52690669763841
-3.1139288269778578,37.377628083273855,0.21818911800064408,0.028971747006880072,0.005369987338781357,Egypt,1512,99.22570654277972
-2.0770714782617086,0.1437591018478305,0.0008391830419752932,0.028848250122327956,0.0009838392725214362,Egypt,1520,95.85753000387147
-0.29322978613574047,0.3560564026591704,0.002078452711916492,0.028744475043831763,1.1683351658575702e-05,Egypt,1622,68.87340301974449
4.381793844485369,0.33265308572134145,0.0019418375936543603,0.02847152945445693,1.9776291537709767e-06,Egypt,1623,62.93070073557878
-0.8219490554572139,0.3894131298438975,0.002273170120619068,0.028775395310465565,7.141852984204888e-05,Egypt,1629,79.50058072009291
-1.4580905887631943,0.4587248881140821,0.0026777723433805724,0.028812647021730295,6.326627772068605e-05,Egypt,1701,78.59078590785907
-3.491891462299997,0.41971215895671576,0.0024500384447319074,0.028931305922857142,4.614467798091937e-06,Egypt,1702,65.03097173828881
1.8348887434290915,0.40038521175073855,0.002337218830947901,0.028620319190026635,9.333068737760186e-05,Egypt,1709,81.37824235385212
-2.0397638159984766,0.3909656212016532,0.0022822326732052744,0.02884648856971482,1.0531613042985555e-05,Egypt,1811,68.3507549361208
3.3186253038661024,4.46500289502589,0.026064121601444626,0.028540477079373787,0.003888793056830764,Egypt,2011,98.79984514130855
-11.714842743882057,40.472056742022964,0.23625261465335215,0.029480253616814542,0.005847702268511057,Egypt,2012,99.30313588850174
-7.2513154049310735,1.7582090345840378,0.010263414191558146,0.02915304276283819,4.6144676161929965e-05,Egypt,2013,76.17111885404569
-0.9896319639460509,0.0800785203725731,0.0004674523940353243,0.028784664116179654,0.00043181527871638536,Egypt,2023,91.79248935346497
-0.9109323276163462,1.9033597946369374,0.01111072093457851,0.028783133542610178,8.368603448616341e-05,Egypt,2029,80.64266356949284
2.5681828747760775,0.5822287156257444,0.0033987167311420818,0.02857781605119479,2.5709176043164916e-05,Egypt,2030,72.7061556329849
-0.002458092169327724,0.02625227291718313,0.00015324568644513838,0.02872694804541034,0.0009787864983081818,Egypt,2100,95.81881533101046
0.6398839742250713,0.5480752979488742,0.0031993487010728177,0.028690325686806656,4.134567643632181e-05,Egypt,2219,75.59039876113047
6.03749102499957,15.239993719228586,0.08896232742552858,0.02839959143227068,0.003896087408065796,Egypt,2220,98.81920247773907
-1.0972711174237912,0.14408029849983706,0.0008410580034910409,0.028791055066406654,0.00030330682056955993,Egypt,2310,89.4502516453736
-0.4741454563579691,0.28933653353836597,0.0016889804488784558,0.02875492408596061,3.999366163043305e-05,Egypt,2392,75.31939605110337
0.031366878869350315,0.3215958983477033,0.0018772920865064212,0.028725468776080766,7.940193609101698e-05,Egypt,2393,80.19744483159117
1.0288954781581625,0.4185744527908636,0.0024433971697874904,0.028667399985091345,6.592097179236589e-06,Egypt,2394,66.33759194734805
1.9092170652484914,0.4259424736352392,0.0024864074422922904,0.028616022921074933,1.1863663530675694e-05,Egypt,2395,68.97018970189703
0.7912993821221926,0.2917686890488158,0.0017031779753903888,0.028681057511120336,0.00010087023838423193,Egypt,2396,82.11382113821138
1.4369932151964933,0.4196183369031796,0.0024494907654874017,0.028643578747243156,1.9776291082962416e-05,Egypt,2399,71.46728610143245
70.28450106245738,149.20361051025304,0.8709649554866117,0.024840305526190588,0.01760018803179264,Egypt,2410,99.90321331784746
2.4442968717925058,14.040217386958375,0.0819587225110362,0.02860752288556426,0.004288868047297001,Egypt,2420,98.87727448703059
-2.2755693876191954,0.3733821964879175,0.002179590742016561,0.028860224234989223,2.9450529837049544e-05,Egypt,2511,73.69337979094077
0.5069651029056318,0.3640596008188992,0.002125170784656828,0.028697776700053145,0.00017705484060570598,Egypt,2593,86.27564847077042
0.3457021615173997,0.06597043199132237,0.0003850974796538601,0.028706690976036772,0.0014022686518728733,Egypt,2599,97.36740224545103
-1.225086768265116,1.3276432813113954,0.007750018698977913,0.028800506104892924,7.910516615083907e-06,Egypt,2620,67.23770809136663
-0.6450055761702022,0.5874822027432016,0.0034293835706224254,0.02876539872891647,9.352787310490385e-05,Egypt,2630,81.41695702671312
0.38788703646976236,1.0155541897629499,0.005928221888573852,0.028705819661344875,0.0,Egypt,2651,30.545876887340302
0.9571138290827506,0.6620038866961739,0.0038643983462362344,0.028671997727119904,0.0,Egypt,2670,30.545876887340302
1.4652411997606856,11.163816545778912,0.0651679469927228,0.028659905242238923,0.003529725829139352,Egypt,2710,98.68370112272551
1.5763814422654,0.44719075986883217,0.00261044272944331,0.028635487954577828,6.592097179236589e-07,Egypt,2732,61.59504452187379
-0.03207938910839564,0.010296772976459489,6.010664478177296e-05,0.0287286504115601,0.0006463992176577449,Egypt,2740,93.88308168795973
0.06030472768358192,0.0013020725276622963,7.600751330463288e-06,0.0287232424729551,0.0006080986349843442,Egypt,2750,93.63143631436314
0.0358151922624058,0.0667292511102396,0.00038952702970207904,0.028724781738938936,0.0004569607845041901,Egypt,2790,92.1602787456446
0.30619294943672626,0.7106679029202998,0.004148470913779986,0.028710077777326332,2.988708729390055e-05,Egypt,2813,73.77080913666279
-1.1665745768491456,0.511824299922452,0.0029877362020558564,0.028795718794837534,9.888145541481208e-06,Egypt,2814,68.06039488966317
-2.984007919168051,0.5764715772342652,0.0033651098648892017,0.02890192235289956,2.1094710973557085e-05,Egypt,2816,71.75764614789006
0.1874490809066674,1.3684873752059763,0.007988443052779595,0.028718112462980245,0.00014263672346714884,Egypt,2819,84.74641889276036
-3.0509935377790725,0.5855701191268241,0.003418221925028665,0.028905848073054567,1.9117082047159784e-05,Egypt,2824,71.35114208284939
-2.971067975906003,0.8563893136045497,0.0049991087873275065,0.028901639236302908,3.715413549798541e-05,Egypt,2829,74.97096399535424
3.2474749055570955,0.8229205641549815,0.004803737457003482,0.028538562523809284,1.3184194358473178e-06,Egypt,2930,62.23383662408053
-4.1722708074855825,0.9003924547138871,0.005255973843786253,0.0289718364840427,5.273677743389271e-06,Egypt,3030,65.52458381726674
0.1762362604540303,0.2467474006877429,0.001440369560237076,0.0287168865022486,0.00023984070867300034,Egypt,3100,88.07588075880759
1.2132073485777122,0.6021441168175135,0.003514971401207825,0.028656947742109865,2.1747588107245974e-05,Egypt,3211,71.93186217576462
0.7616738636983087,0.3440165216966357,0.002008170804188277,0.028682874390331663,4.7469729906879365e-05,Egypt,3212,76.44212156407278
1.1536561429860714,0.4150535472387696,0.002422844146057268,0.02866011110565647,0.0,Egypt,3220,30.545876887340302
2.3137479439012183,0.3024575162391834,0.0017655732074241528,0.02859220203788501,0.00012446139589883387,Egypt,3240,83.58497870692993
0.6121121662382102,0.04553854691351411,0.0002658278733994058,0.02869110521079086,0.0004373060946818441,Egypt,3290,91.869918699187
0.0018545352611706034,0.05686387682429307,0.0003319386426219439,0.028726747631365925,0.0,834,1010,30.545876887340302
-0.11568230940412007,0.015089616652725315,8.808451250814608e-05,0.028733538711688707,0.0,834,1020,30.545876887340302
-0.2925070696229256,0.005398860663889432,3.1515446722247714e-05,0.028743844474223918,0.0,834,1030,30.545876887340302
0.05535087637642198,0.013170787553861137,7.688349066314313e-05,0.028723551550819654,0.0,834,1079,30.545876887340302
0.02315096682675889,0.0004653910748547256,2.7166857116159278e-06,0.0287254098932495,0.0,834,1392,30.545876887340302
-1.2485154517645831,0.08288731630631423,0.00048384853094538726,0.028799781039538622,0.0,834,1410,30.545876887340302
0.006699852147995658,9.812023186533927e-05,5.727695401382972e-07,0.028726369598963842,0.0,834,1512,30.545876887340302
-0.15437095249885602,0.02515725088234045,0.00014685357693403457,0.028735814022166097,0.0,834,1610,30.545876887340302
0.17428213850885946,0.03054971985379952,0.0001783317126281238,0.028716638154241445,0.0,834,1629,30.545876887340302
-0.14205983882222772,0.4665709963961343,0.0027235734156686392,0.028735835812095486,0.0,834,2599,30.545876887340302
0.5479466210464015,0.0731420728941006,0.0004269613988867326,0.028694897073844868,0.0,834,2620,30.545876887340302
-0.00971909783258417,1.1939544219874593e-05,6.969619947151956e-08,0.028727327898417084,0.0,834,2630,30.545876887340302
-0.01697666124058249,0.0002806012997601206,1.637989172777186e-06,0.02872775200380722,0.0,834,2930,30.545876887340302
-0.0038387747044742807,0.004052471725491326,2.3656001647230646e-05,0.028726991414573078,0.0,834,3030,30.545876887340302
-0.0069505582928974675,0.006730317170111985,3.92877248374264e-05,0.028727177553217596,0.0,834,3100,30.545876887340302
0.00579591704647477,0.007696358342931507,4.4926918180037715e-05,0.028726435106867745,0.0,834,3211,30.545876887340302
0.18538422223612805,0.06144177749632468,0.0003586617965818418,0.028716041860977808,0.0,834,3220,30.545876887340302
0.25643918575365604,0.016448464851154785,9.60166875849473e-05,0.028711818655108745,0.0,834,3230,30.545876887340302
0.1576876267288314,0.011533505220391864,6.732597707609031e-05,0.02871757497001323,0.0,834,3290,30.545876887340302
-0.25343153072334107,0.11426821270808124,0.0006670321747206617,0.028741746126708795,0.0,854,1392,30.545876887340302
0.045717055495631875,0.0008157488372904912,4.7618730359755226e-06,0.028724093202068788,0.0,854,1410,30.545876887340302
0.311954155403006,0.13439345782630874,0.0007845117930664231,0.02870877566572698,0.0,854,2599,30.545876887340302
0.6471486788100071,0.16438585285581536,0.0009595901635728527,0.028689259010836517,0.0,858,1010,30.545876887340302
0.11310080022903585,0.08399770443269033,0.0004903303388705083,0.0287202991827298,0.0,858,1020,30.545876887340302
0.4108789973960158,0.05782135477208082,0.00033752784877669076,0.028702872658266987,0.0,858,1030,30.545876887340302
0.01471234844816684,2.051900365091226e-05,1.1977815443158013e-07,0.028725901745335885,0.0,858,1040,30.545876887340302
-0.7439552822026082,0.1385723992757435,0.0008089060523007731,0.028770421094073576,0.0,858,1050,30.545876887340302
-0.061697879018835666,0.06886526526621566,0.00040199585313011944,0.0287304775963332,0.0,858,1061,30.545876887340302
-0.8219630666263426,0.13121177007859217,0.0007659389279857095,0.028774962413307473,0.0,858,1071,30.545876887340302
-2.237950311435615,0.12911964269977855,0.000753726290348261,0.028857616722124776,0.0,858,1073,30.545876887340302
-0.36743318034163247,0.17998267238349389,0.0010506354350592539,0.02874851121338594,0.0,858,1074,30.545876887340302
-0.1344186135168412,0.0027268993905035415,1.591807194305916e-05,0.028734611693674875,0.0,858,1079,30.545876887340302
-3.0092071049638447,0.2323372426613717,0.0013562513368169332,0.028902812749932276,0.0,858,1080,30.545876887340302
0.5828453128050822,0.09230709221972153,0.0005388357707384274,0.028692891980156825,0.0,858,1102,30.545876887340302
0.1243587900068446,0.026076539316669707,0.00015221985465041675,0.028719544898476838,0.0,858,1311,30.545876887340302
-0.035317710352485196,0.035553628540555084,0.00020754165662153432,0.02872888180271841,0.0,858,1392,30.545876887340302
0.020930845489502622,0.1001797123505377,0.0005847916039675979,0.028725706696319627,0.0,858,1393,30.545876887340302
-0.24274767572262002,0.014621114379044472,8.53496654052754e-05,0.02874095527825125,0.0,858,1410,30.545876887340302
-0.05592164795858466,0.2138215765105508,0.0012481675157236998,0.02873038352113609,0.0,858,1420,30.545876887340302
0.1247283402851983,0.10850306948407555,0.0006333785808545467,0.028719661513589807,0.0,858,1430,30.545876887340302
-1.1506565409104557,0.22381287667555982,0.001306490985736997,0.028794305446244083,0.0,858,1511,30.545876887340302
-0.09998137675725546,0.024673563490518177,0.00014403008783583362,0.028732638255294724,0.0,858,1512,30.545876887340302
0.5034819850172044,0.023378321788053852,0.00013646921093832904,0.02869740931082551,0.0,858,1520,30.545876887340302
0.8817585128506786,0.10601154943732416,0.0006188345182866794,0.028675465991014816,0.0,858,1610,30.545876887340302
0.8220316106128692,0.11491265147531315,0.0006707940379912386,0.02867896742753743,0.0,858,1621,30.545876887340302
-0.395351482109404,0.11680574547858626,0.0006818448331338898,0.02875003491202448,0.0,858,1629,30.545876887340302
1.851220807804813,0.16420660971045242,0.0009585438450716556,0.028618971223839388,0.0,858,1702,30.545876887340302
-0.8456252735484484,0.09266583609406248,0.0005409299113659761,0.028776278937861475,0.0,858,1709,30.545876887340302
-1.903187615244451,3.642175897031014,0.021260930329926823,0.028843990192464638,0.0,858,2011,30.545876887340302
1.2383856555802417,0.16482771728337722,0.0009621695142344516,0.028654746400921863,0.0,858,2021,30.545876887340302
-0.43293217466289546,0.08761746082136193,0.0005114603969914214,0.028752179682326358,0.0,858,2022,30.545876887340302
-0.0898078826441385,0.04493029945745872,0.00026227727421030826,0.0287320783592265,0.0,858,2023,30.545876887340302
-1.0668794801710921,0.1847726881414307,0.0010785967950231597,0.028789349348760842,0.0,858,2029,30.545876887340302
0.07609475333881484,0.0033211260346245504,1.9386825687528685e-05,0.028722324127141225,0.0,858,2100,30.545876887340302
-1.3469639168492915,0.07010137503581951,0.00040921155177694004,0.028805506423451897,0.0,858,2219,30.545876887340302
0.33785308784154067,0.016177380597532907,9.44342534596506e-05,0.028707065720422066,0.0,858,2220,30.545876887340302
-0.08655525249504803,0.08023797060718008,0.000468383172895245,0.02873194770726225,0.0,858,2310,30.545876887340302
0.07397261581278226,0.15075664571148975,0.0008800306827186033,0.028722695205521374,0.0,858,2393,30.545876887340302
14.638399872371116,94.4822464352373,0.5515330713467329,0.028026832099340062,0.0,858,2410,30.545876887340302
-0.8718880481409254,0.17664669844633724,0.0010311619358473801,0.02877795309555148,0.0,858,2512,30.545876887340302
0.20917373691810998,0.05036148650969334,0.0002939814238150789,0.02871463458800968,0.0,858,2593,30.545876887340302
-0.1929078218687361,0.26633469592543657,0.0015547089362512286,0.028738468183154408,0.0,858,2599,30.545876887340302
-0.04530372537228409,0.003307865574535321,1.9309418740124058e-05,0.028729410651987117,0.0,858,2610,30.545876887340302
-0.09536921782096691,0.01070482779226582,6.248863435474269e-05,0.028732345594760754,0.0,858,2620,30.545876887340302
0.2271194748970922,0.029049499917485372,0.00016957429056854042,0.028713551294040282,0.0,858,2630,30.545876887340302
-0.048748989834019145,0.0391071269388012,0.00022828493866186735,0.0287296718047636,0.0,858,2640,30.545876887340302
0.10448727188378064,0.0026376136638329504,1.539687316851679e-05,0.02872066558877102,0.0,858,2651,30.545876887340302
0.6344378359674705,0.16980420094085755,0.000991219366663588,0.028690010078442175,0.0,858,2652,30.545876887340302
0.8117151438921201,0.10835154185581113,0.0006324940496186404,0.028679558663291232,0.0,858,2660,30.545876887340302
0.13385968641977808,0.04458937185512868,0.00026028713474269036,0.02871902132579844,0.0,858,2710,30.545876887340302
-0.9837310806809674,0.09126596771572071,0.0005327582840463693,0.02878433845286336,0.0,858,2720,30.545876887340302
0.6872217658229244,0.15172607773669017,0.0008856896699092515,0.028686898551840173,0.0,858,2732,30.545876887340302
-0.9985764963957349,0.0999026190714048,0.0005831740926037624,0.028785219559936064,0.0,858,2740,30.545876887340302
-0.005796498345032382,0.04152512815516894,0.0002423998405370842,0.028727168534184562,0.0,858,2790,30.545876887340302
0.20933508729498226,0.03134559145340785,0.00018297755377067642,0.02871459329487048,0.0,858,2813,30.545876887340302
0.5807615180594639,0.109406948439255,0.0006386549068849349,0.028693042262078642,0.0,858,2814,30.545876887340302
-0.7224658060140892,0.04066314513667452,0.000237368078914388,0.02876900222466862,0.0,858,2817,30.545876887340302
0.15938183458294086,0.08825064078721297,0.0005151565378481105,0.02871760467812259,0.0,858,2819,30.545876887340302
-0.1729599946837626,0.07230897162142592,0.00042209823230256286,0.028736978242354758,0.0,858,2824,30.545876887340302
-0.01190167662284164,0.11720840460333093,0.0006841953257624541,0.02872765183805641,0.0,858,2826,30.545876887340302
0.2897018634958629,0.007250660614397062,4.2325190909726035e-05,0.028709861554454322,0.0,858,2829,30.545876887340302
0.5565698443331819,0.7199845436672777,0.0042028561097261575,0.02869547721309611,0.0,858,2910,30.545876887340302
-0.40258322132526453,0.022569838831215515,0.00013174975193793172,0.028750298907230964,0.0,858,2930,30.545876887340302
0.07980800308644226,0.010676003310508553,6.232037359091272e-05,0.028722119700340262,0.0,858,3030,30.545876887340302
0.1685296864087176,0.06201209802115321,0.0003619910001367802,0.028717026691524712,0.0,858,3100,30.545876887340302
0.709767528466805,0.06487854173781579,0.00037872365168287896,0.02868543702138778,0.0,858,3211,30.545876887340302
-0.43776362116259404,0.12008843362431619,0.000701007280509958,0.028752516215634325,0.0,858,3240,30.545876887340302
0.5042482880621763,0.015440791113134055,9.013446724605046e-05,0.028697351281533074,0.0,858,3250,30.545876887340302
0.4839325236281002,0.07528324963538398,0.00043946035852171207,0.02869863745206994,0.0,858,3290,30.545876887340302
-0.1275179591455889,0.22622576305609127,0.001320576030139253,0.028734583761148694,0.0,860,1030,30.545876887340302
0.2904007586572838,0.1795453727915371,0.0010480827312852605,0.0287101095111664,0.0,860,1392,30.545876887340302
0.7956016929838299,0.3043541731365943,0.0017766448006957738,0.028680827433905265,0.0,860,1393,30.545876887340302
0.45833250186542335,0.013053850403641579,7.620087876462805e-05,0.02870002758479759,0.0,860,1410,30.545876887340302
11.550846203083283,2.7998569541894303,0.016343956283195318,0.028057074131533324,0.0,860,2011,30.545876887340302
0.11145841579134542,0.01165987822574797,6.806367007566504e-05,0.028720273779429286,0.0,860,2220,30.545876887340302
0.6837300333006958,0.054832006038489194,0.0003200777483549743,0.028686940122738525,0.0,862,1020,30.545876887340302
0.8635742814121873,0.0922160718744332,0.0005383044462569935,0.028676504395187808,0.0,862,1073,30.545876887340302
-0.0178431213268929,1.1843940724721012e-05,6.913812119435157e-08,0.028727802132073346,0.0,862,1079,30.545876887340302
0.16364704146574774,0.001222893737206937,7.138551042758475e-06,0.02871720980922454,0.0,862,1101,30.545876887340302
0.05889759144645425,0.01766120689166605,0.00010309597885489985,0.028723352042922846,0.0,862,1392,30.545876887340302
-0.22409225198737898,0.031180152074494972,0.00018201181372726985,0.02873989406148877,0.0,862,1410,30.545876887340302
-0.00941160161741536,0.010285404496883217,6.004028212959425e-05,0.02872732717650114,0.0,862,1512,30.545876887340302
3.2705840960402957,3.8577272378211287,0.022519195215704772,0.028542270113947533,0.0,862,2011,30.545876887340302
-0.1401980885989994,0.024431709442649097,0.0001426182828579502,0.028734985473571777,0.0,862,2023,30.545876887340302
-0.9154653646257793,0.043725075704380306,0.0002552418703828706,0.028780273600931407,0.0,862,2219,30.545876887340302
-0.7881743303413332,0.03343469193064785,0.00019517252209579855,0.028772825779022328,0.0,862,2220,30.545876887340302
1.0169701251826309,0.10878571950530834,0.0006350285292862195,0.028667577707539964,0.0,862,2399,30.545876887340302
4.384622252609875,0.7273105941897187,0.004245621383604916,0.028472020291560214,0.0,862,2420,30.545876887340302
0.20184993950049376,0.028477381122955024,0.00016623458974825137,0.028715025427838263,0.0,862,2593,30.545876887340302
1.3889641412217455,0.3268837403524859,0.0019081594700808906,0.028646227402522723,0.0,862,2599,30.545876887340302
0.5732113553742254,0.02532088103275884,0.00014780875574095512,0.028693342158947574,0.0,862,2620,30.545876887340302
-0.2590883747885949,0.013173969435343099,7.690206465913306e-05,0.028741906727190243,0.0,862,2630,30.545876887340302
0.011861479115918968,1.8520300388954334e-05,1.0811087311292528e-07,0.028726068159356907,0.0,862,2651,30.545876887340302
0.07170054618159052,0.07119461012118555,0.000415593230103664,0.028722694436935484,0.0,862,2710,30.545876887340302
0.16946177866634876,0.1114618936902588,0.0006506504966226575,0.0287170551759439,0.0,862,2732,30.545876887340302
0.13782347017246044,0.06781468621067356,0.0003958631761981325,0.028718828878226712,0.0,862,2740,30.545876887340302
-0.5901005528297982,0.021938328201846734,0.00012806335570853414,0.02876124404585858,0.0,862,2790,30.545876887340302
-0.6760390541863935,0.01473447296404144,8.601138769603138e-05,0.028766248551456444,0.0,862,2813,30.545876887340302
-0.3075991442005289,0.12441938339295683,0.0007262888769777569,0.028744925175271788,0.0,862,2819,30.545876887340302
1.831408731986709,0.11156667836325793,0.0006512621693411813,0.02862003980510328,0.0,862,2825,30.545876887340302
-0.40477349837538934,0.008943747960884565,5.220846210085515e-05,0.028750403894717478,0.0,862,2930,30.545876887340302
-0.36569855296530296,0.1958889394813177,0.0011434870836717534,0.02874843664841972,0.0,862,3012,30.545876887340302
-0.005543610892504776,0.002271811322160237,1.3261529264020728e-05,0.028727087947108466,0.0,862,3030,30.545876887340302
0.44718668206572304,0.03738849924001658,0.00021825257756784985,0.028700718984106612,0.0,862,3100,30.545876887340302
0.024004987931471933,0.03962147581814482,0.00023128741190812515,0.028725425698318603,0.0,862,3211,30.545876887340302
0.8283038842355189,0.12595142606923182,0.000735232061909959,0.02867861976584351,0.0,862,3212,30.545876887340302
0.0382347839841811,0.04783699800869723,0.0002792449103528564,0.028724608818294663,0.0,862,3290,30.545876887340302
-0.1107646911792598,0.03379182285901036,0.0001972572472714187,0.0287332830180758,0.0,882,1030,30.545876887340302
-0.1107646911792598,0.03379182285901036,0.0001972572472714187,0.0287332830180758,0.0,882,2220,30.545876887340302
-0.1783049929943567,0.007494150409535464,4.374654444037393e-05,0.028737181525893957,0.0,887,1079,30.545876887340302
-0.1783049929943567,0.007494150409535464,4.374654444037393e-05,0.028737181525893957,0.0,887,1410,30.545876887340302
-0.3172126638957827,0.037996594806481654,0.00022180229011278495,0.02874534134394973,0.0,894,1392,30.545876887340302
0.506515409841325,0.6253541818308304,0.003650458425764619,0.02869824069112967,0.0,894,2420,30.545876887340302
0.18774155798271347,0.009427183399781111,5.503048044263145e-05,0.02871581706224108,0.0,894,2620,30.545876887340302
0.021732246600681404,0.07577562624830866,0.00044233457030044864,0.028725618992949488,0.0,894,2824,30.545876887340302
0.25095660987573326,0.02452452147814657,0.00014316006619743664,0.028712152232588117,0.0,894,2930,30.545876887340302
0.6579342958995853,0.0681643950989542,0.00039790457576797527,0.02868846826189842,0.0,894,3211,30.545876887340302
