num,den,sh,loo,ctry,sector,trt
0.005834002319022836,1.162214699773688e-05,1.9509009181549488e-05,-0.14863791170699558,4,1030,False
-0.017716550129298826,7.276871128870214e-05,0.00012215001728486602,-0.14824274273042978,4,1393,False
-0.0054000261061387346,4.5126630323148834e-05,7.57498460033358e-05,-0.14844942005041792,4,1410,False
0.0022887243839396273,2.7268752449169867e-05,4.5773499681586015e-05,-0.14857843945995697,4,3211,False
-0.021339910746417407,8.46626540900121e-05,0.00014211526461487865,-0.14818195028143774,8,1030,False
-0.029382371741278814,0.00020697435765361198,0.0003474284609027829,-0.14804725279354355,8,1040,False
0.00020677601841753894,8.566088623931928e-07,1.4379090339056646e-06,-0.1485434258698776,8,1410,False
-0.00041617555069466345,2.1453842078847867e-06,3.60125544942132e-06,-0.1485329721787187,8,1430,False
-0.004100924699024367,2.6940661543900028e-06,4.522276422069927e-06,-0.14847112111256155,8,1520,False
-0.09752111430288515,0.0006657853427512966,0.0011175914714557785,-0.1469045990024601,8,2029,False
0.00012357454254805303,1.1860876887409189e-09,1.990974267859046e-09,-0.1485420271116992,8,3100,False
-0.09921778327834353,0.0014080050301701666,0.002363486115483352,-0.1468779482567751,Algeria,2011,False
-0.017197158689222822,6.20352193292092e-05,0.00010413271004992822,-0.14825143456757037,Algeria,2710,False
-0.013659532917118787,0.0008789534509215827,0.0014754168010026724,-0.14831285123117532,Algeria,2819,False
-0.018760783441340835,9.698265626605425e-05,0.00016279569789591684,-0.14822527439009073,28,2620,False
-0.018760783441340835,9.698265626605425e-05,0.00016279569789591684,-0.14822527439009073,28,2651,False
-0.044090687709877084,0.0002010026129894173,0.0003374042526815025,-0.14780034240127266,31,1030,False
-0.0017717991315669567,2.5437375449571925e-05,4.2699338710554415e-05,-0.14851027465972577,31,1079,False
-0.03902806657702019,0.00016804146609751528,0.0002820754638205689,-0.14788524234194705,31,1392,False
-0.03974343173984603,0.00037244637851906626,0.0006251908377667397,-0.14787374152234892,31,1393,False
0.107961203493449,0.00043374346267044785,0.0007280845094561767,-0.15035329104218217,31,2029,False
-0.004378514471486821,1.3574593162446855e-05,2.2786397615994954e-05,-0.14846648858904,31,2220,False
0.0034422723875509914,4.246839730734736e-05,7.128771931348518e-05,-0.14859784091189088,31,2593,False
0.00536142168916256,0.0002399973373049175,0.0004028610426232595,-0.1486305487155598,31,2599,False
-0.03764240745319171,0.00026828512265782964,0.00045034509735799363,-0.1479087510551357,31,2620,False
0.0013540210107061109,0.00025885105261932436,0.0004345090079472832,-0.14856332698172495,31,2630,False
0.00525452005732914,2.5366782770169186e-05,4.2580841394104504e-05,-0.1486282187705999,31,2640,False
0.004709861388135512,1.0999457388078181e-05,1.8463758479209154e-05,-0.1486190402493744,31,2651,False
-0.020796713429828754,0.0003420322317956717,0.0005741374594373107,-0.1481917086607613,31,2710,False
0.004886420140249106,0.00042012658273258056,0.0007052271289925121,-0.14862302466494157,31,2740,False
0.02881388141888817,4.1620425813883826e-05,6.986430902148889e-05,-0.14902372852214246,31,2750,False
-0.0849077824386114,0.0004162701484966632,0.000698753694184709,-0.14711571336911214,31,2790,False
0.008261592006403518,1.274716590239167e-05,2.1397473003647147e-05,-0.1486786641961436,31,2813,False
0.014258872858937418,1.07373638266063e-05,1.8023806575470923e-05,-0.1487793299326445,31,2819,False
-0.02309945980499195,2.7234482138851284e-05,4.571597332274802e-05,-0.1481522715201535,31,2824,False
-0.020420029091690085,0.00034904652470836513,0.0005859116957176177,-0.14819804919338805,31,2930,False
-0.011109108951454325,4.405146677103559e-05,7.394506969015295e-05,-0.14835358427600137,31,3092,False
0.013735946674844124,2.5107590880917405e-05,4.214576025563837e-05,-0.14877058794556539,31,3100,False
-0.02283352378243471,0.00037940713764345545,0.0006368752118926827,-0.14815761138883332,31,3240,False
-0.07332202839396337,0.0007388890663347368,0.0012403038424895043,-0.14731099169393244,31,Wastes,False
0.09407637078275835,0.000557559765743145,0.0009359233359605331,-0.15012052967946501,Argentina,1010,False
0.009730636220833781,7.023609807563589e-05,0.00011789875678741715,-0.14870346717095353,Argentina,1020,False
-0.0003490368316410563,3.966056593924749e-05,6.657447588684724e-05,-0.1485341927102957,Argentina,1030,False
-0.006072172759852769,0.00013186011167095355,0.00022134121430142768,-0.1484383534593837,Argentina,1040,False
-0.005520710152508323,0.0003176770003922225,0.0005332546145411676,-0.14844807339640576,Argentina,1050,False
0.02097269508459062,0.00014883044937652294,0.0002498277301040945,-0.1488923737343012,Argentina,1061,False
0.07909090741469141,0.000787975405358876,0.001322700480468447,-0.14986956005945623,Argentina,1062,False
0.0016156757384378998,4.188882460710228e-06,7.031484492696619e-06,-0.1485670840599048,Argentina,1071,False
-0.002025645182894364,1.757453921392625e-06,2.950073226166838e-06,-0.1485059545520426,Argentina,1072,False
-0.0028865603169031147,0.00012455708317664167,0.00020908230465449315,-0.1484918092654195,Argentina,1073,False
-0.018384179796510594,0.0002893548100960739,0.0004857128074519312,-0.1482320747604046,Argentina,1074,False
-0.0005173909236524403,8.044754245143834e-06,1.3503975165895026e-05,-0.14853128787966713,Argentina,1079,False
-0.002125574352131863,1.7067360432051108e-06,2.8649378762679255e-06,-0.1485042770082321,Argentina,1080,False
-0.0003096582270714814,1.991505709096301e-05,3.3429540317665455e-05,-0.1485348044906753,Argentina,1101,False
0.002655369020405259,0.0006045451975510954,0.001014793377848565,-0.148586033811607,Argentina,1102,False
0.031035165188053455,0.00036084531874652087,0.0006057172257342673,-0.1490618139101404,Argentina,1103,False
-0.019061551671733158,0.00014099200533333482,0.00023667006854316295,-0.1482203351644229,Argentina,1104,False
0.008665310897072457,0.00042388779043347227,0.0007115407159385988,-0.14868646719815684,Argentina,1200,False
-0.012886338042099533,0.0004296212601024879,0.0007211649542516007,-0.14832471156217958,Argentina,1311,False
-0.029608889791831544,0.0001414177465619043,0.00023738472045203518,-0.14804328752112655,Argentina,1312,False
0.005181497055147025,2.583897699874876e-05,4.337346960149402e-05,-0.1486269941794221,Argentina,1392,False
-0.013146247381046243,0.00013039343254574003,0.0002188792374802991,-0.14831960368261843,Argentina,1393,False
0.0004961620900445544,2.2394257996210803e-08,3.7591142578659334e-08,-0.1485482814426318,Argentina,1394,False
0.0009333763572453999,2.1475404053994153e-07,3.604874856155576e-07,-0.14855562102855333,Argentina,1399,False
0.002737602217389117,1.4662001087160035e-05,2.461172741017584e-05,-0.14858594291156876,Argentina,1410,False
-0.01371227314978501,0.0014140937514449574,0.002373706681380249,-0.14831329822025074,Argentina,1420,False
0.0008859785158102018,2.0703024905216535e-06,3.4752228055656632e-06,-0.14855483003248737,Argentina,1430,False
-0.007014998969978838,0.0006366829677633241,0.0010687400414269026,-0.14842378482837845,Argentina,1511,False
-0.008336663294005738,3.4665472179929014e-05,5.8189680028369425e-05,-0.14840009937688078,Argentina,1512,False
4.6500975162779864e-05,1.5931653000211154e-06,2.6742973111500168e-06,-0.1485407373194042,Argentina,1520,False
0.032186858897799195,0.00018763985564810946,0.000314973444009649,-0.14908071298489262,Argentina,1610,False
0.04286643481141497,0.000396604694287206,0.000665743138836687,-0.14926050514601463,Argentina,1621,False
0.03300990452901315,0.0003680107370160766,0.000617745141990844,-0.14909498014305902,Argentina,1622,False
-0.007095128145758063,7.55964700417912e-05,0.00012689671094550926,-0.14842104185198587,Argentina,1629,False
-0.0008155729183384246,1.0804530776349338e-06,1.8136553440528537e-06,-0.14852626521404222,Argentina,1701,False
0.002030858753203606,3.8368071897228105e-06,6.440488724390854e-06,-0.14857405247057492,Argentina,1702,False
-0.0013094329443493063,6.2747031486257585e-06,1.0532756242187805e-05,-0.1485179881978106,Argentina,1709,False
0.01549438601222579,0.00039712833476386757,0.0006666221250402698,-0.1488010344592046,Argentina,1811,False
0.27790064023665817,0.004129810383412593,0.006932325731531649,-0.15321543182902142,Argentina,1920,False
-0.056428648384336304,0.005151453393430345,0.008647262125520066,-0.14760550176598491,Argentina,2011,False
0.00772066525341753,0.00035854012243966016,0.000601847708688529,-0.14867044712178662,Argentina,2013,False
0.0006642430631892232,3.759295476029155e-08,6.310377073383374e-08,-0.14855110289833814,Argentina,2022,False
0.01856627481253016,0.000653488703972594,0.001096950256120727,-0.1488532402835488,Argentina,2023,False
0.0722996082858522,0.0008240564912111346,0.0013832664185269706,-0.14975565007858618,Argentina,2029,False
-0.013063520427674401,5.923271092487355e-06,9.942840178380492e-06,-0.14832068244894117,Argentina,2100,False
7.959700325924426e-05,0.0005868168376543803,0.0009850344412195432,-0.14854275209626433,Argentina,2211,False
-0.001286027073803916,4.835941032019171e-06,8.117641087611876e-06,-0.14851837750337957,Argentina,2219,False
0.0023459769189466,1.7602254038667427e-05,2.954725454111003e-05,-0.14857937639619212,Argentina,2220,False
0.0017314159806982579,3.116096273954493e-06,5.230698839982668e-06,-0.14856902420763088,Argentina,2310,False
0.00019684348107351751,4.8104759224319734e-08,8.07489519420315e-08,-0.14854325712570768,Argentina,2391,False
0.005357971664359032,2.3347146276116426e-06,3.919066684945797e-06,-0.14862989785355268,Argentina,2392,False
-0.11308757229349597,0.0009109593734607939,0.0015291421442463107,-0.14664390005819533,Argentina,2393,False
-0.0002192164741412232,0.0006086139401042871,0.0010216231947354996,-0.148537790493657,Argentina,2395,False
-0.016650365163403767,0.0003276609487020141,0.0005500137330828422,-0.14826127415728044,Argentina,2396,False
1.9640526652016954e-05,1.7667592983934645e-10,2.965693290633628e-10,-0.1485402824662426,Argentina,2399,False
0.00034249185380169124,3.0840744290520444e-06,5.176946769359773e-06,-0.1485457095586548,Argentina,2410,False
-0.006245811580884154,8.886935885913081e-06,1.4917666574676813e-05,-0.14843513233499694,Argentina,2420,False
0.0007191600633802129,1.7371245286605602e-06,2.9159481794312904e-06,-0.14855202897652248,Argentina,2431,False
-0.0011512714566980892,4.2090540728348736e-07,7.065344687910376e-07,-0.14852062851281983,Argentina,2511,False
0.000535470770395257,4.920707761061968e-07,8.259931053098275e-07,-0.14854894245178002,Argentina,2512,False
-0.0012366765617357217,5.314531266206705e-06,8.921005670316142e-06,-0.14851920709740274,Argentina,2520,False
0.0002050412900328939,1.858034420331693e-06,3.1189082854436824e-06,-0.14854339924763066,Argentina,2593,False
-0.01959976316877198,0.0005462374335485223,0.0009169175977966242,-0.14821230890389447,Argentina,2599,False
0.0004983023993256116,0.0007968326304337744,0.0013375682742885469,-0.1485503042758986,Argentina,2610,False
-0.014615387411319632,0.0005885130081398698,0.000987881643684056,-0.14829608295446398,Argentina,2620,False
-0.054386149979762856,0.000574499740029322,0.0009643588835360882,-0.14762844710629683,Argentina,2630,False
0.003157245494733807,8.08452990172973e-06,1.3570742833666524e-05,-0.1485929706656667,Argentina,2640,False
0.001253250018399124,2.082400363147833e-05,3.495530370784663e-05,-0.14856104184242364,Argentina,2651,False
0.0005300005145337893,9.589958026765914e-07,1.6097763970054893e-06,-0.1485488517920208,Argentina,2660,False
-0.0002843765132994824,1.7826484001813433e-07,2.9923648370119915e-07,-0.1485351796610848,Argentina,2670,False
0.015629326409703766,0.000695587292482973,0.001167617212057456,-0.14880404509824408,Argentina,2710,False
-0.00457933233715343,2.449665395065315e-06,4.112023767498319e-06,-0.1484630899223665,Argentina,2720,False
0.033100484805935804,0.0023237307560719437,0.0039006290889698836,-0.14910139549470286,Argentina,2731,False
0.0008236563789953698,3.5107610312393134e-07,5.893185588343607e-07,-0.14855377960201555,Argentina,2732,False
-0.005522715388703629,0.0008052464730754496,0.0013516918035624853,-0.14844925470659137,Argentina,2740,False
-0.0011392037467952353,2.0405724036141556e-06,3.425317694353459e-06,-0.14852083512011965,Argentina,2750,False
-0.011877470221270786,0.0007999040509361441,0.0013427239800968451,-0.14834256864639242,Argentina,2790,False
0.0027766698179988647,1.388181448208696e-06,2.330210125894437e-06,-0.14858656559558622,Argentina,2811,False
0.0011414927064771463,3.1812290020643814e-06,5.340031047789247e-06,-0.14855912188028375,Argentina,2812,False
0.0008047963122325473,1.8572291552925802e-05,3.117556562475053e-05,-0.148553508452688,Argentina,2813,False
0.0005730504507109816,2.7585397752951125e-06,4.6305022483695305e-06,-0.1485495789182493,Argentina,2814,False
-0.0028460592567415457,3.220933422165933e-06,5.406679137549263e-06,-0.14849218667716635,Argentina,2816,False
0.0026713159704031242,3.1086622721715546e-06,5.218220077748182e-06,-0.14858480141036487,Argentina,2818,False
-0.004818100459885074,2.1188380508066436e-05,3.556694902882613e-05,-0.1484591286431586,Argentina,2819,False
0.025349212673332296,0.0038169664883111014,0.006407183997984899,-0.14897501136296162,Argentina,2821,False
-0.002179450107660393,5.908915246569879e-06,9.91874236496723e-06,-0.14850338312151778,Argentina,2822,False
0.040129216747105644,0.001996369495996369,0.003351118415103721,-0.1492185648303478,Argentina,2823,False
0.005501332566094724,7.082032277503999e-06,1.188794400490367e-05,-0.14863231616310407,Argentina,2824,False
-0.0002839680324904168,8.33049569039469e-07,1.398362255634996e-06,-0.14853518815045794,Argentina,2825,False
3.253794158357447e-05,4.401985956488236e-09,7.389201363474712e-09,-0.14854049897359772,Argentina,2826,False
0.0017379039636498277,9.443404700292137e-06,1.58517586328035e-05,-0.14856914889494616,Argentina,2829,False
0.023973820494632075,0.002693782530399418,0.004521800329052216,-0.14894911402162542,Argentina,2910,False
0.001723558746662022,9.701761433894135e-07,1.6285437873733593e-06,-0.14856888696391643,Argentina,2920,False
0.03962017203788487,0.0007055750315112456,0.001184382693723058,-0.14920678666233822,Argentina,2930,False
-0.10902355942702269,0.0012865543552549432,0.002159618247309954,-0.14671304488225612,Argentina,3012,False
0.2749367576464515,0.002034992165876035,0.0034159506721251716,-0.1531602903962718,Argentina,3030,False
-0.002067802620307346,2.0617469261728865e-06,3.4608613813412117e-06,-0.1485052476531682,Argentina,3091,False
0.006401086999612218,8.231895274853416e-06,1.381811127754116e-05,-0.14864742236865833,Argentina,3100,False
0.002271300411200394,5.4448143071101595e-06,9.139699603690123e-06,-0.14857809255009252,Argentina,3211,False
-0.00034487013503888247,5.212266797502499e-07,8.749343888780842e-07,-0.1485341650664436,Argentina,3212,False
-0.006217717420558242,0.0002646576001078225,0.00044425591514853194,-0.14843624121906612,Argentina,3220,False
-0.0009285126934434493,1.716372320681565e-06,2.8811133923580863e-06,-0.14852437098526194,Argentina,3230,False
-0.0218675609447377,0.00013452521741808023,0.0002258148776013859,-0.14817321711995962,Argentina,3240,False
0.014885054207486738,0.0008979010628468285,0.0015072223817692932,-0.14879205686370162,Argentina,3250,False
0.005707497616011863,7.096161052080632e-06,1.1911660654933416e-05,-0.14863577689828528,Argentina,3290,False
-0.022829749667960003,0.0003725918522825826,0.0006254350309428085,-0.1481576577921481,Argentina,Wastes,False
0.0006239286656965892,0.00019772170040804535,0.00033189689214938137,-0.1485509191204641,44,1020,False
0.005283482251970187,1.320581758825159e-05,2.2167368613495884e-05,-0.1486286745917441,44,1071,False
-0.0034637159442149237,1.4835921261037527e-06,2.4903670909917622e-06,-0.14848181432233806,44,1101,False
-0.19778549113163418,0.000608933892397145,0.0010221602686703102,-0.14522139745751111,44,1103,False
-0.06243054087298762,0.0006900704652767276,0.0011583566311475241,-0.14749369828887643,44,1200,False
-0.054429401318257076,0.00030879543749831915,0.0005183459671047336,-0.14762706263748482,44,1312,False
-0.008400214770589142,0.000115860731531726,0.0001944845539876259,-0.14839923485783754,44,1392,False
0.02252913774082204,0.0002923980740815018,0.0004908212495534769,-0.14891885922976825,44,1393,False
0.003999929116907351,3.4282657581054035e-06,5.754708503058309e-06,-0.14860710439278177,44,1410,False
-0.0020989842037361706,0.00013382778716730935,0.00022464416678793386,-0.14850505270552153,44,1512,False
0.003713129191141365,1.9522703845446905e-05,3.2770933687524316e-05,-0.14860233029762202,44,1520,False
-0.0027339319446775356,1.0085204838931867e-05,1.692908838950683e-05,-0.1484940859634908,44,1709,False
0.03159738080512206,0.00436828056704327,0.007332623284374735,-0.1490812799724778,44,2011,False
-0.04767155254554435,0.0006059382318221644,0.0010171317339534905,-0.14774123781688406,44,2013,False
0.08401363156501566,0.00039532447177708193,0.0006635941492645107,-0.14995120595926292,44,2023,False
0.001236012436894626,2.2056790864480542e-06,3.702466812495651e-06,-0.14856070606174185,44,2220,False
-0.051233557982142804,0.0006003208864462337,0.00100770242261056,-0.1476814312355297,44,2393,False
-0.010574393357466879,7.287626820336463e-06,1.2233056299953462e-05,-0.14836246849475745,44,2420,False
-0.008246029627942176,2.5319863425743113e-05,4.250208228691211e-05,-0.14840159747953624,44,2511,False
0.00816725340072872,1.8641320443744127e-05,3.129143795582921e-05,-0.14867709533208845,44,2593,False
-0.025835532347450355,0.00031297381755495757,0.0005253598221957795,-0.1481070539997585,44,2599,False
0.07236785860034255,0.0005083927818710991,0.0008533913270317511,-0.1497560022177829,44,2610,False
-0.010091431071548598,0.0003451654978539234,0.0005793969795854014,-0.14837141704036494,44,2620,False
-0.026223164053503698,0.0003344534053984586,0.0005614155936927637,-0.14810060055442634,44,2630,False
0.007914784339262054,8.05041959048865e-06,1.3513485050288174e-05,-0.14867283093819433,44,2640,False
0.000665640430350301,1.2484138062674435e-06,2.0955952814559375e-06,-0.14855112937392048,44,2651,False
0.09215518609886642,0.0006927452168934729,0.0011628464860650028,-0.1500886208394914,44,2652,False
0.010423781378204803,2.7651219617682584e-05,4.64155114805771e-05,-0.14871499605652722,44,2670,False
-0.0010078693650283268,0.0004282139904078502,0.0007188027024749755,-0.1485241022152775,44,2710,False
-0.0014776115919012348,0.0005151178663429498,0.000864680096200957,-0.14851643368943987,44,2740,False
0.013461448415839364,0.0005108467031911869,0.0008575104948218088,-0.14876719319429277,44,2790,False
0.002424102456336572,2.0272018072765796e-05,3.402873727093076e-05,-0.14858069447539304,44,2811,False
0.015584948379018143,1.5187052467582581e-05,2.5493081965701883e-05,-0.14880160063829595,44,2812,False
-0.0014565245729114044,1.87991177626336e-06,3.1556317529597988e-06,-0.14851550815203018,44,2813,False
0.0007958679778455528,1.615856429111326e-05,2.712386783417649e-05,-0.14855335256212293,44,2814,False
0.00377712208562808,1.510069286552897e-05,2.534811819354284e-05,-0.14860339345617377,44,2816,False
-0.010035547984727292,3.4619558396269126e-05,5.811260886181519e-05,-0.14837158166046954,44,2817,False
0.001925406068585917,1.5346939600672822e-05,2.576146951475599e-05,-0.1485723110406819,44,2818,False
-2.7309823280727058e-05,1.161163798362576e-06,1.949136868424526e-06,-0.14853949724950788,44,2819,False
0.046918345268874256,0.0004360581515052226,0.000731969960719084,-0.14932862011933445,44,2930,False
0.012535768887269072,1.9219522320290477e-05,3.226201126904994e-05,-0.14875042697498414,44,3011,False
-0.0008613320478910565,7.90469501296243e-06,1.3268870856242098e-05,-0.14852551411231435,44,3100,False
0.005520595511692247,1.1204044549087287e-05,1.8807179776782746e-05,-0.14863264979640578,44,3211,False
0.010961856547009867,1.9101733306360864e-05,3.206428988807912e-05,-0.14872400688068552,44,3230,False
-0.04151813097941815,0.000298569286116152,0.0005011802849596477,-0.14784376777982286,44,3240,False
-0.014024619422579345,0.0005897291879018704,0.000989923130695699,-0.14830600274879085,44,3250,False
0.009968719647883192,9.101051192388148e-06,1.5277081877266407e-05,-0.1487073110529602,44,3290,False
0.04388479157113853,0.0006241650485330966,0.0010477273833316334,-0.1492781696834391,44,Wastes,False
0.02497152347571372,0.00038477952216710916,0.0006458933304054827,-0.14896008846847955,48,1020,False
-0.0703959323179021,0.0005348590172825846,0.0008978177165572201,-0.14735960524379108,48,1312,False
-0.0347845795612601,0.0002662870849196168,0.0004469911786209937,-0.14795671798787005,48,1392,False
-0.07430182019643915,5.4848844454992465e-05,9.206961590471986e-05,-0.14729285335507336,48,1410,False
0.018236325120648454,0.00029319161416903794,0.0004921532909445112,-0.14884680143566192,48,1512,False
0.32011484882113017,0.003664913155196583,0.006151946314930815,-0.15392289005499488,48,2011,False
-0.05813247432716549,0.00010114651870313953,0.00016978518361930546,-0.14756438794416815,48,2012,False
0.006787074887283152,0.0002053009058610729,0.000344619394179407,-0.1486543933372654,48,2023,False
0.035686332962711315,4.955590898182905e-05,8.318486106868128e-05,-0.14913910987355342,48,2220,False
0.06346957928716904,8.967811623888746e-05,0.00015053425098040786,-0.14960558234345955,48,2310,False
0.0018992688930420708,6.812857212864086e-05,0.00011436105045327026,-0.14857200393450007,48,2420,False
-0.02326161368000413,0.00014729762086027482,0.00024725471449836794,-0.14814984817322144,48,2599,False
-0.019451030322723183,0.00016962945289145996,0.0002847410684587892,-0.14821386858383048,48,2620,False
-0.001046169780755558,4.451247903532257e-05,7.471892778182334e-05,-0.14852250268124675,48,2651,False
-0.0146184930852422,0.00022918596360920862,0.00038471300261517675,-0.1482951363433158,48,2710,False
-0.045062669579196454,0.00029061641128176185,0.00048783053915157606,-0.14778424890442715,48,2790,False
0.0056136242944500115,4.7963127303661605e-05,8.051120770759203e-05,-0.14863430309707773,48,2813,False
0.02448607421579204,4.398363648135985e-05,7.383120933850458e-05,-0.14895108753572722,48,2819,False
0.010046580487347972,0.00023493417322831088,0.0003943619835012707,-0.14870918176425865,48,2930,False
0.015137600291438826,7.92400356344775e-05,0.00013301282310749932,-0.14879425140643085,48,3211,False
-0.04166822170159867,0.00010374060327402758,0.00017413963032532505,-0.14784076483304778,Bangladesh,1020,False
-0.012055206531051212,6.564692012458853e-05,0.00011019533376237872,-0.14833775678354152,Bangladesh,1030,False
-0.02924764021790101,0.0001765616688464486,0.0002963775298407259,-0.14804943883236238,Bangladesh,1040,False
0.00377938521685963,0.00038526273786770567,0.0006467044593252461,-0.1486043548080627,Bangladesh,1050,False
-0.009733810488884458,0.00019611828267391925,0.00032920538503774214,-0.14837704888772543,Bangladesh,1061,False
0.0001931855093706975,5.8593423472478326e-08,9.835528983806406e-08,-0.14854319574891714,Bangladesh,1071,False
0.0009243701963089432,2.2936933759336913e-07,3.850208153404281e-07,-0.1485554698870134,Bangladesh,1072,False
-0.002045087940112886,0.00016809458649706433,0.00028216463205796353,-0.14850604283518976,Bangladesh,1073,False
0.019304216079266474,0.00035400601466176337,0.0005942367268031382,-0.14886487917593474,Bangladesh,1074,False
2.4357216634818487e-05,1.064430536162473e-06,1.7867598049791469e-06,-0.14854036429451684,Bangladesh,1079,False
-0.04413520557995606,0.000501453192982918,0.0008417424893977005,-0.14780034053512545,Bangladesh,1200,False
-0.03910373120879691,0.0005076875216786665,0.0008522074728288891,-0.1478848153681349,Bangladesh,1311,False
-0.03626095848207131,0.00018759505868607128,0.0003148982475469061,-0.14793173987925753,Bangladesh,1312,False
-0.049025191441461155,0.0007258804129586687,0.001218467434964911,-0.14771881273169893,Bangladesh,1391,False
-0.012980203444379803,4.744207200596856e-05,7.963656100171505e-05,-0.14832218438447098,Bangladesh,1392,False
-0.01638270063259231,0.0001748638493921728,0.00029352755940681815,-0.1482653869333632,Bangladesh,1393,False
0.0030829912707748797,3.819141062530687e-06,6.410834251971888e-06,-0.14859171359038312,Bangladesh,1394,False
0.004591103339978751,1.7988162205055084e-06,3.0195042420815714e-06,-0.14861702381613176,Bangladesh,1399,False
0.0010273743256939312,4.098535803838777e-06,6.879828025197916e-06,-0.14855720856933058,Bangladesh,1410,False
-3.1069156614293413e-06,1.3378081173219775e-07,2.2456531352656332e-07,-0.14853990095937117,Bangladesh,1430,False
-0.07368508124846856,0.0007310097879425546,0.001227077636133054,-0.1473048779071641,Bangladesh,1511,False
0.012419608287827484,5.9172314819465e-05,9.932702050071027e-05,-0.14874857685349255,Bangladesh,1512,False
0.0010687555922233678,2.942071424985806e-07,4.938579631973255e-07,-0.14855789371106248,Bangladesh,1520,False
0.00782773959697212,0.00011023400325919204,0.00018503949245533548,-0.14867162481000476,Bangladesh,1629,False
-0.00021348619478935726,5.85480110282672e-07,9.827906022306745e-07,-0.14853637064576813,Bangladesh,1701,False
-0.0001154130770487522,2.3765858540604515e-08,3.989351989493366e-08,-0.14853801550675766,Bangladesh,1702,False
0.0010332528521053439,4.904489260364627e-07,8.232706575634946e-07,-0.14855729824919348,Bangladesh,1709,False
0.023887218835526997,0.0005644810503706843,0.0009475414479473351,-0.14894233642956217,Bangladesh,2023,False
0.01570837657831732,0.0007237051745171178,0.0012148160660107466,-0.14880544229013262,Bangladesh,2029,False
-0.006439557393274621,3.9584476601123336e-07,6.644675184443312e-07,-0.1484318589488056,Bangladesh,2100,False
0.000199548514664083,1.556003834011082e-07,2.611917840151177e-07,-0.14854330280060773,Bangladesh,2219,False
0.005056614846117824,5.7163495285858595e-06,9.595500337402666e-06,-0.14862484769540615,Bangladesh,2220,False
0.000216476243426186,1.5498683029649826e-09,2.6016186990772134e-09,-0.148543586566411,Bangladesh,2310,False
0.06320423782457972,0.0008052818456265033,0.0013517511801495665,-0.14960292535661562,Bangladesh,2393,False
-0.00012206395112776246,1.9493797353944217e-07,3.27224110687481e-07,-0.1485379042915611,Bangladesh,2593,False
0.004142486216914216,0.00046514013792742844,0.0007807871663729955,-0.14861064914621572,Bangladesh,2599,False
-0.017307518747962363,0.0006982071038598945,0.0011720148439421877,-0.1482511652040966,Bangladesh,2610,False
0.011292463932518827,0.0004912477293574421,0.0008246115338513503,-0.14873073524059072,Bangladesh,2630,False
0.01200052445468985,7.610521386596278e-06,1.277506915343585e-05,-0.14874141334015203,Bangladesh,2651,False
-0.0021245342844207066,1.9110324094691704e-06,3.2078710439501824e-06,-0.1485042949761452,Bangladesh,2670,False
0.27398897185393156,0.002153004116646657,0.0036140462762820407,-0.15314468364400596,Bangladesh,2731,False
-0.0068400370817161636,0.0007060844665382621,0.001185237834569358,-0.14842689469695233,Bangladesh,2740,False
-0.0023013302843051873,0.0007010823589523362,0.0011768412652573429,-0.14850307014893466,Bangladesh,2790,False
-0.007552631615355304,7.831426700026007e-06,1.3145882204483377e-05,-0.14841319333872102,Bangladesh,2819,False
0.0020676700281962073,3.1569516484982184e-07,5.299278929121481e-07,-0.14857466160539992,Bangladesh,3092,False
-0.0035836655057428913,1.133187490378342e-06,1.9021756615634741e-06,-0.14847979996804458,Bangladesh,3100,False
0.003477071456769062,1.172141558651247e-06,1.967564206015957e-06,-0.14859832204301515,Bangladesh,3212,False
-0.0010290413247673093,2.4454136082311597e-07,4.104886691327997e-07,-0.14852267983583547,Bangladesh,3230,False
0.0018274379426301557,0.0001796435137707403,0.00030155073414934693,-0.14857107628430727,Bangladesh,3240,False
-0.07115324274945944,0.0007930071214230958,0.0013311467507586894,-0.14734753137440207,Bangladesh,3250,False
-0.0025992028102290116,7.383052118065496e-07,1.2393237805996218e-06,-0.14849632423688613,Bangladesh,3290,False
-0.03316812722188929,0.0004455161566100246,0.000747846227682895,-0.14798429720019798,Bangladesh,Wastes,False
0.009247209568192815,7.05537506667426e-05,0.00011843197042837785,-0.14869535312399915,51,1030,False
0.02470098000411992,0.00039702396487620274,0.0006664469290892009,-0.1489555776953153,51,1050,False
0.012113957224993921,0.00020453499176728145,0.000343333725955544,-0.1487438091156253,51,1061,False
-0.0023588850696566726,5.392891933045198e-07,9.052542379421799e-07,-0.14850035772957734,51,1079,False
-0.0015152849817072962,5.5727367230824395e-06,9.354430977180336e-06,-0.1485145310021924,51,1101,False
0.031979451409559635,0.0007123275589260038,0.0011957175287891464,-0.1490785444233576,51,1102,False
0.027841762116818373,0.0004451211093793308,0.0007471830989122598,-0.14900841971761458,51,1103,False
0.02579001123727996,0.00019532773530372456,0.00032787836724089436,-0.1489733539837424,51,1104,False
0.00939690203162155,5.162666597043049e-05,8.666084679758747e-05,-0.14869781863107454,51,1392,False
-0.015398702868716533,0.00018281632830137576,0.00030687664061237595,-0.14828192422464526,51,1393,False
-0.005074102303523921,2.98299453186984e-06,5.007273417045291e-06,-0.14845478601123502,51,1410,False
0.0004811757651978205,4.397147415903978e-07,7.381079358762333e-07,-0.14854803092184243,51,1430,False
0.012089548330211475,6.383536389397699e-05,0.00010715444405905838,-0.14874304808350375,51,1512,False
0.00019515365493181776,2.0502664377228397e-08,3.4415901610904044e-08,-0.14854322869135494,51,1702,False
-0.11892108620160084,0.00048532281797787754,0.0008146659402767467,-0.14654492978411657,51,1811,False
-0.11784547203214316,0.004854140423428268,0.008148190700705552,-0.14657373436710275,51,2011,False
0.0006759531841106581,1.1009963283127767e-07,1.8481393740837037e-07,-0.14855129964596794,51,2100,False
0.0029995915948044898,4.38290784449695e-06,7.357176724474956e-06,-0.14859031504425088,51,2220,False
-0.0009611680034774681,1.1337879259534998e-07,1.9031835565032785e-07,-0.14852381883468266,51,2310,False
-0.029841575718403537,0.0004081762339260119,0.000685167198186658,-0.14804004453018263,51,2396,False
0.003680614442857524,7.728729784452491e-07,1.2973494514908405e-06,-0.14860173773252128,51,2420,False
0.0009492849116422405,5.459246132164117e-07,9.163924956160624e-07,-0.14855588889638044,51,2593,False
-0.03510452478206594,0.0004524026253860103,0.0007594058975619044,-0.1479518095685237,51,2599,False
-0.04640822193915877,0.0004909469435517195,0.000824106632902613,-0.1477621591587859,51,2620,False
-0.0017587210200151492,6.058332610254972e-06,1.0169555293127839e-05,-0.14851044587967704,51,2651,False
-0.1535289495591169,0.0005171695037648517,0.0008681239877047289,-0.14596407330665948,51,2652,False
0.07370184880734502,0.0021254982347482434,0.0035678747296128016,-0.14978246070728268,51,2731,False
0.17347882223185213,0.0006854243694666013,0.0011505576654455966,-0.15145372178197417,51,2790,False
-0.0055053789671445745,4.873469876626476e-06,8.180637242638948e-06,-0.14844755128440337,51,2813,False
0.00017854083610578013,9.429339066119094e-07,1.5828147970653068e-06,-0.1485429521275687,51,2829,False
-0.0004985193586688518,5.3568227994386435e-08,8.991996504478224e-08,-0.14853158473487738,51,3211,False
-0.001320092390634201,3.157288884807494e-07,5.299845016115157e-07,-0.14851779441175725,51,3290,False
-0.004685276211091098,0.0002569969628547999,0.0004313967211859329,-0.1484619458969523,52,1030,False
-0.005455828653576879,5.908666873206046e-05,9.9183254438737e-05,-0.14844851813120488,52,1071,False
0.0074819098256820975,4.757045309810757e-05,7.985206231190884e-05,-0.14866566330105127,52,1079,False
-0.005450238991709738,2.7781673572950485e-05,4.663449231188017e-05,-0.1484485339517699,52,1101,False
0.003276506654936844,0.0008253778664374712,0.0013854844873078846,-0.14859701121438557,52,1103,False
0.012452959919052915,0.0004668826185548533,0.0007837121053335613,-0.14875015472151562,52,1104,False
0.007600337168178409,0.0002195336112608306,0.0003685105031437172,-0.1486680803747774,52,1392,False
0.004439835776493129,5.22515813102381e-05,8.770983362458009e-05,-0.14861461049141,52,1709,False
0.3780640267407336,0.0038489820414726256,0.0064609255072518345,-0.15489616707933707,52,2011,False
-0.029816841242265628,0.0002109996141207463,0.00035418528177165557,-0.14803996973861624,52,2620,False
0.004641977622463587,2.6730231515722883e-05,4.48695350494815e-05,-0.1486179399917245,52,2651,False
-0.021223522822457905,0.0002769071605426301,0.00046481810447888044,-0.14818438217512853,52,2710,False
-0.020265156048659215,0.00040931504927602417,0.0006870788208088642,-0.14820079884864504,52,3250,False
-0.002607587834309357,8.222896657512435e-07,1.3803006141772303e-06,-0.14849618369468706,60,1101,False
0.02483501492259791,0.00010925760392820169,0.00018340050238604288,-0.14895710809211374,60,1392,False
0.004005034101446003,2.372621376675766e-06,3.9826971927752604e-06,-0.1486071874520425,60,1410,False
0.010555003070510317,0.00012672387579561173,0.00021271949639765662,-0.14871744607629883,60,1512,False
0.0001313965568781911,1.3781041459666875e-06,2.3132943028539204e-06,-0.14854216184578456,60,2220,False
0.02762770168696935,0.0003568266678787539,0.0005989714930661145,-0.14900460561513407,60,2620,False
0.008929150487153457,0.00034593371395508926,0.0005806865119733482,-0.14869070148823538,60,2630,False
-0.0010179686800871938,6.381181497105919e-06,1.0711491468866678e-05,-0.14852288100129374,60,2640,False
0.00020654485269141695,6.497944999387835e-07,1.0907491419523933e-06,-0.1485434214738319,60,2651,False
0.014261000128584516,2.4474952302697253e-05,4.1083809151982335e-05,-0.14877939994967293,60,2670,False
-0.0004902765184045107,5.872877683519244e-07,9.85824948455775e-07,-0.14853172443041668,60,2819,False
0.00012205086654401272,9.217406781250861e-06,1.5472397101887926e-05,-0.14854202451523227,60,3211,False
0.04260020107396531,0.0006049418895603812,0.0010154592675549086,-0.14925655807770183,60,3250,False
-0.039763515642571794,0.0006087110041678801,0.0010217861270842472,-0.14787399085553296,60,Wastes,False
0.006075442682711009,0.00011403570394464876,0.0001914210511804592,-0.14864222007486994,Bolivia,1030,False
-0.013504694413581961,0.0002749194518592371,0.00046148152415838447,-0.14831394656878813,Bolivia,1061,False
-0.0029386950611541528,5.449472977125716e-06,9.147519676532515e-06,-0.1484906372414307,Bolivia,1071,False
-0.045873764936162104,0.00024154136315843516,0.0004054528541498812,-0.14777051200971833,Bolivia,1073,False
0.045873925603990076,0.00045759708390395157,0.0007681253483604037,-0.14931114228112055,Bolivia,1074,False
-0.0002014256119613487,2.386280315617663e-06,4.005625173748104e-06,-0.14853657758548847,Bolivia,1079,False
-0.00014683908815614258,6.649156888198089e-09,1.1161316648866937e-08,-0.14853748794507676,Bolivia,1101,False
0.01526407724040904,0.0006304314338456911,0.0010582461772018486,-0.14879775118754487,Bolivia,1311,False
0.006952956460639143,8.957282244817852e-05,0.0001503575041598677,-0.14865688906072635,Bolivia,1392,False
0.0009317266585163739,3.0469001098846494e-07,5.114545722969998e-07,-0.14855559356087647,Bolivia,1410,False
-0.0011727538294951656,8.65672917412339e-06,1.4531240137734142e-05,-0.14852028844084678,Bolivia,1430,False
0.058344955297737325,0.0008769691008753628,0.001472085858511698,-0.14952153596001388,Bolivia,1511,False
0.030631837317915935,0.00010544878169445904,0.00017700698938509355,-0.14905440456672883,Bolivia,1512,False
-0.0019487136229194737,9.727412834984118e-06,1.632849647723272e-05,-0.14850726579802503,Bolivia,1520,False
0.011474228087331279,0.00032685951101078196,0.000548668434724481,-0.14873337594743494,Bolivia,1610,False
-0.10256681171704383,0.0005902967357258441,0.0009908758200491401,-0.1468197146155182,Bolivia,1621,False
-0.01621452248142908,0.0005552947338167536,0.0009321212390969265,-0.14826915683093567,Bolivia,1622,False
0.03263722830109697,0.0001709741824543245,0.00028699833997615455,-0.14908823123016682,Bolivia,1629,False
0.0031499201037253326,3.5199419143237785e-06,5.908596676537935e-06,-0.14859283631577314,Bolivia,1709,False
-0.011648721198337085,0.004541754373275679,0.007623817508574909,-0.14835572698055144,Bolivia,2011,False
0.05547010951590256,0.0005917201020091644,0.0009932650916609524,-0.14947256219097152,Bolivia,2029,False
0.00475851773104986,4.7611644437930525e-06,7.99212063544823e-06,-0.14861984143502877,Bolivia,2219,False
-0.00017935819866541445,3.444088456921387e-08,5.7812685849896446e-08,-0.1485369421465332,Bolivia,2220,False
0.0029519536341379516,6.842617748373309e-06,1.1486061267753943e-05,-0.14858952152547286,Bolivia,2310,False
0.04469597853343574,0.0006656924755539253,0.0011174355839931147,-0.14929189053134884,Bolivia,2393,False
0.004211582583047441,1.9310562675287307e-05,3.24148321825929e-05,-0.148610696841203,Bolivia,2399,False
-0.0016015321653031131,1.9599724422578047e-06,3.290022091360331e-06,-0.14851307424495777,Bolivia,2420,False
-0.0017666377226917308,1.3539522503312332e-05,2.272752778659152e-05,-0.14851033163928207,Bolivia,2512,False
-0.0021731496019026433,9.108258923690412e-06,1.5289180820446302e-05,-0.14850349685750458,Bolivia,2593,False
0.01748356195688495,0.0003606442696019734,0.0006053797433734192,-0.14883433396424067,Bolivia,2599,False
0.07260903809667099,0.0005686859632656382,0.0009545998412279611,-0.14976020227792353,Bolivia,2610,False
-0.02945162354047999,0.00039514285384300055,0.0006632892842559871,-0.14804655794714142,Bolivia,2620,False
-0.0388705027955482,0.00038367554768622796,0.0006440401918857324,-0.14788842253040793,Bolivia,2630,False
0.0005391860748267818,2.3646929169463413e-06,3.969388430316224e-06,-0.1485490094865975,Bolivia,2640,False
0.00013608690023296196,3.32135798877976e-08,5.575252447842429e-08,-0.14854223722478233,Bolivia,2651,False
0.008109897620089401,1.1572265492100103e-05,1.9425277771884224e-05,-0.14867611491188792,Bolivia,2660,False
0.021137620525804306,0.0004836877540527935,0.0008119213116695627,-0.14889597912689853,Bolivia,2710,False
0.0004009199956663792,1.435326134096153e-05,2.4093474926837886e-05,-0.14854671843705972,Bolivia,2732,False
-0.025516368737656215,0.0005712811505744919,0.000958956138996878,-0.148113053744489,Bolivia,2790,False
-0.0011950120738532003,1.0258411207652224e-05,1.7219833691414154e-05,-0.14851991880559773,Bolivia,2811,False
-8.428165251916616e-05,5.116314755965912e-09,8.588278187263713e-09,-0.14853853803431127,Bolivia,2813,False
0.0054232050594775595,7.399495346010448e-06,1.2420839512033393e-05,-0.14863100550174735,Bolivia,2814,False
-0.00045018350206540184,4.928276692577446e-08,8.272636309231994e-08,-0.14853239609292784,Bolivia,2819,False
-0.004437687125231449,3.803516171323329e-06,6.384606211138777e-06,-0.14846547096191703,Bolivia,2822,False
-0.0006496680791419262,2.957979582637433e-06,4.965283165644577e-06,-0.14852905478426023,Bolivia,2824,False
0.0015844918307278922,1.7110582811562439e-06,2.872193212127119e-06,-0.14856655442551206,Bolivia,2829,False
-0.0018757673591007166,0.0004920223039062883,0.0008259117395696379,-0.14850969258858768,Bolivia,2930,False
0.009213630978344833,0.0016589166782112457,0.0027846679888794044,-0.14869875413544378,Bolivia,3030,False
0.0007963492671980994,2.2860188600749823e-06,3.837325662726728e-06,-0.1485533260481362,Bolivia,3100,False
-0.00684737211096724,4.192968781989035e-06,7.038343817343135e-06,-0.14842502280563996,Bolivia,3211,False
-0.013727800920159348,0.0004263971855027011,0.0007157530023135046,-0.14831057858486857,Bolivia,3220,False
-0.023958507203250164,0.0002553472082088637,0.0004286274326421602,-0.1481384187290458,Bolivia,3240,False
-0.0016183169430458296,2.948860071365893e-06,4.94997509656213e-06,-0.14851279495985437,Bolivia,3290,False
-0.023784027563406532,7.262138658643101e-05,0.00012190271711134075,-0.14814089318114715,70,1030,False
0.00490211361517913,0.0002080449480857863,0.00034922556074802103,-0.14862275899537422,70,1061,False
-0.0001769927488367053,3.149871857388264e-08,5.287394747154548e-08,-0.1485369818457872,70,1071,False
-0.0018677188943805366,8.072389215254909e-07,1.3550363400851423e-06,-0.14850860314398362,70,1072,False
-0.019930227654177395,0.00017914936972288602,0.0003007212608370171,-0.14820584840797343,70,1073,False
-0.057542289104743315,0.0003699693419651074,0.000621032868599457,-0.14757496077704452,70,1074,False
0.0008304608518365759,3.7475561161357755e-07,6.290671309896641e-07,-0.14855389388137413,70,1079,False
0.001218939562517539,5.010766772938159e-06,8.411104677895485e-06,-0.14856042647055892,70,1101,False
0.0029595126113850703,0.00045029195401835576,0.0007558629113048191,-0.14859075448626052,70,1103,False
-0.017140714499040244,0.0001987581205603454,0.00033363663354751556,-0.1482527222904586,70,1104,False
-0.00265401300963941,5.3397511977425614e-05,8.963340006303018e-05,-0.14849553545067234,70,1392,False
-0.027953768457417916,0.00018613551771595743,0.0003124482528779053,-0.1480711817058112,70,1393,False
-0.0006133868165147502,2.5758468970733744e-06,4.323832831838693e-06,-0.14852966285110697,70,1410,False
0.0019456020166106435,6.166963437733038e-07,1.0351903684615365e-06,-0.14857261331473673,70,1430,False
-0.008351766605193281,6.58028222780317e-05,0.00011045703209948789,-0.1483999234163556,70,1512,False
-8.072174404476746e-05,9.253443723843712e-07,1.553288894079306e-06,-0.1485386000856359,70,1520,False
-0.109682311283199,0.00025352041841852175,0.0004255609717894898,-0.14669944288597667,70,1610,False
0.13109339082715452,0.0005447215420870437,0.0009143730128377542,-0.15074187304030942,70,2023,False
-0.0039009865203662782,3.88621802049766e-06,6.523430056267161e-06,-0.148474480258781,70,2220,False
0.0002544919770443403,2.105964927071565e-07,3.535085996267357e-07,-0.14854422522216293,70,2310,False
-0.000994431109399223,5.729607160000184e-07,9.617754681031087e-07,-0.14852326162388296,70,2420,False
0.0017560893801665885,2.481830042693589e-06,4.166015547676585e-06,-0.14856943679509663,70,2511,False
0.014722608247767844,2.0516202234637028e-05,3.443862634365222e-05,-0.14878713864864945,70,2520,False
-5.302705456930075e-05,7.414198025350372e-07,1.244551952221497e-06,-0.14853906451185073,70,2593,False
-0.10204728697221312,0.0004472196412110525,0.0007507057076678369,-0.1468280828363673,70,2599,False
-0.013798932452308985,0.0004855470560001328,0.0008150423476338282,-0.14830953181455883,70,2620,False
0.0016552632475314286,5.471752669337284e-06,9.184918508263194e-06,-0.14856775177768228,70,2651,False
-0.23367934009334218,0.0006790412687036743,0.0011398429522850293,-0.14461904508173506,70,2790,False
-0.00735520657305667,4.348907443719903e-06,7.300103437494079e-06,-0.14841649865225517,70,2813,False
-0.00011624492975652637,5.659303504390475e-06,9.499742521741292e-06,-0.14853801559469768,70,2819,False
-6.193102113806622e-05,4.271302813158884e-08,7.169835815647574e-08,-0.14853891330716099,70,2822,False
-0.024644261966374197,0.0005923629531643421,0.0009943441856606389,-0.1481277455441068,70,2930,False
0.00044863743112370314,4.1599046319631084e-07,6.982842126772405e-07,-0.14854748467215526,70,3100,False
0.058985726007470096,0.00019106580206760773,0.0003207242592563072,-0.14953057047295068,70,3240,False
0.13579502323703269,0.0007695543457631776,0.0012917787737600109,-0.15082136487356315,70,3250,False
-0.0003208253542875986,1.9334252576561644e-07,3.245459820014207e-07,-0.1485345678661348,70,3290,False
0.0,0.0,0.0,-0.14853995277868415,72,3211,False
-1.0046577490885225,0.38529620683428756,0.6467606405434385,-0.13253287497008648,Brazil,1010,False
-0.18628560290555318,0.40443791265879364,0.678892028552343,-0.14640689565430368,Brazil,1020,False
0.25984464079114566,0.4070916812139872,0.6833466611704866,-0.15395375916481435,Brazil,1030,False
1.0304056836322328,0.40050164673667343,0.6722845877730605,-0.16695884610025277,Brazil,1040,False
-1.458590219277629,0.3925167027594537,0.6588810104997673,-0.12487876794022419,Brazil,1050,False
-0.8825657084078924,0.39959519122087106,0.6707630058326585,-0.13462818524895775,Brazil,1061,False
0.48272125620975054,0.3797814785909229,0.637503582965824,-0.15764795355406688,Brazil,1062,False
0.49203158679634484,0.40090996732065703,0.6729699972781633,-0.15786158711607626,Brazil,1073,False
-0.5745893248519756,0.393536150965337,0.6605922626817062,-0.13981849029553614,Brazil,1074,False
-0.2986481727678835,0.3840870000965093,0.6447308584941922,-0.14445819227600734,Brazil,1102,False
-1.3291278111643372,0.39104899143198507,0.6564173010174295,-0.1270631943832934,Brazil,1103,False
0.8601362942137488,0.40000694778027046,0.6714541829877443,-0.16407997667738977,Brazil,1104,False
0.4509211041214144,0.3890596897078453,0.6530780466086983,-0.15713535938057926,Brazil,1200,False
-0.13325778765188637,0.3888865922435968,0.6527874841145235,-0.14726440274828315,Brazil,1311,False
0.22863458619746546,0.3999842883700184,0.6714161467589183,-0.15340783230535107,Brazil,1312,False
-0.5739747772898648,0.3834055160114522,0.6435869150149841,-0.13980494231623725,Brazil,1391,False
2.091565094567624,0.4086428954746329,0.6859505392026075,-0.1849175391021646,Brazil,1392,False
0.007129086907043607,0.40058270835135157,0.6724206583102283,-0.1496660072318043,Brazil,1393,False
-0.2085377501629366,0.3681220115553815,0.6179319281336622,-0.14594124249819676,Brazil,1420,False
-0.31558030565249906,0.3832878468762182,0.6433893948631472,-0.14417017751597935,Brazil,1511,False
1.3887561381601876,0.40761494340891835,0.6842250123879732,-0.17303565404468835,Brazil,1512,False
-0.37229054443078813,0.3977028496529996,0.6675865093531852,-0.1432469576058774,Brazil,1610,False
-1.0366702822251008,0.38990045341186774,0.6544893578599223,-0.13200228098181735,Brazil,1621,False
0.010565923939395318,0.39081430319734706,0.6560233518679954,-0.14969937590724186,Brazil,1622,False
-1.0199496783915132,0.3830965660862023,0.6430683097237663,-0.13226959707234642,Brazil,1623,False
-0.180939243282444,0.4040387271446336,0.678221953233006,-0.14649626507033675,Brazil,1629,False
1.024682468820281,0.3898840405881758,0.6544618071906558,-0.16683219023271664,Brazil,1811,False
1.4197378353584118,0.25726993238026113,0.4318549295513531,-0.17311938614376246,Brazil,1812,False
-1.2882347555057267,0.3364828631974282,0.5648222543417277,-0.12763648225754246,Brazil,1920,False
0.0994686491873318,1.8283644791243507,3.0691041351827377,-0.1549656984507284,Brazil,2011,True
1.1166910357478377,0.39112500293779096,0.6565448944100236,-0.16839035716006281,Brazil,2013,False
0.7038464926278958,1.9554679828366535,3.282460877393387,-0.16579698553953642,Brazil,2023,True
0.6980989199146748,1.9466877558721705,3.2677223330865965,-0.16567198571237624,Brazil,2029,True
0.35185144241754,0.38078872223136184,0.6391943484873069,-0.1554397151357167,Brazil,2030,False
0.9185698460781252,0.3845373144024399,0.6454867589255577,-0.1650243343210853,Brazil,2211,False
-1.2464190395038814,1.9425719755176363,3.260813558249943,-0.13191912082240942,Brazil,2393,True
-1.7936753840092146,0.38398462300343195,0.6445590076606746,-0.11919951598055996,Brazil,2395,False
-0.1525568575005304,0.3921685503132988,0.6582965996099431,-0.14694646735391037,Brazil,2396,False
-1.013802605232349,1.9616024534971448,3.2927582384973877,-0.13600036147438574,Brazil,2599,True
-0.7607130001326082,1.9480222784793961,3.269962471143912,-0.1403603057482837,Brazil,2610,True
-0.47963295411604134,1.9591170460761291,3.2885862179399186,-0.14526600149369379,Brazil,2620,True
-1.247203132724902,1.959930523192877,3.289951725753811,-0.13194525768888002,Brazil,2630,True
-1.3255179623168094,0.3889962433169247,0.6529715450971231,-0.1271197807387612,Brazil,2652,False
3.4917611301512252,1.8320978581404108,3.0753710087231174,-0.21372573439916426,Brazil,2680,True
-1.6491858327226505,1.9532016866061475,3.2786566582609273,-0.1249534087304677,Brazil,2710,True
1.747828540753111,1.8926573016204253,3.177026472133724,-0.18371581280061355,Brazil,2731,True
-0.9689704267100474,1.6115085994695593,2.705088489185305,-0.1359523864990614,Brazil,2733,True
-1.4433473217420425,1.9476073791470092,3.2692660185102866,-0.1285132745032158,Brazil,2740,True
0.2721754553143832,1.9478705642449123,3.269707802673956,-0.15828413586204312,Brazil,2790,True
-0.23864632825083976,1.8554861524797157,3.1146307469707177,-0.14918044033881955,Brazil,2821,True
-0.30907292894579674,0.35958525469999764,0.6036020742861098,-0.14422236430122135,Brazil,2823,False
-3.7404359767087887,1.882499932283706,3.1599762479635225,-0.08855094770355816,Brazil,2910,True
-2.3399964525545487,1.9526743536108844,3.277771473772354,-0.1129633038317548,Brazil,2930,True
-1.1468210402709245,0.37023143243532064,0.621472815314189,-0.13009786540228174,Brazil,3012,False
-0.007932128211422178,0.3944678169444541,0.6621561630646795,-0.14939603865203274,Brazil,3220,False
0.4493122644216379,0.40035551576952444,0.672039291410833,-0.1571381669843693,Brazil,3240,False
0.7969722246725907,1.943177211410066,3.261829511032567,-0.16737754904898086,Brazil,3250,True
-0.32850594266146443,0.3906654906475475,0.6557735541842341,-0.14396974685188998,Brazil,Wastes,False
0.0046048745414583115,0.0002951257464574171,0.000495399937590752,-0.14861798674630378,84,1020,False
-0.052388218132468405,0.00022789494803469865,0.00038254589573711515,-0.1476611257197069,84,1030,False
0.012271422391000361,3.554781361318469e-05,5.9670783917865784e-05,-0.1487460304060842,84,1079,False
0.009032701494882894,1.88000060681888e-05,3.155780864490016e-05,-0.1486916231989457,84,1101,False
-0.007106588501223656,0.00019270247520305052,0.00032347158909413896,-0.14842114123654057,84,1392,False
0.0070037027572161644,0.00021568639320083643,0.0003620525386668899,-0.14865805559473433,84,1512,False
0.009058509478249984,0.0005061013360148333,0.0008495448915790228,-0.1486932727056651,84,1610,False
0.02852097570796052,0.00039632280349277406,0.0006652699551729596,-0.14901969905730977,84,2029,False
-0.003021782811300033,4.355272720407314e-05,7.310788231049176e-05,-0.14848933749942123,84,2219,False
-0.013220980763431332,2.1187814244840283e-05,3.556599849580669e-05,-0.14831807731334032,84,2220,False
0.020145105279754976,0.00021237805991157336,0.00035649914956172485,-0.14887864053634056,84,2599,False
0.01002012608516548,0.00023903512228505845,0.0004012458624280072,-0.14870874793421604,84,2620,False
-0.006700785080584142,0.00023013490383640356,0.0003863058996598186,-0.14842804636440485,84,2630,False
-0.00024339843960517185,1.7936866587962884e-05,3.010893727475106e-05,-0.1485359117997249,84,2651,False
-0.020463168248682433,0.00030889688617497077,0.0005185162594925891,-0.14819722517378617,84,2710,False
-0.03609443987307213,0.00038331134944817445,0.0006434288464285226,-0.14793502109326379,84,2740,False
0.000434464662585799,2.015083513479517e-05,3.382531882767957e-05,-0.1485472959764824,84,2813,False
-0.00985018061802716,0.0003155645291041602,0.0005297086069263446,-0.14837539298339725,84,2930,False
0.009329116100436692,4.1797695582277764e-05,7.016187517169177e-05,-0.148696656237736,84,3211,False
0.0004457131124019122,4.398183648532581e-07,7.382818785382007e-07,-0.1485474356437721,92,2220,False
0.0004457131124019122,4.398183648532581e-07,7.382818785382007e-07,-0.1485474356437721,92,3100,False
-0.0035997750300268,7.485776693359566e-05,0.00012565671925352393,-0.14847971330294477,96,1410,False
-0.0262502424486369,0.00012193201358174366,0.0002046758462919338,-0.1480996176790594,96,1430,False
-0.002476557352660354,6.865172310718168e-05,0.00011523921498222321,-0.1484985522594804,96,2220,False
0.0013987731496461389,6.269163680724462e-05,0.00010523457656464502,-0.14856358901317462,96,2651,False
-0.01470592988244708,0.0001930113193002937,0.000323990016741798,-0.14829357856944675,96,2710,False
-0.02345923937344557,0.00024968542634343325,0.00041912352992796114,-0.14814678542643137,96,2790,False
0.010945040464888397,6.20637310372771e-05,0.00010418056998274329,-0.14872383185891047,96,2819,False
0.014319711297141538,0.000198289340516351,0.0003328497364118835,-0.14878081957136874,96,2930,False
0.010511641083115924,0.00021356386683405191,0.00035848965253356676,-0.14871693498306732,Bulgaria,1312,False
-0.05360480048852649,0.0007761493941554395,0.0013028492635466617,-0.14764206277357278,Bulgaria,1391,False
-0.010005308140993542,6.0919750170034006e-05,0.00010226027649076557,-0.14837215477157067,Bulgaria,1392,False
-0.10740108186540445,0.00019996503882084145,0.0003356625741443762,-0.14673760399436808,Bulgaria,1393,False
0.006961020662907168,5.100774848624983e-06,8.562192800884274e-06,-0.1486568136384286,Bulgaria,1399,False
0.0004582370604327664,1.2258788254877975e-06,2.0577679207263097e-06,-0.14854764783161994,Bulgaria,1410,False
0.1343387508238512,0.0016262139439601724,0.002729772973105624,-0.15079908798744557,Bulgaria,1420,False
-0.001321992964666346,1.6462187243105288e-06,2.7633531234518535e-06,-0.14851776582555082,Bulgaria,1430,False
-0.020900159922517928,7.412597445399343e-05,0.0001244283277862392,-0.14818930576678083,Bulgaria,1512,False
-0.005995111923126022,2.1307200308634495e-06,3.576640069474324e-06,-0.1484393237613309,Bulgaria,1520,False
0.0015364026077082547,0.00026961886043967085,0.000452583918002474,-0.14856641531736917,Bulgaria,1610,False
-0.09045569176045598,0.00047985141541260156,0.0008054816094553667,-0.14702274207832913,Bulgaria,1622,False
-0.05368144933888372,0.0007901149959514066,0.001326292010718629,-0.14764081073589086,Bulgaria,1623,False
0.011939168042704177,0.00013033711576266528,0.00021878470377337776,-0.1487406898276136,Bulgaria,1629,False
0.0038060108840735087,5.823645996059495e-07,9.775608863778952e-07,-0.14860384216989397,Bulgaria,1702,False
0.00012884559431262073,4.7075708631779565e-08,7.902158113334578e-08,-0.14854211570632916,Bulgaria,1709,False
0.03705385197224248,0.0005130217835120913,0.0008611615983536599,-0.14916322560907122,Bulgaria,1811,False
0.010638815847378478,0.0004690282850004819,0.0007873138345490378,-0.1487197075026819,Bulgaria,2013,False
0.006092687536585196,6.390865417180945e-06,1.0727746958122997e-05,-0.14864224096153697,Bulgaria,2022,False
-0.04638722200271463,0.0005217350355511808,0.0008757877181286767,-0.1477625880338857,Bulgaria,2023,False
-0.0012873152856845962,2.7334892535345395e-07,4.588452284698894e-07,-0.14851834450465423,Bulgaria,2219,False
-0.002601903723655392,2.171493708714127e-06,3.645083022029416e-06,-0.14849628247164567,Bulgaria,2220,False
-0.00450366513185017,6.26289243238116e-06,1.05129306994803e-05,-0.14846436957996126,Bulgaria,2391,False
0.0031679209713409437,1.4254636644631246e-06,2.392792289014366e-06,-0.1485931332552448,Bulgaria,2392,False
-0.0034596495828669886,0.0007540624961383417,0.0012657740573656167,-0.14848375835168623,Bulgaria,2393,False
-0.028281043469624408,0.0004336103433870183,0.0007278610545882273,-0.14806630311796984,Bulgaria,2396,False
0.00038062807554646843,7.481303065152144e-06,1.2558162464855084e-05,-0.14854636068023697,Bulgaria,2399,False
0.00491345191957187,9.326765882821208e-07,1.5655967978855609e-06,-0.14862243261903071,Bulgaria,2410,False
-0.00032193674141673886,6.718012662617378e-08,1.127689838566739e-07,-0.14853454889575837,Bulgaria,2420,False
0.002758905196403476,4.297880018098095e-06,7.2144484793215025e-06,-0.14858627465482982,Bulgaria,2511,False
0.0033844415074800018,4.082127539719425e-06,6.852285009658699e-06,-0.14859677440935684,Bulgaria,2512,False
-0.0047857019176815825,2.527306003011811e-05,4.242351781210779e-05,-0.14845968266656678,Bulgaria,2520,False
0.0012820486006339326,1.8463585482105525e-06,3.0993090929314657e-06,-0.14856147793165567,Bulgaria,2593,False
-0.0005468223930643812,0.00042641497591017083,0.0007157828654035806,-0.14853183694897745,Bulgaria,2599,False
0.01571057094565921,0.0006505723025171039,0.001092054766261296,-0.14880529644783336,Bulgaria,2610,False
0.044519186083099196,0.0005457504186297934,0.0009161000914853648,-0.1492886222746342,Bulgaria,2652,False
0.0004154901173008319,3.0367308048216703e-06,5.097475463414489e-06,-0.14854693479411674,Bulgaria,2660,False
-0.0023484661394112265,5.2885783224462665e-06,8.877440895390368e-06,-0.1485005444611392,Bulgaria,2670,False
-0.0018515530291568685,0.004579487575846853,0.007687156700167792,-0.14852028948025425,Bulgaria,2680,False
-0.0030022118245665854,1.3381039580268763e-06,2.2461497353369684e-06,-0.14848956079712547,Bulgaria,2720,False
-0.14248296490692827,0.0020687201570285156,0.0034725666905937986,-0.1461533000227186,Bulgaria,2731,False
-0.00093363088202371,4.5342948579603476e-06,7.6112959191641884e-06,-0.1485242920964938,Bulgaria,2732,False
0.011186487808895399,0.000658176971220175,0.0011048200110632886,-0.14872937305978076,Bulgaria,2740,False
0.001183832584163323,1.6729329086224744e-06,2.8081957215639606e-06,-0.14855982883888594,Bulgaria,2750,False
0.0013662628232467213,2.3829911899168352e-06,4.000104026621914e-06,-0.14856289289519364,Bulgaria,2811,False
-0.0009037674023333179,1.8840829489841258e-05,3.162633509771435e-05,-0.14852482905508232,Bulgaria,2815,False
-0.0002415648840257989,8.597169309519785e-07,1.4431262573723824e-06,-0.14853589999888045,Bulgaria,2816,False
-2.792424828447238e-05,8.556133762241852e-06,1.4362380045498102e-05,-0.14853950537430122,Bulgaria,2817,False
-0.0030794650471229887,9.192307850872294e-07,1.5430265879206101e-06,-0.14848826297557943,Bulgaria,2818,False
-0.03398964879645375,0.0034880479307231515,0.005855059234701932,-0.14797806459563553,Bulgaria,2821,False
0.00010263886205738545,8.47270354299782e-08,1.4222333553781257e-07,-0.14854167589235082,Bulgaria,2822,False
-0.050874499094747595,0.0022470117933983086,0.0037718481548197355,-0.14769154093193898,Bulgaria,2823,False
9.532610704062352e-05,3.6840444625505246e-09,6.184060248001509e-09,-0.1485415529379093,Bulgaria,2824,False
-0.0028858047308196752,3.273167146659295e-06,5.49435899660852e-06,-0.1484915196372952,Bulgaria,2825,False
-0.00027454468514196816,1.2327625678115975e-07,2.0693230139655006e-07,-0.1485353445616679,Bulgaria,2829,False
0.21456582459486043,0.0024186484972030173,0.004059958607309192,-0.15214784536967002,Bulgaria,2910,False
0.01086579540360625,0.0005683817051763677,0.0009540891116821813,-0.14872376566223752,Bulgaria,2930,False
0.1121193978971433,0.0017968258215181304,0.0030161631457998545,-0.1504265331660837,Bulgaria,3030,False
0.02383101918651894,1.7287164306394166e-05,2.901834293113573e-05,-0.14894002498826878,Bulgaria,3091,False
-0.0020550174462256755,2.1879069967560064e-06,3.6726344707566428e-06,-0.14850546258040795,Bulgaria,3092,False
0.0002906634056041258,2.1674562919071968e-08,3.6383057887375397e-08,-0.14854483192697046,Bulgaria,3100,False
0.0018115583656410812,1.5092645493969593e-07,2.533460982493678e-07,-0.1485703620879533,Bulgaria,3211,False
-0.008975702501395622,3.999779309069238e-06,6.7140547508130925e-06,-0.1483892960338753,Bulgaria,3212,False
0.012423532506624906,0.0003606279086415927,0.0006053522797622338,-0.14874939543600355,Bulgaria,3220,False
0.0011855018800121621,1.9931826138725957e-06,3.345768894690211e-06,-0.14855985765841,Bulgaria,3230,False
-0.03553257064139581,0.00020507402181361685,0.00034423854518775087,-0.14794401008929842,Bulgaria,3240,False
-0.0739171620166108,0.0007421860706746789,0.0012458382147489556,-0.14730100977182337,Bulgaria,3250,False
8.979452919810292e-05,3.3689984623747375e-09,5.6552220470015824e-09,-0.14854146008370958,Bulgaria,3290,False
-0.028460319189781175,0.00048508052121866115,0.0008142592194100141,-0.1480634216875414,Bulgaria,Wastes,False
0.00826434724838758,0.00021093827909423457,0.000354082324409681,-0.14867920507911736,112,1020,False
0.041060376758786994,0.000154770517695915,0.0002597987662133966,-0.14922958254678578,112,1030,False
-0.05699824829393328,0.0005743937052545677,0.0009641808928950604,-0.1475845995738725,112,1050,False
-0.005179819252390365,1.678000523747593e-05,2.816702252244028e-05,-0.14845304582113597,112,1071,False
-0.018035140271391588,0.00029941218127256747,0.0005025951740802891,-0.1482379588145215,112,1073,False
0.017068733434854336,0.0003246130770286891,0.0005448975564873594,-0.1488272805698377,112,1104,False
-0.006344302067541548,0.0003252589094490023,0.0005459816548574872,-0.14843426734829315,112,1312,False
0.020943590843486508,0.00012602805610917463,0.00021155148908764347,-0.14889182819711824,112,1392,False
-0.0022462261428968385,5.35421267068384e-06,8.98761512590399e-06,-0.14850226083192639,112,1410,False
0.006977861419026699,2.2129138683430622e-05,3.714611162970973e-05,-0.1486571388204857,112,1430,False
0.021850425410493986,0.0001447390794138291,0.0002429599307049945,-0.14890709718100012,112,1512,False
0.05734541249067807,0.0006790169085563534,0.001139802061188243,-0.14950426053873028,112,1621,False
-0.0294994814652549,0.0006414378005197942,0.0010767215336521146,-0.14804636667115578,112,1622,False
0.3506152554304478,0.004307376917334923,0.007230390034220405,-0.15443656891489493,112,2011,False
0.040590185328474915,0.0005091055633778162,0.0008545878065601627,-0.1492225774251468,112,2029,False
0.021162746682186123,1.555465569674995e-05,2.611014306245018e-05,-0.1488952308547138,112,2219,False
-0.0016617085195763442,3.792804533251814e-06,6.3666255879779e-06,-0.14851206868997766,112,2220,False
0.0038670327041089633,2.2847626222049564e-05,3.835216933922547e-05,-0.1486049220265284,112,2593,False
-0.011474524040113482,0.000296828328519366,0.000498257902567909,-0.14834807985116819,112,2599,False
-0.004431073896027615,2.495401252826866e-06,4.188796266518498e-06,-0.14846557871198407,112,2651,False
-0.01358676445865681,3.2727577947570085e-05,5.4936718559260145e-05,-0.14831196597210644,112,2670,False
0.07123936482034736,0.00040929224889042933,0.0006870405479379394,-0.14973680999795075,112,2710,False
0.039589674220599766,0.0017692180808628944,0.002969820618379601,-0.14920893878252495,112,2731,False
-0.0023800483541508485,0.0004943440271287408,0.0008298089988000246,-0.1485012334136427,112,2740,False
-0.02528605670146096,0.000490160055791518,0.0008227857581501589,-0.14811671812088112,112,2790,False
0.010660269818278648,0.0004169619400868937,0.0006999149399070487,-0.14871993765261965,112,2930,False
0.003299939105038319,1.0718345640431986e-05,1.799188252832513e-05,-0.14859537249953533,112,3100,False
0.01526392050049377,0.0003147614281873826,0.0005283605166671029,-0.1487969600943722,112,3240,False
0.01109931885346746,1.210451511076495e-05,2.031871533547989e-05,-0.14872629686359942,112,3290,False
-0.041464756155697606,0.0001873917565883447,0.0003145569833646557,-0.14784438782400672,Cambodia,1061,False
-0.010112743678225873,0.00017906244624888416,0.00030057535054585274,-0.14837064559168556,Cambodia,1312,False
-0.02289598080986231,4.320048635177726e-05,7.251660859635827e-05,-0.1481557268396426,Cambodia,1392,False
-0.00023502254982289908,1.0528538703089026e-06,1.7673271407327722e-06,-0.14853601030047126,Cambodia,1399,False
0.009844137691182081,5.473713892993018e-06,9.188210630649379e-06,-0.1487052107575954,Cambodia,1410,False
-0.00019242277019249283,2.5651921357437226e-09,4.305947682335088e-09,-0.14853672276433505,Cambodia,1430,False
0.03866725218410949,5.442369128886714e-05,9.13559511211718e-05,-0.14918916000344626,Cambodia,1512,False
3.519066105036752e-05,5.1663372239253367e-08,8.672246217171974e-08,-0.1485405436201559,Cambodia,1520,False
0.014867338568872865,0.00010371640925059325,0.00017409901808514163,-0.1487897759022311,Cambodia,1629,False
0.002504704230539416,1.0311051028304e-06,1.7308195226043736e-06,-0.1485819994734056,Cambodia,1709,False
0.001864355380715789,7.322445335847165e-06,1.2291502879481192e-05,-0.14857126622721933,Cambodia,2220,False
0.10377694315888927,0.00068432490508545,0.0011487120976076707,-0.15028368541240952,Cambodia,2395,False
0.002623750914337702,0.0003838037416878635,0.0006442553791446283,-0.1485849524934038,Cambodia,2396,False
0.00033648710448390965,1.5978208603041698e-08,2.6821121639758375e-08,-0.14854560111226364,Cambodia,2593,False
-0.015072934865160172,0.00047883158040239524,0.0008037697079812539,-0.1482881294393569,Cambodia,2599,False
-0.06847019393169221,0.0005184630974494953,0.0008702954222147055,-0.14739189053391588,Cambodia,2620,False
-0.060577131102616005,0.0005053154173888247,0.0008482256436213316,-0.14752435257841975,Cambodia,2630,False
-0.0016158905622236425,9.448432172517054e-06,1.5860197779358348e-05,-0.1485128518923214,Cambodia,2651,False
-0.01017396391211525,0.0006286633551745536,0.0010552782692038135,-0.14837073770354675,Cambodia,2930,False
-0.004714401629464768,1.9033669684524133e-06,3.19500378635951e-06,-0.14846082127920635,Cambodia,3100,False
-0.0014218700783053906,7.121845717054171e-07,1.195477509539707e-06,-0.1485160869534341,Cambodia,3211,False
-0.004524837997729519,5.891207191564087e-07,9.889017512256056e-07,-0.1484640000311073,Cambodia,3212,False
0.00023741346028717186,3.2183773966694347e-08,5.402388577045325e-08,-0.14854393809623714,Cambodia,3230,False
0.00556606747617803,0.0001712958213665097,0.0002875382450807955,-0.14863381251711327,Cambodia,3240,False
-0.012767491081412,0.0008108538150704062,0.0013611043231670813,-0.148327655763047,Cambodia,3250,False
-0.004025294220014428,1.3791208318308423e-06,2.315000918151628e-06,-0.14847238737341031,Cambodia,3290,False
-0.14789310924801718,0.0004323131182804215,0.0007256835243504785,-0.14605846965035227,Cambodia,Wastes,False
0.059732607643322916,0.00019939810125494588,0.0003347109091739903,-0.14954312863150201,120,1030,False
0.02601969697373053,0.00036038049329958644,0.0006049369668101781,-0.1489776222722957,120,1073,False
-0.012782958641563136,2.4868654232853025e-05,4.174467969265768e-05,-0.1483254391474521,120,1079,False
0.032653370047192175,0.00038797894606448064,0.0006512639035191806,-0.1490890452689211,120,1104,False
-0.002655527058357187,0.00016657467337458963,0.0002796132963136049,-0.1484957921481371,120,1392,False
-0.0005428686041733462,1.5952646862076286e-05,2.6778213540309303e-05,-0.14853087992600456,120,1410,False
-0.02587663487633294,0.00018798918641852277,0.000315559832841998,-0.14810605331837753,120,1512,False
-0.01234077358944187,4.3046316897156886e-05,7.225781877841079e-05,-0.14833290695774273,120,1520,False
0.015790170625216104,0.00046316831283487516,0.0007774772483481657,-0.1488061645118109,120,1610,False
0.028197240736467222,0.0007694028676706562,0.0012915245016794409,-0.1490151980061881,120,1621,False
0.01160126610820263,0.00027283767646770125,0.00045798704286888566,-0.14873537355131125,120,1629,False
-0.023931968238524035,0.0040896600942252,0.006864929203114718,-0.14814839953462255,120,2011,False
-0.0009824588173884849,3.163048293284395e-05,5.309512795474515e-05,-0.14852354002183435,120,2219,False
0.0012592020059769243,1.31600019461525e-05,2.209046218798399e-05,-0.14856112264073743,120,2220,False
0.06579940639100589,0.0004999216525878303,0.0008391716360402702,-0.14964572154483394,120,2393,False
-0.005148577027375397,4.173261243936929e-05,7.005262619791672e-05,-0.148453632435959,120,2593,False
-0.015016137475859117,0.00024175732075650577,0.0004058153619347513,-0.14828849272633102,120,2599,False
0.0010676844288946335,0.0004163659953005819,0.0006989145832336977,-0.14855891329669207,120,2610,False
0.01193654815047823,0.0002701457554824346,0.0004534683673412229,-0.1487409949214212,120,2620,False
-0.004014875800017152,0.0002606787357470891,0.00043757696836178053,-0.14847320850509235,120,2630,False
0.0010372198638297862,2.4798855710670486e-05,4.162751545352158e-05,-0.14855742545743886,120,2640,False
-0.00451540626186052,1.0626577758061763e-05,1.7837840382749046e-05,-0.14846418336746084,120,2651,False
0.030237291950118757,0.000344132670870689,0.0005776632697035014,-0.14904837886434938,120,2710,False
0.018396951526028483,0.0004224541470709298,0.0007091341931568481,-0.1488498207111671,120,2740,False
0.026788101106409723,0.0004185870203840298,0.0007026428099334524,-0.14899066640397957,120,2790,False
-0.0013182565902394678,1.2345508374149829e-05,2.0723248145896302e-05,-0.1485178552182207,120,2813,False
-0.007696094615417903,1.0368991975176578e-05,1.7405455264549953e-05,-0.14841079148111272,120,2819,False
-0.005629507926191956,2.2564052397728422e-05,3.7876160530921334e-05,-0.14844551172938011,120,2829,False
-0.014022652076254038,0.00035116835926497943,0.00058947342057403,-0.14830544187852598,120,2930,False
-0.005139823068262759,2.454258921104646e-05,4.119734489251747e-05,-0.14845373654379787,120,3100,False
0.003847458265286304,3.0137499291367334e-05,5.0588996206872566e-05,-0.14860461163313493,120,3211,False
0.030560013061654272,0.0005803992251177685,0.0009742617963782099,-0.14905438726347442,120,3220,False
0.05359241134079768,0.0003772015133447575,0.0006331728370472496,-0.14944050458899122,120,3240,False
-0.06461205208890267,0.0004902602624304957,0.0008229539656457489,-0.14745658430092254,120,3250,False
0.006827863564803432,2.6618517532039046e-05,4.468201125256e-05,-0.14865463214858607,120,3290,False
0.014162824777733101,9.797691803539786e-05,0.00016446467196678044,-0.1487779355349464,132,1101,False
0.014162824777733101,9.797691803539786e-05,0.00016446467196678044,-0.1487779355349464,132,2620,False
0.02078382605877,9.81872944201776e-05,0.0001648178110918533,-0.14888907678821284,136,2610,False
0.00772740204643038,3.528375756359454e-05,5.922753776920659e-05,-0.14866975348977352,136,2620,False
-0.03300071554552218,3.191629003577904e-05,5.357488555860256e-05,-0.1479860799715349,136,2630,False
0.031010044461143787,0.00018922592029464857,0.0003176358221191229,-0.1490609628099665,136,2651,False
0.02945771915091913,6.795345513226535e-05,0.00011406709795974213,-0.1490346019079277,136,2930,False
-0.017965257440327283,0.0002555477582450326,0.0004289640771965392,-0.14823902272745582,136,3211,False
0.0,0.0,0.0,-0.14853995277868415,140,1610,False
-0.005994786591099686,0.00010951776872287269,0.000183837216649676,-0.1484395968004576,Sri Lanka,1020,False
0.024468744572934784,7.025858349011335e-05,0.00011793650094583961,-0.1489508623342962,Sri Lanka,1030,False
-0.006470235986391451,0.00018407465835412236,0.0003089888813676541,-0.14843180162749045,Sri Lanka,1040,False
0.010086770530643323,0.00020403220988594154,0.0003424897531214982,-0.1487097792601348,Sri Lanka,1061,False
-1.3098789040896288e-05,1.42127909663656e-09,2.385768047093733e-09,-0.14853973290512976,Sri Lanka,1071,False
-0.004965881137407889,0.00017542711844398552,0.00029447306638634934,-0.14845703235098684,Sri Lanka,1073,False
-1.550168233564886e-05,5.654314929007382e-07,9.491368667670221e-07,-0.14853969397631267,Sri Lanka,1079,False
0.009282086918699462,0.00019483640727308948,0.0003270536209128124,-0.14869624879103155,Sri Lanka,1104,False
-0.09263664424020507,0.0005203728776925271,0.000873501191364184,-0.14698623215792214,Sri Lanka,1311,False
-0.0013811157594787802,0.00019533682724648824,0.00032789362903330575,-0.14851725626114273,Sri Lanka,1312,False
-0.03560156761383906,0.0007410333952656352,0.001243903326544327,-0.14794418290407604,Sri Lanka,1391,False
-0.001128844516137262,5.137422019615783e-05,8.623708973023254e-05,-0.14852113200380965,Sri Lanka,1392,False
0.007850977808008655,0.00018234100634812025,0.00030607876218663764,-0.14867219484087316,Sri Lanka,1393,False
0.0014122353138812666,4.990858411342953e-06,8.377686376679185e-06,-0.14856367109584634,Sri Lanka,1394,False
-0.001082185862647975,2.62751192274683e-06,4.410558069475482e-06,-0.14852179368924515,Sri Lanka,1399,False
0.0003584821276341358,3.0440598936618824e-06,5.109778118122259e-06,-0.14854597787263643,Sri Lanka,1410,False
-4.160570416200168e-05,4.1669766292893326e-07,6.99471322604486e-07,-0.148539255421702,Sri Lanka,1430,False
-0.015102360517971033,6.355461676541495e-05,0.00010668318016006647,-0.1482866018002923,Sri Lanka,1512,False
-0.0023835072428946323,6.759623398519257e-07,1.1346746429141531e-06,-0.14849994476091133,Sri Lanka,1520,False
-0.08381784180796645,0.0004839697404164462,0.0008123946557563862,-0.14713417651492017,Sri Lanka,1621,False
-0.023303027676199416,0.00011618681648557227,0.00019503192224581357,-0.14814907562577767,Sri Lanka,1629,False
-8.837853174751882e-05,1.5775070284697385e-08,2.6480132378611064e-08,-0.14853846929041467,Sri Lanka,1702,False
-0.0015782486707380215,1.7687066984934483e-07,2.968962208712029e-07,-0.14851346063798254,Sri Lanka,1709,False
-0.05162760951646457,0.0004418207060473555,0.0007416430210833645,-0.1476744236893423,Sri Lanka,2013,False
-0.12528605174698917,0.0005512657566276422,0.0009253581726006986,-0.14643824829808347,Sri Lanka,2023,False
0.02015068067839958,0.0007087313283130538,0.0011896808734223995,-0.148879974570828,Sri Lanka,2029,False
0.01745508864943813,0.000860753395883571,0.001444866073937319,-0.1488351054645437,Sri Lanka,2030,False
-0.05047403536354963,0.0006921465609503118,0.0011618415784266816,-0.1476944084157486,Sri Lanka,2211,False
0.00012414809737455328,1.3156435109044985e-08,2.2084474872740675e-08,-0.14854203676927397,Sri Lanka,2219,False
0.005299415354422848,4.456862350189159e-06,7.481317223717239e-06,-0.14862892021814067,Sri Lanka,2220,False
0.0004820382243408144,1.0184332300538827e-07,1.7095484371162411e-07,-0.14854804455664122,Sri Lanka,2310,False
0.00103312078380185,3.0957930188259976e-07,5.196617667993165e-07,-0.14855729558125344,Sri Lanka,2392,False
0.03550715289877001,0.000789482303028551,0.0013252299683917256,-0.14913795450541595,Sri Lanka,2393,False
0.012274624827075413,0.0007158020908939437,0.0012015499000435565,-0.14874778268328967,Sri Lanka,2395,False
-0.029636850918670545,0.00040746584248469207,0.000683974730637082,-0.1480434793117342,Sri Lanka,2396,False
2.529620208493251e-05,4.400210028041792e-06,7.386220278794387e-06,-0.14854038837384653,Sri Lanka,2399,False
-0.00017238850398019554,5.202425976037175e-07,8.732825023862134e-07,-0.1485370603515423,Sri Lanka,2593,False
-0.12200232325727303,0.00045315114819057716,0.0007606623726580925,-0.1464931284112275,Sri Lanka,2599,False
0.044331929255935355,0.0006835007984350598,0.0011473287469916298,-0.14928582413570465,Sri Lanka,2610,False
0.01936724202489803,0.0004917266884970304,0.0008254155176809848,-0.14886628128903037,Sri Lanka,2620,False
-0.09527487793748453,0.0004789247047127665,0.0008039260270354194,-0.14694184397808382,Sri Lanka,2630,False
0.005753695581157018,6.145226342277025e-06,1.0315415659217464e-05,-0.14863655000772777,Sri Lanka,2651,False
0.0032144739340209776,2.762781179006614e-06,4.6376218953647415e-06,-0.1485939180319087,Sri Lanka,2670,False
0.032451718200328945,0.0005899853059197809,0.0009903530520143633,-0.1490861658445712,Sri Lanka,2710,False
0.028846114587126798,0.0006912949932555586,0.0011604121315285407,-0.1490258947902996,Sri Lanka,2740,False
0.006401298382361472,0.0006863456429659752,0.0011521041209465897,-0.14864911796929015,Sri Lanka,2790,False
-0.0002667558963928425,4.951436502976866e-06,8.311512512898427e-06,-0.1485354873429446,Sri Lanka,2813,False
0.00026504442694306595,8.391444205097355e-08,1.4085931117166448e-07,-0.14854440204037386,Sri Lanka,2816,False
-0.0018926822203565127,5.232919984048847e-06,8.78401245785327e-06,-0.1485081951406537,Sri Lanka,2817,False
0.0032562899934656313,6.343889962839973e-06,1.0648893664473903e-05,-0.1485946288913773,Sri Lanka,2819,False
-0.0006944684469191449,3.3273629911130836e-07,5.585332482596666e-07,-0.1485282962171556,Sri Lanka,2824,False
-0.001349882990775228,4.625610598005976e-06,7.76457909578526e-06,-0.1485173050894885,Sri Lanka,2826,False
-0.0023799921926661626,9.77402144114527e-07,1.6406733977215657e-06,-0.1485000045161748,Sri Lanka,2829,False
0.008706181553967764,9.420915615083828e-06,1.5814008312669107e-05,-0.14868611880406074,Sri Lanka,2920,False
-0.027604034322995123,0.0005991865123241779,0.0010057982550615856,-0.14807807908594373,Sri Lanka,2930,False
-0.19491202080983686,0.001851280703338237,0.003107571453543296,-0.14527266176773068,Sri Lanka,3030,False
-0.0019257027100631013,6.158359444360476e-07,1.0337460967126421e-06,-0.14850762934684633,Sri Lanka,3100,False
0.00015720079985297424,6.201931723149833e-08,1.0410601668851164e-07,-0.14854259171585746,Sri Lanka,3211,False
-0.0033149173252908187,1.8561760108661377e-06,3.115788747604963e-06,-0.14848431299404638,Sri Lanka,3212,False
-0.0006037362616829811,5.99496935380622e-07,1.0063193331601084e-06,-0.14852981991843842,Sri Lanka,3230,False
-0.023947689198626727,0.00018722110830940442,0.00031427053208837175,-0.14813843091428716,Sri Lanka,3240,False
-0.06557806506026549,0.0007773290543837453,0.001304829448638935,-0.14744107910112816,Sri Lanka,3250,False
0.000928816516492243,3.358043097126178e-07,5.636832301865595e-07,-0.1485555447886374,Sri Lanka,3290,False
0.058244242546545526,0.0006528089244382958,0.0010958091739111631,-0.1495192827500573,Chile,1010,False
0.012446966805862327,0.00010646360419459973,0.00017871047682822632,-0.14874915417809345,Chile,1020,False
0.003164547626729824,6.781663764620926e-05,0.0001138374352655614,-0.1485932422292805,Chile,1030,False
0.017597859121201334,0.00018010869457915524,0.0003023315895854565,-0.14883580152837836,Chile,1040,False
0.033318988594007067,0.0003904938794204611,0.0006554854864971245,-0.14910022475098622,Chile,1050,False
0.02627400692092899,0.00019985564026360372,0.0003354789370368767,-0.1489814897159021,Chile,1061,False
-0.0610773221323395,0.000900499380743087,0.0015115839345619538,-0.14751693484317646,Chile,1062,False
-0.0002019977283864807,1.193637396946234e-08,2.0036472556231998e-08,-0.14853656206184906,Chile,1071,False
-0.0027628809369743814,3.7421635900693603e-07,6.281619381663251e-07,-0.1484935758179671,Chile,1072,False
-0.026091322082652923,0.00017155594599715888,0.00028797489192484846,-0.1481024086999419,Chile,1073,False
-0.03067557357269086,0.0003590211950905872,0.0006026552402716138,-0.1480259227538055,Chile,1074,False
-0.0005768995930798507,8.080308428133476e-07,1.3563656641488347e-06,-0.14853027092037785,Chile,1079,False
0.0006043431023908352,3.981624618536784e-07,6.68358017289261e-07,-0.148550098312927,Chile,1080,False
0.0020389344287146884,6.376668896170195e-06,1.0703916588502074e-05,-0.14857419436373565,Chile,1101,False
-0.020405749263898366,0.0007035715444068627,0.0011810196276456687,-0.14819917084706977,Chile,1102,False
0.05765930351641241,0.0004382051943388923,0.0007355740003481989,-0.14950892522940556,Chile,1103,False
0.007738019237781182,0.0001907555347345151,0.0003202034425559835,-0.14867031970466388,Chile,1104,False
-0.07326736552281149,0.000513689956596926,0.0008622831979040221,-0.1473113524054819,Chile,1311,False
0.030029660964282105,0.00019125068967459186,0.00032103461275836764,-0.14904451104426839,Chile,1312,False
-0.10695698669625654,0.0007330542714911201,0.0012305095190999669,-0.14674637178871483,Chile,1391,False
-0.002980990697290863,4.92892122699171e-05,8.27371822876099e-05,-0.14849003653747941,Chile,1392,False
0.02334999354903679,0.00017839386481121642,0.00029945306553185195,-0.14893235322417867,Chile,1393,False
-0.008733475934145071,4.355858479240391e-06,7.311771489517246e-06,-0.14839336295154087,Chile,1394,False
-0.002707513067772703,2.1726955048388114e-06,3.647100364576828e-06,-0.14849450970947192,Chile,1399,False
-0.0021816886050437015,3.578441919493308e-06,6.0067951538240414e-06,-0.14850333973658308,Chile,1410,False
-0.0007516161247210067,2.485697159595414e-07,4.1725069144746916e-07,-0.1485273367227866,Chile,1430,False
0.03557562143869257,0.000738208886391132,0.0012391620881503553,-0.14913897547541669,Chile,1511,False
-0.0003579809387721086,6.123315062596332e-05,0.0001027863524708248,-0.14853409636086937,Chile,1512,False
0.0008427484140760694,4.5591626839766596e-07,7.653039208607342e-07,-0.14855410034355476,Chile,1520,False
0.010542257444335986,0.00024447173819630683,0.00041037180015274563,-0.14871752607120128,Chile,1610,False
0.020283260511670304,0.00047752558085372094,0.0008015774489097461,-0.14888162226919097,Chile,1621,False
-0.0008967193825117547,0.00044609783156147236,0.000748822630921529,-0.14852601258702208,Chile,1622,False
-0.022876110337251003,0.0007466283749629508,0.001253295094718208,-0.14815780980370205,Chile,1623,False
0.007475504960957147,0.00011304038712756305,0.00018975030609980786,-0.14866571916964755,Chile,1629,False
-1.1283596249033227e-05,8.063569302001128e-07,1.3535558238889352e-06,-0.14853976538209515,Chile,1701,False
5.299568715999274e-05,4.5602417216592824e-10,7.65485048806041e-10,-0.1485408423687651,Chile,1702,False
6.040061629234046e-05,3.22071592129741e-07,5.406314039220888e-07,-0.14854096747029416,Chile,1709,False
-0.08439898032362234,0.0048770953597011306,0.008186723001372232,-0.14713527173412627,Chile,2011,False
-0.0002045466690642993,5.768174256902545e-07,9.682493652902667e-07,-0.14853652068361267,Chile,2012,False
-0.017415851832219276,0.0004356645110363624,0.0007313091933477268,-0.14824869334877916,Chile,2013,False
0.00016439428372941098,1.474850620241092e-06,2.475693544170471e-06,-0.14854271598895172,Chile,2021,False
0.0007487816124967517,3.0399080659856074e-06,5.102808834024197e-06,-0.14855252945436384,Chile,2022,False
-0.03590173881339841,0.0005581880121725638,0.0009369779143755363,-0.14793869008164673,Chile,2023,False
-0.05192856423028602,0.0007165773219529033,0.0012028512077838568,-0.14767005287851032,Chile,2029,False
-0.0019920965422138247,2.463681712703467e-07,4.135551646602538e-07,-0.14850651393476091,Chile,2100,False
0.02951753056989107,0.0006844358479108362,0.0011488983269334148,-0.149037148192032,Chile,2211,False
-0.0001709581608208463,6.846337750789882e-08,1.1492305687250138e-07,-0.1485370832349279,Chile,2219,False
0.0024912293501535934,5.098933354621778e-06,8.559101657447238e-06,-0.14858178342879408,Chile,2220,False
0.0008704369849397021,2.9644381343488188e-08,4.9761245312426435e-08,-0.14855456406268217,Chile,2310,False
-0.0038891671681907506,1.6764515955367421e-07,2.814102211589497e-07,-0.14847466939136536,Chile,2392,False
0.02912021958996176,0.000797762021126888,0.001339128355362098,-0.1490307623327829,Chile,2393,False
-0.0007177996050137926,3.8052858513182792e-06,6.387576807129054e-06,-0.14852791323662037,Chile,2399,False
0.000344419900999814,3.285842705325844e-08,5.5156362692548846e-08,-0.14854573431477663,Chile,2410,False
-0.00011319318483269385,1.089255800678415e-06,1.8284316504195993e-06,-0.14853805542666806,Chile,2420,False
-0.0028622588821587505,1.0597775268097307e-05,1.778949234161022e-05,-0.14849193313669837,Chile,2431,False
-0.0033780485700068514,1.6606188472031563e-06,2.7875252604745923e-06,-0.14848325278154537,Chile,2511,False
-0.0011025493490999724,1.5275592369198303e-06,2.5641705602443956e-06,-0.14852144912418178,Chile,2512,False
0.00013269313881870826,3.298490649183703e-07,5.536867187509381e-07,-0.14854218099653166,Chile,2593,False
-0.01647386781526753,0.0004594292468214522,0.0007712008285781788,-0.14826456481307096,Chile,2599,False
0.008780059517097712,0.0006912062573935739,0.0011602631789514883,-0.14868906059539092,Chile,2610,False
-0.027897043588851148,0.0004982656485530312,0.0008363918572329751,-0.1480729097169686,Chile,2620,False
-0.03357478020855183,0.0004853782662747922,0.0008147590161373272,-0.14797757006315043,Chile,2630,False
-0.0001076415397257074,8.20670275136807e-07,1.3775822948880568e-06,-0.14853814794725104,Chile,2640,False
-0.001053690138553672,6.895404764715214e-06,1.1574669885996456e-05,-0.1485222826605893,Chile,2651,False
0.03389154542723894,0.0005097127490537267,0.0008556070322616228,-0.14911013419252603,Chile,2652,False
-0.0015302276554654897,9.180302082614405e-07,1.5410112920960061e-06,-0.1485142685694615,Chile,2660,False
0.003859067602334909,2.295855371735264e-06,3.853837293179536e-06,-0.14860473705760155,Chile,2670,False
-0.007471181344053253,0.0005971457919561401,0.0010023726889932182,-0.1484160287396219,Chile,2710,False
-2.4420360189133687e-05,1.3859354895345555e-07,2.3264400455122394e-07,-0.1485395432025476,Chile,2720,False
-0.13964992888213895,0.002140697131913448,0.003593387694162565,-0.14620103384308536,Chile,2731,False
-0.003691696824468057,1.8087707684161145e-06,3.036214008927921e-06,-0.14847798823128427,Chile,2732,False
-0.02578983607329471,0.0006990441388940499,0.0011734198962246789,-0.1481087809032434,Chile,2740,False
-0.001714963956468188,2.5901604269408414e-07,4.3478596132637747e-07,-0.1485111659313567,Chile,2750,False
-0.011581990882788277,0.0006940670760820948,0.0011650653672280584,-0.14834726509255322,Chile,2790,False
-0.0005885446851478511,5.764015219443737e-07,9.675512266418216e-07,-0.1485300748676196,Chile,2811,False
0.00016706173936967492,2.3661277968100586e-08,3.9717970286966374e-08,-0.14854275714656595,Chile,2812,False
0.0002667628882983961,5.627028831948208e-06,9.445566053216995e-06,-0.1485444447081995,Chile,2813,False
0.00017170497207951466,7.647271336609299e-08,1.2836757851089142e-07,-0.14854283521984543,Chile,2814,False
-6.310883032927007e-05,2.037080432936045e-08,3.4194560503702755e-08,-0.14853889348067398,Chile,2816,False
0.001598041970935267,4.582185814090437e-06,7.691685979885073e-06,-0.14856678903919177,Chile,2817,False
0.00027501248560215526,3.0374337563315545e-08,5.098655442248279e-08,-0.14854456923133375,Chile,2818,False
0.0030579094665965103,7.105751573270628e-06,1.1927759364232816e-05,-0.14859130076328209,Chile,2819,False
0.136105191266642,0.003581325989269252,0.006011636371522463,-0.15083369066828284,Chile,2821,False
-0.0001517935101656735,2.4344731160156265e-07,4.0865219121589615e-07,-0.14853740537025936,Chile,2822,False
-0.0013515708012651437,5.238669841566501e-07,8.793664204912257e-07,-0.1485172665320626,Chile,2824,False
-0.0016640197559782868,1.0500239202449815e-06,1.7625767687239587e-06,-0.14851202305584882,Chile,2825,False
-0.0063448848230400565,4.015093026987326e-06,6.739760454202132e-06,-0.14843345714631284,Chile,2826,False
0.0005529084178629363,1.289564822358452e-06,2.164671636358857e-06,-0.14854923714982834,Chile,2829,False
0.041566686598224024,0.002496425266357524,0.004190515182083371,-0.14924394788933348,Chile,2910,False
0.004563633870612852,8.540406795149267e-06,1.433598065944087e-05,-0.1486165795300349,Chile,2920,False
0.00809440257075951,0.0006064024508253994,0.0010179109748973648,-0.14867733933321947,Chile,2930,False
0.0009485755392937454,4.1058990191990074e-07,6.892187964897218e-07,-0.1485558766513315,Chile,3011,False
-0.13578120973005206,0.0018639480975948125,0.0031288350213596354,-0.14626529723642548,Chile,3030,False
-0.00019412892526648356,1.1379157553892285e-05,1.910112557003546e-05,-0.14853672249049846,Chile,3091,False
-0.00052647756553568,4.825728550304909e-07,8.100498351457468e-07,-0.14853111649627176,Chile,3092,False
0.003971986589711709,8.680755560065003e-07,1.4571570980565992e-06,-0.14860662896128593,Chile,3100,False
-0.0018128656645170847,1.5680835572644772e-07,2.632194939718663e-07,-0.1485095222923169,Chile,3211,False
-0.0026803834021102936,1.4773477198244712e-06,2.4798851912653563e-06,-0.14849496337650997,Chile,3212,False
-0.021689897626512605,0.0003314483393193119,0.0005563712708373866,-0.14817668920297386,Chile,3220,False
0.02119788981810931,0.00018322120859588976,0.0003075562752258979,-0.14889623983257916,Chile,3240,False
-0.030272214768545122,0.0007855449634098085,0.0013186207252985276,-0.1480337534778809,Chile,3250,False
-0.0005452281853950503,5.277148055465682e-07,8.858253977214648e-07,-0.14853080185973283,Chile,3290,False
-0.0274171265958563,0.0004511401793922544,0.0007572867477621134,-0.14808084856073506,Chile,Wastes,False
0.0076708622259032255,0.0005991891435850332,0.001005802671912637,-0.14867021168431066,Colombia,1010,False
-0.0006045637801284408,8.549470648001215e-05,0.00014351195299949486,-0.1485300176913065,Colombia,1020,False
0.006027368021283683,5.1312871798398404e-05,8.61341099231973e-05,-0.1486412565888972,Colombia,1030,False
-0.004830587285268382,0.00015248971581270632,0.0002559701978009098,-0.1484592462475646,Colombia,1040,False
0.0180527150751389,0.00034928367556087865,0.0005863097786329344,-0.14884385947754003,Colombia,1050,False
-0.012246113846782149,0.00017070063702675782,0.00028653916489783143,-0.14833481377736107,Colombia,1061,False
-0.056990728266033276,0.0008373231405848532,0.0014055358997588524,-0.14758537718848388,Colombia,1062,False
0.0008571645653069893,1.3948534539221309e-06,2.341409796725317e-06,-0.1485543446753533,Colombia,1071,False
-0.000527938069565104,2.1164891640254603e-07,3.552752046731383e-07,-0.14853109130467718,Colombia,1072,False
-0.004524530412049288,0.0001446283146050717,0.00024277400019908523,-0.14846436415897257,Colombia,1073,False
0.0004994308757543023,3.8836221736729705e-06,6.519072651430807e-06,-0.14854834594080826,Colombia,1079,False
-3.574493147348476e-05,1.9429077219739602e-07,3.261377144367067e-07,-0.14853935324645498,Colombia,1080,False
0.004971074419352878,1.2938352393835787e-05,2.1718399852851324e-05,-0.14862342982574556,Colombia,1101,False
-0.019353114931509877,0.0006478622163477529,0.0010875055985411703,-0.14821670203693665,Colombia,1102,False
0.023260596353746135,0.00039448179670312016,0.0006621796295756628,-0.14893139280807352,Colombia,1103,False
-0.016821395060525053,0.00016229848487475448,0.0002724352593535178,-0.14825799168832623,Colombia,1104,False
-0.07560796842620732,0.00046028150585900176,0.0007726314359686938,-0.14727193052585533,Colombia,1200,False
0.03210873189600528,0.0004662552273106392,0.0007826589624378313,-0.14908009876421588,Colombia,1311,False
0.008778247808350834,0.00016275524002621605,0.0002732019714287754,-0.14868771121727084,Colombia,1312,False
0.03291423547465613,0.0006761658681579757,0.0011350162868111206,-0.14909414545212127,Colombia,1391,False
-0.0007442330270942788,3.538872350480863e-05,5.940373425951895e-05,-0.1485275482671073,Colombia,1392,False
0.005308375093902542,0.00015091216342150567,0.00025332210841688273,-0.14862943600871212,Colombia,1393,False
0.0012342412756333842,1.0308014463112985e-06,1.73030980285807e-06,-0.14856067340106635,Colombia,1394,False
-0.0004984137579196689,1.6178188445079076e-07,2.715680906267531e-07,-0.14853158677730305,Colombia,1399,False
-1.86727358876399e-06,8.782109634956648e-06,1.4741704569311134e-05,-0.14853994333183163,Colombia,1410,False
0.01642658719289948,0.0014799466500888697,0.002484247771983035,-0.14881938754866286,Colombia,1420,False
0.0003855950809231565,3.285786043238519e-07,5.515541155918071e-07,-0.14854642622132277,Colombia,1430,False
0.0029882693676601423,0.000681116790783786,0.0011433269367265692,-0.14859181294680374,Colombia,1511,False
-0.015484364034122525,4.5608086754073185e-05,7.655802180194238e-05,-0.14828014478868315,Colombia,1512,False
-0.00030028565353860503,1.5726753323704773e-07,2.639902722344369e-07,-0.14853491255690054,Colombia,1520,False
-0.0011495623075567947,0.00021210446280891902,0.0003560398877412739,-0.14852118494801575,Colombia,1610,False
-0.05962685660304633,0.00043183222561599544,0.0007248762948938683,-0.14754012209002765,Colombia,1621,False
0.015791128288800336,0.00040197213510797765,0.000674752958818679,-0.14880602772621393,Colombia,1622,False
0.09473817711172847,0.0006892050941910095,0.0011569040137903346,-0.15013197067192885,Colombia,1623,False
0.002026117619295076,9.139856870350217e-05,0.00015342221332808115,-0.14857419126251997,Colombia,1629,False
-0.00039492230194691606,3.021048492245027e-08,5.071151034709085e-08,-0.1485333236633631,Colombia,1701,False
-0.001633567211310408,1.1949553881849132e-06,2.005859644021109e-06,-0.14851253459549701,Colombia,1702,False
0.001915446053154705,2.687301030910081e-06,4.510920443169486e-06,-0.14857211227879444,Colombia,1709,False
-0.008200341320973971,0.00043237861951466686,0.0007257934751350061,-0.14840337843460433,Colombia,1811,False
0.002946023563592916,0.005027942934814964,0.008439936691448885,-0.14860194682608596,Colombia,2011,False
0.0013472524759250925,9.753157347000784e-08,1.6371711377320063e-07,-0.14856256808685775,Colombia,2012,False
-0.01964940703371746,0.00039207138522526235,0.0006581334976809279,-0.1482110920209509,Colombia,2013,False
1.9011224501687776e-05,2.0348695006493597e-08,3.415744765502761e-08,-0.1485402719530341,Colombia,2021,False
-0.00018783263861816836,4.51245087344868e-07,7.574628469123958e-07,-0.14853680093328803,Colombia,2022,False
-0.03697463690758714,0.0006099807473883669,0.0010239175260548085,-0.1479208087808673,Colombia,2023,False
-0.00478483012452352,0.0007751072125504775,0.0013010998509377862,-0.14846156595193505,Colombia,2029,False
0.08613521053613662,0.0007907265310000234,0.0013273185373045197,-0.14998781466619113,Colombia,2030,False
0.002607240845069062,2.459064038801384e-06,4.127800390094538e-06,-0.14858372422103128,Colombia,2100,False
0.1757413246037261,0.0006295050609605434,0.001056691161839764,-0.15149155852485302,Colombia,2211,False
0.000741381944501423,1.7780635706466014e-06,2.984668713265963e-06,-0.14855240209651607,Colombia,2219,False
0.0030789378062037616,1.1088015665114245e-05,1.8612412961047598e-05,-0.14859166367919704,Colombia,2220,False
0.0010763151516654358,8.092981343336814e-07,1.3584929476800706e-06,-0.14855802189078887,Colombia,2310,False
0.0009277413068078198,4.386949207277502e-07,7.363960581503017e-07,-0.1485555269966742,Colombia,2392,False
0.006846729780546271,0.0008594552207681792,0.001442686949008821,-0.14865702707172118,Colombia,2393,False
0.0019025652559025914,1.4029088756374167e-06,2.354931678373808e-06,-0.14857189285771694,Colombia,2394,False
-0.04356501925009304,0.000652073964370986,0.0010945754653111938,-0.14781028551564068,Colombia,2395,False
-0.026292256830088904,0.0003597487649423354,0.000603876543609176,-0.14809950363702282,Colombia,2396,False
-0.00012200589932758737,7.725157691094591e-07,1.2967498376490077e-06,-0.14853790670613548,Colombia,2399,False
0.003457147852698864,7.93019622711518e-07,1.3311677355002056e-06,-0.14859798665846288,Colombia,2410,False
0.003170739167776892,4.475169365835367e-06,7.51204749553347e-06,-0.1485931881685336,Colombia,2420,False
0.016064365179795016,4.7682706045011e-06,8.004049081588676e-06,-0.14880962213560303,Colombia,2431,False
0.0003494567442280836,4.7030246826317894e-08,7.894526866024298e-08,-0.1485458188988819,Colombia,2511,False
2.1926449578520377e-05,2.6948258072345e-08,4.523551580121272e-08,-0.14854032090464134,Colombia,2512,False
0.005907654881693132,1.0055009696889094e-05,1.6878402633814242e-05,-0.1486391441336828,Colombia,2520,False
0.001082736613562316,2.474669991169258e-07,4.153996640072358e-07,-0.14855812828081258,Colombia,2593,False
0.008093706110841935,0.0005065239131322227,0.0008502542321909311,-0.1486770783725963,Colombia,2599,False
-0.11427197223397081,0.000748711177829281,0.0012567913007333707,-0.1466236190053762,Colombia,2610,False
0.0037572214566697145,0.0005472628714042688,0.0009186389042425642,-0.14860438687250957,Colombia,2620,False
0.015214463954530619,0.0005337526470819044,0.0008959605565671198,-0.14879667688882267,Colombia,2630,False
0.0005318152921981074,3.911273413503411e-06,6.565488196840647e-06,-0.14854888961664847,Colombia,2640,False
0.004983654621163645,1.3672953499863276e-05,2.2951505898150646e-05,-0.14862364283053922,Colombia,2651,False
-0.04142555503104445,0.0004624664621730738,0.0007762991174049049,-0.14784572852679448,Colombia,2652,False
1.7245987487394635e-05,1.2915526574705344e-08,2.1680084289033476e-08,-0.14854024230312043,Colombia,2660,False
0.0016134544372329567,1.9662360341427372e-07,3.300536196165271e-07,-0.1485670368168822,Colombia,2670,False
-0.16621991601375236,0.004834167757690851,0.008114664458150957,-0.14576160285994127,Colombia,2680,False
-0.01648723246999389,0.0006506760281435973,0.0010922288807515028,-0.14826481644672754,Colombia,2710,False
0.0003441362293195696,4.893056816861663e-07,8.213516003935045e-07,-0.14854573069119625,Colombia,2720,False
0.00649837987923086,0.0022410238812887477,0.003761796807822792,-0.14865462707781593,Colombia,2731,False
-0.0001858627446763756,7.459456661832436e-08,1.2521490954588435e-07,-0.14853683306093107,Colombia,2732,False
0.026569659215970758,0.0007568676820570588,0.0012704828601242516,-0.1489878456174799,Colombia,2740,False
-0.0005451444473218854,3.167992676026982e-07,5.317812467500778e-07,-0.14853080273950078,Colombia,2750,False
-0.01582894539289922,0.0007516885018156485,0.0012617890555370057,-0.14827611803576643,Colombia,2790,False
9.72592027893878e-05,9.7702699053453e-08,1.64004366255834e-07,-0.14854158562140515,Colombia,2811,False
0.0001777644402091393,8.426564353714966e-07,1.4144884019928026e-06,-0.14854293884490108,Colombia,2812,False
0.0015971688727065708,1.1860594262992176e-05,1.9909268263463247e-05,-0.14856679253458027,Colombia,2813,False
-0.0001886903628003001,6.324200590745369e-07,1.0615842960413167e-06,-0.148536786987208,Colombia,2814,False
0.008929282546306072,6.171916002213858e-06,1.036021709055898e-05,-0.14868985568273238,Colombia,2815,False
0.00032521079982192645,8.631508133897289e-07,1.4488903940692834e-06,-0.14854541393992174,Colombia,2816,False
-0.001880222731192502,1.142373304657037e-06,1.9175950272915076e-06,-0.14850839408923508,Colombia,2817,False
-0.0004428888473088493,8.055117744718229e-07,1.3521371401581014e-06,-0.14853252042695017,Colombia,2818,False
0.003672609738474494,1.3968510015901652e-05,2.3447628928274275e-05,-0.1486016362807256,Colombia,2819,False
0.02987945991689056,0.0037107549553588325,0.00622889664953235,-0.14905079549556058,Colombia,2821,False
0.0020284877002152476,2.44981732440977e-06,4.112278797053227e-06,-0.14857400921081243,Colombia,2822,False
0.00017421509122854503,3.2240787627306193e-06,5.411958926039937e-06,-0.14854288520326273,Colombia,2824,False
-3.9348607257543245e-05,2.2164020541333634e-09,3.7204664536176308e-09,-0.1485392922760097,Colombia,2825,False
-0.0027181212896777726,8.685946912048533e-07,1.4580285216716254e-06,-0.14849432838853643,Colombia,2826,False
0.005148268734193546,4.872506618046551e-06,8.179020310717193e-06,-0.14862638409823087,Colombia,2829,False
0.012906591266104703,0.0026046758787820604,0.0043722253421863075,-0.14876310789122435,Colombia,2910,False
-0.0006924663861646834,3.4247648182704397e-06,5.748831803391917e-06,-0.14852833753293798,Colombia,2920,False
0.006648232309695266,0.000660337121856597,0.0011084460535326955,-0.14865319816564831,Colombia,2930,False
-0.000579905051851057,1.8577180414754333e-07,3.1183772099020614e-07,-0.14853021891911722,Colombia,3011,False
-0.02924857512791196,0.0013494019925482513,0.0022651146872734646,-0.1480523379088851,Colombia,3012,False
-0.00044960658047730703,2.3783272174522032e-08,3.992275053055091e-08,-0.14853240571359275,Colombia,3020,False
0.03499059218176579,0.001957642203342789,0.00328611053763475,-0.14913220771299715,Colombia,3030,False
-0.0014193058820093126,1.422125465189924e-07,2.387188766680378e-07,-0.1485161285752543,Colombia,3092,False
0.007663012516657357,1.2078101820265483e-05,2.027437781961734e-05,-0.1486686147312718,Colombia,3099,False
-0.0006690181427225512,4.013976795125255e-06,6.737886740365082e-06,-0.14852873260568333,Colombia,3100,False
0.0020239067534025346,2.1543657281328235e-06,3.616331885902234e-06,-0.14857393157789958,Colombia,3211,False
-0.00018229605586697102,2.0642939235930326e-08,3.4651367872593e-08,-0.14853689279707394,Colombia,3212,False
0.012803890037723534,0.00029357180672011997,0.0004927914845563507,-0.14875561273862287,Colombia,3220,False
-2.2620631080593053e-08,1.9755102310089054e-07,3.3161039214615356e-07,-0.14853995289154673,Colombia,3230,False
-0.0014842316935735015,0.0001553547227792547,0.00026077941654736685,-0.1485154256696149,Colombia,3240,False
-0.0005947835512877,0.0008467727804528947,0.0014213981247835276,-0.14853207993671386,Colombia,3250,False
0.004979492140784472,3.2336140257017496e-06,5.4279648785449685e-06,-0.14862354691475105,Colombia,3290,False
0.050505091650629566,0.00040675932826418507,0.0006827887714147929,-0.1493887544390985,Colombia,Wastes,False
0.009848099015499476,4.417595500182383e-05,7.415403641875441e-05,-0.14870537386032412,178,1610,False
-0.07345763407686846,0.0001654636153991275,0.0002777482673952178,-0.1473072974479707,178,1621,False
-0.017249977707097432,0.00010250919884732243,0.00017207258709557848,-0.14825064866469825,178,2829,False
-0.02369920960144109,8.807978151756664e-05,0.00014785127624609165,-0.14814235538339027,178,3211,False
-0.007650935144447613,6.425290840318053e-05,0.00010785533690315537,-0.14841168376918557,180,1610,False
-0.007650935144447613,6.425290840318053e-05,0.00010785533690315537,-0.14841168376918557,180,3211,False
0.0,0.0,0.0,-0.14853995277868415,184,1410,False
0.023783325545350356,0.0007089447167347538,0.0011900390685716255,-0.1489409536354131,Costa Rica,1010,False
-0.0029080978063099495,0.00012982346963075016,0.00021792249413986076,-0.14849146086196327,Costa Rica,1020,False
0.005316776727370201,8.669427101330554e-05,0.00014552554958353726,-0.14862941682161557,Costa Rica,1030,False
0.08586091713276789,0.00021014410901179688,0.0003527492255052354,-0.14998174860322777,Costa Rica,1040,False
-0.014899243434905894,0.0004341725695250826,0.000728804810926169,-0.14829093389104486,Costa Rica,1050,False
-0.005535718472488418,0.0002314329617094048,0.00038848482778450113,-0.148447606556028,Costa Rica,1061,False
0.0017070692655295552,9.343858361164514e-07,1.568465952070239e-06,-0.14856861008118583,Costa Rica,1071,False
0.001012234575073841,2.848069115819158e-06,4.780786763497569e-06,-0.1485569513142333,Costa Rica,1072,False
0.03747320966631922,0.0002008973653889646,0.00033722758339621746,-0.1491694834779742,Costa Rica,1073,False
0.005339565347163951,0.00040095035163394637,0.0006730377866409124,-0.14863058339903643,Costa Rica,1074,False
4.869975516474246e-05,3.1323586582326784e-08,5.2579969807013134e-08,-0.1485407703339456,Costa Rica,1079,False
-0.0005709028450484781,2.9134776493953563e-06,4.8905819400977454e-06,-0.14853037683155437,Costa Rica,1080,False
-0.0018769769949745674,2.100518718219595e-06,3.525943955771878e-06,-0.14850845096090293,Costa Rica,1101,False
-0.004823078318471017,0.00048440670304674484,0.000813128143980907,-0.14846019945379246,Costa Rica,1103,False
-0.006827598295884558,0.00022163222983762005,0.0003720332575101116,-0.1484258964771801,Costa Rica,1104,False
0.09790615430432595,0.0005570472157077817,0.0009350629662415945,-0.15018481597649846,Costa Rica,1200,False
-0.016777974018806655,0.0005636170103142345,0.0009460910648642621,-0.1482597193215816,Costa Rica,1311,False
0.028048705763196596,0.0002221659316267289,0.00037292913269616475,-0.14901133582765644,Costa Rica,1312,False
-0.06152513204101491,0.0007924712041744893,0.0013302471566883638,-0.14750915027182243,Costa Rica,1391,False
0.0072724448058506305,6.555359873347996e-05,0.0001100386838872458,-0.1486621920813515,Costa Rica,1392,False
-0.023517715031121433,0.00020829147613328258,0.0003496393842819215,-0.148145700908037,Costa Rica,1393,False
-0.004749933108810287,1.0004312274215452e-05,1.679330162066981e-05,-0.1484602450336031,Costa Rica,1394,False
0.007898151101480401,6.501973086709122e-06,1.0914252992282422e-05,-0.1486725478672341,Costa Rica,1399,False
0.002982955247459566,6.655083431752847e-07,1.1171264982221103e-06,-0.14859002651336256,Costa Rica,1410,False
0.0011405542489013427,2.4789171425145634e-06,4.161125935081888e-06,-0.14855910437590392,Costa Rica,1430,False
0.0030204212390848193,7.922871683510655e-05,0.00013299382329955552,-0.1485908513765745,Costa Rica,1512,False
0.004238012181193763,3.066371470936573e-06,5.147230472320803e-06,-0.14861109996755062,Costa Rica,1520,False
0.03284510538947904,0.00027927363389372627,0.00046879048155717913,-0.14909199171638796,Costa Rica,1610,False
-0.08417588374968828,0.0005257045915484353,0.0008824510398378406,-0.14712826942508286,Costa Rica,1621,False
-0.09684855131852142,0.0004927031797786471,0.0008270546620991781,-0.14691546196500174,Costa Rica,1622,False
-0.014134199142756553,0.0008065822335156377,0.0013539340194540117,-0.1483047031691066,Costa Rica,1623,False
-0.01015258379178427,0.000137075750370704,0.00023009621828656832,-0.1483698722609061,Costa Rica,1629,False
-0.005212766197073131,3.896138525115325e-06,6.540082677827473e-06,-0.14845246066575732,Costa Rica,1701,False
-0.0008146251053587023,1.112044789247179e-06,1.8666853902245438e-06,-0.14852628120285444,Costa Rica,1702,False
-0.0005942721782611234,2.584467147199822e-07,4.338302838017144e-07,-0.14852997793282277,Costa Rica,1709,False
0.01684863546688342,0.000526307437490426,0.0008834629808345984,-0.1488240898410041,Costa Rica,1811,False
0.20968140797426962,0.004727980743424097,0.007936418266918405,-0.15207174715488578,Costa Rica,2011,False
0.008638755034391968,0.00048173524901500426,0.0008086438244103954,-0.14868616580651695,Costa Rica,2013,False
-0.0026039389644109817,5.245585606276754e-06,8.805273051131122e-06,-0.14849625597065416,Costa Rica,2021,False
0.005290361910969095,7.949147624052869e-06,1.3343489289314412e-05,-0.1486287769593323,Costa Rica,2022,False
0.001353152446131788,0.000508507588038773,0.0008535840413882021,-0.14856393499894746,Costa Rica,2023,False
-0.045636739287812936,0.0006601339410224577,0.001108104992904267,-0.14777552910544428,Costa Rica,2029,False
-0.2800130437879112,0.0009161237097569081,0.0015378110316934509,-0.14384184819784812,Costa Rica,2030,False
0.0004146952402527065,3.358610258917637e-07,5.637784343222424e-07,-0.14854691471659243,Costa Rica,2100,False
0.0035092819192852477,0.0007418876670898498,0.0012453373126112203,-0.14860071038619435,Costa Rica,2211,False
0.0005987247101111512,6.629786218021178e-07,1.112880091985338e-06,-0.14855000466257712,Costa Rica,2219,False
-0.0008793193786938734,1.3975772657377235e-06,2.345982004401709e-06,-0.14852519595256183,Costa Rica,2220,False
0.0007871066579598199,1.5576674997389446e-06,2.614710479924725e-06,-0.14855316908487554,Costa Rica,2310,False
-0.012061598739089742,2.2062200803559907e-06,3.7033749282783165e-06,-0.1483374915157419,Costa Rica,2392,False
-0.013571910588285259,0.0007381432165666106,0.001239051854369128,-0.14831397151939751,Costa Rica,2393,False
-0.0054259841390454,0.0007663714359319469,0.001286435921261792,-0.14845078159121466,Costa Rica,2395,False
-0.0036569668710599613,9.160333318558119e-06,1.5376593227791997e-05,-0.1484785895333098,Costa Rica,2399,False
0.002744023220441165,1.5804487538062454e-06,2.6529512365467784e-06,-0.14858601806727795,Costa Rica,2410,False
5.863306263872273e-05,1.037863059141335e-09,1.7421634706497918e-09,-0.14854093699955587,Costa Rica,2420,False
0.001703108265190332,1.876026802549753e-05,3.1491104116049184e-05,-0.14856858804722523,Costa Rica,2431,False
-0.007720456697370297,5.591049765712255e-06,9.385171365929226e-06,-0.1484103706346637,Costa Rica,2511,False
0.001149699802537599,5.344579861307003e-06,8.9714454313877e-06,-0.1485592650399255,Costa Rica,2512,False
0.00022798857429309424,2.723209357431927e-06,4.571196386327424e-06,-0.148543786599486,Costa Rica,2593,False
-0.019683377825589803,0.0004144648838784736,0.0006957233656216435,-0.1482105774938721,Costa Rica,2599,False
0.03764809251872088,0.000635791771973142,0.0010672440745580784,-0.14917350807733545,Costa Rica,2610,False
0.06639991823718516,0.00045139144281183157,0.0007577085201214266,-0.14965567994391016,Costa Rica,2620,False
0.004045871723793638,0.00043912928788799704,0.0007371251896024396,-0.14860896247046648,Costa Rica,2630,False
0.000414202039628426,2.8893720387884607e-08,4.850118110243558e-08,-0.14854690567226722,Costa Rica,2640,False
-0.0032194750156281484,2.4025626459874456e-06,4.032956796101784e-06,-0.14848591645658554,Costa Rica,2651,False
0.0946669373097463,0.0005594506386838584,0.000939097367193205,-0.15013044782441215,Costa Rica,2652,False
0.005717787758855771,4.137273951746832e-06,6.944854124365447e-06,-0.14863594224683147,Costa Rica,2660,False
-0.009812123335796275,6.713789335265896e-06,1.1269809081764007e-05,-0.14837526257971637,Costa Rica,2670,False
-0.12239246994311005,0.004540132332924343,0.007621094741420681,-0.146496629713213,Costa Rica,2680,False
0.020794252576439066,0.0005457212127094603,0.0009160510662434673,-0.14889037032450297,Costa Rica,2710,False
0.0006255334906560152,2.0972010136647656e-06,3.5203748360012854e-06,-0.1485504582528061,Costa Rica,2720,False
-0.12649684658830723,0.0020422968219630123,0.0034282123138594097,-0.14642158838420966,Costa Rica,2731,False
0.0006823644489962393,5.860251105026603e-06,9.837054430339932e-06,-0.148551421604405,Costa Rica,2732,False
0.15907479512186287,0.02294573966182524,0.0385168631774457,-0.151268456177199,Costa Rica,2733,False
-0.013304005204513681,0.0006433098105106654,0.0010798639014183262,-0.14831823254408827,Costa Rica,2740,False
-0.007684110975639416,2.5116742507600312e-06,4.21611222338527e-06,-0.1484109730648444,Costa Rica,2750,False
-0.025307383548111597,0.0006385356391812136,0.0010718499473426546,-0.14811672903290943,Costa Rica,2790,False
0.003340453745825072,3.36759635353333e-06,5.652868458265708e-06,-0.1485960342456819,Costa Rica,2811,False
0.004215064071064493,1.5121923254093828e-06,2.538375565756049e-06,-0.1486107108820702,Costa Rica,2812,False
-0.0012700494763369058,1.6802533207550408e-06,2.820483811495604e-06,-0.14851863783709265,Costa Rica,2813,False
-0.00018279638416857045,1.8290589718183684e-06,3.0702699149949147e-06,-0.1485368889075449,Costa Rica,2814,False
-0.0003943687377902154,2.1455513023158105e-05,3.6015359351860985e-05,-0.14853338637503527,Costa Rica,2815,False
-4.145957175879596e-05,1.4850259108050887e-06,2.492773851025702e-06,-0.1485392605384481,Costa Rica,2816,False
0.006017725726369613,1.0345834566848128e-05,1.7366583093014986e-05,-0.14864099251576535,Costa Rica,2817,False
0.0010125926046855196,1.562931068263917e-06,2.623545939216489e-06,-0.14855695411940978,Costa Rica,2818,False
0.0019856933763420953,2.527373417787346e-06,4.2424649440777715e-06,-0.14857329105598777,Costa Rica,2819,False
-0.1440530265046301,0.0034537120092796598,0.0057974227406162445,-0.14613034139263903,Costa Rica,2821,False
-0.0005186814021008856,3.3929024719456597e-07,5.695347468086497e-07,-0.14853124700592343,Costa Rica,2822,False
-0.07490363913855648,0.0022747236597264906,0.0038183654682506915,-0.14728823957570478,Costa Rica,2823,False
0.0006248592035776972,1.2397687857711548e-07,2.0810836955785928e-07,-0.1485504420137937,Costa Rica,2824,False
0.0028229919575439664,4.4125069737632795e-06,7.40686200936553e-06,-0.14858735070522022,Costa Rica,2825,False
-0.008242661579982335,9.484304295103522e-06,1.592041295036224e-05,-0.1484016145681823,Costa Rica,2826,False
4.375091614701564e-05,3.564091364875282e-09,5.982706222419377e-09,-0.14854068719320607,Costa Rica,2829,False
-0.05048780689505336,0.002390070747185554,0.004011987816061475,-0.1476983869121945,Costa Rica,2910,False
-0.010868842675435217,1.598630297202889e-05,2.6834708898542895e-05,-0.1483575475120045,Costa Rica,2920,False
0.006318162030365766,0.000554571887862999,0.0009309078653243015,-0.14864739361491203,Costa Rica,2930,False
-0.00448891250870244,2.9469317164438533e-06,4.94673814783943e-06,-0.14846460895462213,Costa Rica,3011,False
0.005900505166404939,0.001511800816511213,0.0025377183764526833,-0.14864277116511737,Costa Rica,3012,False
-0.007429562695893492,0.0017722058324358856,0.002974835876995847,-0.14841965491227696,Costa Rica,3030,False
0.009647357664820218,3.1618487206965636e-05,5.3074991853700755e-05,-0.1487019728558858,Costa Rica,3099,False
-3.5441233597685325e-05,2.078912429441323e-08,3.489675503287445e-08,-0.14853935791173922,Costa Rica,3100,False
-0.0006275648469865377,4.622636255479172e-07,7.759586345678435e-07,-0.1485294195881466,Costa Rica,3211,False
-0.000940719301705294,5.250293997532031e-06,8.813176586359803e-06,-0.14852417489490877,Costa Rica,3212,False
0.04997813031285059,0.0003717805911379364,0.0006240732428736489,-0.14937982106273118,Costa Rica,3220,False
0.0012445521446052604,2.900918753264631e-06,4.869500497919105e-06,-0.1485608511435741,Costa Rica,3230,False
-0.008361047099885409,0.00021350507796127723,0.0003583909691612985,-0.14840013556791998,Costa Rica,3240,False
-0.05663348570155712,0.0007263933237325159,0.001219328410221742,-0.14759109913942461,Costa Rica,3250,False
-0.0006754527637277945,1.2211547708028116e-07,2.0498380927658238e-07,-0.14852861489049154,Costa Rica,3290,False
-0.008048577170244152,0.0004980016594548192,0.000835948723469321,-0.1484060894539739,Costa Rica,Wastes,False
0.008652023577378418,5.2611408825698055e-05,8.831384235930433e-05,-0.14868531750133493,Croatia,1392,False
-0.00732296469398177,2.912999754181899e-06,4.889779742181219e-06,-0.14841703628917713,Croatia,1399,False
0.0032244292713741636,2.7520567103424505e-06,4.6196197346901984e-06,-0.14859408511608638,Croatia,1410,False
-0.0007271714609691428,5.348176451234574e-07,8.977482689902232e-07,-0.1485277477661265,Croatia,1430,False
-0.0019418166298917142,6.492984897393414e-05,0.00010899165361062492,-0.1485075191831818,Croatia,1512,False
-0.0004259843339868973,8.243919637393501e-07,1.3838295448266457e-06,-0.14853280423425338,Croatia,1520,False
0.038612519204206754,0.0002518041078427442,0.0004226799620425166,-0.14918873554991158,Croatia,1610,False
0.04197353479852979,0.0007594018059379065,0.0012747366564381574,-0.14924642567746121,Croatia,1623,False
-0.026479806076212444,0.00011804365968856389,0.0001981488309463243,-0.14809575453540255,Croatia,1629,False
-0.00013158303718929616,4.4685685260896527e-08,7.500967284344422e-08,-0.1485377441289485,Croatia,1702,False
-0.0008726945789106197,1.1207022005155957e-07,1.8812177753300565e-07,-0.1485253039519025,Croatia,1709,False
-0.04512421505723831,0.0004883324720988449,0.000819717964648033,-0.14778370627104567,Croatia,1811,False
0.06575538497443933,0.0005472445324937544,0.0009186081204318212,-0.14964510146616578,Croatia,2023,False
-0.00011222842009210202,8.358148041841274e-10,1.4030039967725665e-09,-0.14853806890743695,Croatia,2219,False
-0.0009505882996716868,1.6396024639000095e-07,2.752247027037699e-07,-0.148523996552364,Croatia,2310,False
-0.03140699239477833,0.000784668596423198,0.001317149650152815,-0.14801470260052826,Croatia,2393,False
0.012789864856396134,4.767492338962161e-06,8.002742680151163e-06,-0.14875465616050534,Croatia,2399,False
-0.0028892138937746006,1.7140721743104065e-07,2.877252352166237e-07,-0.14849145467946123,Croatia,2410,False
-0.005152779207153367,6.576067699481703e-07,1.1038628676152634e-06,-0.14845345954095887,Croatia,2420,False
0.004100680007007553,1.2167309386118235e-05,2.0424122201754642e-05,-0.1486088174037121,Croatia,2431,False
-0.0019932845033828624,2.314641593646816e-06,3.885371963652253e-06,-0.14850649914944336,Croatia,2511,False
-0.0018608333826625547,2.1570482175833196e-06,3.6208347295962026e-06,-0.14850872208952703,Croatia,2512,False
0.0019887692221335013,4.053335313674275e-05,6.803954197599493e-05,-0.14857343747284557,Croatia,2513,False
-0.0029854529474597252,2.0030042674171854e-05,3.362255584216398e-05,-0.14848988870349045,Croatia,2520,False
0.0005236064572643913,0.00044950598088563796,0.0007545435718518223,-0.14854986294311007,Croatia,2599,False
0.03322774297434969,0.0006790223425526412,0.0011398111827286513,-0.14909941521773967,Croatia,2610,False
-0.024112790228457318,0.00047517710268726843,0.000797635278661778,-0.14813637555055426,Croatia,2630,False
0.06856901643075093,0.0005202761849774915,0.0008733388823634645,-0.14969226392976923,Croatia,2652,False
-0.004867890027763768,1.4182036087265633e-06,2.380605513709363e-06,-0.14845824360415746,Croatia,2660,False
-0.00343757465000259,2.488979833258105e-06,4.178017231169012e-06,-0.14848225563762185,Croatia,2732,False
-0.07730983617062798,0.0006867910332234814,0.0011528517558392437,-0.14724392250157714,Croatia,2740,False
0.002424464934648481,5.500904075197677e-07,9.233852241823458e-07,-0.14858065137181445,Croatia,2750,False
-0.00030296708021531655,9.83976169992603e-07,1.6517085989834413e-06,-0.14853486960754891,Croatia,2811,False
0.0005481382582307238,1.409784255658167e-07,2.3664727345984092e-07,-0.14854915421356252,Croatia,2816,False
-0.0015536896185091066,5.9190848963619576e-06,9.935813203187178e-06,-0.14851388720291228,Croatia,2819,False
-0.04848113580270072,0.002195008488965304,0.0036845550803256723,-0.14773158863005775,Croatia,2823,False
-0.0009111215082434036,2.4112219480928275e-07,4.047492355178141e-07,-0.14852465923678942,Croatia,2824,False
0.004165480029022108,5.001996284646313e-06,8.396382480985944e-06,-0.14860988726677274,Croatia,2826,False
0.0004935922986294882,8.151299337344251e-07,1.3682822429003273e-06,-0.14854824028266939,Croatia,2829,False
0.07646071558319162,0.0018439054848612543,0.0030951913653365815,-0.14982806463357268,Croatia,3030,False
0.0015561391312166795,4.885466364245027e-07,8.200774622345316e-07,-0.14856607544654998,Croatia,3100,False
0.0013347378109028487,2.6649170430238716e-08,4.473346540062188e-08,-0.14856235783813684,Croatia,3211,False
0.012721085133763011,0.0003399770770980166,0.0005706876638122971,-0.14875433863795504,Croatia,3220,False
-5.645613600218852e-05,7.397082209810047e-07,1.241678880640223e-06,-0.14853900694680539,Croatia,3230,False
0.06751564499676277,0.00018957620488590555,0.0003182238120411501,-0.14967375094727647,Croatia,3240,False
-0.031938801329286386,0.0007725525993189008,0.0012968116610706437,-0.1480057454028723,Croatia,3250,False
-0.0003824113701845536,2.437349542661122e-07,4.091350300050454e-07,-0.1485335342050312,Croatia,3290,False
0.0,0.0,0.0,-0.14853995277868415,204,2023,False
0.02009322432873819,0.0002178498811226592,0.00036568418312459905,-0.14887778333084623,212,1410,False
0.020652954748784567,4.8644868720515856e-05,8.165558314557625e-05,-0.14888675615278887,212,2023,False
-0.01245482967243081,6.060857869035824e-05,0.00010173794208429032,-0.14833103613196755,212,2710,False
0.03908014817170734,0.000640330180869654,0.001074862276328278,-0.1491975582766057,Dominican Rep,1010,False
-0.028840608786730556,0.00010146010474247081,0.0001703115711208326,-0.14805608465898726,Dominican Rep,1020,False
0.0024058358034492245,6.383540612401085e-05,0.00010715451494665929,-0.1485804965007829,Dominican Rep,1030,False
0.019361718560214895,0.00017358269483059864,0.00029137700528720486,-0.14886539356594347,Dominican Rep,1040,False
-0.004939240087502475,0.0003808562417727967,0.0006393076872150001,-0.1484579914867057,Dominican Rep,1050,False
-0.013932995742523536,0.00019297797597242556,0.00032393404642154223,-0.14830655304965049,Dominican Rep,1061,False
-0.1433313389957516,0.0008858327372058359,0.0014869644143058027,-0.14613615688364304,Dominican Rep,1062,False
-0.0005524828376556003,1.2576472356098642e-07,2.1110945741299633e-07,-0.14853067908052162,Dominican Rep,1071,False
5.477835859274997e-05,1.3421433790562051e-07,2.252930332929192e-07,-0.1485408726263153,Dominican Rep,1072,False
-0.011903063069289363,0.00016518822651228498,0.0002772859978745386,-0.14834055853958905,Dominican Rep,1073,False
-0.021760524220181425,0.00034978257561611465,0.0005871472354092228,-0.14817554925663456,Dominican Rep,1074,False
-0.0002628766228541985,1.309387859899839e-06,2.197946712080789e-06,-0.14853554337986116,Dominican Rep,1079,False
0.000415722231164646,1.4870405550084388e-07,2.4961556454797185e-07,-0.14854693148904738,Dominican Rep,1080,False
-0.0017025925736915022,7.676147968603777e-06,1.2885230347506734e-05,-0.14851139208849676,Dominican Rep,1101,False
0.06966079703444637,0.0006906144102418522,0.0011592697005933796,-0.14971101886151128,Dominican Rep,1102,False
-0.05964176135066129,0.0004279921744907118,0.0007184303608788049,-0.14753986238579034,Dominican Rep,1103,False
0.007767292609407239,0.00018403766311581976,0.0003089267809275323,-0.14867079432574187,Dominican Rep,1104,False
0.04829060928729929,0.0004964241623664333,0.0008333007269169475,-0.1493518065386616,Dominican Rep,1200,False
-0.016894539778064287,0.0005026272473248146,0.0008437132644137246,-0.14825761083857272,Dominican Rep,1311,False
0.01155617706791051,0.00018452402663078564,0.00030974319378833056,-0.14873439618976983,Dominican Rep,1312,False
0.06504775367500527,0.0007198271943825228,0.0012083064641216625,-0.14963365650367577,Dominican Rep,1391,False
-0.0023275954240551235,4.590398703684329e-05,7.705472188106795e-05,-0.14850099604226366,Dominican Rep,1392,False
0.010135403295949561,0.0001718992939798636,0.0002885512380120523,-0.14871051540307498,Dominican Rep,1393,False
0.0026064663313202854,3.3918214725247e-06,5.693532895647096e-06,-0.14858371354641772,Dominican Rep,1394,False
0.00025895926319543096,1.5095245657001892e-06,2.5338974474986425e-06,-0.14854430344915348,Dominican Rep,1399,False
-0.00038816318972215516,4.56701058123683e-06,7.666212738397866e-06,-0.14853344843381344,Dominican Rep,1410,False
0.00015747630218861463,6.410424139442409e-08,1.0760578352550599e-07,-0.1485425963456557,Dominican Rep,1430,False
-0.002874657507165931,0.0007249351750316991,0.001216880752624756,-0.14849350558552504,Dominican Rep,1511,False
0.0029641192438882996,5.745309319598687e-05,9.644112425072442e-05,-0.14858985197280497,Dominican Rep,1512,False
-0.00016922476330554284,1.8475916713426252e-07,3.1013790211908723e-07,-0.14853711262181432,Dominican Rep,1520,False
-0.050029718057056596,0.00023685864147005532,0.00039759240801793736,-0.14770073802592684,Dominican Rep,1610,False
0.015145326915669284,0.00043579270756231094,0.0007315243848439502,-0.14879527166429335,Dominican Rep,1622,False
-0.04560167944680558,0.0007332788405410117,0.0012308864821221244,-0.1477762990726173,Dominican Rep,1623,False
0.0007334510654944705,0.00010788282609758928,0.0001810927916571018,-0.14855253355241438,Dominican Rep,1629,False
0.00012905815143855802,4.258792959195582e-07,7.148836695960186e-07,-0.1485421202188495,Dominican Rep,1701,False
4.708984770274602e-05,7.114715090375723e-08,1.194280558052455e-07,-0.14854074340923412,Dominican Rep,1702,False
-0.0014864696641832646,6.607950739514362e-07,1.1092147748046488e-06,-0.14851500245258906,Dominican Rep,1709,False
-0.02241790822588615,0.00046742966593532826,0.0007846303825133721,-0.14816480690474318,Dominican Rep,1811,False
-0.2649111634905487,0.004350146908973819,0.007302184011679173,-0.1441036600107009,Dominican Rep,1920,False
-0.10754476769556469,0.004911428317770703,0.008244354521119785,-0.14674679785801437,Dominican Rep,2011,False
0.000910297486523579,2.643044278408767e-07,4.4366307795589826e-07,-0.1485552337487355,Dominican Rep,2012,False
0.003126535964779633,0.00042548131622191195,0.0007142156183678796,-0.14859349628635032,Dominican Rep,2013,False
-0.0010096948597036577,2.2444645180861527e-06,3.7675722824303683e-06,-0.14852300957286002,Dominican Rep,2022,False
-0.0018181680259089306,0.0005698428973087063,0.0009565418780024964,-0.14851085346414522,Dominican Rep,2023,False
-0.025601281402148696,0.0007297746425850703,0.0012250043133533299,-0.14811202243459434,Dominican Rep,2029,False
0.012562694030476202,0.0008378863152860498,0.001406481248360845,-0.14875292313422536,Dominican Rep,2030,False
-0.0018247761527396156,5.501699121942771e-07,9.235186812299363e-07,-0.14850932334271646,Dominican Rep,2100,False
-0.0008983536334925754,0.000671656956546133,0.0011274475993688293,-0.14852654751698147,Dominican Rep,2211,False
0.0008973980224635216,2.570840691453058e-07,4.3154293835403285e-07,-0.14855501719951295,Dominican Rep,2219,False
0.0002706753567283764,6.267318464379231e-06,1.052036026468069e-05,-0.14854451197969526,Dominican Rep,2220,False
-7.261190973239644e-05,5.358836237857177e-09,8.99537627489425e-09,-0.1485387339239537,Dominican Rep,2310,False
-0.002010667731680331,2.168888758985724e-06,3.6407103370015304e-06,-0.14850620699012881,Dominican Rep,2391,False
-0.0003715847853213168,2.6917465507978114e-08,4.518382720864252e-08,-0.14853371540017737,Dominican Rep,2392,False
-0.011210416105418479,0.0008116835643541168,0.0013624971455429681,-0.1483537953437971,Dominican Rep,2393,False
0.001898461307175763,4.04351957512916e-06,6.787477437028694e-06,-0.14857183055408793,Dominican Rep,2394,False
-0.08011726122569361,0.0006949626826884814,0.001166568738120756,-0.14719681653560623,Dominican Rep,2395,False
0.009094145015746073,0.0003917806667821987,0.0006576454958705843,-0.14869358554660853,Dominican Rep,2396,False
5.31965505354067e-05,2.908166370215154e-06,4.881666393399488e-06,-0.14854085299060224,Dominican Rep,2399,False
-3.360433068392081e-05,4.11016576649215e-09,6.8993501537882624e-09,-0.14853938870452013,Dominican Rep,2410,False
-0.0020481283282790374,1.6616594245688257e-06,2.789271980197283e-06,-0.1485055769097375,Dominican Rep,2420,False
0.0029059558454172423,1.0884133348055877e-06,1.827017481897094e-06,-0.14858873505135176,Dominican Rep,2511,False
0.0015872335418739866,9.812193434412953e-07,1.6470809725636518e-06,-0.1485665986279418,Dominican Rep,2512,False
0.0004615247182454217,1.0820505464422808e-07,1.8163368652585173e-07,-0.14854770023149794,Dominican Rep,2593,False
0.0556889965941035,0.0004700085343453599,0.0007889592872759012,-0.14947593108871698,Dominican Rep,2599,False
0.01316808277814778,0.0007041689166188943,0.0011820223804048272,-0.14876275145493492,Dominican Rep,2610,False
-0.002926002891537278,0.0005092805161659998,0.0008548814834127852,-0.14849210614129907,Dominican Rep,2620,False
-0.022124295032425204,0.0004962505375510523,0.0008330092792078389,-0.14816980723646128,Dominican Rep,2630,False
-0.002712785509646008,1.3254641648269628e-06,2.2249324988282564e-06,-0.1484944190940872,Dominican Rep,2640,False
0.0001439350597492728,8.244305022468562e-06,1.3838942358081764e-05,-0.1485423894383621,Dominican Rep,2651,False
0.045488392621522385,0.0004986931826570478,0.0008371095186738697,-0.14930477364792466,Dominican Rep,2652,False
0.001328488035835865,5.080259897736737e-07,8.527756275058558e-07,-0.14856225412946442,Dominican Rep,2660,False
-0.0037956707358886782,1.6124644675527193e-06,2.706693015372622e-06,-0.14847624242934238,Dominican Rep,2670,False
-0.09472889107379352,0.004719933706321514,0.007922910459733628,-0.146961471270031,Dominican Rep,2680,False
0.005176262333104895,0.0006091984685964398,0.001022604387945541,-0.14862836172451266,Dominican Rep,2710,False
-0.0006305768255064763,1.6104126496675924e-08,2.7032488209421435e-08,-0.14852936791650972,Dominican Rep,2720,False
0.16626658076404552,0.002163463618602775,0.0036316036621709025,-0.1513364100184551,Dominican Rep,2731,False
0.0015575775896703597,1.208957373125521e-06,2.029363464168921e-06,-0.1485661013891935,Dominican Rep,2732,False
1.486797858200121,0.023347773314180965,0.03919171939950407,-0.17356545859707237,Dominican Rep,2733,False
-0.033866388326973994,0.0007120797450794118,0.001195301546904782,-0.14797323817671135,Dominican Rep,2740,False
0.00020112743542174572,6.946212199790381e-08,1.165995556665128e-07,-0.14854332908968904,Dominican Rep,2750,False
-0.013377183616222163,0.0007070564085688571,0.0011868693425861217,-0.1483171628625417,Dominican Rep,2790,False
0.0002344220757457647,2.6402292130323145e-07,4.431905393080343e-07,-0.148543888460751,Dominican Rep,2811,False
2.3288611412644714e-05,8.382735846924614e-09,1.407131321226632e-08,-0.1485403437236843,Dominican Rep,2812,False
-0.0018844687410457647,6.851387037463202e-06,1.1500781451675528e-05,-0.14850833704727584,Dominican Rep,2813,False
9.55691756091679e-05,9.70789280553977e-10,1.6295730032811731e-09,-0.14854155701130833,Dominican Rep,2814,False
0.0001760923135642415,1.0537676093492508e-08,1.7688609488433706e-08,-0.1485429087016304,Dominican Rep,2816,False
-0.0015309508586031247,3.5918761581195045e-06,6.029345951431111e-06,-0.14851426309554513,Dominican Rep,2817,False
0.0001704590504893033,5.054806176990735e-09,8.485029499030424e-09,-0.1485428141276502,Dominican Rep,2818,False
-0.0037955756247791267,8.474160135342309e-06,1.4224778598868704e-05,-0.1484762611275068,Dominican Rep,2819,False
-0.026476191136564187,0.003610755271979953,0.006061036550914557,-0.14810449843378456,Dominican Rep,2821,False
0.0012515432994546747,5.458007821035903e-07,9.161846319298207e-07,-0.14856096262446125,Dominican Rep,2822,False
-0.10734476523803362,0.002150435983871181,0.0036097353924233223,-0.14674335383238415,Dominican Rep,2823,False
-0.0007169576049813403,9.39282871327463e-07,1.5766861462316618e-06,-0.14852792022497058,Dominican Rep,2824,False
0.0007791651713667967,6.073509441614242e-07,1.0195031217876724e-06,-0.1485530334088487,Dominican Rep,2825,False
-0.0011630959168747416,3.0919360737951046e-06,5.190143375761697e-06,-0.14852043668576043,Dominican Rep,2826,False
-0.0014676010645347111,1.907077000121951e-06,3.2012314688969056e-06,-0.14851532228906056,Dominican Rep,2829,False
0.06090067235297846,0.002521005878881894,0.004231776353149218,-0.14956856470930574,Dominican Rep,2910,False
0.0020772476465015363,7.1664249942751124e-06,1.2029606151034171e-05,-0.14857483946153371,Dominican Rep,2920,False
0.005139148257069508,0.00061854772064835,0.001038298101349515,-0.14862776204437642,Dominican Rep,2930,False
0.01706825110131973,0.001410799672017442,0.0023681772188972267,-0.1488299860749665,Dominican Rep,3012,False
-0.15156872482594597,0.0018851960761922908,0.003164502012116876,-0.1460003307968162,Dominican Rep,3030,False
0.0002492965163049348,9.7838909149001e-06,1.642330093804807e-05,-0.14854416188156974,Dominican Rep,3091,False
0.0002650458143639585,2.01866113349787e-07,3.3885372982733485e-07,-0.14854440235777286,Dominican Rep,3092,False
-0.00231245982981353,1.3855296485017742e-06,2.3257587981974083e-06,-0.14850113913605112,Dominican Rep,3100,False
7.757092576389109e-05,4.1135529508542203e-07,6.905035902801082e-07,-0.14854125591481449,Dominican Rep,3211,False
0.0004248184814642592,9.410599143344804e-07,1.5796691018203892e-06,-0.14854708615503423,Dominican Rep,3212,False
0.009628107756035774,0.00032257392778010474,0.0005414746277100062,-0.14870237598778083,Dominican Rep,3220,False
0.0005102262704454669,1.4587724308307523e-07,2.448704594117603e-07,-0.14854851783276066,Dominican Rep,3230,False
-0.05110903313488363,0.0001766385434391468,0.000296506572016416,-0.14768247121633465,Dominican Rep,3240,False
-0.012847718354331296,0.0007993599597937442,0.0013418106652768945,-0.14832628042670376,Dominican Rep,3250,False
-0.002196630610829537,9.44432801883537e-07,1.5853308521128e-06,-0.14850308235310625,Dominican Rep,3290,False
0.015504271537169285,0.00044077663910242775,0.0007398904437309429,-0.1488013094242998,Dominican Rep,Wastes,False
0.007276702471763666,0.0006645325617940556,0.001115488545447181,-0.14866375829207515,Ecuador,1010,False
0.0016405041385954956,0.00011122915898349468,0.00018670996712462614,-0.14856776777535313,Ecuador,1020,False
5.2315670751578456e-06,7.163064830476582e-05,0.00012023965758909564,-0.14854021920034965,Ecuador,1030,False
0.014160820589480259,0.0001862914181729083,0.0003127099483672718,-0.14877812244936234,Ecuador,1040,False
0.010375778732842617,0.00039957296774594957,0.000670725701367625,-0.14871511872479456,Ecuador,1050,False
0.02415457328927406,0.0002063656991102611,0.0003464067628367566,-0.1489459289266683,Ecuador,1061,False
-0.014015474738845951,0.0009142595520758441,0.0015346818448639594,-0.1483069641766567,Ecuador,1062,False
0.0001365327044338054,1.4196638819411044e-08,2.383056737528473e-08,-0.14854224466066213,Ecuador,1071,False
-0.0017875447876219085,7.058278658459965e-07,1.1848071030304802e-06,-0.14850994869880235,Ecuador,1072,False
0.01540845388521618,0.00017759133966746793,0.0002981059417688448,-0.14879904363527843,Ecuador,1073,False
0.011300770995559147,0.00036772887060982187,0.0006172719992652647,-0.14873056630481732,Ecuador,1074,False
-0.00029190964694789193,4.4957292596528906e-07,7.546559462843456e-07,-0.14853505388588584,Ecuador,1079,False
0.001830253834948354,7.38576130647398e-07,1.2397785466729294e-06,-0.14857067737682925,Ecuador,1080,False
0.0031468625694247845,5.27530558747362e-06,8.855161198833784e-06,-0.14859278937018935,Ecuador,1101,False
-0.006680140184707851,0.00019711685588225767,0.0003308815963172688,-0.14842831064659165,Ecuador,1104,False
-0.06742457456604208,0.0005177609452187628,0.0008691167850559367,-0.14740944078178872,Ecuador,1200,False
-0.04032563151729029,0.0005240955254857305,0.0008797500514062589,-0.1478643450237682,Ecuador,1311,False
-0.0017278873456898491,0.00019762019402824046,0.00033172650290064915,-0.14851144100463487,Ecuador,1312,False
0.009276602250130482,5.254845028085683e-05,8.820815974923206e-05,-0.1486958015704037,Ecuador,1392,False
0.055820867085726936,0.0001845473338418433,0.0003097823174196707,-0.1494774284254998,Ecuador,1393,False
-0.00170185123470045,5.361413891145393e-06,8.999703139945643e-06,-0.1485113987622098,Ecuador,1394,False
0.0035152930445724565,2.8981997361884093e-06,4.864936338722433e-06,-0.14859896793847413,Ecuador,1399,False
-0.0023010914647480177,2.7664792343430123e-06,4.643829474353866e-06,-0.1485013334085138,Ecuador,1410,False
-0.0010204587324235477,5.284868740583644e-07,8.871213967901697e-07,-0.14852282461168034,Ecuador,1430,False
0.02524277010324108,0.0007506724930964022,0.001260083576899008,-0.148965556598698,Ecuador,1511,False
-0.009148081466157088,6.485990506623764e-05,0.00010887424532644902,-0.1483865540615135,Ecuador,1512,False
-0.0003326152870712389,8.165274462529873e-07,1.370628116219712e-06,-0.14853437151337112,Ecuador,1520,False
-0.03885405106508227,0.00025166634988509664,0.00042244872066679655,-0.14788837098184313,Ecuador,1610,False
0.015555803773419844,0.0004875600533664114,0.0008184213776967597,-0.14880229131075856,Ecuador,1621,False
-0.026652682592370386,0.00045579822737519505,0.000765105776456638,-0.148093692242697,Ecuador,1622,False
0.036598403162521734,0.00011794934501638584,0.0001979905137433295,-0.149154591192177,Ecuador,1629,False
0.0007583201578151052,4.2869139375408125e-08,7.196040747400775e-08,-0.14855268209553407,Ecuador,1702,False
-0.0014932274274254652,1.1499569690876073e-07,1.9303250141893323e-07,-0.1485148876556811,Ecuador,1709,False
0.030925911369304802,0.0004881406229653478,0.0008193959254837035,-0.14906029846958313,Ecuador,1811,False
0.12320686747958738,0.004845245880243932,0.008133260264471809,-0.15062036136546236,Ecuador,2011,False
0.07019509635685235,0.00044525141312047514,0.0007474018275931885,-0.1497193710944391,Ecuador,2013,False
-0.02974115362784949,0.0005474476632626431,0.0009189490970204048,-0.14804207633122063,Ecuador,2023,False
0.1446740670121348,0.0007044012482200713,0.0011824123736944845,-0.15097024587433064,Ecuador,2029,False
-0.00018132266024499432,7.179801803691697e-08,1.2052060547608124e-07,-0.1485369092641017,Ecuador,2100,False
0.19511360374921602,0.0006964388678679809,0.0011690466718645067,-0.15181691683594026,Ecuador,2211,False
-1.5859114112906915e-06,1.1056762803400964e-09,1.85599517104514e-09,-0.14853992616023215,Ecuador,2219,False
-0.000849407990958367,4.1195945045382825e-06,6.915177292882979e-06,-0.14852570483344252,Ecuador,2220,False
-0.00018950217736897848,1.6046337524032697e-07,2.69354832758142e-07,-0.14853677218328526,Ecuador,2310,False
5.689105244847847e-05,4.068504581597366e-07,6.829417426316751e-07,-0.14854090876992312,Ecuador,2392,False
-0.0681409459382847,0.0007849118288589709,0.001317557941652111,-0.14739807662166743,Ecuador,2393,False
-0.08533243726145738,0.0007201670183701623,0.0012088768948085452,-0.1471093354807832,Ecuador,2395,False
0.05796952503456107,0.0004107607322944043,0.0006895055534327657,-0.14951406378634705,Ecuador,2396,False
-0.0019766768317881073,4.748553308325062e-06,7.970951503988896e-06,-0.14850678399423908,Ecuador,2399,False
-0.0009930909359174298,1.6783139200132088e-07,2.8172283211902005e-07,-0.14852328311008317,Ecuador,2410,False
-0.00039119329588587274,6.646665109237179e-07,1.1157133933002456e-06,-0.1485333878405772,Ecuador,2420,False
-0.0012187455400710927,1.2137042228463604e-05,2.037331556020222e-05,-0.14851952509760688,Ecuador,2431,False
0.00230850529996562,2.30145093405433e-06,3.863230039345959e-06,-0.1485787092340456,Ecuador,2511,False
-0.0010383634752026418,2.1443151719722753e-06,3.599460959002583e-06,-0.14852252808997252,Ecuador,2512,False
-0.001039547508220215,6.443726274564938e-07,1.0816479526404031e-06,-0.14852250447519988,Ecuador,2593,False
0.017745464111680598,0.0004496900822043789,0.0007548526054854833,-0.14883895277211748,Ecuador,2599,False
0.0023086475150701866,0.0006792486104329847,0.0011401909974183097,-0.1485803999816845,Ecuador,2610,False
-0.0023801044090288543,0.00048812103868535104,0.0008193630511879002,-0.14850121696020613,Ecuador,2620,False
0.013963635085579837,0.0004753663874683432,0.0007979530132879734,-0.14877553439593907,Ecuador,2630,False
0.0010144131166243847,4.590132596405496e-07,7.705025498751806e-07,-0.14855698192581332,Ecuador,2640,False
0.0028518546754564317,5.7480393880396725e-06,9.64869513515964e-06,-0.14858783852774926,Ecuador,2651,False
0.0005103713269769316,1.4078826109864882e-06,2.363280621870266e-06,-0.14854852341455574,Ecuador,2660,False
0.0026406355624981237,3.0401806855915787e-06,5.103266455012557e-06,-0.14858428623627473,Ecuador,2670,False
-0.04364696584588656,0.0005860351720440712,0.0009837223324008033,-0.14780874608744426,Ecuador,2710,False
-0.00019221878273219343,3.6082235854931087e-07,6.056786846025584e-07,-0.14853672708174076,Ecuador,2720,False
0.0020722358661284077,2.4753007355868935e-06,4.155055411626121e-06,-0.14857474363386747,Ecuador,2732,False
-0.024252394280804765,0.0006870185916798951,0.0011532337368980257,-0.1481345588978524,Ecuador,2740,False
-0.0006466907830935943,5.436696117736233e-07,9.126072359854338e-07,-0.14852909874193843,Ecuador,2750,False
0.0037388293009631367,0.0006820846012025039,0.0011449515093936026,-0.14860441445140002,Ecuador,2790,False
-0.00121333527311764,9.753823626133412e-07,1.637282979767032e-06,-0.14851958808802326,Ecuador,2811,False
-0.0012491447047870766,1.4609640245960473e-07,2.45238341722126e-07,-0.14851898492118648,Ecuador,2812,False
0.0015295274246197779,4.595589285789296e-06,7.714185131934052e-06,-0.14856563898303776,Ecuador,2813,False
-0.0003615950042713744,2.5496477160217414e-07,4.279854721444381e-07,-0.1485338836578618,Ecuador,2814,False
-0.0009836786626538597,1.377372462689424e-07,2.312066094694369e-07,-0.14852344103006723,Ecuador,2816,False
0.0024087314206109956,5.612196248456108e-06,9.420667985107045e-06,-0.14858039989335084,Ecuador,2817,False
-0.0016033810088021602,1.6215578322787385e-07,2.721957194699009e-07,-0.14851303872828747,Ecuador,2818,False
0.0030411186481025107,5.940227539824709e-06,9.971303377723549e-06,-0.14859101600439306,Ecuador,2819,False
0.06032167829135368,0.003554040933059814,0.005965835504246161,-0.14956143886077197,Ecuador,2821,False
-0.00017437248593816113,7.022523276111314e-08,1.1788051820199692e-07,-0.14853702592624418,Ecuador,2822,False
0.001460006953866223,2.4540451207567575e-07,4.1193756026406253e-07,-0.1485644611593996,Ecuador,2824,False
0.004022283020254013,4.9825965996051275e-06,8.363818047438394e-06,-0.1486074835041657,Ecuador,2826,False
0.0012446048799843847,8.229877342885787e-07,1.3814723964225308e-06,-0.1485608468469492,Ecuador,2829,False
-0.025748749623514387,0.0024736534336589457,0.004152290240230219,-0.14811388276337353,Ecuador,2910,False
0.03711774393222512,0.000595205643626337,0.0009991159437819364,-0.14916450389346037,Ecuador,2930,False
-0.06152859307159209,0.0018442783364362426,0.0030958172363396946,-0.14751169663099764,Ecuador,3030,False
-0.0005906074357667024,4.946342114557996e-07,8.302961040398769e-07,-0.14853004003829234,Ecuador,3100,False
0.0005834365158164168,2.8085397683133733e-08,4.7144325516999393e-08,-0.14854974645083374,Ecuador,3211,False
0.0011168921974627336,2.0847470028260246e-06,3.4994694549346522e-06,-0.14855870620025266,Ecuador,3212,False
-0.0027748756806493173,0.0003398170039854443,0.0005704189640769126,-0.1484942205798586,Ecuador,3220,False
0.0005423667031309071,7.322595727109216e-07,1.2291755327201283e-06,-0.14854905880626612,Ecuador,3230,False
-0.039216500915263755,0.00018945667730173565,0.00031802317228521915,-0.14788213242273757,Ecuador,3240,False
-0.004001872923090206,0.000772793946730182,0.00129721678835595,-0.14847470312641453,Ecuador,3250,False
0.0004721459285150066,2.480403084202621e-07,4.16362024616238e-07,-0.14854787886848708,Ecuador,3290,False
-0.020675118674480873,0.00014295319390231675,0.00023996213203250524,-0.1481932545415682,El Salvador,1020,False
-0.0067346826611797694,9.748144282041205e-05,0.00016363296414891593,-0.14842714684692124,El Salvador,1030,False
0.013488718772583768,0.0004579215370818594,0.0007686699775092193,-0.14876751879317815,El Salvador,1050,False
0.019573627514883275,0.0002488573814653712,0.00041773356857813536,-0.14886913879984928,El Salvador,1061,False
0.1052383919995677,0.0010015012909162866,0.0016811263773917238,-0.1503090179424082,El Salvador,1062,False
-0.00017598291864006136,2.3376257855295948e-06,3.923953372970078e-06,-0.14853700454684599,El Salvador,1071,False
-0.0015447423960733265,5.0621201868564405e-06,8.497306842076573e-06,-0.14851403525518272,El Salvador,1072,False
0.02392053837261689,0.00021715323389943887,0.00036451478670612724,-0.14894202735875334,El Salvador,1073,False
0.009169718160693674,0.0004237849590923501,0.0007113681026014506,-0.14869493401384423,El Salvador,1074,False
-0.000280619760859005,5.465319265611558e-07,9.174119356232314e-07,-0.14853524364037657,El Salvador,1079,False
-0.0008500581276313559,7.868104572243599e-07,1.3207449911895102e-06,-0.14852568561103713,El Salvador,1101,False
-0.10295495863068108,0.0005094741732703485,0.0008552065574483782,-0.14681299991031999,El Salvador,1103,False
0.00423990402571358,0.00023869048069816493,0.00040066734488866115,-0.14861171951344687,El Salvador,1104,False
0.09372287600940311,0.0005839057096591357,0.0009801478034237082,-0.15011466222642084,El Salvador,1200,False
0.11590383062681646,0.0005906315650503986,0.000991437866663097,-0.15048701376792517,El Salvador,1311,False
-0.006002464006490728,0.00023924432825723948,0.0004015970368911171,-0.14843979116945882,El Salvador,1312,False
0.07929546159414762,0.0008244454618035165,0.0013839193470142465,-0.14987308551603698,El Salvador,1391,False
0.0035992221609477256,7.497500726019342e-05,0.00012585351960448223,-0.14860055656769536,El Salvador,1392,False
0.007765723766749921,1.3877507577647438e-05,2.329487166201439e-05,-0.14867034333971674,El Salvador,1394,False
-0.004245252768282633,9.685726290433478e-06,1.6258521180883098e-05,-0.14846871583704,El Salvador,1399,False
2.36282578766724e-05,6.42590447123317e-08,1.0786563735036142e-07,-0.14854034956433368,El Salvador,1410,False
0.0016668937680573987,4.565704831666416e-06,7.66402089894144e-06,-0.14856794474878407,El Salvador,1430,False
-0.007946120377989769,8.955489319109666e-05,0.00015032740799595783,-0.1484067917974176,El Salvador,1512,False
-0.003640591254675765,5.351815185406494e-06,8.983590692010884e-06,-0.14847885492322208,El Salvador,1520,False
0.03565683010250919,0.000838837105133193,0.0014080772501891864,-0.14914059059024862,El Salvador,1623,False
0.004975072778659816,0.00015055851059135242,0.000252728464547821,-0.14862384027857553,El Salvador,1629,False
-0.0004726806042531186,6.432092968267531e-06,1.079695178515174e-05,-0.1485320343692097,El Salvador,1701,False
-0.003429633245084344,2.6141347610095205e-06,4.388103081493739e-06,-0.14848238925449125,El Salvador,1702,False
0.0014224162410721867,1.146333858057442e-06,1.924243237184874e-06,-0.14856383240606272,El Salvador,1709,False
-0.01145974699918275,0.0005524231911110842,0.0009273010494175992,-0.14834896438498074,El Salvador,1811,False
0.36175709455238214,0.004650969993938586,0.007807147537587293,-0.15462450192514957,El Salvador,2011,False
-0.07381202668988641,0.0005067343744297555,0.0008506075138510864,-0.14730219241128864,El Salvador,2013,False
0.004348800443986544,1.1436006810622931e-05,1.9196553090590692e-05,-0.14861298054552452,El Salvador,2022,False
-9.973287112816152e-05,0.0004834642084413456,0.0008115460665976252,-0.14853948412276596,El Salvador,2023,False
-0.08427023714396573,0.0006315560320059894,0.0010601339347598182,-0.14712694701081033,El Salvador,2029,False
-0.077837101922694,0.0009504783465423765,0.001595478941470105,-0.14723572339625512,El Salvador,2030,False
0.003184117798908199,1.3037722097064176e-06,2.1885202462819e-06,-0.1485934048326846,El Salvador,2100,False
0.0005146241410582633,1.8948300535355219e-06,3.180673667188915e-06,-0.1485485960167885,El Salvador,2219,False
0.00037374889096403934,3.8427409068085355e-07,6.450449099279303e-07,-0.14854622750930763,El Salvador,2220,False
0.0032403930006781336,3.277398884446355e-06,5.501462418322058e-06,-0.14859435439463325,El Salvador,2310,False
-0.05024711742512453,0.0007079057334060179,0.0011882950246093755,-0.14769825659054964,El Salvador,2393,False
0.01769372732931186,0.0007978200048930733,0.0013392256872773725,-0.1488389540900216,El Salvador,2395,False
-0.009797174430740758,1.2880185442624264e-05,2.1620760442037705e-05,-0.1483755288712874,El Salvador,2399,False
-7.191007706982736e-05,3.310406563976317e-06,5.556869317162442e-06,-0.14853875394570382,El Salvador,2410,False
-0.00018309105339497965,3.5344113111190406e-07,5.932885097170131e-07,-0.1485368802819775,El Salvador,2420,False
-0.004385537499394621,2.3947377485190597e-05,4.019821873906673e-05,-0.1484663965507334,El Salvador,2431,False
0.002498358188088359,8.566353424699929e-06,1.4379534835294322e-05,-0.1485819117420387,El Salvador,2511,False
-0.004706561515159945,8.260611809259303e-06,1.3866315033137766e-05,-0.14846096872659584,El Salvador,2512,False
0.0024181704357149393,4.895192588672352e-06,8.217101123953964e-06,-0.14858055654900157,El Salvador,2593,False
0.021534642719617282,0.00039188626304294835,0.0006578227504192408,-0.14890241416222977,El Salvador,2599,False
0.00963462587075181,0.0006077515954246767,0.0010201756575226716,-0.14870319724944864,El Salvador,2610,False
0.005237454594313922,0.00042781467933559157,0.0007181324163930232,-0.14862893637408853,El Salvador,2620,False
-0.005185152452334535,0.00041587928747474526,0.0006980975924105022,-0.14845395083635943,El Salvador,2630,False
6.994412618414345e-05,5.362263810540525e-07,9.001129819997653e-07,-0.14854112820223142,El Salvador,2640,False
1.515547062216888e-05,9.756045058971936e-07,1.6376558708830312e-06,-0.14854020961194642,El Salvador,2651,False
-0.0005032033732971214,6.740889299224182e-06,1.131529925202126e-05,-0.1485315227819394,El Salvador,2660,False
-0.04619690424929438,0.0005197662839563551,0.0008724829592964986,-0.14776577786432007,El Salvador,2710,False
0.0014565623218813304,4.041969033263097e-06,6.784874687682357e-06,-0.14856441280550647,El Salvador,2720,False
0.026581743802782127,0.0019917909301998375,0.0033434328057081204,-0.14899113702362615,El Salvador,2731,False
0.02511944723209834,8.898818916411167e-06,1.4937613504545874e-05,-0.14896163165401133,El Salvador,2732,False
0.06029761569371764,0.0006151024741834199,0.001032514888924985,-0.14955365651884217,El Salvador,2740,False
0.0057368187978120416,4.6101222411652e-06,7.738580242400197e-06,-0.14863626288283763,El Salvador,2750,False
0.002080267785881467,0.0006104343401887231,0.0010246789297875746,-0.14857639471582693,El Salvador,2790,False
-0.004954299464688208,5.747500162200502e-06,9.647789987268348e-06,-0.14845680391850014,El Salvador,2811,False
-0.002087807340543381,3.211283938075749e-06,5.390481452754081e-06,-0.14850491471824293,El Salvador,2812,False
0.00032133128428396985,5.386864003812317e-07,9.042423859429502e-07,-0.1485453480090792,El Salvador,2813,False
0.00031703925897129837,3.6661539666786104e-06,6.154029148902899e-06,-0.14854528376118195,El Salvador,2814,False
-0.00016254326799054742,3.171639221703831e-06,5.323933582050821e-06,-0.1485372322251694,El Salvador,2816,False
-0.011940763148754575,1.4279234301485301e-05,2.3969212671928713e-05,-0.14833954993190387,El Salvador,2817,False
-0.007735860379838867,3.2850318583289004e-06,5.5142751763766675e-06,-0.14841010632265325,El Salvador,2818,False
0.002070135325685952,1.0557115116682978e-06,1.7721239955246512e-06,-0.14857470483362833,El Salvador,2819,False
0.18642193346097635,0.003387938154213419,0.005687014333060992,-0.15167786904235867,El Salvador,2821,False
0.0008055244599800569,1.310520178811729e-06,2.1998474297410294e-06,-0.14855347763097532,El Salvador,2822,False
-0.0015439237999394168,8.361214617736514e-07,1.4035187541345908e-06,-0.1485140384609181,El Salvador,2824,False
-0.007909182254054042,7.090983594275061e-06,1.1902969741637821e-05,-0.1484072064118749,El Salvador,2825,False
-0.014488498077657352,1.3263821936031557e-05,2.2264735077164735e-05,-0.14829678095491772,El Salvador,2826,False
-0.0007388028918757,2.5259998287202006e-07,4.240159228814677e-07,-0.1485275518165696,El Salvador,2829,False
0.06934439622220137,0.002335407740813482,0.003920230149133711,-0.14970984115338953,El Salvador,2910,False
-0.02919933128542345,0.0005284047795218805,0.0008869835923839502,-0.1480511241530567,El Salvador,2930,False
-0.19450691162554298,0.0017251796398481535,0.0028958974138060395,-0.14527915463953925,El Salvador,3030,False
0.002486149207373369,4.991106143923039e-07,8.37810222214908e-07,-0.1485816866807639,El Salvador,3100,False
0.019651350452522646,8.143291335084175e-06,1.3669380145951085e-05,-0.1488698419351964,El Salvador,3212,False
-0.0009381317141922466,5.132497679910107e-06,8.615442945365043e-06,-0.14852421803663726,El Salvador,3230,False
-0.027171324655215125,0.0002302534998411958,0.0003865049756607363,-0.1480844255646295,El Salvador,3240,False
0.026984564366087944,0.0006963999953214063,0.0011689814201628907,-0.14899465909631257,El Salvador,3250,False
-0.0011459041301364011,8.312762446382088e-07,1.3953855421213238e-06,-0.14852071963218888,El Salvador,3290,False
-0.037001341835330284,0.0005234140510255632,0.0008786061240834515,-0.14792014555863936,El Salvador,Wastes,False
-0.021017316853380666,8.647987120270111e-05,0.00014516565671052347,-0.1481873698908508,231,1030,False
0.010320484831346323,0.0002310825762376388,0.00038789666852381583,-0.1487137699431161,231,1061,False
-0.0002738885328819115,2.737843343057e-08,4.595761086806414e-08,-0.14853535533677675,231,1079,False
-0.03348361898420549,0.00048389972477037933,0.0008122771270517297,-0.14797909664096728,231,1103,False
-0.002968274237171259,0.0002212893465293598,0.0003714576914283582,-0.14849067872035518,231,1104,False
-0.04639498245383666,0.00022182263556669705,0.0003723528737666868,-0.14776171387485412,231,1312,False
0.009031728412167601,6.536718103596005e-05,0.00010972576196557096,-0.14869172309402615,231,1392,False
0.002855309006869187,0.0002079590766537962,0.0003490814164212066,-0.14858840087008085,231,1393,False
-0.004414566408500732,6.844374643149565e-07,1.148901040239556e-06,-0.14846585129451492,231,1410,False
0.004693258574779105,2.4427730631644946e-06,4.100454255741018e-06,-0.14861874020688606,231,1430,False
0.03456002946149074,7.902376201912879e-05,0.00013264978485403494,-0.14912027741857933,231,1512,False
0.00023915923461104047,3.0261572753041586e-06,5.079726670142585e-06,-0.14854397486629367,231,1520,False
0.02220059541138,0.00013680612264403263,0.00022964361948565345,-0.14891295534121962,231,1629,False
0.010735251608935886,0.0005090272938785941,0.0008544564228855923,-0.1487214261483979,231,2023,False
0.095034892721197,0.000660726063219728,0.001109098932955567,-0.15013687964258082,231,2029,False
-0.0009138323421605964,1.4249486538040751e-06,2.3919277888770034e-06,-0.14852461668400965,231,2220,False
-0.03230587298568319,0.0007387693405503093,0.001240102870033372,-0.14799949970519688,231,2393,False
-0.0007528872626914849,2.438409104496587e-06,4.093128887223765e-06,-0.14852732084506784,231,2651,False
-0.13446403639160973,0.0005462595946053171,0.0009169547974861969,-0.146284172350972,231,2710,False
0.27339874813103504,0.0017731759278621292,0.002976464285290911,-0.15313379936451363,231,3030,False
-0.000434109802742448,1.7599718510824386e-08,2.9542998388096343e-08,-0.14853266582806304,231,3100,False
-0.006537558281943427,5.1976320853516544e-06,8.724777968751113e-06,-0.14843022586363955,231,3212,False
0.021426841747378002,0.00037133645966329256,0.0006233277209818394,-0.14890055323278592,231,3220,False
-0.005597251327099635,0.00012495455498742118,0.00020974950334053753,-0.1484463083306191,242,1020,False
0.015393088787793888,8.272398955039569e-05,0.00013886101010315326,-0.1487985487601624,242,1030,False
-0.06630598959022665,0.00020393682773922145,0.0003423296440490109,-0.147427440947316,242,1040,False
0.038650268766744385,0.0004252299769121832,0.0007137937186188798,-0.1491898035330026,242,1050,False
0.026702774563371515,0.00022491654677712596,0.00037754633261924734,-0.14898874973660736,242,1061,False
0.0002441956679845619,5.639010300807857e-07,9.465678222340035e-07,-0.14854405326862394,242,1071,False
-0.0007094851800306315,2.166546760785736e-06,3.6367790440660993e-06,-0.14852804871738445,242,1072,False
0.030223144339740143,0.00019482922170702103,0.0003270415591763336,-0.14904776783207516,242,1073,False
0.04313345950684261,0.00039235851928606357,0.0006586154827246207,-0.14926497683005296,242,1074,False
-5.497355190992047e-05,1.4990994106948937e-09,2.5163977166178515e-09,-0.1485390299929157,242,1079,False
0.00529524770025333,0.00021525628199158816,0.00036133055128091505,-0.14862937618357847,242,1104,False
0.005555991727853175,6.210724158773256e-05,0.00010425360706689779,-0.14863337096156146,242,1392,False
-0.0037919696039991567,5.448460552255468e-06,9.145820213766026e-06,-0.14847631411735618,242,1399,False
-0.0009304029721177758,1.0639713303110583e-06,1.7859889791435063e-06,-0.14852433762839778,242,1410,False
0.0322820082123923,7.543527914183714e-05,0.00012662613488518252,-0.14908202937943832,242,1512,False
-0.024676286106631567,0.0002721107309236604,0.00045676678749817485,-0.1481264116774975,242,1610,False
-0.010546519990898241,0.00013207140660784038,0.00022169589531385533,-0.14836324714480978,242,1629,False
-0.004874944348448979,7.036398463881802e-07,1.181134279781879e-06,-0.1484581234091706,242,1702,False
-0.0006189904301968887,8.565785709436373e-08,1.4378581864875743e-07,-0.1485295625798847,242,1709,False
0.004765118029309401,0.00051828236580221,0.0008699920449327823,-0.1486212333430814,242,2023,False
-0.025047881270215993,0.0006712646096192086,0.001126789003345116,-0.1481211664784308,242,2029,False
0.0010780179225277162,1.954109406604481e-06,3.2801803627696735e-06,-0.1485580533284297,242,2220,False
-0.011173705637108823,0.0007499105190974576,0.0012588045225431813,-0.14835425774191027,242,2393,False
-0.014651676361878769,0.00042329414855788036,0.0007105442249456926,-0.14829506251807412,242,2599,False
-0.07470110364444804,0.0004482161023872498,0.0007523783736769036,-0.14728712350245632,242,2630,False
-2.2040936493800645e-06,2.090444845905265e-09,3.509033890229574e-09,-0.14853991578584158,242,2640,False
0.011880659644337701,0.0005558456724242318,0.0009330460481149033,-0.1487407700999517,242,2710,False
0.0011864505041195277,0.000649483474057839,0.0010902270519488656,-0.14856148826913843,242,2790,False
0.0001671423541834559,5.11490599703328e-09,8.585913435642806e-09,-0.14854275845352685,242,3100,False
-2.2769085974512867e-05,2.1547867369374785e-07,3.6170385939345044e-07,-0.14853957111264565,242,3211,False
-0.00017065079276424978,1.788835027103827e-08,3.002749747946009e-08,-0.14853708826832604,242,3290,False
0.003565411068618964,0.00041507376672938014,0.0006967454402117462,-0.14860083736309698,258,1020,False
-0.06232009035879971,0.00033453598215066647,0.0005615542075493359,-0.1474946720776694,258,1030,False
0.003934014497023763,6.664374519159553e-05,0.00011186861060085142,-0.148606155637555,258,1410,False
0.009511050329264062,0.00018416563089482162,0.00030914158844768985,-0.14870006556254717,258,2023,False
-0.009790620750986193,0.00027934853187014256,0.0004689162057723236,-0.14837630256237933,258,2029,False
-0.030863662519856908,0.00026359349653870144,0.00044246970419248874,-0.14802252834974977,258,2610,False
-0.019120177856993277,0.0001504701074357955,0.00025258007045387486,-0.14821937464101512,258,2620,False
0.014212066437568836,5.519492611499795e-05,9.265055075986561e-05,-0.14877865526565098,258,2651,False
-0.0032447332109249148,5.460585546913402e-05,9.166173306198427e-05,-0.14848562258704992,258,2819,False
-0.06224856487740715,0.001096816903284063,0.0018411237648959476,-0.14749776006268311,258,3030,False
-0.025389649393006745,9.33010855469325e-05,0.00015661579008922194,-0.1481139924940709,258,3211,False
0.01157402071673506,0.00012702870080431194,0.00021323117757796316,-0.14873455216815135,258,3212,False
-0.0218864012158365,8.702649521577437e-05,0.00014608322322314616,-0.1481727827243899,258,3290,False
-0.0015978222308391788,8.691687646768796e-06,1.458992165019006e-05,-0.14851315330199122,266,1610,False
0.012969765164829783,8.399600602838404e-05,0.00014099622497808036,-0.1487578738169523,266,1621,False
0.010576912049322932,0.00014672719951948208,0.00024629720164148837,-0.14871786377873214,266,2593,False
-0.013189640162484736,0.0004197644503814137,0.0007046192513460474,-0.14831959573626252,268,1030,False
0.005305187042708449,0.00012891701232517236,0.0002164009091951304,-0.14862932761787917,268,1079,False
0.018379450542363014,9.463128799386284e-05,0.00015884867629824484,-0.14884870783777954,268,1101,False
0.025915166979570078,0.0015037326025466717,0.0025241750216539877,-0.14897872688832955,268,1102,False
-0.03154031351554411,0.0006793579423296019,0.0011403745226288718,-0.14801220298211026,268,1104,False
0.0323196904527023,0.00010735842595828955,0.00018021253027902795,-0.1490827418048681,268,1410,False
0.024022627885084726,0.0033158175119810474,0.005565952168577565,-0.148951488692644,268,2011,False
0.005198317718587406,0.0002107111722532577,0.000353701101435417,-0.14862773776539986,268,2029,False
-0.01427622430387399,0.00014379398716914604,0.00024137349290804326,-0.14830066913647952,268,2219,False
0.05126433471881232,9.989975207170006e-05,0.0001676923532958946,-0.14940072966503928,268,2220,False
-0.013172962630364172,0.00015461273834502096,0.0002595339168008182,-0.14831921553661193,268,2410,False
0.004009501144052175,8.429503158290637e-05,0.00014149817115806157,-0.1486074667943746,268,2599,False
-0.05104066876045941,0.00019705796548710367,0.0003307827425288949,-0.14768366940889047,268,2610,False
0.003285499150759856,0.0001013806664979663,0.00017017822558306692,-0.14859535625138867,268,2620,False
0.011056372663489444,9.56138568687609e-05,0.00016049802260281523,-0.14872578444881865,268,2630,False
-0.004799408578177402,9.268216845606048e-05,0.00015557687196068756,-0.14845962057271392,268,2651,False
0.02170535835423487,0.0001484376372619664,0.0002491683532134908,-0.14890467131499033,268,2710,False
-0.01613350312554032,0.00020125322796596867,0.0003378249365602666,-0.1482696356704494,268,2740,False
-0.00048369071866844187,0.00019858685026856763,0.0003333491381565633,-0.14853232864704063,268,2790,False
-0.038464859226471595,9.763282136579149e-05,0.00016388706912902608,-0.14789452160803465,268,2813,False
-0.010273760961227186,9.191836472635621e-05,0.0001542947462072787,-0.1483677257034451,268,2819,False
0.009252222323085861,0.00013828970518956382,0.00023213397049463573,-0.14869560633859694,268,2822,False
-0.02016578522763021,0.00012359831833775898,0.0002074729159547674,-0.1482017561157119,268,2829,False
0.0055260776541797944,0.00015307063959773051,0.0002569453401268522,-0.14863309577219883,268,2930,False
0.015226123020831756,0.0009560709549211778,0.0016048667291337865,-0.14879792744754106,268,3030,False
0.025967573867736682,0.00024883506859337066,0.0004176961140506019,-0.14897646837876408,268,3250,False
0.017854482915543018,0.0001328631603759927,0.00022302493817791632,-0.1488399912042138,268,3290,False
0.0,0.0,0.0,-0.14853995277868415,270,1020,False
0.00955787493867431,4.803557720096673e-05,8.06328225617152e-05,-0.14870051177106622,275,1030,False
-0.016816683278931852,0.00014680091172248502,0.0002464209354099097,-0.14825803221237455,275,1040,False
-0.0006546779473656331,1.998177787549597e-06,3.354153824699015e-06,-0.1485289682952985,275,1071,False
-0.01972108784662982,8.700654399223682e-05,0.00014604973297360337,-0.1482091298145032,275,1629,False
-0.0723600360493257,0.0006215207722471421,0.0010432886844964453,-0.14732684969850643,275,2023,False
0.0025231712875394066,4.123966958173223e-06,6.92251692110542e-06,-0.14858231717653783,275,3290,False
0.01227601736895706,2.7055042348624388e-05,4.541476456022302e-05,-0.14874608633243622,Ghana,1020,False
0.00043916888646124613,9.724491916999717e-06,1.63235934058994e-05,-0.14854734894354957,Ghana,1030,False
0.00824109541261473,6.895282959831771e-05,0.00011574465423551614,-0.14867846041292165,Ghana,1040,False
-0.0009514714051566044,8.136683691645703e-05,0.00013658288514040506,-0.14852418417834085,Ghana,1061,False
-0.008098825594916089,0.00061959413267246,0.0010400546151666282,-0.14840554888070118,Ghana,1062,False
0.006090068928185455,6.370055427284063e-05,0.00010692815177958344,-0.14864233999995483,Ghana,1073,False
0.004385227552489179,3.618719511560996e-05,6.074405373657969e-05,-0.14861365375865113,Ghana,1079,False
0.002235926410917326,0.00025016727879837076,0.0004199323704949716,-0.14857810910787914,Ghana,1103,False
0.00377254859704745,7.559874151830126e-05,0.00012690052386029162,-0.1486034675957213,Ghana,1104,False
0.013036457134842356,7.591057692889032e-05,0.00012742397274538133,-0.14875897312417014,Ghana,1312,False
0.0012544582590854057,3.6250393795439e-06,6.085013943875561e-06,-0.1485610192340233,Ghana,1392,False
-0.024247219299399547,4.911698403284217e-05,8.24480788836458e-05,-0.14813305956056894,Ghana,1410,False
-0.0007193062621396694,7.335903842677101e-06,1.2314094413847974e-05,-0.14852789674830982,Ghana,1512,False
-0.008353653602017418,1.9726551729239444e-05,3.3113114029703993e-05,-0.14839977696274434,Ghana,1520,False
-0.01734205642832915,0.00011064763638894332,0.00018573381963323833,-0.14824912327551446,Ghana,1610,False
-0.04854364659584197,0.0002800831421706533,0.00047014932725154054,-0.14772579060000185,Ghana,1621,False
0.00026624799300694767,3.0419320413937493e-05,5.1062062918973735e-05,-0.14854449788415602,Ghana,1629,False
-0.031049088818086885,0.0008261414748213342,0.0013867662851525335,-0.14802081352011756,Ghana,2023,False
-0.014272996496678651,5.438702303595947e-05,9.12943995607943e-05,-0.14830050075020107,Ghana,2220,False
0.012824698428040904,2.4448066116582417e-05,4.103867783056011e-05,-0.1487552900217857,Ghana,2310,False
-0.0006080969141177687,3.794988984277469e-05,6.370292421233791e-05,-0.1485298398434189,Ghana,2420,False
0.0746820988436272,0.0007049542583711494,0.001183340660018601,-0.14979534378480217,Ghana,2599,False
0.04109119226178045,0.0007528734124406897,0.0012637780539783217,-0.1492315980773325,Ghana,2620,False
3.2944782160496556e-05,5.9947611364326515e-05,0.00010062843816605834,-0.1485406552660148,Ghana,2651,False
0.005393157963225368,3.658289738748237e-05,6.140828206346473e-05,-0.14863057393955978,Ghana,3100,False
0.006555949576015573,1.5219455628198296e-05,2.5547474115283737e-05,-0.14865003933768783,Ghana,3212,False
-0.00969069616870468,0.00017132319585740823,0.00028758419607370444,-0.14837771085303242,Ghana,3220,False
-0.004122214124585616,3.414197916004579e-05,5.731094134666393e-05,-0.14847084212268538,Ghana,3290,False
0.0,0.0,0.0,-0.14853995277868415,304,1020,False
0.0011889200593435437,1.1179910191516507e-06,1.8766667692093847e-06,-0.14855991285368864,308,2620,False
0.0011889200593435437,1.1179910191516507e-06,1.8766667692093847e-06,-0.14855991285368864,308,2710,False
-0.007572218003924643,0.00011553334173688436,0.00019393499541512163,-0.14841313287514724,320,1020,False
0.009339390268267916,7.509278453192797e-05,0.00012605122127493044,-0.1486969118064756,320,1030,False
-0.014060155491267478,0.00019184969102171393,0.0003220401001939542,-0.14830441572236633,320,1040,False
0.06634876134644536,0.00040769431022367303,0.0006843582380233107,-0.14965471144162737,320,1050,False
0.025636502331854095,0.00021221363956756926,0.000356223152536267,-0.14897081939073184,320,1061,False
0.0005898677780331366,1.0321429424985443e-07,1.7325616468107483e-07,-0.14854985459374553,320,1071,False
2.480030809730008e-05,1.0862971317519308e-06,1.8234652101170299e-06,-0.14854037178680052,320,1072,False
0.018328197314084426,0.00018301923637680737,0.0003072172433863192,-0.14884806834059044,320,1073,False
0.010026414585257073,0.0003755215400882262,0.0006303528233533247,-0.14870919419828085,320,1074,False
-0.00010999140420655807,2.193815377354377e-07,3.6825523156577735e-07,-0.14853810700304193,320,1079,False
0.00024065007127818382,4.387697601761098e-06,7.3652168411988145e-06,-0.14854400328653192,320,1101,False
0.06462363325917572,0.0004564151453555277,0.0007661413388656246,-0.14962587550419368,320,1103,False
0.037422093681149335,0.0002028331744224135,0.00034047704463729755,-0.14916863028612595,320,1104,False
0.0061893093327078045,0.0005270000282544847,0.0008846255680551617,-0.14864516186823892,320,1200,False
0.10330896387071667,0.0005333907056393285,0.0008953529993810188,-0.15027544905145623,320,1311,False
0.005009158693620243,0.0002033437541033782,0.0003413341069069275,-0.1486245441384027,320,1312,False
0.006344308688114927,0.0007565524495785244,0.001269953708899504,-0.14864833650914044,320,1391,False
0.010815410257094807,5.5519653543506166e-05,9.319564026746702e-05,-0.14872163953882292,320,1392,False
0.010821812622245651,0.0001900797185552789,0.00031906901325919984,-0.1487220829333261,320,1393,False
-0.00274313276875474,6.338273913968843e-06,1.06394665294521e-05,-0.14849392217814417,320,1394,False
0.0031080555974845165,3.6272350746551674e-06,6.088699651524409e-06,-0.14859213384311085,320,1399,False
-0.001437739799868171,2.1349695019595605e-06,3.5837732584321732e-06,-0.14851582411028194,320,1410,False
0.0015053018238756174,8.632104457873759e-07,1.4489904933877176e-06,-0.14856522302264474,320,1430,False
0.010788369646593821,6.815633332138697e-05,0.00011440765056633717,-0.1487212171797975,320,1512,False
0.0030830965633914806,1.2226592867704608e-06,2.0523635827490747e-06,-0.14859170888150527,320,1520,False
-0.01269178206695497,0.0002581200692278589,0.00043328197462044293,-0.1483275504017383,320,1610,False
0.007471176217899163,0.0004965268405380766,0.000833473083142843,-0.14866660350956049,320,1621,False
0.008652625068927583,0.0004644693812547299,0.0007796612299957659,-0.1486863555381615,320,1622,False
0.01303427445282183,0.0007703414069909011,0.0012930999396961404,-0.1487606705550801,320,1623,False
0.019555967883724244,0.00012238042895942557,0.00020542855917037598,-0.1488685263062705,320,1629,False
-0.00020199044244485577,1.7649051308050248e-06,2.962580873236563e-06,-0.14853656655490574,320,1701,False
-0.00028814700318284515,1.6741911230971448e-07,2.810307768309152e-07,-0.14853511634236197,320,1702,False
-5.4096783701970336e-05,1.8766256822120193e-08,3.150115694779539e-08,-0.1485390447534558,320,1709,False
0.0271767861378544,0.0004971127229025735,0.0008344565489715322,-0.14899738734165993,320,1811,False
-0.0031134555177310865,0.004817148452381898,0.008086095745020705,-0.14849969794594164,320,2011,False
0.0026947340813690203,1.4161202373802025e-06,2.377108353440039e-06,-0.14858519028680017,320,2012,False
-0.05429370130760328,0.0004538221334019036,0.0007617886926617028,-0.14762969991384953,320,2013,False
0.0004310565382769628,4.726522719297111e-06,7.933970818431835e-06,-0.14854720030658805,320,2022,False
-0.01885496974835985,0.0005380302624033406,0.0009031409885989368,-0.14822479074727704,320,2023,False
-0.01192882077636976,0.0006937133365550106,0.001164471577828982,-0.14834144223542994,320,2029,False
-0.01854162002886022,0.0008774728985370143,0.0014729315364409754,-0.14823089531617606,320,2030,False
-2.7640892550558175e-05,4.333767341259493e-09,7.274689166106249e-09,-0.1485394888077259,320,2100,False
0.003257891402196022,0.0007071476746522592,0.0011870225424087878,-0.1485964038218517,320,2211,False
-2.9243146424484782e-05,2.8516555283359596e-08,4.7868069381462566e-08,-0.1485394619724886,320,2219,False
-3.580177492095633e-05,3.3399691842785754e-06,5.6064933178758836e-06,-0.14853936013568375,320,2220,False
-0.0007680602970090438,3.632460445662909e-07,6.097470992223067e-07,-0.14852706097578253,320,2310,False
-0.0022070127316828193,7.055470304368689e-07,1.1843356909431745e-06,-0.14850290748267916,320,2392,False
-0.05925630902294979,0.0007736273719022772,0.0012986157811012413,-0.14754718871276207,320,2393,False
-0.055899618819032486,0.00041899441786118934,0.0007033266699056239,-0.14760265638380074,320,2396,False
-0.0008449458344605918,5.670293075160797e-06,9.518189684481642e-06,-0.14852578360163268,320,2399,False
0.002312942825104569,3.7429001999510644e-07,6.282855859652058e-07,-0.14857877891618393,320,2410,False
0.005679624212088463,3.7595372462598687e-07,6.310782910416046e-07,-0.14863529224658645,320,2420,False
0.004703108288364423,1.3586197693043906e-05,2.2805877054175314e-05,-0.1486189333446067,320,2431,False
-0.0017618887920785547,2.9555576561070813e-06,4.96121770451017e-06,-0.1485103849703272,320,2511,False
0.0013013621274737947,2.777116271573407e-06,4.661684872072778e-06,-0.14856180445083791,320,2512,False
0.000200133566625919,1.0097203202475222e-06,1.6949228918152396e-06,-0.14854331475103857,320,2593,False
-0.011667039218998997,0.00044115865576184433,0.0007405316993025266,-0.14834520766650106,320,2599,False
0.02280293119339409,0.0006687539903861869,0.001122574662081154,-0.1489243960060444,320,2610,False
-0.02141779048386597,0.0004792308230348713,0.0008044398791797561,-0.1481816244301675,320,2620,False
0.006414348055237043,0.0004665936290386785,0.0007832270057107874,-0.1486487886867641,320,2630,False
-0.000210803630933665,2.25990904545486e-07,3.793497563387448e-07,-0.14853641477912508,320,2640,False
0.00028094124221491565,4.819722957699154e-06,8.090417325868208e-06,-0.14854468069396265,320,2651,False
0.041762391610195446,0.0005293378030107139,0.0008885497714912869,-0.1492423050078613,320,2652,False
0.0005255908566062747,1.928383423974245e-06,3.236996566227143e-06,-0.14854878018843953,320,2660,False
-0.004134571879876241,3.7858712969346336e-06,6.3549874138095595e-06,-0.14847055902987452,320,2670,False
0.505310525764139,0.00462751907596831,0.007767782678918153,-0.15703432518888924,320,2680,False
-0.0629617190706894,0.0005762901085980521,0.0009673642074966708,-0.14748450010741126,320,2710,False
-0.005579451499943394,6.444959874412536e-07,1.081855025488112e-06,-0.14844629736021858,320,2720,False
6.075436661873981e-05,3.152148190480738e-06,5.291215814226749e-06,-0.14854098046493416,320,2732,False
-0.060390616349462814,0.0006764638849058276,0.0011355165396018682,-0.14752790729121715,320,2740,False
-0.0008115973793622248,8.825845586432477e-07,1.4815120013038692e-06,-0.14852633145437083,320,2750,False
0.04399829978209323,0.0006715680102746068,0.001127298293596995,-0.1492801938442371,320,2790,False
-0.00042429238111538355,1.415468530896211e-06,2.3760143948296083e-06,-0.1485328341092016,320,2811,False
-0.001512254579922405,3.4145996437475836e-07,5.731768477387086e-07,-0.14851456882926956,320,2812,False
0.0023444415569953423,3.7698586838662566e-06,6.328108540617506e-06,-0.14857931612464353,320,2813,False
-0.000657485713294501,4.999345943575862e-07,8.391933601765287e-07,-0.14852891742851743,320,2814,False
0.0012383492529255266,3.2861539715657205e-07,5.516158762726429e-07,-0.14856074060675678,320,2816,False
0.0003317190187061027,6.610697166383913e-06,1.1096757917494953e-05,-0.14854553751877245,320,2817,False
6.837301474219792e-06,3.657901515363973e-07,6.140176532127452e-07,-0.14854006846211973,320,2818,False
-0.0005869843313015572,4.995842034633179e-06,8.386051918135968e-06,-0.14853011207852534,320,2819,False
0.2141611117820855,0.0035299826838522106,0.00592545117553525,-0.1521438899072629,320,2821,False
8.363420219993027e-05,3.953928691379938e-09,6.637089615055091e-09,-0.14854135667753088,320,2822,False
0.00011587570372825951,8.600320518045193e-08,1.443655221221034e-07,-0.14854189808999152,320,2824,False
3.9359744284263196e-05,2.1176951605870153e-06,3.5547764401585937e-06,-0.1485406187541187,320,2825,False
-0.004875645997031164,5.925783545093787e-06,9.947057597156614e-06,-0.14845812464497868,320,2826,False
0.001119201126773883,4.971188365841618e-07,8.344668114359687e-07,-0.14855874099899238,320,2829,False
0.044744805975485545,0.002453589055106663,0.004118610047966707,-0.1492971908802638,320,2910,False
-0.00334276223485142,1.1242079022527429e-05,1.8871024683554584e-05,-0.14848386898161006,320,2920,False
-0.05209462196690799,0.0005853843107743031,0.0009826297925722937,-0.14766694019121357,320,2930,False
-0.05926647972298064,0.0018269590628991563,0.003066744994651599,-0.14754962688647047,320,3030,False
-0.0005152819894094587,1.266070919046944e-06,2.125234622225075e-06,-0.14853130637938072,320,3092,False
-0.00032374847435163816,2.511835924181218e-07,4.216383609408778e-07,-0.1485345189426728,320,3100,False
-0.00020549339642879323,1.1925405952317524e-09,2.001806157354323e-09,-0.14853650335655696,320,3211,False
0.002683338103326609,2.709268153967206e-06,4.54779459434802e-06,-0.1485850022185044,320,3212,False
-0.012592819566700546,0.00034730967380844,0.0005829962068531057,-0.14832943367093587,320,3220,False
0.003499477303452244,1.1190293463540421e-06,1.8784097117938186e-06,-0.14859869801649433,320,3230,False
-0.01672494613149559,0.00019506162569295384,0.0003274316739714979,-0.1482596922282741,320,3240,False
0.02487385919354513,0.0007615972528702746,0.0012784219474923414,-0.14895939127595978,320,3250,False
0.0004256793825380633,8.756644855919798e-08,1.4698959230766306e-07,-0.14854709847797024,320,3290,False
0.05415823313253902,0.0004696142217002769,0.0007882973915853008,-0.14945023440485675,320,Wastes,False
0.007298348311829486,1.9862010346622085e-05,3.3340495718367237e-05,-0.14866251287813417,324,1020,False
-0.0018802205769878283,5.713877450315186e-05,9.591350691240948e-05,-0.14850853371734887,324,1040,False
0.0035728287031113162,6.01108024340763e-05,0.00010090237172400725,-0.14860007644742004,324,1410,False
0.0007226552718530837,6.592661207563133e-05,0.00011066482643373816,-0.14855224771069905,324,2220,False
0.006497514630916912,7.203509170458603e-05,0.00012091855882843173,-0.14864920021315772,324,2651,False
-0.0009073139702503721,0.0001523813489698092,0.00025578829253560323,-0.14852510245903322,324,3220,False
-0.0399475831508074,0.00015429850808279275,0.000259006447902677,-0.14786977312306437,328,1020,False
0.022798520737434085,0.0001068879038313407,0.0001794227088719717,-0.14892291738585,328,1030,False
-0.009627744275235281,0.00024099559844704377,0.00040453673006647607,-0.14837894110395233,328,1040,False
0.07358138797746673,0.0004780560475830551,0.0008024678937040773,-0.14977629650032895,328,1050,False
-0.018259911905204478,0.00026375727300473215,0.0004427446204003234,-0.1482340970453766,328,1061,False
0.002841761403259417,3.977316872993995e-06,6.6763491640813795e-06,-0.14858766468488993,328,1071,False
-0.004705948042148132,7.372892813332417e-06,1.2376184333057492e-05,-0.14846097681213102,328,1072,False
-0.008940515891059826,0.00023108595423539078,0.0003879023388521271,-0.14839045232563008,328,1073,False
-0.02250304096846953,0.00044316268399248264,0.000743895673717858,-0.14816331749557968,328,1074,False
-0.0015902849688915759,1.4512286321572162e-06,2.43604152613073e-06,-0.14851326177283722,328,1079,False
0.0003304988452844115,1.7777340341294158e-07,2.9841155511918057e-07,-0.14854550099640276,328,1101,False
0.16612600766683647,0.0008195908948627262,0.0013757704403588096,-0.15133063637314184,328,1102,False
0.015281641816838363,0.00025328730635778635,0.0004251696684155003,-0.1487971040212716,328,1104,False
0.01948922107766772,8.325107119134867e-05,0.00013974577266679837,-0.14886730810747967,328,1392,False
-0.0033189551298908947,4.4900701894710976e-08,7.537060111978497e-08,-0.14848424070065988,328,1410,False
-0.01867601613941501,9.857980351955213e-05,0.00016547667933926327,-0.14822670127561532,328,1512,False
-0.007037238962016486,7.721677140766999e-06,1.2961655902779233e-05,-0.14842184447998008,328,1520,False
-0.02729507893807439,0.00031467804237176537,0.0005282205447115938,-0.14808255806626153,328,1610,False
0.017404978666259535,0.0005393821870146846,0.0009054103377700157,-0.14883346140080927,328,1622,False
-0.03153261307144731,0.00016219602094639694,0.00027226326275775167,-0.14801104732850356,328,1629,False
-0.006010332318991814,2.3594844788069258e-06,3.960645513237032e-06,-0.14843906884081182,328,1709,False
-0.09244676102404466,0.004587709020362478,0.0077009572687350425,-0.14699945598835504,328,2011,False
0.025885035150958604,0.00046321490753817605,0.0007775554625107197,-0.14897561897780737,328,2023,False
-0.06839816729162684,0.0006083813180455093,0.0010212327138818835,-0.14739332206158134,328,2029,False
-0.0031703328173555353,2.583156081097293e-06,4.336102074196411e-06,-0.14848674181078605,328,2100,False
0.00349801935392034,3.392668535447295e-06,5.694954780806308e-06,-0.14859867921459682,328,2219,False
-0.00022515744789809063,2.387238734983524e-08,4.007233982534638e-08,-0.14853617333109848,328,2220,False
-0.00014769569030820027,5.179039461522856e-06,8.693568273239971e-06,-0.1485374864627281,328,2310,False
0.10776884379756864,0.0006833574448348298,0.0011470881127350126,-0.15035069203610074,328,2393,False
-0.006297353103926158,1.1233894652152484e-06,1.8857286347873484e-06,-0.14843424781175252,328,2420,False
0.01152741371885361,1.1152390781939808e-05,1.8720473437778602e-05,-0.14873348051532287,328,2512,False
0.010891690129616034,7.1711470559977565e-06,1.2037532633595512e-05,-0.14872279927804077,328,2593,False
-0.06205223273629909,0.00037367696141842266,0.0006272565019755023,-0.1474992652887933,328,2599,False
0.06101041869633709,0.0005850219448366395,0.0009820215228260637,-0.14956554627704252,328,2610,False
-0.018299269655840986,0.0004087792480717209,0.0006861794215312372,-0.14823379723501656,328,2620,False
0.031062767235533643,0.00039711430718688385,0.0006665985782611571,-0.14906236799439054,328,2630,False
0.0003283576361997611,1.4344046474563894e-06,2.4078006794039946e-06,-0.148545468187334,328,2640,False
-0.0022970072651961313,2.728342741247667e-07,4.579813316745976e-07,-0.14850139575010476,328,2651,False
0.009487566351721703,0.0006091218337958408,0.0010224757482863796,-0.14870073209419887,328,2652,False
0.019986606234773698,1.3095589669236219e-05,2.1982339334090565e-05,-0.14887548193661074,328,2670,False
-0.00823843951276913,0.0004987625239763891,0.0008372259154494357,-0.14840290428149264,328,2710,False
0.011322294582379521,1.1892016769054147e-05,1.9962014280132083e-05,-0.14873003921847341,328,2732,False
0.004861422600886817,0.0005922344709771058,0.0009941285146515778,-0.14862303442874547,328,2740,False
-0.008066531996136972,6.825214022625538e-06,1.1456847264052857e-05,-0.14840456446680908,328,2750,False
-0.049972256271507254,0.0005876541005760529,0.0009864398760354564,-0.14770257233323017,328,2790,False
0.006776424450237437,8.195543612237709e-06,1.3757091147622607e-05,-0.14865372271691646,328,2811,False
0.005960436554286612,5.095841658717811e-06,8.553911917222064e-06,-0.14864001775678767,328,2812,False
-0.0001607269842949095,7.212503876350568e-08,1.2106954452829066e-07,-0.14853725498523174,328,2813,False
-0.0010318080509726033,5.664932520806476e-06,9.509191424165627e-06,-0.1485226469070291,328,2814,False
-0.0005110135077887414,3.1594145181491847e-07,5.303413117636134e-07,-0.14853137566146668,328,2819,False
0.005663719667177151,1.9038157800824817e-06,3.1957571643897046e-06,-0.14863502908390294,328,2824,False
0.0011402685644889992,9.78614588214757e-06,1.642708614027822e-05,-0.14855911780259023,328,2825,False
0.073415902678571,0.000507225405517053,0.0008514317617282108,-0.14977359196691534,328,2930,False
-0.0016581240924763267,1.3732772947738557e-06,2.3051919200276436e-06,-0.1485121228266789,328,3100,False
0.0063135682328495065,7.457777532549391e-06,1.2518672357593721e-05,-0.14864595134135833,328,3230,False
0.009284231923176803,0.00024459389030450095,0.00041057684545124076,-0.1486964089937714,328,3240,False
0.06034441522702387,0.0006720537855583036,0.0011281137190490783,-0.14955458508077832,328,3250,False
-0.00046231718809518267,1.8965009574649708e-06,3.1834784570532536e-06,-0.14853219702172465,328,3290,False
0.02213080886666598,0.0005449253225473597,0.0009147150800024613,-0.14891280405865706,328,Wastes,False
0.0004701892429603777,0.00020976161568352612,0.00035210716979430963,-0.14854836845439906,332,1020,False
-0.01693228443147584,0.00015376285086499982,0.00025810729032171365,-0.14825610904513992,332,1030,False
0.05488445257155683,0.0003092493616345444,0.0005191079270199773,-0.14946202252702648,332,1040,False
0.049730631923712854,0.0005342053981795163,0.0008967205474123558,-0.14937607378562928,332,1074,False
0.0012559973987327478,2.689017764688884e-06,4.513802163307726e-06,-0.14856104273591123,332,1101,False
0.11326173278285545,0.00012511891826606035,0.00021002540457571423,-0.15044148732714138,332,1392,False
0.0024722126542115327,5.1681300925384224e-06,8.675255737722764e-06,-0.14858146438589387,332,1410,False
0.0013082625048641953,2.1749135557439722e-05,3.65082359880217e-05,-0.14856196759287812,332,1430,False
-0.03761331209956332,0.00014376466974821585,0.00024132428050054075,-0.14790893029192792,332,1512,False
-0.030255658960282594,0.00021895341307764227,0.0003675365788175885,-0.14803262345500753,332,1629,False
-0.015135149272081351,1.2942118968158249e-05,2.1724722448242194e-05,-0.14828592542404295,332,1709,False
-0.002731836151357246,0.0003787294972959656,0.0006357377205355744,-0.14849504004389716,332,2023,False
0.002648426013355072,0.0005109377748947297,0.0008576633683572184,-0.14858568378960213,332,2029,False
0.02501915220005029,0.0005798296455408303,0.0009733056965114407,-0.1489613756935262,332,2393,False
0.030716405942066847,0.0002982277389788192,0.0005006069617828324,-0.1490563064905157,332,2599,False
0.04247388927111988,0.00041093523318613877,0.0006897984717291613,-0.14925395171174682,332,2710,False
0.07762932494753391,0.0004961495047654129,0.000832839684937257,-0.14984429148140227,332,2740,False
-0.004761679098012451,2.296659445016371e-05,3.855187015655669e-05,-0.14846008016744885,332,3230,False
0.008796291115382097,1.182389684018827e-05,1.984766773831415e-05,-0.1486876373866295,332,3290,False
-0.12262033456707191,0.0006341480957928877,0.0010644849893650997,-0.1464831994080036,340,1010,False
-0.008500418631357934,9.900830560107526e-05,0.0001661959656332996,-0.1483975108466029,340,1020,False
0.0085530016264213,6.189373770500561e-05,0.00010389521810406437,-0.14868367847814193,340,1030,False
0.056457929948900254,0.00017037113970614205,0.0002859860686192832,-0.14948808666332264,340,1040,False
0.0031281240790509814,0.00037609192142621576,0.0006313102690612468,-0.14859339975196997,340,1050,False
0.04454403238131897,0.00018959093369639722,0.00031824853591524765,-0.14928814682029798,340,1061,False
-0.0009148071452909173,2.2760739344397722e-07,3.8206320478924873e-07,-0.14852459733575912,340,1071,False
4.662845130993113e-05,5.9489067701278266e-08,9.985872388398192e-08,-0.14854073563513676,340,1072,False
0.040138715444575056,0.00034521737276405523,0.0005794840571364126,-0.14921458846002827,340,1074,False
-0.0011839191733750381,1.6046145471310053e-06,2.6935160894903846e-06,-0.14852008343725345,340,1079,False
0.08543277819623571,0.00042294072771767693,0.0007099509704964225,-0.1499750975262659,340,1103,False
0.018335284151349482,0.00018073036035725048,0.0003033751216776832,-0.14884818158210694,340,1104,False
0.02211047978796804,0.0004909826896529265,0.0008241666365333352,-0.14891232797131113,340,1200,False
0.04429335681506355,0.0004971517897157292,0.0008345221267702554,-0.14928470967104032,340,1311,False
0.028268657566429926,0.00018121233678746926,0.000304184170350382,-0.14901492552561726,340,1312,False
0.011761411770743592,0.0007132716769421375,0.001197302331239916,-0.14873916143520174,340,1391,False
0.0067091520726999115,4.425973684834145e-05,7.429467315422831e-05,-0.14865268346914548,340,1392,False
-0.0019672778734907965,2.9557892695356912e-06,4.961606492270831e-06,-0.1485069372966714,340,1394,False
-0.001175053836213083,1.2236301298289013e-06,2.0539932460242552e-06,-0.14852023130154482,340,1399,False
-0.0011520657000486934,5.105364946612768e-06,8.569897768288776e-06,-0.14852062685931736,340,1410,False
0.0001056540822040964,1.7092741498322046e-08,2.869198358044775e-08,-0.14854172633738488,340,1430,False
0.004540692399389094,5.561181439303703e-05,9.335034205019504e-05,-0.1486163118612448,340,1512,False
-0.0007009624856564198,9.44869321040803e-08,1.586063595920694e-07,-0.14852818661380743,340,1520,False
-0.013914939819151508,0.0002331046047218452,0.0003912908582782062,-0.14830695603366065,340,1610,False
-0.05845624131342102,0.00043069529910379293,0.0007229678428867112,-0.14755976943835136,340,1622,False
0.03973093999883778,0.0007266622146222234,0.0012197797721634866,-0.14920869885847818,340,1623,False
-0.01242145341403494,0.00010535414736162024,0.0001768481355976994,-0.1483317078008601,340,1629,False
-0.0031732242185755414,2.810540803572317e-07,4.7177915020941253e-07,-0.14848668753753552,340,1701,False
-0.0005032369415364742,1.5146354375588648e-07,2.542476589204219e-07,-0.14853150578931243,340,1702,False
0.0005335924064536425,8.748646003244299e-07,1.4685532306264441e-06,-0.1485489118759604,340,1709,False
0.11955660463078799,0.00046214993758707885,0.0007757677972404323,-0.15054800538022334,340,1811,False
-0.04650898301112176,0.00492860614302063,0.00827318932682179,-0.14777147547326536,340,2011,False
-0.007260455028270308,0.0004204447526957799,0.0007057612110975274,-0.14841912580771813,340,2013,False
-0.005106145851087607,1.892563588727193e-06,3.1768691650806594e-06,-0.1484542454088867,340,2022,False
-0.01253706231103168,0.0005757039421048568,0.0009663802647277581,-0.14833093830168512,340,2023,False
0.037727376044175726,0.000736405391399892,0.0012361347300942377,-0.14917509089527084,340,2029,False
0.028519477338829723,0.0008308124297164291,0.0013946069794711264,-0.14902076077623666,340,2030,False
-0.0011253408189288486,7.468128399332747e-07,1.2536047387797074e-06,-0.14852106459865697,340,2100,False
0.00244034750400518,3.96249509664096e-07,6.651469236903162e-07,-0.14858091759393408,340,2219,False
-0.002531674586696282,6.89540458386512e-06,1.1574669582420349e-05,-0.1484974731176429,340,2220,False
-0.00029735794489086726,3.828010223919692e-08,6.425722082164058e-08,-0.1485349614049291,340,2310,False
-0.05546805183716964,0.0008186757137223294,0.0013742342115299832,-0.1476108910848687,340,2393,False
0.003281509917028541,0.0003869482864657783,0.0006495338318226127,-0.14859600159222242,340,2396,False
4.5749514821670393e-05,2.5055272579040765e-06,4.205793842445062e-06,-0.14854072698023935,340,2399,False
4.080780591584124e-05,1.9923396908384412e-06,3.344353958773821e-06,-0.14854064274881043,340,2420,False
-0.00031478665953157297,4.264077350226582e-08,7.15770710804177e-08,-0.1485346688562993,340,2593,False
0.02602557696314531,0.0004753328359151355,0.0007978966934393507,-0.14897800844406242,340,2599,False
-0.008051269440942406,0.0007106825650244334,0.001192956231660864,-0.14840657408801175,340,2610,False
0.03200134867575903,0.0005148221803067665,0.000864183755757502,-0.14907841774542993,340,2620,False
0.012097676514960614,0.0005017210434659514,0.0008421921049062464,-0.14874427785150343,340,2630,False
0.003667708315125983,8.962471560358848e-06,1.504446123375176e-05,-0.14860154151786545,340,2651,False
-0.0006860068416848409,3.484664591748111e-07,5.849379940580009e-07,-0.14852843829341358,340,2660,False
0.027725899494244578,0.0006152580187564339,0.0010327759870253329,-0.1490069003820896,340,2710,False
0.003293682239662285,9.546795307770966e-07,1.6025310757981681e-06,-0.14859524311757896,340,2732,False
-0.1973161010727164,0.0007186297953756227,0.0012062965026038686,-0.14522954417210204,340,2740,False
-0.00029902755604274944,1.991139278169591e-08,3.342338938504089e-08,-0.14853493333293208,340,2750,False
0.06074686390325522,0.0007135833674282699,0.0011978255368538997,-0.14956144494900497,340,2790,False
0.0004411942764408063,4.579866396619285e-08,7.687792591103346e-08,-0.14854735880780826,340,2812,False
0.005324404877037236,7.507404773443365e-06,1.260197695685959e-05,-0.14862934730467692,340,2813,False
0.0002633216751774512,8.334128986570349e-09,1.3989721430203822e-08,-0.14854437293369652,340,2814,False
0.0008370250206607789,5.067096708573602e-08,8.505660462788064e-08,-0.14855400325977688,340,2816,False
-0.003379763873648368,3.1427334141937383e-06,5.275412111428887e-06,-0.14848322768244435,340,2817,False
-0.0003701125740682384,9.202061680155091e-06,1.544663871849908e-05,-0.1485337629891688,340,2819,False
0.00011903051747964804,7.417209959484025e-07,1.2450575373829918e-06,-0.14854195268188344,340,2822,False
0.0018415995856842179,1.1916233352865125e-06,2.0002664390305885e-06,-0.14857086895718186,340,2824,False
-0.0030169120463934625,2.676303778330042e-06,4.492460385694945e-06,-0.14848931737380153,340,2826,False
-0.004126305480990902,2.2602672742862936e-06,3.7940988885610924e-06,-0.14847069398800666,340,2829,False
-0.061194419574027714,0.002533317102204553,0.0042524420501916516,-0.14751901255637612,340,2910,False
0.0057312956612290775,0.0006246534765297322,0.0010485472616443708,-0.148637717205496,340,2930,False
-0.0006544360823380589,1.6887890759434373e-06,2.8348119839386395e-06,-0.1485289715838871,340,3100,False
-0.0002455216325780125,7.184825235667432e-07,1.206049291217524e-06,-0.14853583322850472,340,3212,False
-0.0004980291337588855,6.733498359929678e-08,1.1302892774751196e-07,-0.1485315929981477,340,3230,False
0.007844306268207096,0.0001733987112214094,0.00029106816924153914,-0.14867206053501678,340,3240,False
-0.03718653268945528,0.0008062989403042178,0.0013534584816842917,-0.14791773930302402,340,3250,False
0.0011977304216831848,1.1974230425499585e-06,2.0100018641869645e-06,-0.1485600609430715,340,3290,False
0.029450481845479118,0.000435650079827686,0.0007312849690299114,-0.14903540029609813,340,Wastes,False
0.04456204716384933,0.00013883035361143858,0.00023304150634222042,-0.1492883220139855,Hungary,1312,False
-0.008547696731435435,2.4739833629438088e-05,4.152844061606674e-05,-0.14839653222952565,Hungary,1392,False
0.0037558154957789344,0.00012790941160383405,0.00021470954427539973,-0.14860331719975536,Hungary,1393,False
0.00012039975856017817,1.6286912594275632e-09,2.7339314104587512e-09,-0.14854197382067874,Hungary,1394,False
0.0010813350807900232,3.279918054279891e-07,5.505691112677922e-07,-0.14855810495540026,Hungary,1399,False
0.003828840922898844,1.551091041274405e-05,2.603671195307884e-05,-0.14860426263533502,Hungary,1410,False
-0.08148910121389472,0.0014058861128828314,0.0023599292875735333,-0.147175544829866,Hungary,1420,False
-0.001078650014080096,2.396751827045083e-06,4.023202718811164e-06,-0.14852185246691726,Hungary,1430,False
-0.023096408235548246,0.0006311795720423633,0.0010595020066928012,-0.1481538247074833,Hungary,1511,False
-0.0015884682902040873,3.3390473719202466e-05,5.604945957842853e-05,-0.14851337189081773,Hungary,1512,False
0.004252123399720235,1.8810028818355472e-06,3.1574632896483283e-06,-0.14861133388234643,Hungary,1520,False
0.01322654033229207,0.00018465765225036146,0.00030996749859532553,-0.14876243543330625,Hungary,1610,False
0.09708598700543737,0.0003922636292306753,0.0006584561996797435,-0.15017063308178907,Hungary,1621,False
-0.006063619093088427,0.00036382952627828585,0.0006107265353005796,-0.14843907504333895,Hungary,1622,False
-0.06002947907659949,0.0006389666198906149,0.001072573394277065,-0.1475338765695545,Hungary,1623,False
0.01340260506991335,7.370794253403254e-05,0.00012372661677137372,-0.14876511381392812,Hungary,1629,False
-0.0002571463116647049,1.3196001714947908e-06,2.215089162671851e-06,-0.1485356395946906,Hungary,1701,False
-0.0042269845229581165,4.276901228472651e-06,7.179233350868879e-06,-0.14846900900907609,Hungary,1702,False
0.0015305924326842124,6.8341766469955245e-06,1.1471891981793814e-05,-0.14856566244299413,Hungary,1709,False
-0.001257554840147206,0.0003927843969979978,0.0006593303637353288,-0.1485198226201856,Hungary,1811,False
0.020659184165431797,0.00035441321798208576,0.0005949202608624194,-0.14888762490846677,Hungary,2013,False
0.000869040182580464,6.926867103598337e-07,1.1627482766289864e-06,-0.14855454226926254,Hungary,2021,False
-9.720093876282865e-05,9.191756138027021e-08,1.5429339770547683e-07,-0.14853832138678627,Hungary,2022,False
0.01352117683597714,0.0006590883050436606,0.001106349781761706,-0.14876856600572755,Hungary,2023,False
0.010087647371022234,0.0007368473986856811,0.0012368766863092517,-0.14871112403629994,Hungary,2030,False
0.009534895388898738,0.0005815338307874448,0.0009761663526044789,-0.14870145770707194,Hungary,2211,False
0.0023045332861758912,5.328559952427188e-06,8.944554311400596e-06,-0.1485786501093326,Hungary,2219,False
0.007020342870393632,0.0009175685258525058,0.0015402363090953075,-0.14866008641308645,Hungary,2393,False
0.11246722086492869,0.0006032334903196914,0.001012591537824863,-0.1504293578696306,Hungary,2395,False
-0.02064091781291144,0.0003237162850682414,0.0005433921958518657,-0.14819427830783538,Hungary,2396,False
9.710615631121126e-05,9.215637993488608e-09,1.5469428003605073e-08,-0.14854158283172117,Hungary,2399,False
-0.0022542065354410204,9.550488643947953e-06,1.6031510415360083e-05,-0.14850213733287826,Hungary,2420,False
-0.0009297822984806772,1.4609801933764584e-06,2.4524105582379375e-06,-0.14852434903686307,Hungary,2431,False
0.0023310193618235964,6.573441509975373e-07,1.1034220337899686e-06,-0.1485790830560236,Hungary,2512,False
0.01130984212181711,1.6704582959302116e-05,2.804041821106194e-05,-0.14872984220564386,Hungary,2513,False
0.0021164363060151297,4.822576974180422e-06,8.095208095916824e-06,-0.14857549143936877,Hungary,2520,False
6.151105877267985e-05,2.1679247354604413e-06,3.6390921210376783e-06,-0.148540990712736,Hungary,2593,False
0.0015715842742566768,0.0005513579720762855,0.0009255129660338409,-0.14856770850474288,Hungary,2599,False
0.057175807355478954,0.0008030147035874327,0.0013479455412375206,-0.1495017246854328,Hungary,2610,False
-0.01662376097470492,0.00042148527446378,0.0007075078374936201,-0.14826195424444588,Hungary,2652,False
0.0016109633026625987,1.184991992922985e-06,1.989135025955083e-06,-0.1485669974653876,Hungary,2660,False
-0.001005284528968422,2.824967947693202e-07,4.7420089971208776e-07,-0.14852307871353568,Hungary,2670,False
0.09351804108455225,0.004970688022066031,0.008343828234145322,-0.1501222784539566,Hungary,2680,False
-0.012823256191946764,2.8037183677526804e-06,4.706339318339115e-06,-0.1483247077729168,Hungary,2720,False
-0.05760489939902129,0.0023342793752885453,0.003918336067653722,-0.14757877594009333,Hungary,2731,False
0.0007052966449792771,4.925328095083568e-07,8.267686774899658e-07,-0.1485517931607872,Hungary,2732,False
0.06526603528504572,0.0008114610362196073,0.001362123608414231,-0.14963755080779842,Hungary,2740,False
0.001477440191700211,2.3647553870727574e-06,3.96949329306405e-06,-0.14856475908010366,Hungary,2750,False
-0.002482379528765332,2.278310215201252e-06,3.824385882869512e-06,-0.14849828907864715,Hungary,2815,False
-0.0005730772824996997,3.6251626040738417e-06,6.0852207893479574e-06,-0.14853034210570976,Hungary,2816,False
5.10514641710446e-06,8.815664908705447e-09,1.4798030663257649e-08,-0.14854003849597458,Hungary,2817,False
-0.0011855695033792305,3.50599393441645e-06,5.885183509579272e-06,-0.1485200604749758,Hungary,2818,False
-0.00490030929609597,0.0038304826633973003,0.006429872334650012,-0.14846724213219925,Hungary,2821,False
-0.001156105879294574,6.452189833818441e-06,1.0830686510295847e-05,-0.1485205623983446,Hungary,2822,False
-0.005198760582688336,0.001986615116045126,0.003334744651455216,-0.14845763673907006,Hungary,2823,False
0.0009876640952770589,1.0444953568654957e-06,1.7532964873996762e-06,-0.14855653437505667,Hungary,2825,False
7.553625438768274e-05,1.8440669390424185e-09,3.0954623833424067e-09,-0.14854122073960785,Hungary,2826,False
0.0006030174354445794,1.0127048446162397e-05,1.6999327332260568e-05,-0.14855010031986945,Hungary,2829,False
-0.11886935466409676,0.002044864453776693,0.003432522356800502,-0.14654963465030774,Hungary,3030,False
-0.0016336138017116458,1.7598367477271006e-06,2.9540730534660775e-06,-0.1485125352216434,Hungary,3091,False
-0.005058697087793005,6.252147594274924e-06,1.0494894346531948e-05,-0.14845505275082085,Hungary,3099,False
0.005476970819474132,8.870973952652285e-06,1.4890872772929098e-05,-0.14863191168855264,Hungary,3100,False
-0.00038645782087344603,5.966796249102357e-06,1.0015901780526446e-05,-0.14853348055031979,Hungary,3211,False
-0.001774385891391906,0.0002611136172162124,0.00043830696313603904,-0.14851081875856678,Hungary,3220,False
0.0004126068779898185,2.0146793255683627e-06,3.3818534103935056e-06,-0.1485468838473743,Hungary,3230,False
-0.005941427524422715,0.00013200195997072655,0.0002215793217512128,-0.14844054851545044,Hungary,3240,False
-0.04282581224173554,0.0009044627601297274,0.0015182368881736217,-0.14782332030411813,Hungary,3250,False
0.0050185607894197995,7.69037268119966e-06,1.2909108039700097e-05,-0.1486242138423752,Hungary,3290,False
0.0055663951722122774,0.00036838462339780254,0.0006183727500270674,-0.1486343097528522,Hungary,Wastes,False
-0.05170005598873179,0.0005929471875809687,0.0009953248852336493,-0.14767358221314944,Indonesia,1010,False
-0.002606764142209111,8.31470676190616e-05,0.0001395711916150308,-0.1484964027297396,Indonesia,1020,False
-0.002746662806542492,4.9497795548425406e-05,8.308731149319717e-05,-0.14849397050339413,Indonesia,1030,False
0.007278141291356622,0.0001493489123523981,0.00025069802532223383,-0.14866249681094043,Indonesia,1040,False
-0.02981180890579539,0.00034452182740627184,0.0005783165103162061,-0.14804038601794364,Indonesia,1050,False
0.008819936708151115,0.0001673766297492081,0.0002809594653371666,-0.1486884225462084,Indonesia,1061,False
-0.001422643432591381,0.0008299413721248501,0.0013931448167093681,-0.14851814126917087,Indonesia,1062,False
0.0011565467723179807,1.7131472467499924e-06,2.8756997629353578e-06,-0.14855937091779978,Indonesia,1071,False
1.843199660520464e-05,3.4561057814991913e-07,5.80144094174711e-07,-0.1485402630410881,Indonesia,1072,False
-0.0024344096942840497,0.00014156996912669277,0.00023764024220844347,-0.1484994415185962,Indonesia,1073,False
0.023253821884318498,0.0003149998752301691,0.000528760775375579,-0.14893108038719308,Indonesia,1074,False
0.0009126844304489506,4.403803625251698e-06,7.3922525137141914e-06,-0.14855528413862362,Indonesia,1079,False
-0.004666046963259601,3.233260178140189e-07,5.427370907798539e-07,-0.14846162902610757,Indonesia,1080,False
-0.03994994560880853,0.00015905772348644864,0.0002669952968670701,-0.14786974527971397,Indonesia,1104,False
-0.015026463395207747,0.000454812729035465,0.0007634515127339421,-0.1482888497307812,Indonesia,1200,False
-0.02079405198812671,0.0004607509711796842,0.0007734194834140923,-0.14819204865795543,Indonesia,1311,False
-0.0012113092499824803,0.00015950989864065693,0.0002677543209300798,-0.1485200173340532,Indonesia,1312,False
-0.015482431478729153,0.0006695340589146062,0.0011238840900281704,-0.1482817302231086,Indonesia,1391,False
-0.005924548365909512,3.3884143804910135e-05,5.6878137294912635e-05,-0.14844058736674928,Indonesia,1392,False
-0.0244718828964188,0.0001477877332286317,0.00024807742020808987,-0.14812953368633724,Indonesia,1393,False
0.00013235584533903734,7.875684890275449e-07,1.3220174281506947e-06,-0.1485421764759972,Indonesia,1394,False
-2.3321481773341865e-05,7.528867592769651e-08,1.263800458061792e-07,-0.14853956149054598,Indonesia,1399,False
0.00046416868500760933,9.556109775335336e-06,1.6040946081925694e-05,-0.14854776817194534,Indonesia,1410,False
-0.0705099380975453,0.0014701274730048717,0.002467765239459201,-0.14736000501392812,Indonesia,1420,False
0.0002302107196198742,4.914726891298299e-07,8.24989152742752e-07,-0.14854381833579963,Indonesia,1430,False
-0.03217036458126501,0.0006744606868739604,0.0011321539587634253,-0.14800161461790728,Indonesia,1511,False
0.011951566561786945,4.389781453509632e-05,7.368714807874253e-05,-0.14874068213082522,Indonesia,1512,False
-0.0003283271425131229,2.749985862070685e-07,4.616143595732799e-07,-0.14853444214423833,Indonesia,1520,False
0.02409747705656993,0.00020839732327577107,0.00034981705996224555,-0.1489449755818723,Indonesia,1610,False
0.004169947567510902,0.0004265356656377323,0.0007159854559407312,-0.14861101381454564,Indonesia,1621,False
0.011329742513404321,0.0003968625520164359,0.0006661759804457339,-0.14873112536143382,Indonesia,1622,False
-6.662021915967075e-05,0.0006825094893568584,0.0011456647293267223,-0.1485405362640203,Indonesia,1623,False
-0.006795179319888358,8.897066963507956e-05,0.00014934672665363488,-0.14842611013999324,Indonesia,1629,False
0.0007016973281372955,9.098970873646044e-08,1.5273589841117825e-07,-0.14855173174114003,Indonesia,1701,False
0.0016505741357945457,1.4907763327858252e-06,2.5024265455959754e-06,-0.1485676631379269,Indonesia,1702,False
0.00040572613888583005,3.122756612061657e-06,5.241878925496144e-06,-0.14854677110985817,Indonesia,1709,False
0.03899048413797164,0.00042707869941293014,0.0007168969958574341,-0.1491955190804088,Indonesia,1811,False
-0.11709857655676514,0.005046088090368282,0.00847039526389331,-0.14658674517094142,Indonesia,2011,False
0.0003652201849174049,1.9371778127733133e-07,3.251758882678703e-07,-0.14854608387075674,Indonesia,2012,False
-0.058989484640496005,0.0003870253225896234,0.0006496631451455037,-0.14755071015516563,Indonesia,2013,False
5.255238880461552e-05,2.1949856424541977e-10,3.684516730028173e-10,-0.14854083492694126,Indonesia,2021,False
0.0014790588170368625,2.958428933982873e-07,4.966037449644396e-07,-0.1485647810909607,Indonesia,2022,False
-0.05632286706123388,0.0006163114916902343,0.0010345443533299433,-0.14759604052979347,Indonesia,2023,False
0.04051365366490602,0.0007822415069305355,0.0013130755224373405,-0.1492219769191216,Indonesia,2029,False
0.011464523210212775,0.0007835535595167875,0.0013152779421758665,-0.14873435325781123,Indonesia,2030,False
0.00043478230048684736,2.876326724560401e-06,4.828220163581812e-06,-0.14854725823396442,Indonesia,2100,False
-0.02302293044620181,0.000623106739399789,0.0010459508989520577,-0.14815503804649163,Indonesia,2211,False
0.0006572241673475841,2.1353213217430057e-06,3.584363825337481e-06,-0.1485509903095769,Indonesia,2219,False
0.004912389276857649,1.1955693318253716e-05,2.0068902136844416e-05,-0.1486224422815076,Indonesia,2220,False
0.0018828143029759534,1.055639854501693e-06,1.7720037113532766e-06,-0.14857156045090358,Indonesia,2310,False
0.0002957942891703715,2.6881681552641587e-07,4.5123760035739924e-07,-0.14854491867055067,Indonesia,2391,False
-0.0005510471400696974,6.243747214011614e-07,1.0480793415291157e-06,-0.1485307044233891,Indonesia,2392,False
0.019638072913732044,0.000866966807504637,0.0014552959458351473,-0.14887176523277296,Indonesia,2393,False
-0.009115770155308088,0.0006455616667004784,0.001083643881407492,-0.1483885428898382,Indonesia,2395,False
-0.0021347610352176346,0.0003549158640287987,0.0005957640056836046,-0.1485050032847919,Indonesia,2396,False
-0.0006008685794417057,5.64144291010332e-07,9.46976161563127e-07,-0.14852986796739134,Indonesia,2399,False
-0.0020345017272466576,1.0370364379188128e-06,1.7407758990571256e-06,-0.1485058040896499,Indonesia,2410,False
0.00212118198856337,5.0323633904517395e-06,8.447356896134068e-06,-0.14857557162390864,Indonesia,2420,False
0.0032706466970240816,4.2263286260642e-06,7.094341861808085e-06,-0.1485948646020515,Indonesia,2431,False
-0.00013003961550394334,7.926556995446356e-09,1.3305568517791967e-08,-0.1485377699452683,Indonesia,2511,False
-0.00010668821468688832,1.3195694058037358e-09,2.215037519188991e-09,-0.14853816190688016,Indonesia,2512,False
-0.0002514711007746852,3.909924844884422e-07,6.563224481059481e-07,-0.1485357325438147,Indonesia,2593,False
0.026591282336902097,0.0005122943120921678,0.000859940460244379,-0.1489875969241348,Indonesia,2599,False
0.026464773908737672,0.0007557232225643419,0.001268561763208538,-0.14898608212153192,Indonesia,2610,False
0.0011641008706415918,0.0005532601909813322,0.0009287060426737335,-0.14856087314305463,Indonesia,2620,False
-0.07264874380001984,0.0005396756794049421,0.0009059029959455976,-0.14732180098026842,Indonesia,2630,False
0.005562082857255267,4.43324534465586e-06,7.441673569418291e-06,-0.14863332931280004,Indonesia,2640,False
0.004947011133696132,1.4634672661811708e-05,2.4565853743189733e-05,-0.14862303012980174,Indonesia,2651,False
-0.011770729562345556,0.0004569846818351205,0.0007670973663889184,-0.1483435065097086,Indonesia,2652,False
0.000496769575370487,5.8312525907008516e-08,9.788377341473086e-08,-0.14854829172948242,Indonesia,2660,False
-0.00013963363543912052,9.959656411904692e-08,1.6718342008818376e-07,-0.1485376091280116,Indonesia,2670,False
0.05267072915916275,0.004851960141821124,0.008144530866261844,-0.1494362578392776,Indonesia,2680,False
0.022379342095104164,0.0006572140066507802,0.0011032035726694627,-0.14891725668571096,Indonesia,2710,False
0.002437642885967271,6.844869264064149e-07,1.1489840676179387e-06,-0.14858087291293443,Indonesia,2720,False
0.06874527657334276,0.0022531433462988026,0.0037821406181534198,-0.1496995771713976,Indonesia,2731,False
-0.00016610113170828156,2.1108222527654172e-08,3.5432395337830666e-08,-0.14853716464725153,Indonesia,2732,False
-0.0037040775379792055,0.0007639177293767312,0.0012823171139774022,-0.1484796798800836,Indonesia,2740,False
-0.004020598450775901,4.770424660040114e-07,8.00766489278917e-07,-0.14847246394866925,Indonesia,2750,False
-0.022803892901068237,0.0007587144423028308,0.0012735828435092409,-0.14815905212384248,Indonesia,2790,False
0.0003752197926138063,1.9395892268151244e-07,3.255806697483607e-07,-0.14854625172540345,Indonesia,2811,False
-0.0008306576699406495,1.0936904606446972e-06,1.835875698581793e-06,-0.14852601203344973,Indonesia,2812,False
-0.0024242600630060888,1.2757431764688332e-05,2.141470534478352e-05,-0.14849929079719945,Indonesia,2813,False
0.0018532951239272277,8.52079998746697e-07,1.4303068548522869e-06,-0.14857106443243265,Indonesia,2814,False
-0.00124035915570845,1.1170216916558734e-06,1.8750396499672402e-06,-0.14851913481653403,Indonesia,2816,False
0.0011699863041228842,8.85453298924427e-07,1.4863274868157891e-06,-0.14855959445058808,Indonesia,2817,False
4.6122278172908e-05,1.4940392260520812e-05,2.507903658792203e-05,-0.14854076424274432,Indonesia,2819,False
-0.36065236790727895,0.0037263454830342244,0.006255067007524179,-0.14249493255980072,Indonesia,2821,False
-0.0022975189512193708,2.866325516503566e-06,4.811432072719996e-06,-0.14850139362584597,Indonesia,2822,False
-0.002129700074379435,3.6994881626796325e-06,6.209984140348985e-06,-0.14850421272113126,Indonesia,2824,False
-0.00022598288938815056,3.059422438477769e-08,5.1355657826496005e-08,-0.1485361594919454,Indonesia,2825,False
0.0007642077958514361,6.46658682992795e-07,1.0854853398680742e-06,-0.14855278243141673,Indonesia,2826,False
0.003332107192414226,5.453200479178094e-06,9.153776684964627e-06,-0.14859589934210884,Indonesia,2829,False
-0.2129646057131146,0.0026177404341769985,0.004394155587192013,-0.14497148576092536,Indonesia,2910,False
-0.006253079328264571,2.9679662550026193e-06,4.982046856802801e-06,-0.1484349955901744,Indonesia,2920,False
0.04370670575545813,0.0006669233378812326,0.0011195017172513963,-0.14927528743486104,Indonesia,2930,False
0.0006009010254847327,3.123087419583206e-07,5.242434221086235e-07,-0.1485500403199245,Indonesia,3011,False
0.1400644049529611,0.001340026619003052,0.0022493771261662635,-0.15089447689153057,Indonesia,3012,False
1.2318048512696787e-05,6.961625951851528e-10,1.1685829187983172e-09,-0.14854015955195843,Indonesia,3020,False
0.005112862570634208,4.724892982008263e-06,7.931235131149801e-06,-0.1486257893998171,Indonesia,3091,False
-0.001080248996534253,2.5496860097284123e-07,4.279919001501688e-07,-0.1485218202866232,Indonesia,3092,False
-0.00041406755473385825,4.5425442091878e-06,7.625143332113752e-06,-0.14853301354047516,Indonesia,3100,False
-0.0003886621093632235,2.5459685404314672e-06,4.273678834116062e-06,-0.14853343501986874,Indonesia,3211,False
-1.905211140017885e-05,2.510051111445391e-10,4.2133876115043134e-10,-0.14853963296936756,Indonesia,3212,False
-0.0005306571422497151,0.0002892075702651328,0.0004854656497439553,-0.1485317662051615,Indonesia,3220,False
0.00038770144912640654,3.275278517701758e-07,5.497903157344145e-07,-0.1485464615763323,Indonesia,3230,False
-0.001737102565704215,0.00015218439880201323,0.0002554576907429579,-0.14851117304877456,Indonesia,3240,False
0.0028463339020615187,0.0008542288603467776,0.0014339139474741592,-0.14858986216966982,Indonesia,3250,False
0.003484424704008419,3.7097017748750707e-06,6.227128774136218e-06,-0.1485984518047362,Indonesia,3290,False
-0.0013921664913404876,0.0004016193125127023,0.0006741607085871146,-0.14851758503144372,Indonesia,Wastes,False
0.0,0.0,0.0,-0.14853995277868415,364,1393,False
0.0,0.0,0.0,-0.14853995277868415,Iraq,2651,False
-0.007646036204690579,0.0006483001576006332,0.0010882407294877227,-0.14841322102629462,384,1010,False
0.017834253737749963,0.00010464744864173889,0.00017566186667359793,-0.14883958114004892,384,1020,False
0.017218957641131606,6.636870687923088e-05,0.00011140692955669972,-0.1488291570926089,384,1030,False
-0.010079587864065667,0.00017774412864458942,0.00029836241430856433,-0.14837119886557415,384,1040,False
-0.003844208597796884,0.00019736440342690148,0.00033129713118550493,-0.14847591554738662,384,1061,False
0.006138369999387771,0.0008952025240379,0.0015026925975211325,-0.1486452255250731,384,1062,False
0.008421281651299174,0.0001692483932139377,0.00028410141928304327,-0.14868173535002815,384,1073,False
0.016223291912003328,0.00018881384405994975,0.0003169441083550651,-0.1488127496321911,384,1312,False
-0.0019485238044970779,3.9206520295107845e-06,6.5812312007652836e-06,-0.14850725450893112,384,1410,False
0.000843509607239352,3.443683803672679e-07,5.780589331496643e-07,-0.14855411284283113,384,1520,False
-0.03946052275398906,0.00024171559580695356,0.00040574532217152405,-0.14787816596606904,384,1610,False
-0.05829825804130032,0.00047367048034936677,0.0007951062529121489,-0.1475625278247153,384,1621,False
-0.010168995442335698,0.00011116873800999803,0.0001866085440978021,-0.1483695322506647,384,1629,False
-0.16995619999735853,0.004889448345353047,0.008207458800923701,-0.14569901548325745,384,2011,False
-0.027376763635562008,0.0005623722699346161,0.0009440016358199255,-0.14808180259392656,384,2023,False
-0.00020886162119641887,5.505914031268077e-06,9.242261985650966e-06,-0.1485364605424792,384,2220,False
0.05866312767523772,0.0005022193695756127,0.0008430285982538766,-0.14952593628260905,384,2620,False
0.044193260933673206,0.0004892806235560151,0.0008213095376583413,-0.14928300971693106,384,2630,False
-0.006233890797874015,7.3674076823740486e-06,1.2366976957668963e-05,-0.14843532865191644,384,2651,False
0.027070127568062763,0.000601473335726836,0.0010096369312345619,-0.14899585796293838,384,2710,False
-0.008116373970780598,0.0006107633470116972,0.001025231202713691,-0.148405232310546,384,2930,False
-0.025003942797890377,0.0003282378665500917,0.0005509821510177846,-0.14812105113993398,384,3220,False
0.016831814450419074,0.00022102171919732334,0.00037100845050248204,-0.1488230448226941,388,1020,False
0.023828230887870793,0.00016342464267627918,0.0002743256349350775,-0.14894034354532787,388,1030,False
0.015562326076810113,0.0003228898880977663,0.0005420050006900989,-0.14880198947901577,388,1040,False
0.0450787256422859,0.0005909565071861393,0.0009919833165796116,-0.14929812812024898,388,1050,False
0.01008173697613847,0.0003491557527085044,0.000586095046526897,-0.1487100570330938,388,1061,False
0.12808541346340344,0.0011941863109353012,0.002004568666103955,-0.1506930233448707,388,1062,False
0.007121209220706606,1.9708497209271024e-05,3.308280759872347e-05,-0.14865953902611959,388,1071,False
0.025858103848869628,2.6629844773343274e-05,4.4701025231186224e-05,-0.14897407513214933,388,1072,False
-0.043294097329798546,0.0003114030472729537,0.0005227231173029843,-0.1478139879908309,388,1073,False
0.006127833926624269,1.3320847914300631e-05,2.236045924360789e-05,-0.14864284822231477,388,1079,False
0.0007536408484476111,4.094440287748386e-06,6.872953266082738e-06,-0.1485526136514048,388,1101,False
0.04054355604964911,0.0009655687485940311,0.0016208097854386362,-0.14922293808516562,388,1102,False
0.06626237955777177,0.0006493338673328743,0.0010899759211576681,-0.1496538684482646,388,1103,False
0.0134175604117169,0.00033709351892740106,0.0005658473048978017,-0.1487660225817251,388,1104,False
-0.004896333084685329,3.627274248991232e-05,6.0887654098117644e-05,-0.14845785301551068,388,1399,False
-0.0013774597863662388,7.059659763529626e-06,1.1850389361977076e-05,-0.14851684825174125,388,1410,False
-0.0021923849277539842,0.00015311192669399893,0.00025701464490679834,-0.14850353294297255,388,1512,False
0.006461110435755183,2.728907644128046e-05,4.580761566280433e-05,-0.14864847747789653,388,1520,False
-0.018265668271197168,0.00023045439123454238,0.0003868421932194245,-0.1482339175515018,388,1629,False
-0.014777085891075242,2.0496665457631546e-05,3.4405831786669585e-05,-0.14829195470489284,388,1702,False
-0.006485453469553006,1.5849678904291864e-05,2.660537087757127e-05,-0.14843112703874764,388,1709,False
-0.021633012227204963,0.0042624608881560175,0.0071549937046247935,-0.14818742247309116,388,2011,False
0.024401694375878535,3.959193501540952e-05,6.645927158564938e-05,-0.14894966014888755,388,2022,False
-0.011939725807189178,0.0003639442850437805,0.000610919170087434,-0.14834043802913546,388,2023,False
-0.00842148086965172,0.0004937409710905711,0.0008287967051344969,-0.14839981920298062,388,2029,False
-0.008653473678209976,1.642133104558352e-05,2.7564949763923594e-05,-0.14839473592920074,388,2100,False
-0.006497384189361287,1.8378574471616696e-05,3.085039091145373e-05,-0.14843093306980445,388,2219,False
0.006186483394772005,5.246835768340621e-06,8.8073715810488e-06,-0.148643812570372,388,2220,False
-0.04659652319644167,3.346187148782308e-05,5.616930832271243e-05,-0.14775786359883172,388,2512,False
0.007855639109744243,0.00028512421916801955,0.0004786113108631457,-0.1486725295953069,388,2599,False
0.018255044754030086,0.0004727199006334537,0.0007935106038114144,-0.14884756423138135,388,2610,False
-0.010622849215249466,0.0003158861324529522,0.0005302484523340495,-0.1483624236518665,388,2620,False
0.0022374020942704,0.00030564210441013533,0.0005130527623137563,-0.14857827223614717,388,2630,False
0.0011653594436537673,1.3269776931874126e-05,2.22747311707085e-05,-0.14855954766697446,388,2640,False
-0.00043810898676012965,3.6970397214430752e-06,6.205874171461671e-06,-0.1485326078713739,388,2651,False
-0.0007531585177111488,3.6770726363321015e-05,6.172357296581788e-05,-0.14852740188876862,388,2670,False
0.03489928517993585,0.0003955280755538422,0.0006639359198470879,-0.14912676448487402,388,2710,False
0.003719978480196338,3.4734338550567703e-05,5.830527955205053e-05,-0.14860248321494182,388,2732,False
0.015215115118466162,0.00047920554083348966,0.0008043974403172137,-0.14879655157541927,388,2740,False
0.011354385960117315,0.0004750862684810018,0.0007974828037907925,-0.14873173432685557,388,2790,False
0.0017028901042146847,2.817369790958541e-05,4.7292546833500906e-05,-0.14856860786115103,388,2811,False
-0.0022777692080476436,2.211351816076428e-05,3.711989092193709e-05,-0.14850177312493182,388,2812,False
-0.0025198618938164366,4.737339936129127e-06,7.952128666765342e-06,-0.14849766602688352,388,2813,False
0.005632074855992774,4.474650859103639e-05,7.51117712686648e-05,-0.14863460478417823,388,2817,False
-0.00043917578600220677,3.545754807640146e-06,5.9519263619058305e-06,-0.1485325895868182,388,2819,False
0.0527349932225222,0.0020625731662065176,0.003462248313067803,-0.14943033934715258,388,2910,False
0.03826869647721187,0.0004030683047645102,0.0006765929961110995,-0.14918334289311058,388,2930,False
0.18707081482508864,0.0014918741062586699,0.002504269275064563,-0.15168393383782047,388,3030,False
0.001565527571941185,1.3082495954465733e-05,2.1960360141973328e-05,-0.14856626444883736,388,3100,False
-0.008893451008511813,1.7244823355621424e-05,2.8947269144378272e-05,-0.14839070970473706,388,3211,False
0.08477523111178341,0.00032705282704258295,0.0005489929362335464,-0.14996381844058398,388,3240,False
-0.001467391981200824,0.0005512585581334084,0.0009253460891629202,-0.14851669533785938,388,3250,False
-0.0071235849912303,1.4609512673770968e-05,2.4523620028731464e-05,-0.1484204122302222,388,3290,False
0.05199564433488167,0.0002954453104888321,0.0004959363597874582,-0.14941349593658781,398,1020,False
-0.0499692268810428,0.00040912420956709054,0.000686758476070967,-0.1477021805449422,398,1393,False
0.0025283645915317385,2.478770699512891e-05,4.1608801149365434e-05,-0.14858245588940847,398,1410,False
0.034132453445486266,0.0002159595963248202,0.00036251113915226196,-0.14911344284574626,398,1512,False
0.06143986612692906,0.003964692138138963,0.006655157204605269,-0.14958124110956117,398,2011,False
0.004330461144651735,4.9726069350140286e-05,8.347049333510901e-05,-0.1486127682201314,398,2410,False
-0.0015675084522046858,3.3950762310085667e-05,5.6989963537463486e-05,-0.1485137251209545,398,2420,False
0.012237167364602336,0.00023874768899313775,0.00040076337509307194,-0.14874596276047097,398,2620,False
-0.004656823544112981,1.801571384687618e-05,3.0241290780379505e-05,-0.1484618279420193,398,2651,False
-0.0036381339806245945,1.7679845930010622e-05,2.9677500778825224e-05,-0.14847892689728126,398,2819,False
-0.012933798803692137,0.00014697541670569272,0.00024671386057427804,-0.14832321115092706,400,1030,False
-0.0318843304238148,0.00029959158392194355,0.000502896320497948,-0.14800548471329508,400,1040,False
-0.0020670213766591427,0.0005592834319421212,0.0009388166929029555,-0.1485066498328312,400,1050,False
-0.012455152157704073,0.0003249109662835409,0.0005453975952675538,-0.14833168880722955,400,1061,False
0.010091716902429477,1.4280858598392036e-05,2.3971939226951053e-05,-0.1487093886230117,400,1071,False
0.026008063731395706,0.0002885307441345061,0.0004843295251364038,-0.14897724731604195,400,1073,False
0.004220146971028448,0.0005214879506462319,0.0008753729598503476,-0.14861209334173148,400,1074,False
0.000502651398173018,8.936217512559226e-06,1.5000391023688559e-05,-0.1485484125995687,400,1079,False
-0.002590070414799091,1.8579034993177808e-06,3.118688520604796e-06,-0.14849648032464366,400,1101,False
0.06532500809478281,0.0003132788040897531,0.0005258717745148076,-0.14963728938096094,400,1104,False
-0.030933161825728212,0.0006977106851247703,0.001171181552325474,-0.14802244038669404,400,1200,False
-0.034652346817494274,0.00011900374289715787,0.00019976043266975446,-0.1479585718642446,400,1392,False
-0.05216384776002288,0.0002973787350769513,0.0004991818184835834,-0.1476650642604934,400,1393,False
1.2939020312760865e-05,3.986327821975832e-06,6.691474999820282e-06,-0.1485401799134234,400,1410,False
-0.0014643696817902225,1.9244222232568737e-05,3.2303472697434376e-05,-0.14851541975257376,400,1430,False
0.030561484533190245,0.00013720414771108879,0.00023031174687116983,-0.1490533030710035,400,1512,False
-0.03628656552941198,0.00021083915088573866,0.0003539159271742929,-0.14793136775596272,400,1629,False
0.00445432351065417,1.1027330917787646e-05,1.8510547161810574e-05,-0.14861475084320444,400,1709,False
0.06698532545572299,0.0006632560169208025,0.0011133457291794288,-0.14966603897298222,400,1811,False
-0.10425067920224915,0.004349131812054584,0.0073004800635944195,-0.14680071146543364,400,2011,False
0.04145929844230359,2.1601496553421477e-05,3.6260408225603313e-05,-0.14923594528825004,400,2012,False
0.026057809241869172,0.000389578650305562,0.0006539491771379962,-0.1489783350491169,400,2023,False
-0.009515585935102416,0.0005235267011915461,0.0008787952193618791,-0.14838152752337075,400,2029,False
-0.0019467980620465788,1.1504993464272836e-05,1.9312354522092327e-05,-0.14850730238400361,400,2100,False
-0.002579222708442669,1.3152234585910076e-05,2.207742384813892e-05,-0.14849669056802717,400,2219,False
-0.0061450523997547,2.657468103878495e-06,4.4608427038769935e-06,-0.14843680816343463,400,2220,False
-0.010538733402817113,1.6487103802882488e-05,2.7675356328759784e-05,-0.14836308999575265,400,2310,False
0.023998776576965655,0.0005932354508112814,0.000995808765708399,-0.14894428095467377,400,2393,False
-0.06220378817407029,0.0005725054277237014,0.0009610112183337114,-0.1474972135357023,400,2396,False
0.01888459228931755,8.091645952556038e-06,1.35826878814218e-05,-0.14885697095354855,400,2420,False
-0.009783837573140462,1.991462846490114e-05,3.342882082325722e-05,-0.1483757702649722,400,2593,False
-0.04210380435132486,0.00030786368339824264,0.0005167819188013625,-0.14783395964505539,400,2599,False
-0.14092986284559603,0.0005018740548169855,0.0008424489507242168,-0.14617552667515799,400,2610,False
0.030095440256447562,0.00032917011535826455,0.0005525470297412834,-0.14904596028416905,400,2630,False
-0.00255254524483207,1.5935168396403953e-06,2.6748874077699912e-06,-0.148497109565499,400,2651,False
-0.15956143177238244,0.0007004001886606341,0.0011756961699073368,-0.14586325943974163,400,2652,False
-0.011249900109211591,2.9197423970859503e-05,4.901097985045352e-05,-0.14835118395496358,400,2670,False
-0.0065206105502402,0.00042223307078228666,0.00070876309310573,-0.148431549427165,400,2710,False
-0.004436319532507645,1.9335299502755947e-05,3.245635557704851e-05,-0.14846553262598017,400,2750,False
-0.009438315573230055,0.00050431221201325,0.0008465416567566947,-0.14838277674078018,400,2790,False
0.002242016852132526,2.298620219193909e-06,3.858478383544921e-06,-0.14857759314766783,400,2813,False
0.0007874823456192893,1.4947372583639797e-06,2.5090753802292574e-06,-0.1485531752342681,400,2819,False
0.00033807756795344187,2.413720338196492e-05,4.0516861685485094e-05,-0.148545687956093,400,2825,False
-0.00019762583516749125,7.577169917483788e-06,1.2719085167236019e-05,-0.1485366543114662,400,2829,False
0.08465231253722078,0.002122996286225829,0.0035636749430582987,-0.14996627614148206,400,2910,False
-0.08687232965493974,0.00043002250852309967,0.0007218384923787059,-0.1470827700793209,400,2930,False
-0.03281585197764733,0.0015433276587714865,0.0025906395325214116,-0.14799293778321207,400,3030,False
-0.00308459383458433,8.74118978445922e-06,1.4673016250430174e-05,-0.14848819637991373,400,3100,False
-0.00016778215538130635,1.219591967873961e-05,2.0472147619222337e-05,-0.1485371667856,400,3211,False
-0.01550366690580151,2.6047937209238835e-05,4.372423152748094e-05,-0.14827977208330817,400,3212,False
0.0017879424658169911,0.000582706722355308,0.0009781351757806838,-0.14857141852287933,400,3250,False
0.0014242467349841947,9.997081851416123e-06,1.6781164587399957e-05,-0.1485638852048695,400,3290,False
-0.044131258328568304,0.00022704564030366018,0.000381120242428306,-0.14779972599034422,Kenya,1020,False
-0.014446413550578852,0.00016861020700881832,0.00028303015589791863,-0.14829787409825987,Kenya,1030,False
0.031872983961419764,0.0003301624040188753,0.0005542126917393955,-0.1490758008927861,Kenya,1040,False
0.018864814934390878,0.00035671666694749005,0.0005987868448097791,-0.14885751009003276,Kenya,1061,False
-0.003095475460115051,1.4830263992523336e-05,2.4894174583343248e-05,-0.14848802889743387,Kenya,1079,False
-0.04141066777690697,0.0006596300898431731,0.0011072592251399537,-0.14784646774374793,Kenya,1103,False
0.055412292201846416,0.00034518872222474357,0.0005794359641605971,-0.14947097309568697,Kenya,1312,False
0.01100535719004679,0.0001385456392770771,0.00023256358306657622,-0.14872503527819478,Kenya,1392,False
0.0024823175808151277,0.00032783919159043017,0.0005503129327184458,-0.14858243878638294,Kenya,1393,False
0.004629896673655249,8.169516029092328e-06,1.3713401082554971e-05,-0.14861769089651794,Kenya,1410,False
0.008075712213660406,2.7546554919183518e-05,4.62398206581843e-05,-0.14867558094007527,Kenya,1430,False
-5.360106873146921e-05,0.00015813250916807528,0.00026544222628247313,-0.14853944731418287,Kenya,1512,False
0.018518908343126465,2.9432027451991034e-05,4.940478673211744e-05,-0.14885088588047102,Kenya,1520,False
-0.00877987967852658,0.0002366046574639008,0.0003971660688648531,-0.14839316253247029,Kenya,1629,False
-0.035168933727158944,0.00035630674896143814,0.0005980987538954991,-0.147950489731181,Kenya,2023,False
-0.06698512868931573,0.0004848384914368055,0.0008138529466931615,-0.14741673594322172,Kenya,2029,False
0.004007065438766685,2.0144464033137167e-05,3.381462425629214e-05,-0.14860726588261305,Kenya,2219,False
-0.007906193163913788,6.209225471743848e-06,1.0422845001198988e-05,-0.14840725439032357,Kenya,2220,False
-0.00909427631557887,2.4226959872886817e-05,4.066752749670223e-05,-0.14838735602888928,Kenya,2310,False
0.05264641175161838,0.0005520041117374187,0.0009265975801403451,-0.14942506333261818,Kenya,2393,False
0.012350234663159357,4.48984119341564e-05,7.536675717756901e-05,-0.14874737670200244,Kenya,2399,False
-0.06022358469609403,0.0002783687752629787,0.000467271580158092,-0.14752972525576583,Kenya,2599,False
-0.006089594378285086,0.0004640098656159898,0.0007788898841491688,-0.14843888863923266,Kenya,2610,False
-0.017000974079315993,0.00030877347151360543,0.0005183090948643854,-0.14825534177747743,Kenya,2620,False
0.05547148039080284,0.0002986463860073762,0.0005013097053228632,-0.14947184986067222,Kenya,2630,False
-0.010704862143871185,1.4776374448207533e-05,2.4803715254696724e-05,-0.1483602970870894,Kenya,2640,False
-0.001638061629579188,4.511389862355331e-06,7.57284744921723e-06,-0.14851246741957835,Kenya,2651,False
-0.0222439843655295,0.0003875643126650969,0.0006505678972823699,-0.1481675277859009,Kenya,2710,False
0.056515252524571416,0.0004704356823819842,0.0007896763006616385,-0.1494898018541248,Kenya,2740,False
0.026043453736388868,0.0004663543588563492,0.000782825365275088,-0.1489782860739133,Kenya,2790,False
-0.0029091243575798346,5.6538263859871155e-06,9.490548596278092e-06,-0.14849113412653714,Kenya,2813,False
-0.004310733620130442,4.344106286565915e-06,7.2920441848433035e-06,-0.14846760335884054,Kenya,2819,False
-0.013714861581039428,1.306333407411366e-05,2.1928194888875333e-05,-0.14830976676966606,Kenya,2829,False
-0.016242683218020637,0.000395028606673642,0.0006630975082376303,-0.1482682852380399,Kenya,2930,False
-0.011314239653323965,0.0014763693226089187,0.0024782428475344487,-0.14835370780410592,Kenya,3030,False
-0.005675050290582315,1.4578710902327045e-05,2.447191598110373e-05,-0.14844472735419045,Kenya,3100,False
0.00034809622415494395,1.895664713386705e-05,3.182074732474303e-05,-0.14854584321223377,Kenya,3211,False
0.004974597711750098,3.5585704541220245e-05,5.9734387868417e-05,-0.14862354546868806,Kenya,3212,False
0.023275712865066835,0.0005269612354024253,0.0008845604501292611,-0.14893197775481262,Kenya,3220,False
-0.006020396508583577,2.8914622282539464e-05,4.8536267154506055e-05,-0.148438966070279,Kenya,3230,False
0.0037947622420926932,0.0003343718139791685,0.0005612786338222357,-0.1486044859820166,Kenya,3240,False
-0.024755453529079124,0.0005418495257107015,0.0009095520280518509,-0.1481257534566985,Kenya,3250,False
0.013046540244004435,1.618834078605581e-05,2.717385084620875e-05,-0.14875899324882946,Kenya,3290,False
-0.024193180809640266,0.00021882505548000735,0.0003673211169454173,-0.14813438865009215,414,1392,False
0.007458243715984578,3.457947979518542e-05,5.804533266950081e-05,-0.148665233620874,414,1410,False
-0.018016751795501867,0.00024327484181450323,0.00040836268234460606,-0.14823812779700424,414,1512,False
0.05271528615586476,0.0002513459527393352,0.000421910899999099,-0.1494254653360123,414,2023,False
-0.023424121470590947,0.00036088042246062914,0.000605776151049958,-0.1481476514428657,414,2029,False
-0.0033404630539427787,3.040449558134669e-05,5.103717786157554e-05,-0.14848395533739844,414,2220,False
0.007880930655098947,0.00021169539550020203,0.0003553532247793285,-0.1486727708907238,414,2620,False
0.022104144685781226,2.6483360837854964e-05,4.445513637408027e-05,-0.14891106054277686,414,2651,False
-0.009918628386413508,2.6075804927137927e-05,4.377101045434085e-05,-0.14837352300220727,414,2819,False
-0.04308613918525722,0.00028402803006932206,0.00047677124093498455,-0.14781741088236694,414,2930,False
-0.007504279042409157,4.679111632221906e-05,7.854386268930138e-05,-0.14841410204800215,414,3100,False
0.007002796042694024,5.4407125659572804e-05,9.132814395145829e-05,-0.14865763792056455,414,3211,False
-0.0001481812203255622,5.954687937531584e-05,9.995576692429275e-05,-0.148537613871294,417,1392,False
-0.019541024236436357,0.00019747139146491762,0.00033147672198025047,-0.14821242720426664,417,1393,False
0.004129040859734338,1.4295602427748895e-06,2.399668831181035e-06,-0.14860926668485674,417,1410,False
-0.007836722353767726,7.261078475071047e-05,0.0001218849208030981,-0.14840858595114936,417,1512,False
0.007372775655531323,1.8803280542162932e-06,3.15633051975456e-06,-0.14866371734771477,417,1520,False
0.09747879782156818,0.00043007567185545856,0.0007219277326833857,-0.15017732219279314,417,2599,False
-0.09166521530352623,0.0005726068659585661,0.0009611814931939175,-0.14700266766120998,417,2930,False
-0.0031097458110502197,0.00020254862049148004,0.0003399993906158583,-0.14848825724872455,417,3240,False
-4.5438279396457916e-05,9.244635065701051e-10,1.5518102671731433e-09,-0.14853919005116817,417,3290,False
0.016021116718190714,0.00018907508072304113,0.00031738262186378253,-0.14880935654844366,418,1103,False
0.017458377342328614,4.417526901698335e-05,7.41528849202788e-05,-0.14883312056485745,418,1312,False
-0.0008345755086474,2.6330301843589826e-08,4.4198210581882085e-08,-0.14852594360725518,418,1392,False
-0.003917826232080685,8.234783491484099e-05,0.00013822959456176077,-0.14847439313624183,418,1410,False
-0.01407761377314972,4.468021550760189e-05,7.500049128109894e-05,-0.1483037562954034,418,1430,False
-0.001152045922441231,4.125076810528184e-07,6.924379926261637e-07,-0.14852061549165277,418,1512,False
-0.02012453693378336,7.144810788433666e-05,0.00011993324408917607,-0.1482023187775153,418,1610,False
-0.007890988354013266,1.189664622256534e-05,1.996978530996616e-05,-0.14840752378762637,418,1629,False
0.04912773916431795,8.913201948885877e-05,0.0001496175695348541,-0.14936483757987495,418,2220,False
-0.0014636966962735462,5.743948449849882e-05,9.641828060537257e-05,-0.14851552626982983,418,3211,False
0.0016528781812281152,0.00010518785483823027,0.0001765689959201278,-0.14856796042093803,422,1030,False
-0.0098312463928294,0.000238439469452659,0.000400245995830333,-0.14837551872433977,422,1040,False
-0.14088886875470924,0.0004744531391810047,0.0007964200289584697,-0.14617614752647642,422,1050,False
0.0009279279356996274,0.0002610828412985415,0.0004382553024867176,-0.14855618009081795,422,1061,False
-0.04516318590725351,0.0010258792060119297,0.0017220472992765133,-0.1477843856113338,422,1062,False
-0.00023738741333168966,3.654878156508946e-06,6.1351015029032205e-06,-0.14853597709143912,422,1071,False
0.0037523153190816704,6.931422783482089e-06,1.163512995924807e-05,-0.14860295667021076,422,1072,False
0.005503970491311072,0.00022858307196380444,0.00038370098490038103,-0.14863291308010784,422,1073,False
0.0009018762666291947,0.000439694008435167,0.0007380731330712232,-0.1485561881838355,422,1074,False
-0.0004011330697309836,1.2591576005271972e-06,2.1136298821970077e-06,-0.1485332224731428,422,1079,False
0.0002892640352562561,2.5419689442024645e-07,4.266965086684602e-07,-0.14854480901684197,422,1101,False
0.021580446772170952,0.0008148712817826753,0.001367848068104354,-0.14890424030176005,422,1102,False
0.0033329757120461765,0.0005269034933155414,0.0008844635238983849,-0.14859721460715808,422,1103,False
-0.005061501454931635,0.0002506666301605829,0.00042077058483799384,-0.14845561475389485,422,1104,False
0.02321471114194655,0.0002512341942025212,0.0004217233014150125,-0.14893026445629987,422,1312,False
0.006777878495508458,8.175152339102603e-05,0.00013722862228052608,-0.14865393066992488,422,1392,False
0.0014887658998684883,0.0002364657806671587,0.00039693294939877917,-0.1485655330024384,422,1393,False
0.0006678531210740322,1.2215261914064583e-05,2.0504615617314262e-05,-0.1485511938631072,422,1399,False
0.00026192447799146175,1.673149089367455e-08,2.8085586039246403e-08,-0.1485443495011951,422,1410,False
-0.016761246045540277,6.348358667794511e-06,1.06563948607679e-05,-0.14825861324546083,422,1430,False
-0.014380213778680909,9.69474310697677e-05,0.00016273656865947627,-0.1482988069404877,422,1512,False
-0.0011779645578686602,7.269726297462382e-06,1.2203008369465834e-05,-0.14852019751532433,422,1520,False
0.030715302165966473,0.0005355547309659286,0.0008989855459297733,-0.14905688177603563,422,1622,False
0.03475642208326844,0.0001601002454756903,0.00026874528084714223,-0.14912377703288943,422,1629,False
6.333888112907283e-05,3.998690324665494e-06,6.712226774731277e-06,-0.14854102595954427,422,1702,False
-0.00441844770643003,2.1127022496561805e-06,3.5463953084097627e-06,-0.14846578970226143,422,1709,False
-0.08198987419425872,0.004598898165416514,0.007719739438125551,-0.14717502711288843,422,2011,False
-0.00243205771606953,1.4171915684154161e-05,2.3789066964662052e-05,-0.1484991634311837,422,2022,False
-0.017330819010183907,0.0004667749708924896,0.0007835314072892298,-0.14825019814562815,422,2023,False
-0.024062023402503137,0.0006124602688048625,0.0010280796663280026,-0.1481375691099278,422,2029,False
0.002594973726900514,3.0953905497552353e-06,5.1959420808750255e-06,-0.1485835198914868,422,2219,False
0.000764596022958495,5.619484056028888e-08,9.43290134481919e-08,-0.14855278747583112,422,2220,False
-0.0006965699355527305,4.810138147020556e-06,8.074328202269223e-06,-0.14852827210451525,422,2310,False
-0.005728593315194235,5.907195200763469e-06,9.915855085238584e-06,-0.1484438069698094,422,2392,False
0.013967739783171347,0.0006876800297584582,0.001154344031024423,-0.14877613352720867,422,2393,False
-0.09031109944674375,0.0008195939705702407,0.0013757756032608235,-0.14702600772081337,422,2395,False
0.014992127613973675,0.00048663728579038837,0.000816872414229289,-0.14879282702502458,422,2396,False
0.0006423105687610653,1.5774730279930933e-05,2.6479561644467728e-05,-0.1485507739799571,422,2399,False
0.0024689217527725476,9.552190696483728e-07,1.6034367491471268e-06,-0.14858139863720168,422,2420,False
0.0014406237282617394,6.735852805053158e-06,1.1306844961170829e-05,-0.1485641519772788,422,2593,False
0.019214522960732675,0.00037687518529528805,0.0006326250607272171,-0.14886343071917907,422,2599,False
0.007247123215854042,0.00041212400450873674,0.0006917939507617224,-0.14866263188472112,422,2620,False
0.0034129401310562246,0.00040041109309721433,0.0006721325838632859,-0.1485982413839728,422,2630,False
-0.0033028983430636967,3.6588343970364983e-07,6.141742473181041e-07,-0.14848451103093546,422,2651,False
0.0071580236630808215,8.875431285119299e-06,1.489835487929388e-05,-0.1486601299628334,422,2660,False
-0.062363295665585905,0.0005024564075143479,0.0008434264916314135,-0.14749436257465798,422,2710,False
-0.08047371825574226,0.0005962590197275085,0.0010008841475426854,-0.14719058908066704,422,2740,False
-0.002426199307086204,6.400715129640167e-06,1.0744280747520086e-05,-0.1484992423994161,422,2750,False
-0.04439555579904586,0.0005916630824911162,0.000993169378338677,-0.147796194048219,422,2790,False
0.00043373285752365233,1.2327728063255942e-07,2.0693402003996083e-07,-0.1485472337531548,422,2813,False
-0.004450958459570969,3.110456666429135e-05,5.221232159255435e-05,-0.14846531622671524,422,2815,False
0.005386103549322233,4.681829656775001e-06,7.858948762071235e-06,-0.14863037593302653,422,2816,False
0.0005683377683753842,4.1555336405682565e-07,6.975504953075389e-07,-0.14854949396848277,422,2819,False
-0.0010987130570105754,9.276495752592136e-06,1.5571584221500997e-05,-0.14852153283923483,422,2825,False
-0.0008223841203276822,7.839990353466287e-07,1.316025720710781e-06,-0.14852615014166423,422,2829,False
-0.1103503965082118,0.0022985516343004353,0.0038583632565105832,-0.14669326402871785,422,2910,False
0.015481472309950714,0.0005109504381282754,0.0008576846249408394,-0.14880110199254007,422,2930,False
0.017173089895735367,0.0016935231472284388,0.0028427586258270264,-0.148832452295126,422,3030,False
-0.0008374654404555879,1.1866214456322563e-06,1.991870235540047e-06,-0.14852589798947513,422,3100,False
0.0029506981028506237,2.6407450200243084e-06,4.432771229947204e-06,-0.14858948996959426,422,3211,False
0.006627368590271581,1.047486243005066e-05,1.758317007719132e-05,-0.14865122634302888,422,3212,False
0.013742460914157376,0.00024201869862212373,0.0004062541124669195,-0.1487712389827782,422,3240,False
0.12641902104522335,0.0006763405272877278,0.0011353094707268496,-0.1506637409313315,422,3250,False
-0.0001864240804379162,1.6759566950547919e-06,2.8132714685221277e-06,-0.14853682763106751,422,3290,False
-0.0022099803571935875,4.5510310578936264e-07,7.639389409826986e-07,-0.1485028570436286,426,1410,False
0.0032404066810101783,2.9433910180143037e-06,4.940794709145647e-06,-0.14859435379115157,426,1430,False
0.005376521405242271,1.083718632443155e-06,1.8191369249301948e-06,-0.1486302061095541,426,2220,False
0.0,0.0,0.0,-0.14853995277868415,430,1040,False
0.03752969205295753,0.0001263694130801535,0.00021212449305001887,-0.14917024498085696,450,1020,False
0.00259136459382659,8.387593643966666e-05,0.00014079467540990088,-0.1485836607859209,450,1030,False
-0.04941898089376034,0.00020574324891779868,0.00034536191402163055,-0.14771091278874712,450,1040,False
0.042542040576731624,0.0001965949356958387,0.0003300054978037268,-0.1492545587006286,450,1073,False
-3.4776064329560275e-05,5.948495820076214e-10,9.98518256505216e-10,-0.14853936902696024,450,1079,False
-0.006572723634944384,0.00021764028422108353,0.00036533235244494406,-0.14843016488901378,450,1312,False
0.004376467596403932,6.310590505085231e-05,0.0001059299698486691,-0.14861357386583257,450,1392,False
-0.0014640199088850208,9.06229290727529e-06,1.5212021975660008e-05,-0.14851540024044102,450,1394,False
0.0005453352759668546,5.747054543026334e-06,9.647041968114742e-06,-0.14854912114158417,450,1399,False
-0.0026772335827716836,9.377639225853283e-07,1.5741364293022184e-06,-0.1484950149045854,450,1410,False
0.0033411970108032105,2.0216931419246623e-06,3.3936268467232473e-06,-0.14859604336503152,450,1430,False
0.037355764159556736,7.65354872245363e-05,0.00012847295110521246,-0.1491672006291579,450,1512,False
0.016643815873508497,0.00013352588691080977,0.00022413739511510016,-0.14881967048119654,450,1629,False
-0.0013920981153722279,1.265803898808258e-07,2.124786400369922e-07,-0.14851658524756942,450,1709,False
0.0006916204931949601,0.0006679985035808733,0.0011213064971694322,-0.14855322810086036,450,2029,False
0.0025722239033499333,1.7816560418597303e-06,2.9906990580804823e-06,-0.148583134734876,450,2220,False
-0.002384157735253625,8.259928229470179e-06,1.3865167571796505e-05,-0.1484999527464817,450,2399,False
-0.0008599723663397807,1.449117267413709e-08,2.4324973759685695e-08,-0.14852551726448468,450,2420,False
-0.04810459011714547,0.00042070135938202435,0.0007061919526979361,-0.1477335093800622,450,2599,False
0.09684938959344414,0.00044554796240690284,0.000747899617093943,-0.15016679583177078,450,2630,False
0.005307584288319285,2.8988991222630506e-06,4.866110332594158e-06,-0.14862905345543248,450,2651,False
0.0033752232223565122,2.0991403169626064e-06,3.5236301627365912e-06,-0.14859661472436256,450,2813,False
0.005333407009256737,3.035841603789178e-06,5.095982844958492e-06,-0.14862948725893266,450,2819,False
0.3450744533019054,0.0017850768908919728,0.0029964413168207743,-0.1543370189131531,450,3030,False
0.0009580621107520862,2.7805008681199747e-07,4.66736627716219e-07,-0.14855603556300817,450,3211,False
0.006636672418095265,0.00020906897911600607,0.0003509445056877675,-0.14865187806566968,450,3240,False
0.0007360277311723245,3.875192290212432e-08,6.504922195937251e-08,-0.14855230788318882,450,3290,False
0.0014436853766863042,1.097708017306183e-06,1.8426195945083876e-06,-0.14856418930985668,454,1072,False
-0.0012074186920729207,2.1429677850340628e-07,3.597199226798214e-07,-0.14851968550669445,454,1079,False
0.01213599032235728,0.000527250734966708,0.0008850464059220027,-0.14874498473906542,454,1200,False
0.008891699596014095,2.119044016693288e-06,3.5570406385177254e-06,-0.14868921469730462,454,1410,False
0.00180087960731227,0.00046635778575501203,0.0007828311176887764,-0.14857134551997062,454,2630,False
-0.0008312748907280748,2.4574066443874465e-07,4.125018277388061e-07,-0.1485259995586622,454,3100,False
-0.046275851711953565,0.00012445792469169373,0.0002089158565968619,-0.14776347211732938,Malaysia,1020,False
-0.0038241496638980583,8.231999653099471e-05,0.00013818286487522676,-0.14847596552980907,Malaysia,1030,False
-0.05908076190514641,0.0002033022294249953,0.0003412644033201469,-0.1475487229179344,Malaysia,1040,False
-0.01582317171284398,0.00022425008084340868,0.00037642759870350765,-0.148274902168948,Malaysia,1061,False
-8.7451012101588e-06,5.309997585568266e-07,8.913395405429735e-07,-0.14853980730685823,Malaysia,1071,False
-0.01154868231547073,0.0001942089666506577,0.00032600039513049496,-0.14834657948008942,Malaysia,1073,False
0.005954638807751789,0.0003914781050797793,0.0006571376138904618,-0.14864088449607452,Malaysia,1074,False
9.996232487540527e-05,3.715431798664285e-09,6.236747228173673e-09,-0.14854163076183227,Malaysia,1079,False
-0.0025093199758840666,2.1578204910838523e-06,3.622131072760292e-06,-0.14849783655424298,Malaysia,1080,False
-0.01959337789266242,0.00021460429636926715,0.0003602361241071256,-0.14821159101449013,Malaysia,1104,False
-0.07799402554421576,0.0005523759844861509,0.0009272218080795372,-0.1472321053196844,Malaysia,1311,False
-0.005946087055760939,0.00021512947330913607,0.00036111768942752943,-0.1484406774322477,Malaysia,1312,False
0.016216315043188375,0.0007791314390325501,0.0013078549428672444,-0.14881410713744497,Malaysia,1391,False
0.0033697471453102983,6.175725828308589e-05,0.00010366612288647309,-0.14859667161100126,Malaysia,1392,False
-0.02902348601963855,0.00020148007246790963,0.0003382057191705719,-0.148053263438193,Malaysia,1393,False
-0.0032345899177172593,8.555744153109186e-06,1.4361726045153083e-05,-0.14848567807362012,Malaysia,1394,False
0.004430246193828893,5.345148094282106e-06,8.972399270840143e-06,-0.14861433250471487,Malaysia,1399,False
0.002129171033032594,1.1103384752542485e-06,1.863821160804526e-06,-0.14857569594698897,Malaysia,1410,False
-0.0004598074429397168,1.7862821834642914e-06,2.998464528527217e-06,-0.14853223887566097,Malaysia,1430,False
-0.06746837725593806,0.0007844453060960324,0.0013167748336026823,-0.14740936539630942,Malaysia,1511,False
-0.002599369174742873,7.504951639204091e-05,0.00012597859110268346,-0.14849650667773762,Malaysia,1512,False
0.00017542936419075888,2.289673571166764e-06,3.843460483793727e-06,-0.14854290325623304,Malaysia,1520,False
0.0018266323097324154,0.0002713776205656071,0.0004555361838318182,-0.14857129153972318,Malaysia,1610,False
-0.019672281783361403,0.0005148501551201694,0.0008642307144555493,-0.14821101350221905,Malaysia,1621,False
-0.011551609748023078,0.0004821967675264705,0.0008094185322917708,-0.14834724747970013,Malaysia,1622,False
0.037007900758446455,0.0007931237242427582,0.0013313424809864888,-0.14916315560513982,Malaysia,1623,False
-0.005960736177415949,0.0001315608153489053,0.00022083881360937136,-0.1484402232992521,Malaysia,1629,False
-0.00035029060297985264,3.0134349378708467e-06,5.058370874363579e-06,-0.14853408029195536,Malaysia,1701,False
0.0007647323266259626,6.668295068821069e-07,1.1193442119450347e-06,-0.14855279128652174,Malaysia,1702,False
2.2004273244958277e-05,7.313644088906289e-08,1.227672905090958e-07,-0.14854032232616024,Malaysia,1709,False
0.05377134473036241,0.0005154467467907153,0.0008652321569928518,-0.14944385499575052,Malaysia,1811,False
0.0949121207674138,0.004494224037980665,0.007544032788260057,-0.15014448056714247,Malaysia,1920,False
0.0007542391107694347,0.0047607588857441555,0.00799143986315193,-0.14856448592547286,Malaysia,2011,False
-0.005930450855974202,2.5518017426277984e-06,4.28347048407783e-06,-0.1484404102153392,Malaysia,2012,False
0.026177149108652778,0.0004713470687791907,0.000791206159610635,-0.1489805427962754,Malaysia,2013,False
0.001249835139172763,4.2122854036319255e-06,7.070768820146924e-06,-0.14856094309448326,Malaysia,2021,False
0.001829196365873872,6.664060827198317e-06,1.118633449478244e-05,-0.14857067440375196,Malaysia,2022,False
0.016612447166220557,0.0005192953078319705,0.0008716923758064861,-0.14882010761709838,Malaysia,2023,False
0.03665368349271476,0.0006724173261827065,0.0011287239606318708,-0.1491569073890941,Malaysia,2029,False
-0.030120983760552708,0.0009017766674805483,0.0015137279961276399,-0.1480365809185262,Malaysia,2030,False
0.00024444981569913166,1.1668791724371983e-07,1.9587307313587591e-07,-0.14854405641965107,Malaysia,2100,False
0.06767311594083976,0.0007289824976874908,0.0012236746139369478,-0.14967774953557392,Malaysia,2211,False
-9.611347826265633e-05,3.3211701350363833e-07,5.574937115365129e-07,-0.1485383402398738,Malaysia,2219,False
0.0009571972924505178,2.016771404878194e-06,3.3853651879051803e-06,-0.14855602538191218,Malaysia,2220,False
0.00029550625738964016,1.0203554528019219e-06,1.7127750923330252e-06,-0.14854491570958084,Malaysia,2310,False
0.0036852298756825438,6.5333674969514745e-06,1.0966951847131414e-05,-0.14860182957667475,Malaysia,2391,False
0.004267705071359588,1.5559966735056144e-06,2.6119058204815813e-06,-0.148611594626515,Malaysia,2392,False
0.003687929243729088,0.0007511288642566457,0.0012608496444041874,-0.14860373226097556,Malaysia,2393,False
0.1138513520520241,0.0007532541202991838,0.0012644171125884302,-0.1504529711011161,Malaysia,2395,False
-0.00024174482008515734,7.776653632505046e-06,1.3053939788217594e-05,-0.14853591422469065,Malaysia,2399,False
0.002074108606297395,1.0388093103250495e-06,1.7437518538491038e-06,-0.14857477148721437,Malaysia,2410,False
0.00017215765972568889,4.232202144971338e-08,7.104201187654648e-08,-0.1485428427335358,Malaysia,2420,False
-0.004657656607078541,1.675570625833149e-05,2.8126234102940553e-05,-0.14846181081811524,Malaysia,2431,False
0.006932868436589308,4.522431922774707e-06,7.5913827214132176e-06,-0.14865633963017244,Malaysia,2511,False
0.005748446656127826,4.301043333286202e-06,7.2197584401283085e-06,-0.1486364572976567,Malaysia,2512,False
-0.008468418409831242,4.8605819073696386e-05,8.159003416237327e-05,-0.1483979224515773,Malaysia,2513,False
0.01070983711071958,2.5813512206979892e-05,4.3330724241577145e-05,-0.14871979322061502,Malaysia,2520,False
0.0006621675421964314,1.9945231998705916e-06,3.348019210793479e-06,-0.1485510729382891,Malaysia,2593,False
0.006737161470773245,0.00042420962060907297,0.000712080942099214,-0.1486541017331692,Malaysia,2599,False
-0.015208866484201214,0.0006478476111905567,0.0010874810822322737,-0.14828626837268577,Malaysia,2610,False
0.014145666053505555,0.0004615585518591113,0.0007747750934311444,-0.14877855551956923,Malaysia,2620,False
0.031815156917123576,0.0004491581244416572,0.0007539596578331128,-0.1490751279736928,Malaysia,2630,False
7.486082583751325e-05,4.618224465821257e-09,7.75218068775997e-09,-0.1485412094087388,Malaysia,2640,False
0.0006162969570388567,3.1967983060093928e-06,5.366165779493527e-06,-0.14855030594969354,Malaysia,2651,False
0.03820642746348088,0.0005482514475417543,0.0009202983343759658,-0.14918266120301935,Malaysia,2652,False
0.0009907652882619154,3.225939093035965e-06,5.415081688212431e-06,-0.1485565918717018,Malaysia,2660,False
-0.0026447760184980054,5.537357492816859e-06,9.295043178332002e-06,-0.14849557120451776,Malaysia,2670,False
0.12357942827849754,0.004572253854065152,0.007675014129205348,-0.15062592540956424,Malaysia,2680,False
0.029838446611329568,0.0005568946620697024,0.0009348068887434742,-0.14904221608052548,Malaysia,2710,False
-2.758638304613839e-05,1.464662852804082e-06,2.4585922935575835e-06,-0.14853949336390063,Malaysia,2720,False
0.009600187678041537,0.002063859214446517,0.0034644070817468555,-0.1487062539239475,Malaysia,2731,False
-0.0005071501788167472,4.764862512578199e-06,7.998328237012508e-06,-0.14853145160386003,Malaysia,2732,False
-0.1985470036373038,0.023017881583130916,0.03863796106111566,-0.1452632570258674,Malaysia,2733,False
-0.031135859624175994,0.0006554363847714887,0.0011002196453820884,-0.14801893281053988,Malaysia,2740,False
-0.001171883148266283,1.8141051387614148e-06,3.04516831660141e-06,-0.14852028599700967,Malaysia,2750,False
-0.040236351911991486,0.0006506173428665217,0.0010921303712756278,-0.14786615773141434,Malaysia,2790,False
0.001549028867062555,2.550926883376206e-06,4.282001939825619e-06,-0.1485659612364483,Malaysia,2811,False
-0.0022203842350893635,9.836141687773388e-07,1.651100941462529e-06,-0.14850268372093672,Malaysia,2812,False
0.0011474651501371393,2.3537233249329813e-06,3.950974804043198e-06,-0.14855922007053346,Malaysia,2813,False
0.0006500193334790432,1.2420835422222396e-06,2.0849692603426645e-06,-0.14855086714141355,Malaysia,2814,False
-0.005241593602813881,1.9307856090247713e-05,3.241028889189125e-05,-0.14845201517192147,Malaysia,2815,False
-0.00013126612359319316,9.617280508068486e-07,1.6143627659328345e-06,-0.14853775173520056,Malaysia,2816,False
0.004254756995596615,8.871790442568275e-06,1.4892243338046782e-05,-0.1486113955292751,Malaysia,2817,False
-0.0015624792488579708,1.024616387846255e-06,1.7199275247465949e-06,-0.1485137274578895,Malaysia,2818,False
-0.0002650449454197153,3.340525846266742e-06,5.607427734196747e-06,-0.14853551204655133,Malaysia,2819,False
0.12927959063323696,0.0034817351667563168,0.005844462589330477,-0.15071885684016376,Malaysia,2821,False
0.0001279295446228065,1.1871278295580327e-07,1.9927202547885806e-07,-0.1485421005080839,Malaysia,2822,False
-0.031245970850778886,0.0022520837146488503,0.0037803619137890708,-0.14802105167463622,Malaysia,2823,False
7.076941096156831e-05,1.3033523098521724e-08,2.187815399740775e-08,-0.14854114075097377,Malaysia,2824,False
-0.002687764248833088,3.469493947993515e-06,5.823914402383319e-06,-0.14849484444685984,Malaysia,2825,False
0.011655090878998424,8.075376651940009e-06,1.355537813089487e-05,-0.14873561603024146,Malaysia,2826,False
-0.0006693543957862316,8.858901036402131e-08,1.4870607099640143e-07,-0.14852871717449168,Malaysia,2829,False
-0.00445492881474709,0.002413392257110237,0.004051135449569882,-0.14847118683177687,Malaysia,2910,False
0.00806660578455123,1.4140220509087022e-05,2.3735863244083057e-05,-0.14867539462104878,Malaysia,2920,False
0.008265396380418205,0.0005658351227714039,0.0009498144024111934,-0.14868010842821183,Malaysia,2930,False
-0.026563654599135286,0.0014933543950202805,0.002506754097107102,-0.14809776604562525,Malaysia,3012,False
0.00860833824913923,4.2599090262504016e-06,7.150710133150744e-06,-0.1486844635189406,Malaysia,3020,False
-0.042836535130927056,0.001792295761423562,0.003008558958381203,-0.14782534341345835,Malaysia,3030,False
0.0021762358095707137,1.773464094369326e-05,2.9769480034056287e-05,-0.1485765274405679,Malaysia,3091,False
-0.0021974861808374963,2.3489414010285673e-06,3.942947836446346e-06,-0.14850307149258765,Malaysia,3092,False
-0.006975628678473486,2.8999224494089782e-05,4.867828095989296e-05,-0.14842293168588463,Malaysia,3099,False
2.7570295495022664e-07,8.789945225970581e-09,1.4754857441759182e-08,-0.14853995742856818,Malaysia,3100,False
-0.0007918020001782745,1.9532923219682161e-07,3.2788087993507896e-07,-0.14852666202740825,Malaysia,3211,False
-0.0034270988082764327,4.216504755481876e-06,7.077851450748387e-06,-0.14848243579151316,Malaysia,3212,False
0.11275852492698415,0.0003626615089116041,0.0006087658939891902,-0.15043364027171824,Malaysia,3220,False
-0.00042218385205044644,2.1470141841199904e-06,3.603991537800213e-06,-0.14853287132705392,Malaysia,3230,False
0.007739165775997021,0.00020660825118948626,0.0003468139122852646,-0.14867037851260098,Malaysia,3240,False
-0.025109096461415806,0.0007392756553202611,0.0012409527731965025,-0.14812030800642853,Malaysia,3250,False
-0.00020385882951488274,1.243474787614714e-08,2.0873046136247092e-08,-0.14853653082253085,Malaysia,3290,False
0.03367905975955188,0.0004874386022258864,0.0008182175090470107,-0.14910651161351068,Malaysia,Wastes,False
0.0,0.0,0.0,-0.14853995277868415,462,1020,False
0.04201162853456336,0.0002805820121588291,0.0004709867335570722,-0.14924586555064517,466,1312,False
-0.007154710584292555,9.884074823171771e-05,0.00016591470277731705,-0.14842009960676503,466,1392,False
0.0008147837470032851,1.06000163629853e-06,1.7793254257610342e-06,-0.14855363243325342,466,1410,False
-0.01684592279783247,0.00011548516027442752,0.00019385411770865015,-0.14825746346033583,466,1512,False
-0.010407714060741492,0.0005461363786579092,0.0009167479664204942,-0.14836660838253565,466,2610,False
0.031159073970998905,0.0003763842111166963,0.0006318009083774047,-0.14906393274497573,466,2620,False
0.005401216517100617,0.0003651944369204972,0.0006130176829048976,-0.14863152907702645,466,2630,False
9.165735664578083e-05,8.72201323902079e-08,1.464082638042581e-07,-0.14854149156232513,466,2651,False
0.002068845433596552,3.9582499033491046e-06,6.6443432286944905e-06,-0.14857469042030283,466,3100,False
-0.01941703427846151,0.0004463485879635749,0.0007492435521981145,-0.1482151277101063,466,3220,False
-0.017737708276177194,3.7269786913385336e-05,6.256129914973637e-05,-0.14824229923221552,478,1020,False
-0.017737708276177194,3.7269786913385336e-05,6.256129914973637e-05,-0.14824229923221552,478,1410,False
0.017606214837812578,0.0003245925543525636,0.0005448631069939017,-0.14883630276442283,480,1020,False
0.01945762238000097,6.905717030043096e-05,0.0001159198011955342,-0.14886674222001126,480,1072,False
0.012847198580008231,2.6761226751292483e-05,4.492156384720962e-05,-0.14875567348692498,480,1101,False
-0.052856988267003524,0.0002166477765255079,0.00036366632277335975,-0.14765322900818378,480,1392,False
-0.0025066271234836885,3.371724373767928e-05,5.6597977790421595e-05,-0.14849796042468943,480,1410,False
0.01397476219818784,6.718916635716395e-05,0.00011278415800607335,-0.14877470181178745,480,1430,False
0.01993824239768477,0.000240978850984564,0.00040450861767043177,-0.148875239585054,480,1512,False
0.012473895674731856,0.0003360027367599829,0.0005640163110785553,-0.14875017935273468,480,1629,False
0.007034201869760302,5.8935982226241874e-05,9.893031112059426e-05,-0.14865817640249143,480,1702,False
-0.001904513666977861,2.9596323878131118e-05,4.968057574826797e-05,-0.14850805727192473,480,2220,False
0.002706120810356532,0.00018867683256530232,0.0003167141199968405,-0.14858584848548193,480,2599,False
-0.030769291401763738,0.0003456799268229525,0.0005802605032942308,-0.14802431644108466,480,2610,False
-0.004685175290643869,0.00021384770780414573,0.0003589661097744482,-0.14846184005873425,480,2620,False
-0.010306055835459833,0.00020543402408557842,0.00034484284726983994,-0.14836746631064077,480,2630,False
-0.012811812990004359,2.57294635629459e-05,4.318963965811118e-05,-0.148324956939576,480,2651,False
-0.02758053881135989,0.0009165847668529969,0.0015385849650400665,-0.14807926244161518,480,2652,False
-0.0044993049684151016,0.0002801684961918032,0.0004702926030492584,-0.14846512538248588,480,2710,False
0.03555685406320165,0.0014875936937012659,0.0024970841475748253,-0.1491405365361219,480,2731,False
0.002995363286108486,0.00034770392084929047,0.000583657992420028,-0.14859110039937612,480,2790,False
0.00674349523453926,0.0002865202137601515,0.0004809546361816604,-0.14865386447225182,480,2930,False
-0.00401309918041196,4.5787233016840944e-05,7.685873784742494e-05,-0.14847270275722177,480,3100,False
0.003961770662096208,5.332419560608197e-05,8.951033074012629e-05,-0.14860658832889798,480,3211,False
-0.038937118245539776,7.945572479391361e-05,0.00013337488028958617,-0.1478865491018945,480,3212,False
0.004517167782814481,0.0004132781175715726,0.000693731252221065,-0.148616809242965,480,3250,False
0.005417988963049558,4.860728254545102e-05,8.159249075528193e-05,-0.14863102075455725,480,3290,False
0.04069680737595814,0.0005520274956667331,0.0009266368325514344,-0.14922447472054876,Mexico,1010,False
-0.007875979576119421,6.828146339501945e-05,0.00011461769469638123,-0.1484079161909862,Mexico,1020,False
0.00033302269763041116,3.8195186441886895e-05,6.411468062922152e-05,-0.1485456381582318,Mexico,1030,False
-0.0005104685751431202,0.00012917681169650718,0.00021683701005684885,-0.14853170609272764,Mexico,1040,False
-0.001216611785743265,0.00031350447736188216,0.0005262505910913706,-0.14852031224561102,Mexico,1050,False
-0.0025693258870227035,0.00014597884352530254,0.0002450410065542675,-0.14849718779145502,Mexico,1061,False
-0.028212248961723804,0.0007813960111687693,0.001311656267924171,-0.1480683223373896,Mexico,1062,False
-0.001075350148559038,4.68338961278439e-06,7.861567314057878e-06,-0.14852191355948283,Mexico,1071,False
0.0012696150567353974,2.0826186361406376e-06,3.495896765205723e-06,-0.14856126981057358,Mexico,1072,False
0.0011569470820542668,0.00012194953578832905,0.00020470525917831546,-0.14855967747477553,Mexico,1073,False
-0.031902215444372786,0.000285373256285966,0.0004790293461385134,-0.14800514916817462,Mexico,1074,False
0.0009034848519881238,8.724731765289715e-06,1.4645389715750264e-05,-0.14855514048881746,Mexico,1079,False
0.0006001205086994869,2.027374952766723e-06,3.4031643702038203e-06,-0.1485500314947585,Mexico,1080,False
-0.0037789044586751972,2.0977014071695028e-05,3.521214799691317e-05,-0.14847657213212237,Mexico,1101,False
0.12531556676798433,0.0005987839707872619,0.0010051225463013041,-0.15064502194566584,Mexico,1102,False
0.03633986162805269,0.0003563974190603025,0.0005982509532947652,-0.149150848282119,Mexico,1103,False
0.0010029118765942343,0.00013821687590377408,0.00023201171879661173,-0.14855713239059437,Mexico,1104,False
0.02946585729689964,0.00041906582542516186,0.0007034465350924472,-0.14903561690179673,Mexico,1200,False
0.004124719993626514,0.00042476670092647797,0.0007130160606301731,-0.14861025020334745,Mexico,1311,False
0.008518113366634156,0.00013863840957561822,0.000232719307874253,-0.1486832843810931,Mexico,1312,False
0.025344024971457792,0.000626006138109431,0.0010508178478951739,-0.14896694455002285,Mexico,1391,False
-0.0006949846848157232,2.465884480072105e-05,4.139249225787171e-05,-0.14852834820155886,Mexico,1392,False
0.03463219975639468,0.00012772517438195384,0.00021440028251387287,-0.1491216107831247,Mexico,1393,False
-3.46863263275656e-05,1.0374208116906387e-09,1.7414211112924517e-09,-0.14853937053441152,Mexico,1394,False
0.0003778948947121061,3.37391041681033e-07,5.663467284667393e-07,-0.14854629698748503,Mexico,1399,False
0.0004369979857055367,1.5575157029040476e-05,2.6144556728011953e-05,-0.14854732709144763,Mexico,1410,False
-0.07905564782339507,0.001405275156119773,0.0023589037317014246,-0.1472163923859979,Mexico,1420,False
0.0004824614498418608,2.422046874314757e-06,4.0656631445421324e-06,-0.1485480574464447,Mexico,1430,False
0.01983566105218596,0.0006307702278504062,0.0010588148789529045,-0.14887449174022066,Mexico,1511,False
0.0001326123978385691,3.3296374160715826e-05,5.589150346663153e-05,-0.14854226184125358,Mexico,1512,False
-7.950373207070289e-05,1.9034192619148478e-06,3.1950915664950537e-06,-0.14853862296997308,Mexico,1520,False
0.010269972948360233,0.00018443627345070897,0.0003095958907473211,-0.14871280560044148,Mexico,1610,False
0.013366788031583528,0.00039194094163263056,0.0006579145342444111,-0.14876530727340206,Mexico,1621,False
0.026186577452794645,0.0003635187564857397,0.0006102048751686511,-0.14898043140367848,Mexico,1622,False
0.02411581455737244,0.0006385547579311334,0.0010718820401967371,-0.14894635889065216,Mexico,1623,False
0.0010705853264062022,7.356810182880596e-05,0.0001234918792824441,-0.1485581071486291,Mexico,1629,False
0.0003947951112351108,1.338386472826973e-06,2.246623966460536e-06,-0.14854658317158054,Mexico,1701,False
0.0019482699080263209,4.3106689617967264e-06,7.23591608079716e-06,-0.1485726673107143,Mexico,1702,False
0.002719516873792566,6.8768446164317005e-06,1.1543514704140255e-05,-0.14858561991228725,Mexico,1709,False
0.00720604247270157,0.0003924614952275024,0.0006587883387887712,-0.14866189322890044,Mexico,1811,False
0.49799700924954315,0.018768933371395517,0.031505649820273894,-0.15694880969711886,Mexico,1812,False
1.6552974959342012e-24,9.608515930290777e-24,1.6128915383845078e-23,-0.14853995277868415,Mexico,1910,False
-0.12643937434751534,0.00411473018554334,0.006907012016367994,-0.14642764724913251,Mexico,1920,False
-0.04336417162041942,0.00516832510081714,0.008675583079848167,-0.14782486373035292,Mexico,2011,False
-0.0003868870730375035,1.6779973240183058e-06,2.816696881158285e-06,-0.14853346265163578,Mexico,2012,False
-0.019671778255418347,0.0003541064969489984,0.0005944053970036298,-0.14821062204130628,Mexico,2013,False
-0.0006252862992081338,7.063159528022886e-07,1.185626408870748e-06,-0.14852945844447082,Mexico,2021,False
0.000288335497119605,9.692457622131867e-08,1.6269820436686134e-07,-0.14854479303818652,Mexico,2022,False
-0.0034470263467305264,0.0006595067355234555,0.0011070521618016201,-0.14848373456962427,Mexico,2023,False
0.0161029214050879,0.0008308127289985141,0.0013946074818479203,-0.1488123327799619,Mexico,2029,False
-0.04291213982296936,0.0007364051096345148,0.0012361342571211003,-0.1478214541673562,Mexico,2030,False
-8.478019691005254e-05,6.508699091893961e-06,1.0925543306966253e-05,-0.14853854588159995,Mexico,2100,False
-0.0035375102823841896,0.0005811409175028107,0.0009755068058891455,-0.14848202036039965,Mexico,2211,False
-0.0004610051195712853,5.366243634525081e-06,9.007810377615e-06,-0.14853222769720048,Mexico,2219,False
0.0018639339557753294,1.860146973714362e-05,3.12245443086303e-05,-0.1485712872822197,Mexico,2220,False
0.0014810913355648367,3.544502419744696e-06,5.949824095693231e-06,-0.14856482331051216,Mexico,2310,False
5.013426446691215e-05,1.1341138309093581e-07,1.9037306226157094e-07,-0.1485407946183881,Mexico,2391,False
-0.0007422090313642819,2.707391816980174e-06,4.544644963258788e-06,-0.14852750076116467,Mexico,2392,False
-0.05490936768944156,0.0009180622225895748,0.0015410650315489346,-0.1476205156009552,Mexico,2393,False
-0.000280960356106683,4.054973056265836e-08,6.806703322633104e-08,-0.14853523666154675,Mexico,2394,False
-0.023686572929569924,0.0006028333122595474,0.0010119197964115834,-0.14814384756991814,Mexico,2395,False
-0.009706623371374656,0.0003234231508478792,0.0005429001389025271,-0.14837782233056143,Mexico,2396,False
-9.04105270465242e-05,1.0846419349120105e-08,1.8206867862721446e-08,-0.14853843516892457,Mexico,2399,False
-0.0003477355880054546,3.5103447286916487e-06,5.892486780263974e-06,-0.1485341244195467,Mexico,2410,False
0.004358409569252691,9.60091615584093e-06,1.6116158354567387e-05,-0.14861313726706554,Mexico,2420,False
0.00024281145320936487,1.4413493716916508e-06,2.4194581372640117e-06,-0.1485440322209979,Mexico,2431,False
0.0006493120616222251,5.870782616261583e-07,9.854732691458022e-07,-0.14855085363579262,Mexico,2511,False
-0.00037202176588811654,6.706228587839648e-07,1.1257117563494038e-06,-0.1485337096699423,Mexico,2512,False
0.003606112911746321,1.6638045333831675e-05,2.792872773369368e-05,-0.1486005267194784,Mexico,2513,False
0.001140738144368741,4.786856621043037e-06,8.035247686066463e-06,-0.14855911321814613,Mexico,2520,False
4.631952684583466e-05,2.1919852386915757e-06,3.6794802333666914e-06,-0.14854073576670737,Mexico,2593,False
0.0032941367172790183,0.0005517406864474515,0.0009261553927887634,-0.1485966246008362,Mexico,2599,False
0.00990364094441724,0.0008034765597878674,0.0013487208159657263,-0.14870820157807527,Mexico,2610,False
-0.0372188362821167,0.0005942247287115651,0.0009974693738252552,-0.14791667047118037,Mexico,2620,False
0.024954247957301404,0.0005801432143078438,0.0009738320550195462,-0.14896028698028643,Mexico,2630,False
0.0038026363130693663,8.766152301545899e-06,1.4714918488900693e-05,-0.14860380593836836,Mexico,2640,False
0.0018624272673049792,2.1909613482825175e-05,3.677761524474513e-05,-0.1485712702411148,Mexico,2651,False
-0.04143025071456517,0.0004211507810203179,0.0007069463546917813,-0.1478455471683756,Mexico,2652,False
-7.143345659931483e-05,1.202797839597224e-06,2.0190240323771003e-06,-0.14853875669121386,Mexico,2660,False
-5.211254366338042e-05,2.912246103537333e-07,4.888514659460497e-07,-0.14853907874037806,Mexico,2670,False
0.11652262553959457,0.004971837011261231,0.008345756934648165,-0.15050846998415338,Mexico,2680,False
0.026838676551828755,0.0007017957061729637,0.0011780386943966892,-0.14899222368043474,Mexico,2710,False
0.003057161630129674,2.8310713811095977e-06,4.752254258911374e-06,-0.14859127754787457,Mexico,2720,False
-0.04906690543750955,0.0023350667756912935,0.003919657802931184,-0.14772210281323397,Mexico,2731,False
0.0008711150665832819,5.040358854248636e-07,8.460778132042955e-07,-0.1485545766279681,Mexico,2732,False
-0.5322845091747483,0.02390402408514759,0.04012544544858476,-0.1396610310792685,Mexico,2733,False
-0.01273879963745347,0.000811925314684205,0.0013629029491703233,-0.14832814005389333,Mexico,2740,False
0.0013866396194565029,2.389881468278633e-06,4.0116700912956705e-06,-0.14856323495857535,Mexico,2750,False
-0.013639395442292784,0.0008065607460545079,0.0013538979504663666,-0.1483130090341611,Mexico,2790,False
0.00186782273934603,1.6787068911480019e-06,2.817887965013175e-06,-0.1485713103554514,Mexico,2811,False
0.0013327832795946705,3.6139458796761753e-06,6.066392325097455e-06,-0.14856233397516813,Mexico,2812,False
0.002835581422545586,1.9598295851944415e-05,3.289782290593627e-05,-0.14858759990919843,Mexico,2813,False
0.0002942717044356812,3.1624338747324415e-06,5.308481428621755e-06,-0.1485449003275353,Mexico,2814,False
-8.638262609744196e-05,2.2537792156829855e-06,3.783207992508322e-06,-0.1485385083740002,Mexico,2815,False
0.0004984276000661238,3.656256462888548e-06,6.137415136676729e-06,-0.14854832853281236,Mexico,2816,False
2.241844764015565e-05,7.3519894053051164e-09,1.234109574063049e-08,-0.14854032911449033,Mexico,2817,False
0.0007998900555240886,3.5365735544015954e-06,5.936514652368522e-06,-0.1485533886024509,Mexico,2818,False
0.001785524324557369,2.2283326990960476e-05,3.740493309426986e-05,-0.14856998027500376,Mexico,2819,False
0.06254220766810252,0.0038314913074545256,0.006431565450919936,-0.1495994118014696,Mexico,2821,False
-0.0006858402957198653,6.4936501069373676e-06,1.090028198599446e-05,-0.14852845641028595,Mexico,2822,False
-0.02055868501321711,0.0019858888432669726,0.0033335255253935632,-0.14819979367460026,Mexico,2823,False
-0.0017305913647274744,7.720878561860295e-06,1.2960315403194594e-05,-0.14851092221047518,Mexico,2824,False
-0.0001654125808177639,1.0612164104146882e-06,1.781364553246709e-06,-0.1485371787986685,Mexico,2825,False
-3.989815844876888e-05,2.61025249139041e-09,4.381586279248918e-09,-0.14853928305219083,Mexico,2826,False
-0.0031861373166929986,1.0178973824908094e-05,1.708648960020491e-05,-0.14848649544805723,Mexico,2829,False
0.02387220299778655,0.0027059867866540835,0.004542286470500317,-0.14894743870174879,Mexico,2910,False
0.0010409623379912746,7.526206292059954e-07,1.2633537304477767e-06,-0.14855742831488652,Mexico,2920,False
0.011470574980773111,0.0007118277600948376,0.0011948785633219185,-0.14873427576704978,Mexico,2930,False
-0.0035722217854511373,1.9996432881597955e-06,3.3566138232574133e-06,-0.14847999422260788,Mexico,3011,False
-0.017784289387279495,0.0012781434738346174,0.0021454996887608313,-0.14824460516398358,Mexico,3012,False
0.001107138825630444,6.870033378860977e-07,1.1532081317836429e-06,-0.14855853899396115,Mexico,3020,False
-0.04364538917873275,0.0020456014308618863,0.0034337594511794005,-0.1478123940478846,Mexico,3030,False
0.0009244472011913916,1.7382849750805767e-06,2.917896112103903e-06,-0.14855547494234717,Mexico,3091,False
0.0017873325877026565,1.8501051236865311e-06,3.1055981181326154e-06,-0.14856995967010703,Mexico,3092,False
-0.00015968310840454671,6.211466837515756e-06,1.0426607371906558e-05,-0.14853728781536463,Mexico,3099,False
0.00034514017483402634,8.919576819891816e-06,1.497245785212404e-05,-0.14854576856435878,Mexico,3100,False
0.0038363678600051906,6.006669066801097e-06,1.0082832543554177e-05,-0.14860436527484103,Mexico,3211,False
-0.0005587342342544202,7.045896696343836e-07,1.1827286590677925e-06,-0.1485305755873358,Mexico,3212,False
0.005364454734531348,0.0002608503554146244,0.00043786505021708083,-0.14863065165554978,Mexico,3220,False
0.00033983089909635727,2.0378762447588147e-06,3.4207919051103867e-06,-0.14854566228300708,Mexico,3230,False
-0.0037049429087774362,0.00013181479750388537,0.0002212651496550625,-0.1484780899038368,Mexico,3240,False
0.000754723514198975,0.0009049529188907101,0.0015190596717582978,-0.14855487825239458,Mexico,3250,False
0.00480640454091107,7.735630523020456e-06,1.2985078138150147e-05,-0.14862065268666733,Mexico,3290,False
0.02425160501165491,0.0003680719138439931,0.0006178478337996599,-0.14894796202026026,Mexico,Wastes,False
-0.0013858654326595716,6.0605635987074074e-05,0.00010173300244401555,-0.14851684064484927,496,1392,False
-0.027734805103196924,0.0001993956132969009,0.0003347067328719394,-0.14807489020927903,496,1393,False
0.000189555365614218,1.2709010425076878e-06,2.133342497900887e-06,-0.1485431378359291,496,1410,False
0.0033282686502111108,1.5949219864600224e-06,2.6772460960752478e-06,-0.1485958252842367,496,1430,False
0.002137020627731956,2.0723049606293093e-06,3.4785841645059376e-06,-0.1485758301099302,496,1520,False
0.0005551710707644143,4.214745574890647e-06,7.0748984791233525e-06,-0.14854928242497026,496,2511,False
0.0027661148678866402,3.465464198982079e-06,5.817150040301273e-06,-0.14858639360064285,496,2651,False
0.014065131902974447,0.0005603745751514358,0.0009406482927694042,-0.14877745044159904,496,2710,False
0.017940120880479356,4.071822756030828e-05,6.834987334828579e-05,-0.14884119851096156,498,1030,False
0.0018811248020215532,3.854373774406939e-06,6.4699761041286825e-06,-0.14857153907068363,498,1071,False
0.012929741743616698,0.00012642606326056688,0.00021221958639981354,-0.14875730793043915,498,1073,False
-0.007613418606594576,7.578500011515246e-06,1.2721317871458148e-05,-0.14841217233421655,498,1079,False
0.012372569762662152,1.917747060288783e-05,3.219142299124999e-05,-0.14874768739831307,498,1101,False
0.019113880073108318,0.0006086543371803771,0.001021691005521966,-0.14886232048689593,498,1102,False
-0.009077049954204585,2.6694018320058275e-05,4.4808747351059546e-05,-0.14838765133685575,498,1392,False
-0.002936503521686789,1.4030112746502624e-05,2.355103566001987e-05,-0.14849069541663665,498,1410,False
0.0008529520527097876,1.837202774505159e-06,3.083940153499062e-06,-0.14855427506691038,498,1430,False
-0.00036933641300190227,3.565474198095032e-05,5.985027454975282e-05,-0.14853384197229583,498,1512,False
0.0024844135732426846,1.3895375605727415e-06,2.332486504653588e-06,-0.14858165976711465,498,1520,False
-0.010553555952279777,1.6909234694425624e-05,2.8383947903150845e-05,-0.14836284223472146,498,2220,False
0.001637106511446055,2.8285412511510657e-06,4.748007166820633e-06,-0.14856744040573205,498,2310,False
-0.0007245180004758461,1.6375740441797839e-06,2.7488421089142553e-06,-0.14852779505667085,498,2593,False
0.1749449092641071,0.000795192342620699,0.0013348148768300649,-0.15147861100790516,498,2790,False
-0.011415927873642364,7.76016862540647e-06,1.3026267951429894e-05,-0.14834834361833232,498,3100,False
0.0022892274936738483,4.330137173007248e-05,7.26859554280434e-05,-0.14857848789133066,499,1101,False
-0.029187903241689295,0.0005048897551027941,0.0008475111242259025,-0.14805125754661663,499,1102,False
-0.054763055989198,0.00028487296579276405,0.0004781895553642943,-0.1476214025803579,499,1103,False
-0.07697640287584102,0.0006805040757491982,0.001142298429408793,-0.1472495040584993,499,2630,False
-0.012965729095675865,4.463684800649415e-05,7.492769432048087e-05,-0.14832242036768328,499,2651,False
0.0,0.0,0.0,-0.14853995277868415,500,2930,False
-0.011208930234329508,0.00016842054280434142,0.00028271178436920955,-0.14835221837869972,Morocco,1020,False
-0.018029037738082364,0.0001186936084839591,0.0001992398390896021,-0.14823761156358176,Morocco,1030,False
-0.040492476045326874,0.0002585674266261749,0.0004340329115680552,-0.14786088528926186,Morocco,1040,False
-0.02110264515275843,0.00046688096600504264,0.0007837093313530364,-0.14818688380190845,Morocco,1074,False
-0.005070536687833769,3.099953577025131e-06,5.203601607201907e-06,-0.1484548461553464,Morocco,1079,False
-0.0378773752754302,0.0008517348617053262,0.0014297275056399333,-0.14790625542707375,Morocco,1102,False
-0.04535261432829272,0.0005566261150474452,0.0009343561040197984,-0.1477800417287416,Morocco,1103,False
0.022337321164288423,0.00027188433377675094,0.0004563867558208442,-0.14891558809024388,Morocco,1312,False
0.019400025824438453,9.370630083800177e-05,0.00015729598703007237,-0.14886583699455644,Morocco,1392,False
0.008625998948491104,0.0002565119509477763,0.00043058257714274304,-0.14868538955393987,Morocco,1393,False
0.0024761783603831082,1.7086487561934682e-05,2.868148568342187e-05,-0.1485815606800646,Morocco,1399,False
0.0001584599684354496,5.896655699471408e-07,9.898163411960332e-07,-0.14854261416799794,Morocco,1410,False
0.0013567418909575205,9.973857894124656e-06,1.6742180706356346e-05,-0.14856275200619845,Morocco,1430,False
-0.025116441908731833,0.00010992967307722114,0.00018452864189429465,-0.1481186199234949,Morocco,1512,False
-0.004307475596081184,1.1120821548689686e-05,1.8667481123927204e-05,-0.14846767493708948,Morocco,1520,False
-0.03162666526453315,0.000565517033635071,0.0009492804559826654,-0.14801047061722789,Morocco,1622,False
-0.006269688190859549,0.00017666713975322343,0.0002965545739694104,-0.1484351495888848,Morocco,1629,False
0.009445672930101059,4.3767164822655374e-06,7.3467838648215335e-06,-0.1486985193642195,Morocco,1709,False
-0.18049493721271054,0.004512699608527819,0.007575045997395079,-0.14552117668571546,Morocco,2011,False
-0.0004073547132461841,1.1689963316822527e-05,1.962284608207728e-05,-0.1485331440432304,Morocco,2012,False
0.021190635140031583,0.00043959114588690745,0.0007379004673495778,-0.14889675882524586,Morocco,2023,False
-0.03216098267997537,0.0005812625922911723,0.0009757110499555621,-0.14800154056433992,Morocco,2029,False
-0.0051903309720917985,5.750014511138065e-06,9.652010589237854e-06,-0.14845284188462787,Morocco,2219,False
0.0007234905105184116,1.6119588584737419e-07,2.705844296786808e-07,-0.14855209773793968,Morocco,2220,False
0.004802136319538369,8.018804090476301e-06,1.346041507275818e-05,-0.14862058174647372,Morocco,2310,False
0.01338388122885245,9.418876405690618e-06,1.5810585282932606e-05,-0.14876463897287012,Morocco,2392,False
-0.027507300498999975,0.0006545977221124517,0.0010988118609582156,-0.14807984061812532,Morocco,2393,False
-0.047003432410087045,0.0008565630400620684,0.0014378321162519128,-0.14775307464172208,Morocco,2395,False
0.08956861735105329,0.0005152175200513579,0.0008648473755438087,-0.15004475489138233,Morocco,2396,False
-0.007212494876405415,2.1254755913540865e-05,3.567836720268693e-05,-0.1484189363386826,Morocco,2399,False
-0.0051635733262346325,2.611131768627733e-06,4.3830622395598154e-06,-0.14845328321827303,Morocco,2420,False
-0.005939942284213624,0.0003524903681633673,0.000591692553040842,-0.14844112284829514,Morocco,2599,False
0.03748550335718496,0.0005584349322044509,0.0009373923958969052,-0.1491705851137212,Morocco,2610,False
0.06407484110240438,0.0003866056853263992,0.0006489587393913211,-0.14961648804805963,Morocco,2620,False
0.019737712689601387,0.00037526384973789976,0.0006299202627075598,-0.14887220904377538,Morocco,2630,False
0.010629077323057784,3.0753420729060866e-06,5.162288581310591e-06,-0.14871838081763913,Morocco,2640,False
-1.4702449019835385e-05,1.1332371184701724e-09,1.902258967591127e-09,-0.1485397059852741,Morocco,2651,False
-0.011527347292275543,1.3087845834498232e-05,2.1969340484305476e-05,-0.1483464865914426,Morocco,2660,False
0.0062300641548738295,0.0004742374169974753,0.0007960579163419317,-0.14864571433412044,Morocco,2710,False
0.0016662934304824354,1.6035854846717747e-05,2.6917886987621975e-05,-0.14856796327655783,Morocco,2732,False
0.02441344303874309,0.0005654821697429417,0.0009492219332336595,-0.14895117224902032,Morocco,2740,False
-0.11085504015402375,0.0005610066497009091,0.0009417092970908519,-0.14668051439372368,Morocco,2790,False
0.0011894271731038154,8.26205688211893e-08,1.386874074154534e-07,-0.14855991878419156,Morocco,2813,False
9.178211686873975e-06,3.706012696132366e-11,6.220936263313828e-11,-0.14854010684481625,Morocco,2819,False
-0.0029509521650835256,2.3225265746490867e-06,3.898607742445929e-06,-0.14849042369876073,Morocco,2829,False
-0.007857678567830624,0.00048249049407604724,0.0008099115835286612,-0.14840925527488172,Morocco,2930,False
-0.23373960585595585,0.0016413753916361554,0.002755223074706811,-0.14462036964064853,Morocco,3030,False
-0.0009418130182195455,2.985528299004954e-06,5.011526614523561e-06,-0.14852415088934404,Morocco,3100,False
0.00011494755575713027,5.123810320106054e-06,8.600860288458903e-06,-0.14854189507147877,Morocco,3211,False
0.0017118580883137028,1.5015902434072498e-05,2.5205788441035496e-05,-0.1485687255843374,Morocco,3212,False
0.01091771485073438,0.0004353606009097504,0.000730799047894258,-0.14872430510389947,Morocco,3220,False
-0.006539114570660279,1.0803660111937935e-05,1.81350919377615e-05,-0.14843021370742715,Morocco,3230,False
-0.05480218815987384,0.0002622941151446321,0.0004402885543970018,-0.1476206897521475,Morocco,3240,False
-0.0036309306521371525,3.7370072377605393e-06,6.272963896187487e-06,-0.1484790130620073,Morocco,3290,False
-0.005526027841974757,4.318245524662726e-06,7.24863414696395e-06,-0.1484472032875284,Mozambique,1030,False
-0.008619209417638293,2.002561057566205e-05,3.3615116093678774e-05,-0.14839532006956238,Mozambique,1629,False
-0.03004785435986026,4.2942297244355225e-05,7.208321073379007e-05,-0.14803567431095127,Mozambique,3211,False
-1.6510289551313877e-05,2.583745860386951e-06,4.337092081428231e-06,-0.1485396820782262,512,1071,False
0.07060964396740235,0.00022719755324722142,0.00038137524445257134,-0.1497257817285007,512,1393,False
0.0010790827453588687,3.06319464283344e-08,5.1418978286496895e-08,-0.14855806640602778,512,1410,False
-0.005254810463909813,6.131279900584584e-06,1.0292005074316002e-05,-0.14845176047779407,512,2012,False
-0.06271849601734174,0.00048001942966742505,0.0008057636392421712,-0.14748834456009718,512,2023,False
0.00035129265937141414,2.931406189996317e-07,4.920676901318252e-07,-0.14854585033034542,512,2220,False
-0.04298381002231588,0.0004733012048127188,0.0007944863846695264,-0.1478195982418216,512,2396,False
-0.0007057238044373863,3.6021234900307474e-06,6.046547187345763e-06,-0.1485281154352578,512,2410,False
-0.07520736646543726,0.0005161942890849921,0.0008664869861982889,-0.14727879333795685,512,2710,False
-0.0010625497924931354,3.498693167540422e-06,5.872928396299039e-06,-0.14852212547351418,512,2812,False
-0.00082228330530673,4.2965239857396626e-07,7.212172234860278e-07,-0.14852615095050534,512,2813,False
-0.00032932465370976355,1.7441608458346331e-06,2.927759385775524e-06,-0.1485344290630269,512,3211,False
-0.03498863991516333,0.0009720843486720422,0.0016317469127843816,-0.14795504551632155,516,1010,False
-0.049330863872924145,0.00025428326264685566,0.0004268414869178526,-0.1477125122876593,516,1020,False
0.1324350563817951,0.0003628491462734569,0.0006090808632470994,-0.15076393425411408,516,1040,False
-0.048787376203097366,0.00035066600604205896,0.0005886301672887081,-0.14772187434316242,516,1073,False
-0.03661421939793551,2.236567473936872e-05,3.754316254362111e-05,-0.1479253997206817,516,1079,False
-0.00986982095763051,0.00015999136109333916,0.0002685625068368471,-0.14837467582094083,516,1392,False
-0.0012250496683072108,1.3961167066866354e-05,2.3435303007755702e-05,-0.14851942382373856,516,1410,False
0.016355306609103462,0.0010757180711840418,0.0018057071323891107,-0.14881718118842735,516,1511,False
-0.025138025481208998,0.00018099135910710113,0.00030381323582373565,-0.1481184343024177,516,1512,False
-0.1194811815192045,0.0002643936754379432,0.0004438128895346832,-0.1465349844783423,516,1629,False
-0.1660529889940657,0.00044693428664368086,0.0007502267096930278,-0.14575367032539605,516,2029,False
0.004594500757994599,2.633523414307591e-05,4.4206489970877845e-05,-0.14861714205632934,516,2100,False
0.006696690475026494,1.1357302653035547e-05,1.906443979574961e-05,-0.1486523921867022,516,2220,False
0.11437329306882064,0.0006587934072470971,0.0011058547644622436,-0.1504614939683983,516,2396,False
-0.018205149121555433,3.8470589496487665e-05,6.457697393198903e-05,-0.14823445572374908,516,2593,False
-0.00742960939280831,0.0002498346680470785,0.000419374047992072,-0.14841586130488219,516,2599,False
-0.05093411206465849,0.0004269455280777227,0.0007166734536150424,-0.1476860279907657,516,2610,False
-0.026782401496279914,0.00027868039702402147,0.00046779467040970713,-0.14809107446176215,516,2620,False
-0.0054136840711401825,0.00026906367236269357,0.00045165197579821986,-0.14844974881297332,516,2630,False
-0.0031046689116819982,9.013392498007069e-06,1.5129937440540894e-05,-0.1484878600768278,516,2651,False
-0.05899426710164103,0.0003537568573978439,0.000593818489849983,-0.14755054747632002,516,2710,False
0.012844060570048084,0.00043311026329688777,0.0007270216169979295,-0.14875663548161389,516,2740,False
-0.038126364361104066,0.0004291945561149781,0.000720448686249505,-0.14790102677518074,516,2790,False
0.0011541151015616068,1.0601572499160158e-05,1.7795866397598672e-05,-0.1485593522649236,516,2813,False
0.002419134631053307,0.0003608897548500617,0.0006057918164576628,-0.14858146061935987,516,2930,False
0.08576433593905435,0.0014096513299160672,0.0023662496046101553,-0.14998314730139792,516,3030,False
-0.0040611334615455325,2.205650925045508e-05,3.702419540587893e-05,-0.14847183730700977,516,3100,False
-0.007363070297909263,2.7375405957577424e-05,4.5952528932822695e-05,-0.14841642401781655,516,3211,False
-0.04465006407073059,0.000501734622341267,0.0008422148984919117,-0.14779169871349762,516,3250,False
-0.0033350068148075905,2.40266796665302e-05,4.0331335880346435e-05,-0.14848403102974528,516,3290,False
-0.0001851200798934915,1.6002120089296167e-08,2.68612596112514e-08,-0.1485368453812575,Nepal,1079,False
0.016189314174516196,0.0005492993074857065,0.0009220572786804494,-0.1488130797683399,Nepal,1311,False
0.006949362539832203,0.00021321102984151212,0.0003578973781346636,-0.14865713725615373,Nepal,1312,False
0.0143812699078432,6.073137110209977e-05,0.00010194406220035466,-0.14878150935543547,Nepal,1392,False
0.0013154549181121728,0.00019962362487602507,0.0003350894745453582,-0.1485625319052339,Nepal,1393,False
0.0038904662658790206,5.046369065606311e-06,8.47086691069829e-06,-0.1486052709787162,Nepal,1399,False
0.0010281627669890998,1.2527678868255707e-06,2.1029040685158716e-06,-0.14855721470769107,Nepal,1410,False
0.0011064505051996847,1.6153737290905507e-06,2.711576520121283e-06,-0.14855852975486006,Nepal,1430,False
-0.010308998559756841,7.391816264861259e-05,0.00012407949358030475,-0.1483670893724232,Nepal,1512,False
0.0015305973355938148,2.095608272107814e-06,3.5177012499879216e-06,-0.1485656507080981,Nepal,1520,False
0.022762226660423567,0.00013006150638150278,0.0002183220641295437,-0.1489223660800375,Nepal,1629,False
-0.00573252781726989,2.7901682187855694e-06,4.683593952903434e-06,-0.14844373315803858,Nepal,1701,False
-0.0031119674440173227,5.640778285623827e-07,9.468645972792195e-07,-0.14848771650306142,Nepal,1702,False
-0.0004005387670228487,4.1980876909583085e-08,7.046936450193202e-08,-0.14853322941437336,Nepal,1709,False
-0.01365095697180293,0.0005222868963073178,0.000876714075071203,-0.14831210722792776,Nepal,2023,False
-0.08167102240656343,0.0006758209260665218,0.001134437264842926,-0.14717068740959735,Nepal,2029,False
0.0028660356067127957,2.2072329242446145e-06,3.7050750944116893e-06,-0.14858806773826683,Nepal,2220,False
-0.0011974336654798344,8.922338498168434e-07,1.4977093622680507e-06,-0.14851985480612087,Nepal,2310,False
0.0017404956423989586,0.0007547259166201311,0.0012668876791665608,-0.14857105107654697,Nepal,2393,False
-6.0329199386220396e-05,1.8136837105188846e-06,3.0444609044980794e-06,-0.148538944611152,Nepal,2593,False
0.001219665557990184,0.000426913898212553,0.0007166203595240688,-0.14856149078348105,Nepal,2599,False
0.026258853720810486,0.0006587967879075834,0.001105860439260237,-0.1489823830890481,Nepal,2740,False
0.0002235402131421807,2.537644295984416e-08,4.2597057049361774e-08,-0.14854370520206245,Nepal,3100,False
-0.0002606849404112397,1.4168864637398514e-07,2.378394545835338e-07,-0.14853557725812486,Nepal,3211,False
0.00034238757516271996,3.95161842360943e-06,6.633211585018519e-06,-0.14854570997144592,Nepal,3212,False
0.02429661665446061,0.000360169364381662,0.0006045825644782267,-0.14894869783463285,Nepal,3220,False
0.025651421861321695,0.0002047282720676443,0.0003436581674855922,-0.1489710511135287,Nepal,3240,False
4.239609970851486e-05,2.1128783111726182e-09,3.5466908463806184e-09,-0.14854066444755348,Nepal,3290,False
0.02102313562028912,5.9460263909148085e-05,9.98103736570195e-05,-0.14889299706853082,533,1410,False
0.01972874186705276,0.00030373123010643684,0.0005098451566671491,-0.14887187969884078,533,1512,False
-0.02407011797400508,0.000196652317380766,0.0003301018190616077,-0.148136399262663,533,2023,False
-0.014952151944171738,0.00016177651279228357,0.00027155907372693606,-0.14828936770724754,533,2620,False
0.048335895471454296,0.00022004285403400955,0.0003693653212715141,-0.14935187381974133,533,2710,False
-0.02762659593535584,5.2281421082353e-05,8.775992285407255e-05,-0.14807634095024402,533,2813,False
0.003028023685167103,8.476396634650247e-05,0.0001422853280069919,-0.14859099279824062,533,3211,False
0.01802270630607418,8.989674556722518e-05,0.000150901243548539,-0.1488427076678454,540,2220,False
0.007814196990635201,0.00014210404583222768,0.00023853674673157173,-0.1486714770178461,540,2410,False
0.0011302241290642272,0.00021174122063437567,0.0003554301471382965,-0.14855945281721175,540,2610,False
0.013088859493829184,0.00011198705409794776,0.0001879821746392442,-0.14875994284105212,540,2620,False
-0.006773643592815031,0.00011736608040847893,0.00019701144209734666,-0.14842654238779948,540,2640,False
-0.030483532673373184,8.305699310353844e-05,0.00013941999196571405,-0.14802846065972947,540,2651,False
-0.00951868974939889,0.00016121623359155823,0.00027061858553027924,-0.14838057299818594,540,2710,False
0.0014561451381221793,8.774697056532937e-05,0.00014729261768462435,-0.14856461454743408,540,2813,False
-0.02349252269134224,0.0001660430400997283,0.0002787208933486014,-0.1481460187264303,540,2930,False
0.024032907156269004,0.0006828295812676171,0.001146202037625021,-0.14894507788404038,558,1010,False
-0.006045120213140136,0.00011878825562703494,0.00019939871438034084,-0.14843877499489233,558,1020,False
0.013593342537605514,7.772129335366827e-05,0.00013046345274533782,-0.14876832557133102,558,1030,False
-0.050660719932619794,0.00019603753244917186,0.00032906983720167396,-0.14769004474515304,558,1040,False
0.022994871207574093,0.00041378883941271534,0.0006945885531216655,-0.14892698056544082,558,1050,False
0.06364434465144661,0.00021661696701921792,0.00036361460574197075,-0.14960883475780815,558,1061,False
-0.0003112940614984591,2.2243354128226255e-07,3.7337834395015195e-07,-0.1485347279315497,558,1071,False
-0.0002849557899152678,1.4223295361476488e-06,2.3875313214758657e-06,-0.14853517303916333,558,1072,False
0.025473407921149355,0.00018711008996331156,0.00031408417599309364,-0.1489680188941026,558,1073,False
-0.00022358154223334756,1.0113865339721938e-07,1.6977198086722862e-07,-0.14853619997700118,558,1079,False
0.00012994826927701568,3.780397312762392e-06,6.34579874948646e-06,-0.14854214352470577,558,1101,False
0.07779342819170747,0.00046286224583838033,0.0007769634823593213,-0.1498469624222515,558,1103,False
0.02261716571888978,0.00020713858728923804,0.00034770413780395575,-0.14892012374898134,558,1104,False
0.05818199775273767,0.0005339260534819168,0.0008962516376428143,-0.1495179395159908,558,1200,False
0.12548002519724558,0.0005403584619562746,0.0009070491190384772,-0.15064763483618612,558,1311,False
0.010944266655783165,0.00020765455400533,0.0003485702427846939,-0.1487241823366098,558,1312,False
0.0778962616675793,0.0007648464442944116,0.0012838760606900532,-0.1498494482164723,558,1391,False
0.007843253788040207,5.778295345143713e-05,9.69948297539727e-05,-0.14867175433488863,558,1392,False
0.06100563379868711,0.0001942483015941535,0.0003260664230144965,-0.14956448487115984,558,1393,False
-0.0035476599883384643,7.117966117734427e-06,1.1948262775533593e-05,-0.1484804192754125,558,1394,False
-0.0033325453240842344,4.22256853632879e-06,7.0880301514859e-06,-0.14848402298748267,558,1399,False
-0.0021657409953317985,1.718182728425457e-06,2.8841523542043624e-06,-0.1485036027969433,558,1410,False
0.000858623883593863,1.1652122666015038e-06,1.9559326527197887e-06,-0.14855436859891946,558,1430,False
-0.0036536322335881865,7.066157067259487e-05,0.00011861295776957531,-0.14847879879289066,558,1512,False
-0.0020601296930537623,1.57778228331807e-06,2.6484752823838966e-06,-0.14850537524497595,558,1520,False
-0.04290300683891025,0.00026297404038192173,0.0004414298811845251,-0.14782043272612827,558,1610,False
0.00234726765820961,0.0005032503027193592,0.0008447591291248793,-0.14858060930975742,558,1621,False
-0.05918654147344701,0.0004709729194926043,0.0007905781102606563,-0.14754761024327567,558,1622,False
0.035117522901700365,0.0007787104386706759,0.001307148249007079,-0.1491313870991824,558,1623,False
0.007162569208075165,0.00012572974564788736,0.0002110507432676724,-0.14866049786581007,558,1629,False
-0.001835051472082655,3.130711312656666e-07,5.255231736037494e-07,-0.14850915026949715,558,1702,False
-2.091681060314853e-05,1.7872486327129704e-10,3.0000868163256465e-10,-0.148539601668229,558,1709,False
-0.3184263285405444,0.0005038401372921614,0.0008457492291553328,-0.14319603944315934,558,1811,False
-0.18803730228530321,0.004796299551955405,0.008051098649395872,-0.14539525268951817,558,2011,False
0.22417540582454112,0.00046025095829207936,0.0007725801586303775,-0.15230415193780586,558,2013,False
0.11748286488004273,0.0005310775817557944,0.0008914701750551248,-0.15051336933295292,558,2023,False
0.12076441784459042,0.0006858155128739048,0.0011512142412336906,-0.15056884527597908,558,2029,False
0.2702871167892509,0.0008864034132843434,0.0014879223547670157,-0.15307928705283236,558,2030,False
4.100526222322621e-05,7.144887199217563e-09,1.1993452672540921e-08,-0.14854064111341472,558,2100,False
-0.00022925044462413118,1.0190603424410131e-07,1.7106011119207134e-07,-0.14853610482036164,558,2219,False
0.002143714103642901,2.8129980538634726e-06,4.721916257915994e-06,-0.148575944314335,558,2220,False
-0.000368751607140995,5.670959849063386e-07,9.51930893535587e-07,-0.14853376430491044,558,2310,False
-0.0012299575936415973,9.807480815151758e-07,1.6462899093250465e-06,-0.14851930907807603,558,2392,False
0.02331437274708149,0.0007652857734622043,0.001284613521399323,-0.1489332225249697,558,2393,False
-0.08339426349551811,0.0007392094594016825,0.001240841656310476,-0.14714191721517852,558,2395,False
-0.004496740535578228,5.808745350517155e-07,9.750596546282612e-07,-0.14846447165633148,558,2410,False
-0.0010031496540033504,2.1417630957197714e-07,3.5951770277244975e-07,-0.14852311437935045,558,2420,False
-0.011308193087933578,1.4717234210085162e-05,2.470444207834187e-05,-0.14835016938606252,558,2431,False
-0.0033831657879501483,1.3345036668459823e-06,2.240106263875285e-06,-0.14848316607077502,558,2593,False
-0.0009511142513588811,0.000434865058487793,0.0007299672272623476,-0.14852507149927732,558,2599,False
-0.05065394669241542,0.00047267031963230143,0.0007934273768304703,-0.14769084425739148,558,2620,False
-0.015148763746829252,0.0004601205029913356,0.0007723611755405502,-0.14828680998565505,558,2630,False
0.0018356042883413092,4.182139334884772e-06,7.020165439197574e-06,-0.14857077577784392,558,2651,False
-0.0050877319924125634,2.3685864033883947e-06,3.975924061190712e-06,-0.1484545556913219,558,2660,False
0.17810009177755587,0.004607085108552193,0.00773348209245903,-0.15154127155844763,558,2680,False
0.0029452897132444976,0.0005690936771616189,0.0009552842323427594,-0.1485908120619917,558,2710,False
-0.0032418374178371906,3.7086586729466124e-06,6.2253778166665215e-06,-0.14848554433530628,558,2732,False
0.015145602384997245,0.000668665153396302,0.0011224255397501712,-0.1487958579373547,558,2740,False
0.059002194372227305,0.0006637976334444057,0.001114254890088675,-0.14953203349914015,558,2790,False
-0.0026241682285330767,1.7958504203247145e-06,3.0145258312105837e-06,-0.14849590780189867,558,2811,False
-1.1136375620712373e-05,3.2085894698953874e-06,5.385958501488682e-06,-0.14853977384307185,558,2813,False
0.00015841571631078333,7.351678916819593e-07,1.2340574552702303e-06,-0.14854261378798111,558,2814,False
0.0011302529909333375,4.346304499988727e-06,7.295734119745778e-06,-0.14855893611507218,558,2819,False
-0.1837516871456683,0.0035121385603620755,0.005895497917408886,-0.14546406121076239,558,2821,False
0.0003712909848956734,7.65249097626636e-09,1.2845519571106438e-08,-0.14854618531163316,558,2822,False
0.000225985841244404,2.042162204117458e-08,3.427986343495635e-08,-0.14854374624217523,558,2824,False
0.018619675268629527,6.680426080397484e-06,1.1213805311920021e-05,-0.14885252051300096,558,2826,False
0.0010972214995290418,3.0770069648394716e-07,5.165083279400456e-07,-0.14855837157522753,558,2829,False
0.06018354002971097,0.002438716003574132,0.004093644049949103,-0.1495563197771736,558,2910,False
0.0003665359713701439,1.2272969067202238e-05,2.0601483208183903e-05,-0.14854613607730227,558,2920,False
0.008497087488891313,0.0005781311419237195,0.000970454577637487,-0.14868402833563335,558,2930,False
0.00043818526795252216,1.2307706144928895e-07,2.0659793085734194e-07,-0.14854730849109773,558,3100,False
0.001032820611752311,3.418504093132878e-08,5.738322510727177e-08,-0.14855728985579802,558,3211,False
-0.06332929666400194,0.00035293652843909775,0.000592441480490939,-0.14747777693402828,558,3220,False
-0.0016670448396689562,1.4597487482697361e-06,2.4503434467224576e-06,-0.14851197329801835,558,3230,False
-0.016919117825431446,0.0001992841894254478,0.0003345196960592364,-0.14825644334779653,558,3240,False
-0.09351408349301672,0.0007533209420917896,0.0012645292800705422,-0.1469720779858076,558,3250,False
-0.0001742959602625975,2.1186984788608202e-08,3.556460616534912e-08,-0.14853702708853941,558,3290,False
-0.012719825086982023,1.693964549767506e-05,2.843499566910382e-05,-0.1483264791699258,562,1410,False
-0.0015225965626251908,3.3014240604446475e-05,5.5417912301354254e-05,-0.14851447668046755,562,2219,False
0.002221410486832746,1.4057815030643294e-05,2.3597536888730493e-05,-0.14857727657566483,562,2220,False
0.00616031491637783,0.000256763605159255,0.0004310050054878043,-0.14864400087611604,562,2630,False
0.002041667643180044,1.1434858749492285e-05,1.9194625947942855e-05,-0.14857425285866013,562,2651,False
-0.004251966532746737,0.00033963208158825024,0.0005701085521757866,-0.14846942543744082,562,2710,False
0.005554218670236356,1.3215559863705944e-05,2.218372205845964e-05,-0.14863321921563427,562,2813,False
0.004553300916512865,1.1167597217302558e-05,1.8745999055994262e-05,-0.1486164126344035,562,2819,False
0.003618677218817341,2.3735088018716795e-05,3.984186830300788e-05,-0.1486007553278093,562,2829,False
-0.007408093470999949,3.1488558793250286e-05,5.285689319975923e-05,-0.14841567850281265,562,3211,False
-0.033888608906107814,0.0007631693201009382,0.0012810608294513291,-0.14797299207830467,Nigeria,1010,False
0.000565617381255218,0.00015359918500399116,0.00025783255977616595,-0.1485498302775154,Nigeria,1020,False
0.012095844874613066,0.00010630598569144251,0.00017844589741567238,-0.1487432598191534,Nigeria,1030,False
0.037099385262900436,0.0002401214199814604,0.0004030693285859493,-0.149163306628878,Nigeria,1040,False
0.011198801138553902,0.0002628427067377398,0.00044120942370186805,-0.14872859276479938,Nigeria,1061,False
0.10066432008723517,0.0010293648002252485,0.0017278982396857195,-0.15023230625990258,Nigeria,1062,False
-0.010699627217213318,0.00023022995386592416,0.0003864654512382821,-0.1483609215257373,Nigeria,1073,False
0.0020970488520463005,1.3841246795920742e-06,2.3234004085328767e-06,-0.14857515742484545,Nigeria,1079,False
0.05239366989850683,0.00025239109188331403,0.0004236652771516036,-0.1494200692638762,Nigeria,1104,False
0.04626770832234625,0.0002529606037562582,0.00042462126337002205,-0.14931723947866007,Nigeria,1312,False
-0.013350045947725413,8.273760289704567e-05,0.00013888386155261762,-0.14831606405329628,Nigeria,1392,False
0.005373376691616054,1.2598242185723123e-05,2.1147488714478983e-05,-0.14863018204995704,Nigeria,1399,False
0.0007434601215103191,3.375179956563615e-08,5.665598342096627e-08,-0.14855243263129309,Nigeria,1410,False
0.012042187702063781,0.0008552930345632175,0.001435700277019237,-0.14874422922154024,Nigeria,1511,False
-0.013866976394655837,9.802098972570131e-05,0.00016453865098381955,-0.14830742486220144,Nigeria,1512,False
-0.005531484674956979,7.56585185574937e-06,1.2700086597493518e-05,-0.1484471197813042,Nigeria,1520,False
-0.014203806592375714,0.0001614790042770946,0.00027105967405873866,-0.14830192877296744,Nigeria,1629,False
0.44897168642194424,0.004591527391967032,0.007707366811370007,-0.15608845010606875,Nigeria,2011,False
-0.023570366637229667,0.00046442875865525095,0.0007795930406443176,-0.1481454540507926,Nigeria,2023,False
-0.00037767108306106345,3.337495854819181e-08,5.602341571460895e-08,-0.14853361325130043,Nigeria,2220,False
-0.0046494068013320485,5.05156676306212e-06,8.479591798398306e-06,-0.14846192013212264,Nigeria,2310,False
0.07435405266273573,0.00037476728281471536,0.0006290867223414342,-0.1497890068944836,Nigeria,2599,False
0.023406331970515615,0.0004099195947620158,0.0006880936146708908,-0.14893387774647707,Nigeria,2620,False
-0.006707086008894067,0.00039823827704121536,0.0006684852811407721,-0.1484283594320612,Nigeria,2630,False
0.0002765484226574293,3.030685628123298e-07,5.087327991717943e-07,-0.14854459569362727,Nigeria,2651,False
0.036202933301093386,0.0005000220604621177,0.000839340181330719,-0.14914890936494943,Nigeria,2710,False
0.0010727256358270168,8.80559813263972e-08,1.4781132509522962e-07,-0.14855795983838507,Nigeria,2813,False
-0.002348294637148627,8.832307392474344e-07,1.482596684137641e-06,-0.14850053635860297,Nigeria,2829,False
0.004228153394047911,0.0005084955761003933,0.0008535638780727507,-0.14861219532799028,Nigeria,2930,False
0.09329380792284306,0.0016890514860849902,0.0028352524672556963,-0.1501102445213312,Nigeria,3030,False
0.006834492019151752,2.8203954201536205e-06,4.73433352358144e-06,-0.14865468403016752,Nigeria,3211,False
0.004509629050164512,1.8196764230748507e-06,3.054520309554606e-06,-0.14861565623556733,Nigeria,3290,False
0.0,0.0,0.0,-0.14853995277868415,584,1020,False
-0.04841948406672635,0.000580090484106625,0.0009737435417715275,-0.14772861876611296,Pakistan,1010,False
0.008835658354155656,7.837670895089428e-05,0.00013156363749661508,-0.14868846431650404,Pakistan,1020,False
0.0028200655381932947,4.583327514277766e-05,7.693602445013375e-05,-0.14858740489374275,Pakistan,1030,False
-0.00010826953442627041,0.0001429315890938404,0.00023992586606486492,-0.14853849174171996,Pakistan,1040,False
0.044430745185899,0.0003347384900655025,0.0005618941386111821,-0.14928660889966106,Pakistan,1050,False
-0.004818263262890559,0.0001605788933959846,0.0002695487422621088,-0.14845947327859746,Pakistan,1061,False
-0.017657460684334422,0.000814717908010741,0.001367590613924377,-0.14824558092369058,Pakistan,1062,False
-0.0011511190796410805,2.4784575742660485e-06,4.1603545009241914e-06,-0.14852063620026626,Pakistan,1071,False
0.019399569260300932,0.00013532386553242993,0.00022715549335841506,-0.1488659333277997,Pakistan,1073,False
0.006275414086918153,0.0003056481757706607,0.0005130629537377899,-0.14864605492280097,Pakistan,1074,False
0.0029152952229211304,5.588323062035522e-06,9.380594303956502e-06,-0.14858890304651104,Pakistan,1079,False
0.00541644479880324,0.00015243284284563503,0.0002558747304800274,-0.14863125387218729,Pakistan,1104,False
-0.03550464228712391,0.0004435614914800335,0.0007445651144793469,-0.14794507116349342,Pakistan,1200,False
0.027105060322950243,0.00044942606270770313,0.0007544094206947765,-0.14899606406949886,Pakistan,1311,False
0.01529401866109818,0.00015287550787633736,0.0002566177907897967,-0.14879706097933612,Pakistan,1312,False
0.060004299216134344,0.000655867845685158,0.001100943898390409,-0.14954883517497303,Pakistan,1391,False
-0.004400240885962157,3.0864353161313244e-05,5.1809097692870014e-05,-0.1484661669768947,Pakistan,1392,False
-0.011908162227556503,0.00014140440819908597,0.00023736233059216329,-0.1483404137214623,Pakistan,1393,False
-0.0004449206203194897,3.868980418851839e-07,6.494494909530359e-07,-0.14853248527776047,Pakistan,1394,False
-6.238952875197054e-06,8.00765840238734e-11,1.344170585050307e-10,-0.14853984805142775,Pakistan,1399,False
-0.0022710774236409255,1.1267670375039582e-05,1.8913982489132595e-05,-0.1485018584175658,Pakistan,1410,False
0.08975863882545888,0.0014498428580284055,0.0024337153569463457,-0.15005029874286377,Pakistan,1420,False
-0.0007822306733623224,9.341036929893871e-07,1.5679923448393648e-06,-0.14852682453420196,Pakistan,1430,False
0.009067620432857578,0.0006607440270468948,0.0011091290871490392,-0.14869381163293643,Pakistan,1511,False
-0.00037155113229777394,4.045091418979992e-05,6.790115944020889e-05,-0.14853381675414967,Pakistan,1512,False
-0.0019799154294080057,6.23850928879879e-07,1.0472001001024745e-06,-0.14850671934869417,Pakistan,1520,False
-0.012285352369040074,0.00038635716136108713,0.0006485415654971989,-0.14833469209185163,Pakistan,1622,False
-0.014740801206998026,0.0006687108079371691,0.0011225021757501402,-0.14829417736617304,Pakistan,1623,False
-0.008140955946817623,8.403365486573088e-05,0.0001410594225536761,-0.14840350751632997,Pakistan,1629,False
0.0004047653319031407,3.2158457237672337e-07,5.398138894959619e-07,-0.1485467479969257,Pakistan,1701,False
-0.0008096360726649872,2.2094229724557896e-06,3.708751323138462e-06,-0.14852636768502683,Pakistan,1702,False
-0.00020146437729677663,4.131347233317763e-06,6.934905497466159e-06,-0.14853658128582412,Pakistan,1709,False
0.0037740653825265908,0.0004161780839627709,0.0006985991540780187,-0.1486043426266796,Pakistan,1811,False
-0.2974575768074193,0.005083869941904377,0.008533816117945245,-0.14355906221798317,Pakistan,2011,False
0.01615573685661181,0.00037665182882140504,0.000632250133142788,-0.1488120848601369,Pakistan,2013,False
-5.108714979742306e-05,7.75484086733184e-08,1.3017324743155615e-07,-0.1485390954199268,Pakistan,2022,False
-0.05627274582476968,0.0006295613393986178,0.0010567856311805262,-0.14759691470451053,Pakistan,2023,False
0.005716391706814668,0.0007971598841300943,0.0013381176044052149,-0.14863789743993702,Pakistan,2029,False
0.14370969759788466,0.0007687636513475536,0.001290451509131779,-0.15095422080873083,Pakistan,2030,False
0.0006228367594185115,3.847140755014949e-06,6.4578347122020326e-06,-0.1485504173489131,Pakistan,2100,False
-0.0014415381636182602,2.981538260095824e-06,5.004828910069459e-06,-0.14851576246119813,Pakistan,2219,False
-0.0022718023794061027,1.386177034816399e-05,2.326845504944319e-05,-0.148501852714884,Pakistan,2220,False
0.001188311156241784,1.6715454859787188e-06,2.805866785172003e-06,-0.1485599040130213,Pakistan,2310,False
0.000807512283861358,1.1143190663134384e-06,1.8705030060381866e-06,-0.14855351050946028,Pakistan,2392,False
-0.05344220704054581,0.0008826686124463288,0.001481653094547344,-0.1476450561114509,Pakistan,2393,False
-0.0317653312162844,0.0006321436129688249,0.0010611202518663815,-0.14800830847348972,Pakistan,2395,False
-0.03254569265340044,0.0003449849893696693,0.0005790939769063486,-0.14799449575831114,Pakistan,2396,False
8.117730192145295e-05,2.3586187257247872e-07,3.959192254658244e-07,-0.14854131601409282,Pakistan,2399,False
-0.001161654276597542,1.6481145264754617e-06,2.7665354289113595e-06,-0.14852045728567242,Pakistan,2410,False
-0.0018812336860952416,6.2937374892333156e-06,1.0564707406267032e-05,-0.14850838996096968,Pakistan,2420,False
-0.0014160289236397805,3.2054046009536134e-06,5.380612360415161e-06,-0.14851619121902848,Pakistan,2431,False
5.869844439482021e-05,3.111980173928074e-08,5.223789528542774e-08,-0.148540938172065,Pakistan,2511,False
-0.003682523121440601,7.715566690123277e-06,1.295139886182673e-05,-0.14847815694353017,Pakistan,2520,False
0.00035887868312354474,7.934056099153985e-07,1.3318156560527447e-06,-0.1485459789172306,Pakistan,2593,False
0.007556286314741421,0.0005243806321578864,0.0008802286332625971,-0.14866810169608466,Pakistan,2599,False
0.11851591372854736,0.0007703877548032696,0.0012931777394260197,-0.15053131501167588,Pakistan,2610,False
0.04006425228921805,0.0005658176997782751,0.000949785156065145,-0.1492138910534475,Pakistan,2620,False
0.03121611446487637,0.0005520789346245104,0.0009267231783100762,-0.14906532986598162,Pakistan,2630,False
0.0028494666324245,5.621482618141058e-06,9.436256143773619e-06,-0.14858779812624615,Pakistan,2640,False
0.0008908163646326479,1.6736021940585173e-05,2.80931918831407e-05,-0.14855494781213774,Pakistan,2651,False
0.0002842351085971657,2.5696700912267817e-07,4.3134644066245484e-07,-0.14854472460786908,Pakistan,2660,False
-0.05829302521969367,0.0006708941652912812,0.0011261671731620873,-0.14756310419154192,Pakistan,2710,False
0.07772727970247952,0.002278413168219053,0.0038245587004538998,-0.14985041891059997,Pakistan,2731,False
-0.000184290452937077,1.4436641860854118e-08,2.4233437992910245e-08,-0.1485368593035246,Pakistan,2732,False
-0.01065119230188434,0.0007786611719846407,0.0013070655496374708,-0.14836310039654674,Pakistan,2740,False
-0.0006555274009962164,9.141690436131221e-07,1.5345299167881404e-06,-0.14852895133364744,Pakistan,2750,False
-0.03734496005409993,0.0007734078283404798,0.0012982472538950642,-0.1479149982285127,Pakistan,2790,False
-0.0003757627304368501,4.982199112526345e-07,8.363150823123385e-07,-0.1485336464440235,Pakistan,2811,False
-0.003097928385744722,1.4724057687064174e-05,2.471589600979357e-05,-0.14848798745773711,Pakistan,2813,False
0.002744605663626923,1.4125823158034638e-06,2.3711695759888814e-06,-0.14858602742551807,Pakistan,2814,False
0.0018383355602698335,1.7485612240824807e-06,2.935145888429144e-06,-0.14857081555600254,Pakistan,2816,False
0.0028434042482889856,1.6661019441043251e-06,2.796729221481888e-06,-0.14858768649715406,Pakistan,2818,False
-0.006226083155431699,1.7062844646141773e-05,2.8641798535997877e-05,-0.14843548386912384,Pakistan,2819,False
-0.00047474690848184884,3.835572880529355e-06,6.438416805201337e-06,-0.14853199321027338,Pakistan,2822,False
0.003077763976108135,4.791040788119403e-06,8.042271255285288e-06,-0.1485916282688588,Pakistan,2824,False
0.00025138204127518084,1.9390928133001855e-07,3.2549734146295294e-07,-0.1485441729769759,Pakistan,2825,False
-0.0010887443192858842,2.9021023092286827e-07,4.871487222417949e-07,-0.14852167777146028,Pakistan,2826,False
0.0031203066365203765,6.763370752992947e-06,1.135303676197315e-05,-0.1485923473122391,Pakistan,2829,False
0.003352924909901567,2.1238380551241716e-06,3.565087941635043e-06,-0.1485962404850762,Pakistan,2920,False
0.03738768867036086,0.0006807036591906645,0.0011426334514312133,-0.14916924933424522,Pakistan,2930,False
0.02630719064448049,0.0019925977594367323,0.0033447871543490024,-0.148986530220783,Pakistan,3030,False
-0.00273851270847003,3.641389923795947e-06,6.112460070481826e-06,-0.1484939930084421,Pakistan,3091,False
0.001378102388369623,5.7444766561820696e-06,9.642714711014696e-06,-0.14856310001772544,Pakistan,3100,False
0.0013909065794903298,3.463501192698747e-06,5.8138549255851695e-06,-0.14856330926142375,Pakistan,3211,False
0.00014263381878308842,6.229822681879096e-08,1.0457419607915035e-07,-0.14854234719429055,Pakistan,3212,False
-0.017747202286928537,0.00028024985271441513,0.0004704291686207422,-0.14824274449995503,Pakistan,3220,False
0.00033073034909068675,7.018079038678417e-07,1.1780591695241688e-06,-0.14854550618911727,Pakistan,3230,False
0.005155961638648729,0.00014570577774206792,0.00024458263660994236,-0.14862686459113175,Pakistan,3240,False
0.00521337610066446,0.0008698154082481039,0.0014600776249921639,-0.1486296349464487,Pakistan,3250,False
0.0031474404886723574,4.8026629568152985e-06,8.061780300889503e-06,-0.14859279789227212,Pakistan,3290,False
0.040689681831911205,0.0003910507300389652,0.0006564202194540612,-0.14922395187796383,Pakistan,Wastes,False
0.08900257149626642,0.0007931555267919517,0.001331395864945953,-0.15003595312434834,591,1010,False
-0.007147804781126547,0.0001672110576098085,0.00028068153490070036,-0.14842038586586212,591,1020,False
-0.02873611382865019,0.00011767860612724875,0.00019753604973809824,-0.14805787902897946,591,1030,False
0.005185878948070982,1.0398196992543984e-05,1.745447899072369e-05,-0.14862702921154228,591,1072,False
-0.06188214452711757,0.00024683011611602724,0.00041433058818892766,-0.14750180634655982,591,1073,False
-0.0005273861318162119,2.9377477469263856e-06,4.931321878739216e-06,-0.14853110736639186,591,1079,False
0.0001192820226524568,7.68858525877746e-09,1.2906107661159641e-08,-0.14854195507340331,591,1101,False
-0.07446219541941167,0.00026975825356921764,0.0004528179041880474,-0.1472906926331384,591,1104,False
0.00924004849039809,0.0006319617257602233,0.0010608149348519517,-0.14869663421096274,591,1200,False
0.016601597164563536,9.280468655801309e-05,0.00015578253161861177,-0.14881886006854286,591,1392,False
0.025378445492296835,1.6702734429979577e-05,2.8037315258093542e-05,-0.14896599872988037,591,1399,False
0.00038912745060992954,5.201500224043104e-07,8.731271050731722e-07,-0.14854648599358863,591,1410,False
-0.002127696213067688,9.681176774218057e-06,1.625088433429739e-05,-0.14850426126924118,591,1430,False
-0.009706764739295751,0.0001089529433760507,0.00018288909726353608,-0.1483772857800256,591,1512,False
0.010857390868448384,1.0811647655135297e-05,1.81484998781021e-05,-0.14872223261678033,591,1520,False
0.047788323010102635,0.0003330071432629428,0.0005589878889591891,-0.1493429653889635,591,1610,False
0.046126226120840726,0.0005985484567880652,0.001004727211018279,-0.14931573073253906,591,1621,False
0.03825020683145003,0.0005632989332264752,0.0009455571386605456,-0.14918343377531015,591,1622,False
0.014107233009922268,0.00017542834489144823,0.00029447512510878806,-0.14877719579271886,591,1629,False
0.010093939224076464,1.2326173563390192e-05,2.0690792610726533e-05,-0.14870942104767648,591,1701,False
-0.0004039641781794278,6.716061738704648e-06,1.1273623552494712e-05,-0.14853318855560796,591,1702,False
-7.353852419934588e-05,4.183570200512823e-06,7.022567299256704e-06,-0.14853872878761545,591,1709,False
0.012059350394217017,0.004518973744470876,0.007585577801522426,-0.1487536656192993,591,2011,False
0.019153579479156163,0.0005515672658938941,0.0009258642879548391,-0.14886284423860113,591,2013,False
0.0008706926607417846,1.897843438245752e-05,3.185731953750844e-05,-0.14855461560606828,591,2022,False
0.014347129202260235,0.00044155085911229083,0.0007411900543178594,-0.14878188735003756,591,2023,False
0.030892052521715126,0.0005835157483837746,0.000979493211969741,-0.14905996875109756,591,2029,False
-0.010127206934988042,4.4797263218415795e-06,7.519696830598878e-06,-0.1483699680019299,591,2100,False
-0.027583129975859627,0.0008279785343989852,0.0013898499849348907,-0.1480789986968374,591,2211,False
3.5060437708923095e-06,5.528311707415504e-06,9.279858865959793e-06,-0.14854002541566053,591,2219,False
0.0013364935157924441,1.2588977799547177e-07,2.1131937457469141e-07,-0.14856238755699377,591,2220,False
-0.000782013769231244,7.756596632445819e-06,1.3020271981539017e-05,-0.14852684518487833,591,2310,False
0.0035189319344454202,9.134516242967968e-06,1.5333256522032976e-05,-0.14859904457693635,591,2392,False
0.0020873735551363067,0.0006569886589779605,0.0011028253026459517,-0.14857663010337666,591,2393,False
-0.006311095264447595,0.0005131004592840064,0.0008612936640001326,-0.14843529279968504,591,2396,False
-0.0008757541148589337,7.807331321553379e-06,1.3105435550354244e-05,-0.14852527177981464,591,2410,False
0.0010389706832901245,2.462442302785695e-06,4.133471165305044e-06,-0.14855739914661664,591,2420,False
-0.005875586147264327,1.5222024448996527e-05,2.5551786154061788e-05,-0.14844136274881506,591,2511,False
0.005153116871324674,1.4813538214427663e-05,2.4866098586842725e-05,-0.1486264902807937,591,2512,False
-0.004287742947234241,1.0158346846622145e-05,1.7051865024483524e-05,-0.14846800377196478,591,2593,False
-0.014548756755277927,0.0003542454527685446,0.0005946386491178806,-0.1482966182600804,591,2599,False
-0.02397762760652261,0.0005606434447990088,0.000941099619053968,-0.14813885694506912,591,2610,False
-0.02243685180116279,0.0003884436374943156,0.0006520439374813223,-0.14816429246689036,591,2620,False
-0.05177688272410767,0.0003770746734599224,0.0006329599228173474,-0.14767175746585795,591,2630,False
-0.004150489833095577,2.913790095596445e-06,4.891106414259617e-06,-0.14847028965666328,591,2640,False
-6.4053674851399495e-06,1.6949414403347162e-10,2.8451393815718884e-10,-0.14853984525820454,591,2651,False
-0.12408069316598477,0.0006345214961576682,0.0010651117815702162,-0.14645868639359935,591,2652,False
-0.005687243469336301,1.2752256770722154e-05,2.1406018567304257e-05,-0.14844451812751575,591,2660,False
-0.013847981373973708,1.7041203922083584e-05,2.86054722802356e-05,-0.14830754211485217,591,2670,False
-0.06476650014803874,0.0004762728086417205,0.0007994745375809644,-0.1474539570831035,591,2710,False
0.23166939862223868,0.0019057395583838587,0.0031989864307681234,-0.1524336462331048,591,2731,False
-0.010814721790153952,1.5664155262139267e-05,2.629394972286945e-05,-0.14835845518657662,591,2732,False
0.05630243821930693,0.0005677045602372011,0.0009529524519206059,-0.14948647358926542,591,2740,False
-0.00498293394348491,9.745806747016683e-06,1.6359372613870623e-05,-0.14845633322205887,591,2750,False
0.01770544403842236,0.000563220236788589,0.0009454250383240435,-0.1488385646349899,591,2790,False
-0.0005320766030311115,1.13710745963771e-05,1.9087557466619753e-05,-0.14853104965824898,591,2811,False
0.0034083066520426164,7.654703648286073e-06,1.2849233776300772e-05,-0.1485971839225023,591,2812,False
0.0001750636593329083,5.796314336058664e-08,9.729729767084768e-08,-0.14854289155282868,591,2813,False
0.0012539588940080248,8.348795806539548e-06,1.4014341246619753e-05,-0.14856102263153959,591,2814,False
-0.0010792584925219432,7.593428404634185e-06,1.2746376766211403e-05,-0.14852185520877983,591,2816,False
-0.0036465925181445027,2.259571812604198e-05,3.792931482199423e-05,-0.1484787971638932,591,2817,False
-1.4018141854059688e-05,2.7847026649259155e-09,4.674419439756164e-09,-0.14853971747621506,591,2819,False
-0.0013496346526321226,4.492227178336088e-06,7.5406808470784574e-06,-0.14851730892558085,591,2822,False
0.0014792508025265297,3.5687166509556987e-06,5.9904702567778915e-06,-0.14856479247559265,591,2824,False
-0.0007018199869067996,2.1824188507461785e-06,3.6634220342837374e-06,-0.14852817742537625,591,2829,False
0.005673328255929616,0.0022421502136545485,0.0037636874764290455,-0.14864077999868625,591,2910,False
-0.034692883689871314,0.00048454350124397036,0.0008133577742967352,-0.14795879928146408,591,2930,False
0.1365369434099362,0.0016336861918388528,0.0027423159354774108,-0.1508360069138102,591,3012,False
0.020374505091851684,0.0016451601567733045,0.002761576205313835,-0.14888607210729388,591,3030,False
0.0013097326804837532,2.8263848802511084e-06,4.744387469040671e-06,-0.1485619450823393,591,3100,False
0.0006274632004528646,4.914649750536098e-06,8.249762038458026e-06,-0.14855049767056597,591,3211,False
-0.0024612533071017477,1.0498958168085307e-05,1.7623617334883527e-05,-0.14849866419642388,591,3230,False
0.03320246764992795,0.00026078419929133226,0.00043775400013167294,-0.14909794417495809,591,3240,False
0.05322189158186826,0.0006459061512389187,0.0010842221353243146,-0.1494349590111923,591,3250,False
-0.0007718345545887275,3.5586991349953594e-06,5.9736547913664985e-06,-0.1485270055877081,591,3290,False
0.0013382529399688717,3.145541552016529e-05,5.280125869272298e-05,-0.14856249521972517,598,1020,False
0.0013382529399688717,3.145541552016529e-05,5.280125869272298e-05,-0.14856249521972517,598,1079,False
0.05235171654110708,0.0001738032692017177,0.00029174726281640446,-0.14941916791755736,600,1030,False
-0.03402380738167948,0.0003374135143437159,0.000566384451219919,-0.1479696650813107,600,1040,False
0.18848680863981562,0.0012219696776477576,0.002051206000530478,-0.15170701604848233,600,1062,False
-0.0013128410017207094,2.3416959494118436e-05,3.930785575708923e-05,-0.14851797372613804,600,1071,False
-0.014689445278547618,3.091463726085484e-05,5.189350489920065e-05,-0.14829345177932618,600,1072,False
-0.024280316212700118,1.639809113494446e-05,2.752593910349019e-05,-0.14813242263567547,600,1079,False
-0.013185015608847732,3.1129282285940675e-05,5.225380939078804e-05,-0.14831870577806,600,1080,False
-0.06104746999785106,0.0007548381863795729,0.0012670761358921717,-0.14751707525435603,600,1200,False
0.033163789468854545,0.00014325668915260583,0.00024047158107196403,-0.1490970007742738,600,1392,False
0.01731957531927731,9.343317104714623e-06,1.5683750964215145e-05,-0.14883070360353687,600,1410,False
0.005036964171309326,0.0001631628744362001,0.0002738862291178791,-0.14862491063980612,600,1512,False
-0.060011609538176275,0.00042369912313792784,0.0007112240178275052,-0.14753364341435113,600,1610,False
-0.04023208759849409,0.0007182785774821642,0.0012057069460348854,-0.14786639725665457,600,1621,False
-0.020553910244148176,0.0006796130533379539,0.001140802753574946,-0.1481966241773933,600,1622,False
-0.07039318738782004,0.004210432139618932,0.007067657919497297,-0.1473687438184108,600,2011,False
-0.029346891328804504,0.0004761386234977754,0.0007992492935528376,-0.14804851728841975,600,2029,False
-0.022471992204103862,1.9820358606348277e-05,3.327057884469601e-05,-0.14816278579620232,600,2100,False
0.0037780774912298033,2.1965212602238383e-05,3.6870944276922196e-05,-0.14860342661699522,600,2219,False
-0.0036615285274950037,7.237602338947358e-06,1.2149084890289451e-05,-0.1484785081688887,600,2220,False
0.008996796250498793,1.5246579271509366e-05,2.5593004033851775e-05,-0.14869101162192974,600,2420,False
0.009608572738467486,3.050005949140171e-05,5.1197592043142096e-05,-0.14870131901760292,600,2593,False
0.07643376304391655,0.00027178620747411736,0.00045622204039094964,-0.14982365826978147,600,2599,False
-0.001118789683460861,0.0004554997770309288,0.0007646047958282171,-0.14852230831325486,600,2610,False
0.038164057224552246,0.000301838634005515,0.0005066682329268936,-0.14918133290239602,600,2620,False
-0.017327109377138137,0.00029182687142785134,0.0004898624251799112,-0.14824982504908663,600,2630,False
-0.005845809374414812,1.6341422064710172e-05,2.7430814045123102e-05,-0.1484418653729928,600,2640,False
-0.0027383977103467233,5.39377745663722e-06,9.054028824903051e-06,-0.1484939993068613,600,2651,False
-0.048211827409157276,0.0003797901606340223,0.0006375181566980762,-0.14773160782178985,600,2710,False
-0.007846613233664774,2.8309237277496472e-05,4.752006407050997e-05,-0.14840830955825252,600,2720,False
0.0036625674448919365,3.9605203290162425e-05,6.648154379525301e-05,-0.14860153165918483,600,2732,False
0.020935484407191292,0.00045782269861878374,0.0007685040666423193,-0.1488925213841699,600,2790,False
0.0020470349088259525,6.636935741607601e-06,1.1140802155194699e-05,-0.14857433098801962,600,2813,False
0.0045385469406560375,2.7299559308842127e-05,4.5825212270345896e-05,-0.14861620521729535,600,2814,False
0.0028843645278352156,5.210716794021647e-06,8.746742043171313e-06,-0.14858838290003476,600,2819,False
0.005276256203080647,1.7847029345949726e-05,2.9958135914243314e-05,-0.14862856487411344,600,2824,False
0.005103912188614477,1.4537222244423062e-05,2.440227285852607e-05,-0.1486256636383197,600,2829,False
-0.10903481206047311,0.0003871795711130531,0.0006499220676888527,-0.1467106410579854,600,2930,False
-0.03833414858195251,0.001461158589980997,0.002452710015902393,-0.1479001009057412,600,3030,False
-0.007990003542081956,1.613351974483714e-05,2.708182790099171e-05,-0.14840587226679955,600,3100,False
0.07109933253708599,0.0005326501205588492,0.0008941098485984998,-0.14973476944794104,600,3250,False
0.009652657113204661,1.7824618633236086e-05,2.9920517150672297e-05,-0.1487020273816159,600,3290,False
0.00788020056829707,0.0006010846892374282,0.0010089845467885802,-0.14867373041692003,Peru,1010,False
0.001921784166549938,8.621165249954126e-05,0.0001447154231053533,-0.14857242697601178,Peru,1020,False
0.0037263959002139233,5.1868639856629336e-05,8.706702568763831e-05,-0.1486026336789586,Peru,1030,False
-0.01965664984885389,0.00015344670995139244,0.00025757661419212845,-0.14821037677102614,Peru,1040,False
0.001490294895067004,0.00035073127244488497,0.0005887397238837353,-0.1485658436288338,Peru,1050,False
0.015049417009721273,0.00017171307707388052,0.0002882386531403163,-0.14879300211981836,Peru,1061,False
-0.01322183514931271,0.0008395636459548907,0.0014092968261904216,-0.14832010049122876,Peru,1062,False
-0.0007361349827428222,1.3049655327324693e-06,2.190523365832559e-06,-0.1485275992240117,Peru,1071,False
-0.00014876340970847157,1.7754838335638452e-07,2.9803383503439247e-07,-0.14853745606940708,Peru,1072,False
0.030366520456593042,0.00014556035316267462,0.0002443385259946525,-0.14905005129116128,Peru,1073,False
-0.011063721999337663,0.0003209385350003476,0.000538729447085296,-0.14835503567634156,Peru,1074,False
-0.0009138992330233767,3.7326337535409995e-06,6.265622538019243e-06,-0.14852462131456598,Peru,1079,False
0.0015231072573781486,1.6168119944790995e-07,2.7139908014650113e-07,-0.14856552015628294,Peru,1080,False
-0.0009895065696148195,1.2661526429571155e-05,2.125371804495631e-05,-0.148523374425797,Peru,1101,False
0.015340237519842733,0.0006498331884307044,0.0010908140846987075,-0.14879907809358234,Peru,1102,False
0.031731022598456865,0.00039602011239706975,0.0006647618559924538,-0.1490735827077088,Peru,1103,False
0.015683353785374287,0.00016328573088377125,0.00027409245672489047,-0.14880362240303788,Peru,1104,False
0.05529230032820104,0.00046792751102322296,0.0007854660684148341,-0.14946926684633496,Peru,1311,False
0.013942023955404823,0.00016374387215323073,0.00027486149554655333,-0.14877439339480916,Peru,1312,False
0.023776165113719282,0.000678179401346524,0.0011383962163086906,-0.148940756520356,Peru,1391,False
0.009267051558787024,3.5850521014038144e-05,6.0178910468297725e-05,-0.1486955995734586,Peru,1392,False
0.01454176576670847,0.0001518642022557629,0.00025492020680286363,-0.1487844310567001,Peru,1393,False
0.0017352085444154548,1.1108573682151474e-06,1.8646921777982356e-06,-0.14856908286900225,Peru,1394,False
0.0007246476465653867,1.944011432489142e-07,3.263229839792331e-07,-0.14855211724449915,Peru,1399,False
-0.0024188912861118506,8.554303995671627e-06,1.4359308587803964e-05,-0.14849937044062397,Peru,1410,False
0.017529995326502644,0.0014829248275086675,0.0024892469593654036,-0.1488379173281313,Peru,1420,False
-0.000406096800143046,2.8572178822686636e-07,4.796143940506086e-07,-0.1485331367245951,Peru,1430,False
-0.03604906708094972,0.0006831376766567494,0.0011467192084865276,-0.14793652728378634,Peru,1511,False
0.0018526613412979472,4.6132136288127564e-05,7.743769465184219e-05,-0.1485711667187818,Peru,1512,False
-0.0003879385604936646,1.2807912954326746e-07,2.1499443387792539e-07,-0.1485334411369023,Peru,1520,False
-0.04067778418766823,0.00021323285631314203,0.00035793401618747017,-0.14785766216307117,Peru,1610,False
-0.1567057912615102,0.0004334416509119905,0.0007275778863367144,-0.14591054110536741,Peru,1621,False
-0.03624694424818882,0.00040352497259102757,0.0006773595616021555,-0.14793251132362426,Peru,1622,False
0.04843212721933899,0.0006912379348620022,0.001160316352949592,-0.14935467050456205,Peru,1623,False
0.0031233075533183084,9.213980515639462e-05,0.0001546664575084373,-0.14859261063900073,Peru,1629,False
-0.0009431918233443003,1.1118687853512974e-06,1.8663899489759164e-06,-0.14852412307334625,Peru,1702,False
-0.0013703495862167664,2.561954559317465e-06,4.300513066146003e-06,-0.1485169563911753,Peru,1709,False
-0.050757075877453775,0.0004339890617386998,0.0007284967735996643,-0.1476890172145272,Peru,1811,False
-0.12640644871455647,0.0050224578179090965,0.008430729339648974,-0.14643043131902664,Peru,2011,False
2.3188615138075218e-05,7.486363168668085e-08,1.2566656386500655e-07,-0.1485403422109045,Peru,2012,False
-0.01612847439502288,0.0003936049984943471,0.0006607078305777108,-0.14827019882404815,Peru,2013,False
-0.0004306694141325743,3.288314884406698e-08,5.5197860846372054e-08,-0.1485327236167489,Peru,2021,False
-0.001157927901134838,5.047193771886436e-07,8.472251267856582e-07,-0.14852051698627777,Peru,2022,False
-0.03943996017847881,0.0006080712151746966,0.001020712173248979,-0.14787942054526354,Peru,2023,False
0.005328595744157186,0.0007729544890936865,0.0012974862757789063,-0.14863132739367482,Peru,2029,False
-0.0017296882086365445,2.3392235748199742e-06,3.926635432140579e-06,-0.1485109239549089,Peru,2100,False
-0.08431536065132741,0.0006314479300282986,0.0010599524740989158,-0.14712618928976348,Peru,2211,False
-7.626067279204864e-05,1.6763833620744167e-06,2.8139876744696985e-06,-0.14853867684208552,Peru,2219,False
-0.0065612731522902935,1.0831858898252764e-05,1.8182426598150125e-05,-0.14842984182227104,Peru,2220,False
-0.001406194530406545,7.411862224684687e-07,1.2441598632499673e-06,-0.14851635015647321,Peru,2310,False
-0.00026896718684820184,3.8894209812461223e-07,6.528806566361386e-07,-0.14853543884829723,Peru,2392,False
-0.023142974439585035,0.0008571883112766116,0.001438881700452479,-0.14815360510661488,Peru,2393,False
-0.06099631598267418,0.0006540513278561637,0.0010978946801167803,-0.14751768436402996,Peru,2395,False
-0.03933966353080531,0.000361217865661934,0.0006063425853338978,-0.1478804913702584,Peru,2396,False
-0.0014061580541120048,8.420210026491607e-07,1.413421760621228e-06,-0.14851635102014824,Peru,2399,False
0.0021256464063533526,7.256113341087289e-07,1.2180157575119362e-06,-0.14857563582287284,Peru,2410,False
0.00268172252740545,4.312979237318985e-06,7.23979412384587e-06,-0.14858497909925109,Peru,2420,False
0.00418589647555104,4.9387296265446536e-06,8.290182670053287e-06,-0.1486102298207356,Peru,2431,False
-0.000241286614715318,6.530725580765623e-08,1.096251710997513e-07,-0.1485359026891988,Peru,2511,False
0.00035503609042100053,4.114711141265536e-08,6.906980048523273e-08,-0.1485459125394691,Peru,2512,False
-0.0019087363258227987,1.0301864612144492e-05,1.7292774849994778e-05,-0.14850793829159278,Peru,2520,False
0.0001115750293522044,2.1047201279488298e-07,3.532996468616455e-07,-0.14854182620895492,Peru,2593,False
0.004650090791540542,0.0005047839672131445,0.0008473335480077672,-0.1486192687966365,Peru,2599,False
0.0027940937855164285,0.0007465954527425293,0.0012532398312715656,-0.14858871678600719,Peru,2610,False
-0.017435977591395986,0.0005454542488607153,0.0009156029390448246,-0.14824862872899575,Peru,2620,False
0.0166389510661928,0.0005319665072810512,0.0008929623310429406,-0.14882058417145905,Peru,2630,False
0.0013010306263950334,3.759743111832089e-06,6.311128477662733e-06,-0.1485618013366829,Peru,2640,False
0.0021244501062671396,1.338833544346549e-05,2.2473744235302946e-05,-0.14857564732254053,Peru,2651,False
-0.005532244305965425,0.00046413194367607696,0.000779094805150045,-0.1484482447297405,Peru,2652,False
-7.249850743014931e-05,5.618737232837012e-09,9.431647722703572e-09,-0.14853873582817995,Peru,2660,False
0.0013640061493577166,2.3243088430316493e-07,3.9015994693829716e-07,-0.148562849651486,Peru,2670,False
-0.03669631814015607,0.0006487037773198791,0.001088918248091657,-0.14792557685874846,Peru,2710,False
-0.0037777487984284215,4.366772847387316e-07,7.330092416660106e-07,-0.14847654033766453,Peru,2720,False
0.05303328394131362,0.0022373624157191884,0.0037556506486468356,-0.14943578511058309,Peru,2731,False
-0.00033536925994329483,9.722442884896851e-08,1.632015388770058e-07,-0.14853432349156542,Peru,2732,False
0.007698187867522805,0.0007547404556388472,0.0012669120844549882,-0.14867105857689838,Peru,2740,False
0.0001309020775739937,2.7474473175883246e-07,4.6118823789693396e-07,-0.14854215079426536,Peru,2750,False
0.02818785515567135,0.0007495685712346468,0.0012582305267060535,-0.14901499084354816,Peru,2790,False
-0.0003508575997687707,7.501356725976439e-08,1.259182466627286e-07,-0.14853406344793837,Peru,2811,False
-0.001611837554454938,7.731244159826716e-07,1.297771516125466e-06,-0.14851289829929126,Peru,2812,False
0.000175796074999368,1.1595612383655175e-05,1.9464468011157334e-05,-0.14854293261576762,Peru,2813,False
-0.0010811596922230106,5.723832822178368e-07,9.608061841179283e-07,-0.14852180579097332,Peru,2814,False
-0.005834695133539855,6.365641920722819e-06,1.0685406638035136e-05,-0.1484420270801626,Peru,2815,False
0.0023797907729965475,7.92760231697655e-07,1.3307323201099122e-06,-0.14857990207375107,Peru,2816,False
-0.0004998197591156816,1.3680816142855053e-05,2.2964704180219156e-05,-0.14853159688255582,Peru,2819,False
0.1080306569844308,0.0037060429864448647,0.006220987108823247,-0.15036271623903022,Peru,2821,False
0.00228371201190198,2.330205204942725e-06,3.91149713963988e-06,-0.1485782931240483,Peru,2822,False
-0.0003084870743816564,3.0866404263936278e-06,5.181254068665704e-06,-0.14853478219118024,Peru,2824,False
-3.29554063468686e-06,7.039910912983522e-11,1.181723881701288e-10,-0.14853989745970692,Peru,2825,False
-0.002166539976127939,4.703204357243213e-06,7.894828468959164e-06,-0.1485035968262354,Peru,2829,False
0.08495938174317369,0.0026007283853571117,0.004365599054850032,-0.14997263351778709,Peru,2910,False
-0.003208467075794614,3.5694555235150862e-06,5.991710532911716e-06,-0.1484861041450419,Peru,2920,False
-0.07860852704226437,0.0006583502721396015,0.001105110915078607,-0.1472220520575961,Peru,2930,False
-0.00027110474170707237,3.721292668767098e-08,6.246585321657597e-08,-0.14853540209019145,Peru,3020,False
-0.004010128982470211,0.001954220156453298,0.003280366268163733,-0.14847750910703073,Peru,3030,False
0.0007491794256604936,1.1452980638808729e-07,1.9225045465535463e-07,-0.14855252883732198,Peru,3092,False
0.0025216971332066643,3.860450396718422e-06,6.4801763606295335e-06,-0.14858229177404883,Peru,3100,False
-0.0033331750001000097,2.04229112305e-06,3.428202747628118e-06,-0.1484840069834419,Peru,3211,False
0.0003753034515830194,3.3256909590725865e-08,5.582525799078013e-08,-0.14854625272899663,Peru,3212,False
-0.004000021157733112,0.00029489906800074007,0.0004950194337050729,-0.14847354314438158,Peru,3220,False
9.100056697239173e-05,1.646564839761971e-07,2.763934115029518e-07,-0.14854148073049414,Peru,3230,False
0.01499821284327027,0.0001563206511852696,0.00026240083005601837,-0.14879210415622504,Peru,3240,False
-0.028614966735207806,0.0008445226698870114,0.0014176210750096896,-0.14806171909817184,Peru,3250,False
0.0021809426145614074,3.0959703896633324e-06,5.196915403798329e-06,-0.14857656994023202,Peru,3290,False
-0.03300646969589982,0.0004083213760710262,0.0006854108347058197,-0.14798691841700387,Peru,Wastes,False
-0.01494560794343186,9.494671687135047e-05,0.00015937815719951293,-0.14828931120279445,Philippines,1020,False
-0.00535573929277252,5.869132209952225e-05,9.851962309027923e-05,-0.14845019725402533,Philippines,1030,False
-0.02924083665542579,0.00016502995362425413,0.00027702032000741255,-0.14804952437938723,Philippines,1040,False
-0.008361804710081518,0.00036813553479170323,0.0006179546283233618,-0.14840050804575133,Philippines,1050,False
-0.001855922514012,0.00018395418838299774,0.000308786659715043,-0.14850925772319853,Philippines,1061,False
-0.07945743675770808,0.0008663757951265598,0.0014543038687333378,-0.1472083160948922,Philippines,1062,False
0.0002662369851606518,4.669170744427309e-07,7.837699432040592e-07,-0.14854442301373916,Philippines,1071,False
-0.0001551992344317143,1.41922994672374e-09,2.38232833113838e-09,-0.14853734759809453,Philippines,1072,False
-0.01892441857285402,0.000156847497996118,0.0002632851984323703,-0.14822267654446064,Philippines,1073,False
-0.03216886454247836,0.00033759634409241413,0.0005666913503880942,-0.14800080289926248,Philippines,1074,False
0.0013090273303654814,2.169625745546438e-06,3.641947447286097e-06,-0.14856193160448092,Philippines,1079,False
-0.047844089261021454,0.0004145007565860122,0.0006957835817745518,-0.14773786681751394,Philippines,1103,False
0.03262474742018821,0.00017522791405258278,0.0002941386806397538,-0.14908803237013618,Philippines,1104,False
-0.008490134366943135,0.0004818858284515165,0.0008088965880013259,-0.14839863723975055,Philippines,1200,False
-0.12279142208337084,0.0004879976904229248,0.0008191559980173742,-0.14647996812994998,Philippines,1311,False
0.012160728340746132,0.0001757025016604021,0.0002949353263886158,-0.1487445222310015,Philippines,1312,False
0.0050450263657557115,0.0007022985176733361,0.0011788827169494295,-0.1486263910399836,Philippines,1391,False
-0.005317999654540049,4.155823941753819e-05,6.975992254474662e-05,-0.14845078806055065,Philippines,1392,False
-0.038667378508124434,0.0001633886510688509,0.00027426521919606526,-0.14789128534097315,Philippines,1393,False
-0.00203676132709399,2.289198531890737e-06,3.8426630798717655e-06,-0.1485057692812876,Philippines,1394,False
0.00042823208297401954,8.099046456953201e-07,1.3595110414733455e-06,-0.14854714312892667,Philippines,1399,False
0.00279100932728723,6.079857004840802e-06,1.0205686277504822e-05,-0.148586818001418,Philippines,1410,False
0.028438559705300542,0.0015184894812634853,0.0025489460112511244,-0.14902112270177398,Philippines,1420,False
9.260179594914823e-05,5.699031205116491e-09,9.566429690504227e-09,-0.1485415072124759,Philippines,1430,False
0.054167293486957216,0.0007073440328404358,0.0011873521505007141,-0.14945098288969666,Philippines,1511,False
0.010162959062713646,5.257847713606698e-05,8.825856301758704e-05,-0.14871068009978822,Philippines,1512,False
0.0006840806141926868,1.0232562119630706e-08,1.717644324938613e-08,-0.14855143582449373,Philippines,1520,False
0.006851537164487451,0.00022684975943248974,0.00038079143556371396,-0.14865552918076622,Philippines,1610,False
-0.011709736234484276,0.00045276601300783933,0.000760015882313612,-0.148344519850333,Philippines,1621,False
-0.0019686712028875366,0.0004221779183138215,0.0007086705138246486,-0.14850795897194244,Philippines,1622,False
-0.0048698499335541046,0.00010116307636674076,0.00016981297741775633,-0.14845845927258017,Philippines,1629,False
-0.0004111601077509649,1.049204083365038e-07,1.7612005853714932e-07,-0.14853305128080474,Philippines,1701,False
-0.0002693680421553531,3.545182064267273e-07,5.95096495127127e-07,-0.14853543203368477,Philippines,1702,False
0.0012715976949830554,1.3031891645329342e-06,2.187541542979923e-06,-0.14856130114755567,Philippines,1709,False
-0.0085059676975955,0.00045332548972116724,0.000760955023449867,-0.14839830031327222,Philippines,1811,False
0.21500126270497427,0.004306898326916699,0.007229586669328776,-0.15215997805916925,Philippines,1920,False
0.0033571584146489097,0.004957605189488375,0.00832186730894554,-0.14860867326796595,Philippines,2011,False
0.061629202805926805,0.00041202984824835736,0.000691635899469771,-0.14957549897808825,Philippines,2013,False
-0.0040135681238958115,4.100797403459782e-07,6.883624360572074e-07,-0.148472581793291,Philippines,2021,False
0.008966779434240258,1.367668549926731e-06,2.2957770455865586e-06,-0.14869047311686584,Philippines,2022,False
0.03364252691127149,0.0005856430237595523,0.0009830640698194836,-0.14910614416416157,Philippines,2023,False
0.006377406850705161,0.0007476408251020882,0.0012549945999012122,-0.14864886986721013,Philippines,2029,False
-0.00012828628516415124,1.1457871522629767e-06,1.9233255333934917e-06,-0.14853780221388352,Philippines,2100,False
-0.0033491655302403892,0.0006547286140987881,0.0010990315770712303,-0.14848536537611542,Philippines,2211,False
-0.00016528109229067492,6.984190029522404e-07,1.172370539093776e-06,-0.14853718010126074,Philippines,2219,False
0.00484512148478585,8.02102479050394e-06,1.3464142753817204e-05,-0.1486213033038033,Philippines,2220,False
0.00041051437505010453,1.6151087385049187e-07,2.711131705254535e-07,-0.1485468441015803,Philippines,2310,False
-0.0002939207831638864,2.7097983536174337e-08,4.54868459082168e-08,-0.1485350190734619,Philippines,2392,False
-0.03350118052853793,0.0008305198260022523,0.0013941158130328134,-0.14797966285930272,Philippines,2393,False
-0.040115089116798036,0.00067774128939173,0.00113766079882083,-0.1478682606043526,Philippines,2395,False
-0.04599538101356489,0.00037887727176760236,0.0006359857756947908,-0.14776881120344162,Philippines,2396,False
-7.856275490246097e-05,1.8951778811232558e-06,3.181257532769347e-06,-0.14853863874472675,Philippines,2399,False
0.0001750639821216569,1.5428450002530087e-07,2.5898293388910635e-07,-0.14854289179841956,Philippines,2410,False
-0.0011003428298743663,2.617062568890177e-06,4.393017718250326e-06,-0.1485214888791846,Philippines,2420,False
-0.005208767431940046,7.189706724520611e-06,1.2068687010122448e-05,-0.14845253599663907,Philippines,2431,False
0.0009026545917535728,5.1063946425616e-07,8.571626222396599e-07,-0.14855510606889644,Philippines,2511,False
0.005043116479251031,1.3459281645978235e-05,2.2592834977872864e-05,-0.14862464042819137,Philippines,2520,False
2.744690697882908e-07,7.0376157323325e-14,1.181338611231014e-13,-0.14853995738593942,Philippines,2593,False
0.01846861419079531,0.00048436792309453395,0.0008130630477087733,-0.14885117835412548,Philippines,2599,False
0.03812961374362953,0.0007217207757010842,0.0012114850416544555,-0.14918180619279858,Philippines,2610,False
-0.0454737071620549,0.0005242233541988737,0.0008799646254895898,-0.14777792865846007,Philippines,2620,False
-0.019526411440354448,0.0005110023711450181,0.0008577718000299735,-0.1482134525390869,Philippines,2630,False
-0.0011844914493667766,2.190305660484984e-06,3.676660882806085e-06,-0.14852007529115976,Philippines,2640,False
0.0034113765449069523,1.0239807143305207e-05,1.7188604791777042e-05,-0.14859724190211043,Philippines,2651,False
-0.040250995486162934,0.0004841214146220049,0.0008126492570335362,-0.14786549866011445,Philippines,2652,False
0.0012455134193500828,1.4751693716139794e-07,2.4762286022334527e-07,-0.1485608604132918,Philippines,2660,False
0.0008434711052070104,8.857603799800714e-07,1.4868429550107118e-06,-0.14855411354656964,Philippines,2670,False
-0.0397440154952908,0.004765203546158623,0.00799890069812946,-0.14788463637552124,Philippines,2680,False
0.024899810828498143,0.0006255314274103598,0.001050020995524561,-0.14895948667807335,Philippines,2710,False
0.0004147065934502444,4.071438032252724e-08,6.834341535070509e-08,-0.1485469141712145,Philippines,2720,False
0.0026285539708660382,0.0021941474739700178,0.003683109775129329,-0.14858954856745238,Philippines,2731,False
-0.0002696357987331345,5.94203392826054e-07,9.97433559273399e-07,-0.14853542813671905,Philippines,2732,False
-0.026788460253226853,0.0007297293148987392,0.0012249282260134446,-0.1480920940187927,Philippines,2740,False
-0.00041509680510090863,4.241057905092834e-09,7.1190665223947384e-09,-0.14853298494813263,Philippines,2750,False
0.01691555204383751,0.0007246439958573474,0.0012163919774279691,-0.14882570860512076,Philippines,2790,False
0.00048668506273050427,1.7659944209694498e-07,2.964409362570184e-07,-0.1485481227451706,Philippines,2812,False
0.0016196972683944022,8.680068008771088e-06,1.4570416852631766e-05,-0.14856716276594345,Philippines,2813,False
-6.39344822194155e-05,8.851969194743572e-08,1.4858971266554552e-07,-0.1485388797911506,Philippines,2814,False
0.0067943125869483435,8.892681556265173e-06,1.4927311293133302e-05,-0.1486540247279273,Philippines,2815,False
-0.00033673052643652717,1.8604838615732856e-07,3.123019932945749e-07,-0.14853430086272557,Philippines,2816,False
0.0019180624648919482,2.454061621786296e-06,4.1194033013727825e-06,-0.14857215561636322,Philippines,2817,False
-0.0005462238784493312,1.5982184348778208e-07,2.682779535160285e-07,-0.14853078422871827,Philippines,2818,False
0.0027056828199182635,1.0495793170944301e-05,1.7618304550739987e-05,-0.1485853967192121,Philippines,2819,False
-0.20591673340935085,0.0036503637858973505,0.006127523651949547,-0.1450923120826014,Philippines,2821,False
-0.002666312639078631,1.139478098007977e-06,1.912735115167698e-06,-0.14849519872704003,Philippines,2822,False
0.005641102899710777,1.6844046349360595e-06,2.8274522336372922e-06,-0.1486346488899783,Philippines,2824,False
0.0014076959586134489,2.0308285917527948e-07,3.40896167036722e-07,-0.14856358295819191,Philippines,2825,False
0.0021873524484033032,2.0440710032862412e-06,3.4311904658076987e-06,-0.14857667491265683,Philippines,2826,False
0.000730037137134351,2.9229019913250846e-06,4.906401699843766e-06,-0.1485522145166361,Philippines,2829,False
-0.06831582816423239,0.002554119713133801,0.004287361443974738,-0.14739951853266517,Philippines,2910,False
-0.00461519785932482,5.514690644476608e-06,9.256994463884244e-06,-0.1484624955197789,Philippines,2920,False
0.01913462621639038,0.00063500470585248,0.0010659229004086313,-0.14886273458200333,Philippines,2930,False
-0.16515039626704903,0.0019138459256884406,0.0032125938300038145,-0.14577241089629728,Philippines,3030,False
-0.005113938742962216,7.8357507294447e-06,1.3153140547511305e-05,-0.1484541294070958,Philippines,3091,False
0.0026371214103209574,1.5785382121120955e-05,2.649744189220655e-05,-0.14858425903587053,Philippines,3099,False
0.0009421941363226761,2.267329188027379e-06,3.8059530614639965e-06,-0.14855577416278715,Philippines,3100,False
0.001524316148168314,9.409968870160023e-07,1.5795633037664567e-06,-0.14856554239228126,Philippines,3211,False
-0.0006606996380864178,4.1139696734115173e-07,6.905735415911529e-07,-0.14852886325862957,Philippines,3212,False
0.041951697656565826,0.0003108755442188912,0.0005218376473526382,-0.1492449354351836,Philippines,3220,False
-3.192118599136922e-05,2.836490481578034e-09,4.761350795103444e-09,-0.14853941695471723,Philippines,3230,False
-0.003927024259069645,0.0001680099002514051,0.0002820224771923919,-0.14847445223335776,Philippines,3240,False
-0.0007071561027887029,0.0008180535044514544,0.0013731897671273516,-0.1485301220122214,Philippines,3250,False
0.001978692101508999,1.69129871009234e-06,2.8390246716341923e-06,-0.14857317144700646,Philippines,3290,False
0.04710899161436058,0.0004270836026066442,0.0007169052263892976,-0.1493317978477238,Philippines,Wastes,False
0.02629523442160541,0.0005781848083411413,0.0009705446624239235,-0.1489827921850854,Poland,1312,False
-0.010682102920901623,0.00011663655216171517,0.0001957868513855715,-0.1483609327971736,Poland,1391,False
0.04466203670425038,0.0009519809019975259,0.0015980011405247207,-0.14929203822943024,Poland,1392,False
0.04158580210373629,0.0006011518780218007,0.0010090973303053846,-0.14923952064513743,Poland,1393,False
-0.002946430034792632,0.0012807627658587269,0.0021498964488566607,-0.14849368627895362,Poland,1394,False
0.07327338091358368,0.0013250188787343295,0.0022241850387874147,-0.1497732556019985,Poland,1399,False
-0.002525633618591582,2.7790383029829904e-06,4.664911206107625e-06,-0.14849756426090183,Poland,1420,False
0.020563080421735692,0.001396983893383459,0.002344985965829002,-0.1488886173595049,Poland,1430,False
0.0006754427354288323,0.00011459307770565046,0.00019235666228768872,-0.1485515765518551,Poland,1511,False
-0.024230024337136533,0.0009029817055757445,0.0015157507806671815,-0.14813547142799177,Poland,1512,False
0.08394820992816232,0.0013838102149550864,0.0023228725462117873,-0.14995259592779814,Poland,1520,False
0.00939889991407292,0.0002567191180248216,0.00043093032910363106,-0.1486983640912162,Poland,1621,False
-0.009683899801301648,0.0002806893854367061,0.0004711669710178755,-0.14837809733502383,Poland,1622,False
-0.004570623438942156,0.00011130912579351414,0.00018684419991579567,-0.14846350740109562,Poland,1623,False
-0.011067060625739512,0.0007421685220352593,0.0012458087574922516,-0.14835602863408198,Poland,1629,False
-0.049793640577339295,0.00025629813754693203,0.0004302236686208476,-0.14770474905124573,Poland,1811,False
0.33739777533641546,0.01023735228881232,0.017184484057557244,-0.15423003673098906,Poland,1812,False
1.0984735783383692,3.8438265761011743,6.452271510594729,-0.1784960492102205,Poland,2011,True
-0.001588125781354208,0.0013054695510883606,0.0021913694142205774,-0.14851654894547917,Poland,2022,False
0.043088738139976164,7.539743902356704e-05,0.00012656261622422373,-0.14926343196382774,Poland,2030,False
0.013121821977036228,0.00013719648943929646,0.00023029889164788447,-0.1487605591031155,Poland,2211,False
0.013127600290185164,0.0014543903787388747,0.0024413488538648676,-0.14876394535120008,Poland,2219,False
-0.06085992354161414,0.004371787839932571,0.007338510614746041,-0.1475291807119172,Poland,2393,False
-0.03497141189264111,0.0003181223884902107,0.000534002245808841,-0.1479537105312426,Poland,2396,False
-0.00691581680012484,0.0012905410463851254,0.002166310332161219,-0.14842707883325612,Poland,2399,False
0.021348634454697285,0.0011985023675558466,0.002011813625942675,-0.14890130791862005,Poland,2431,False
-0.024057101019452458,0.0013424068467009498,0.00225337259137777,-0.1481394668992778,Poland,2512,False
0.018386486472677464,0.0010074897498789626,0.0016911786423397515,-0.14885110683727473,Poland,2513,False
-0.051922656460728765,0.0011311158920256387,0.001898698263515485,-0.14767117962581103,Poland,2520,False
0.059564277391265276,0.0013913265918103668,0.0023354895837617517,-0.1495432950601984,Poland,2593,False
0.04453551281263015,0.004117226423613063,0.006911202217320628,-0.14929784697905044,Poland,2610,False
0.00967367908677814,0.00023402869809107917,0.00039284204723051466,-0.14870291993296825,Poland,2652,False
-0.17957122861583374,0.0013628410002320434,0.002287673490250665,-0.14552898804843584,Poland,2660,False
-0.008000501775712824,0.0013220210467861158,0.0022191528591898038,-0.1484089492732065,Poland,2670,False
-0.7125770206760469,0.011306326123846716,0.01897887027265013,-0.13660451600401685,Poland,2680,False
-0.06572006794580205,0.0070799575636547735,0.011884461377163587,-0.14745429572594893,Poland,2731,False
0.050448839078744936,0.0013344343168872883,0.0022399898525976474,-0.14939013649413957,Poland,2732,False
-0.5572157167678038,0.03626328693782479,0.060871781948804084,-0.13927127155159363,Poland,2733,False
0.06855273263511426,0.004136323813462528,0.006943259216254593,-0.1497010774020584,Poland,2740,False
0.031190123273632735,0.0013775680798042461,0.0023123944588158934,-0.14906695916934878,Poland,2811,False
0.0354683490903679,0.0011777728839417229,0.0019770169841315305,-0.14913827521040648,Poland,2815,False
0.032755527154855295,0.0012769338575337355,0.0021434692192163784,-0.1490929848836703,Poland,2817,False
0.21319439968501286,0.009549002236928204,0.01602901532317088,-0.15214303443547872,Poland,2821,False
0.006562790443504616,7.64463039274178e-05,0.0001283232474607254,-0.14865030694549147,Poland,2823,False
0.025864329333426195,0.0013579305062421559,0.0022794307040982175,-0.14897750887966604,Poland,2825,False
-0.028265048190456728,0.0012867319179642345,0.002159916305192593,-0.1480686920586011,Poland,2826,False
-0.03236391142712517,0.0012216715199565922,0.0020507055111513963,-0.1479997251607387,Poland,2920,False
0.0026222338824021607,0.006568823785567264,0.011026468996611954,-0.14860035513394879,Poland,3030,False
0.015557219879422213,0.0011903545158921205,0.001998136590800331,-0.14880407056042302,Poland,3091,False
0.06892504141937421,0.0011107338272255045,0.0018644848011145892,-0.14969972399551784,Poland,3099,False
-0.005944562866203734,0.0014646545711576274,0.0024585783919336625,-0.14844381657944375,Poland,3211,False
-0.053709408074941595,0.0013439081949550434,0.0022558927640170872,-0.1476417139092491,Poland,3212,False
-0.008153967611466065,0.0003868732065851152,0.0006494078022618533,-0.148404043512014,Poland,3220,False
-0.00983958157404928,0.0005923816874930996,0.0009943756332229361,-0.1483762603597686,Poland,3240,False
0.053850607498747094,0.004343125065068032,0.007290397100254281,-0.14945478831683853,Poland,3250,False
0.10645812091910486,0.0014900569027546475,0.0025012189058125117,-0.1503307256048885,Poland,3290,False
-0.013886657901378807,0.00012640417999915037,0.00021218285301931336,-0.14830716514652753,Qatar,1410,False
0.04589884312381473,0.00043931320540415266,0.0007374339147039226,-0.14931151472519477,Qatar,1512,False
-0.15679727144695146,0.003215067521442587,0.005396832599634013,-0.14591581873285292,Qatar,2011,False
-0.0039129082670943515,0.00019304666338896512,0.00032404934555174496,-0.14847475158542117,Qatar,2012,False
0.04500249308046419,0.00018589477860886153,0.000312044146695837,-0.14929583333204907,Qatar,2029,False
0.04672061378341013,0.00011829948302861812,0.0001985782576168822,-0.14932450447151752,Qatar,2220,False
0.019323118762198353,8.440512971396848e-05,0.00014168298257459072,-0.14886452278347198,Qatar,2620,False
0.001856890066181107,7.915062319283059e-05,0.00013286273481956303,-0.14857132004825668,Qatar,2630,False
-0.01760197617349502,0.0001104333661230891,0.00018537414421485848,-0.14824475970499,Qatar,2651,False
0.031975839338357105,0.00017451769162186997,0.00029294649679244777,-0.14907713794886857,Qatar,2790,False
0.013664540249362582,0.00011583145886135763,0.00019443541669869846,-0.14876961587313517,Qatar,2813,False
0.009674319334312634,0.00010959947528479483,0.00018397436979935157,-0.14870262008731697,Qatar,2819,False
0.000798797635047534,0.00014397715985056884,0.00024168096772525063,-0.1485537204721875,Qatar,2829,False
-0.003997197083651891,0.0001320339286005039,0.00022163298449459138,-0.14847318464212486,Qatar,2930,False
-0.007866535163919186,0.0001539633912708956,0.0002584439187106554,-0.14840828817594787,Qatar,3290,False
-0.02629464849167558,0.00010748477889830668,0.0001804246271202906,-0.14809883635905033,Romania,1312,False
-0.06387056523127835,0.000557579436477368,0.0009359563553789452,-0.1474691976935556,Romania,1391,False
-0.00039910689991596497,1.2664862627174603e-05,2.1259318207274838e-05,-0.1485332849222781,Romania,1392,False
-0.012542591601557837,9.790234962201859e-05,0.00016433950095822643,-0.14832965580996782,Romania,1393,False
0.004904671329802762,1.8900355707287488e-06,3.172625618139429e-06,-0.1486222876158983,Romania,1394,False
0.00044381636419500123,3.951541185440816e-06,6.633081932542006e-06,-0.14854741256140996,Romania,1399,False
0.0022073351987668996,2.866030497829701e-05,4.8109368525151337e-05,-0.14857707672590822,Romania,1410,False
0.005086780874215156,0.0013017667727264017,0.002185153907130987,-0.14862858756634512,Romania,1420,False
-0.001011247648253682,8.7810718167617e-06,1.47399624811498e-05,-0.1485229998041763,Romania,1430,False
0.008214937810396651,7.765358461684243e-06,1.3034979643306921e-05,-0.1486778686225226,Romania,1520,False
0.05777972304381999,0.00014819987339699265,0.00024876924129159573,-0.14951021878583498,Romania,1610,False
0.056452084646413894,0.000338210626527844,0.0005677224887548004,-0.1494884097079247,Romania,1621,False
0.09880219623183857,0.000569425891777911,0.0009558418898909516,-0.15019988834360953,Romania,1623,False
-0.003137576200297189,5.141162888850841e-05,8.629988419692439e-05,-0.14848741337135307,Romania,1629,False
-0.011127069252981223,6.573486836893559e-06,1.1034296423950157e-05,-0.14835318946281764,Romania,1701,False
0.0016191553180051313,1.2132749951122055e-05,2.0366110516411057e-05,-0.14856716227922762,Romania,1702,False
-0.011983325887284523,1.6235810624136897e-05,2.7253534015519113e-05,-0.14833884034284714,Romania,1709,False
0.07005160992649839,0.00033869419701054824,0.0005685342132140453,-0.1497166947074946,Romania,1811,False
-0.660696909168479,0.003936203202471298,0.006607335497684742,-0.13745853517745912,Romania,1920,False
-0.016553295864066564,0.00030313327437178,0.000508841424403235,-0.14826284253404656,Romania,2013,False
0.00043610711463860837,2.952629752849416e-06,4.956302907653134e-06,-0.14854728066264278,Romania,2022,False
-0.027854213013500488,0.000662022119795542,0.0011112745016901807,-0.14807403571294808,Romania,2030,False
-0.03945943755672755,0.0005152840920150309,0.0008649591236615002,-0.14787886326523753,Romania,2211,False
-0.0035921898274256176,1.3864527246727334e-05,2.3273082796742836e-05,-0.14847968860969796,Romania,2219,False
0.003920387968536899,3.2717676809534746e-05,5.4920098446566955e-05,-0.14860584227262252,Romania,2220,False
0.007248662404943802,1.0821991604124931e-05,1.8165863296053323e-05,-0.148661656288225,Romania,2310,False
-0.007439798327929307,9.317207152232068e-06,1.563992263345912e-05,-0.14841509106717524,Romania,2392,False
0.02429465203449859,0.0010053044432776792,0.0016875103729092204,-0.14895027788993112,Romania,2393,False
-0.007236954901725166,0.00027479608725587673,0.00046127444355786347,-0.14841915741734577,Romania,2396,False
0.0020325579394265113,2.2835465389273667e-06,3.833175608870245e-06,-0.1485740771194321,Romania,2399,False
0.0005308012616243753,4.26144003310917e-08,7.153280090910748e-08,-0.14854886294836872,Romania,2431,False
-0.004434280999691832,4.722819918104094e-06,7.927755273017886e-06,-0.14846553042840316,Romania,2511,False
0.0018479773996161893,4.9546767673197645e-06,8.31695164104132e-06,-0.14857098540033217,Romania,2512,False
0.002870358622413239,7.139484347715293e-06,1.1984383411965843e-05,-0.14858815260675518,Romania,2513,False
-8.798663638506922e-05,6.097953748758713e-07,1.0236063585873011e-06,-0.14853847734991102,Romania,2520,False
0.002964142440120294,8.337830192038719e-06,1.3995934297024325e-05,-0.14858972985697558,Romania,2593,False
0.005146514953339804,0.000885220584348113,0.001485936850661654,-0.1486285510293832,Romania,2610,False
-0.0012908201010724783,0.0006499010519003573,0.0010909280007464748,-0.14851990523636588,Romania,2630,False
0.07270004207371461,0.00036538184281356895,0.0006133322636178524,-0.14976121879963644,Romania,2652,False
0.005116113681987226,6.268594147454853e-06,1.0522501634329507e-05,-0.14862584782447358,Romania,2660,False
0.0015830513663361119,3.789434417963714e-06,6.3609684912202e-06,-0.14856653542893802,Romania,2670,False
-0.31373714085413307,0.0051722345627602875,0.008682145527299455,-0.14328598166117743,Romania,2680,False
-0.00991179966218778,9.545464114701055e-06,1.602307620890668e-05,-0.1483735964590266,Romania,2720,False
-0.3081703059811956,0.0024730254895085385,0.004151236169222669,-0.1433729383539466,Romania,2731,False
-8.948939149517628e-05,4.48147522950768e-06,7.522632558027061e-06,-0.14853846177812247,Romania,2732,False
-0.02152301053621911,0.0008940876137098129,0.0015008211020193557,-0.148180890097726,Romania,2740,False
-0.007941347297396501,8.719729498023989e-06,1.4636992878398728e-05,-0.14840667054483955,Romania,2750,False
0.010267304515043115,7.3042839367755805e-06,1.2261017040564655e-05,-0.14871231863285925,Romania,2811,False
5.306491967824071e-05,8.885804839424717e-09,1.491576799291472e-08,-0.14854084355192548,Romania,2815,False
-0.00256017172599751,1.1016615131287044e-05,1.8492559575070493e-05,-0.14849700503567226,Romania,2816,False
0.003796591467800075,1.745703994307658e-06,2.930349724525722e-06,-0.1486036869568936,Romania,2817,False
-0.0032061525326471333,3.75464592063367e-05,6.302572300399665e-05,-0.14848622768477002,Romania,2819,False
0.00837284071755129,1.564407216666767e-05,2.626023811226724e-05,-0.1486805388544052,Romania,2822,False
0.07439557496507448,0.0018624677908448623,0.003126350169121756,-0.14979344465532338,Romania,2823,False
0.0014263450709100889,5.9396915864590485e-06,9.970403723026909e-06,-0.1485639103093401,Romania,2825,False
0.000429507826219137,2.1260127219528468e-06,3.5687383510762327e-06,-0.14854716782537808,Romania,2826,False
0.0013720525765295243,2.1136501207573334e-05,3.5479864108126934e-05,-0.1485630368496504,Romania,2829,False
0.05236094780137126,0.0021748530901301937,0.0036507221008418877,-0.14942434201521929,Romania,3030,False
0.005655441339329869,1.4882970707488065e-05,2.4982648407188055e-05,-0.14863492250629562,Romania,3211,False
-0.04278400810762475,0.0002173816350731562,0.000364898182355485,-0.14782231712371752,Romania,3220,False
0.0027757076352014705,8.034598258273787e-06,1.348692726234209e-05,-0.14858656602170806,Romania,3230,False
0.021985225657842083,0.00010148684399242025,0.00017035645579428172,-0.14890925183838952,Romania,3240,False
-0.017934984808101382,0.000991584204950576,0.0016644794944021231,-0.148241362440692,Romania,3250,False
0.006218477644437896,1.7541813437930905e-05,2.9445798567877478e-05,-0.14864438030577476,Romania,3290,False
0.047612444591095295,0.0003160645987254273,0.0005305480269435424,-0.14933997059391785,Romania,Wastes,False
0.037625239758323006,0.00042728232718708555,0.0007172388067221901,-0.14917260234782675,Russia,1020,False
-0.010003333567433399,0.000517737370935178,0.0008690772131149696,-0.1483733256698749,Russia,1030,False
-0.08284330978656501,0.0003086511627945134,0.0005181037866778503,-0.14715010215090124,Russia,1040,False
-0.039334036358568455,0.0001260682261406386,0.00021161891875557022,-0.1478800021079931,Russia,1050,False
0.001230041414275902,0.00028398646445376816,0.0004767014686308108,-0.14856130852530863,Russia,1061,False
0.00010373095855003227,9.615899019995579e-07,1.6141308684744408e-06,-0.14854169641074783,Russia,1062,False
0.00020240100261459046,0.0009670969533634777,0.0016233750395938473,-0.14854576174948592,Russia,1071,False
-0.0016182982678806697,0.0009227740673338663,0.0015489743638260362,-0.148515088382636,Russia,1072,False
-0.003666089483314691,0.0003200875967285825,0.0005373010567405491,-0.14847921134998854,Russia,1073,False
-0.025051166025580253,0.00014498746627169935,0.00024337687444970108,-0.1481198028166513,Russia,1074,False
-0.04993507728446128,0.001016833964940539,0.0017068639006200127,-0.1477042605356807,Russia,1079,False
-0.01520993785540815,0.0002950665432424984,0.0004953005587011501,-0.14828537226174238,Russia,1104,False
0.021092746372998995,0.00029445143088183227,0.0004942680272167129,-0.14889475288751297,Russia,1312,False
0.03612698986987928,0.0005744794593746677,0.0009643248403013968,-0.14914782097648802,Russia,1392,False
0.06459222374353511,0.0008711306293324799,0.0014622853633916057,-0.14962638988119814,Russia,1399,False
-0.0667840711021459,0.0010811342361678304,0.001814798741058154,-0.1474215865581961,Russia,1410,False
-0.07073646113205978,0.0009296621199303466,0.0015605366923161076,-0.14735486561176273,Russia,1430,False
0.0019117016503255781,0.0005365601193694621,0.0009006731972388969,-0.14857338088366268,Russia,1512,False
-0.04882330328492335,0.0009189211984652388,0.0015425069138662313,-0.14772268036594507,Russia,1520,False
-0.043450350073366756,0.0002357249487732988,0.00039568938431376415,-0.1478111773376836,Russia,1610,False
-0.01065856944878943,8.34769124759147e-05,0.00014012487127009683,-0.14836124525132421,Russia,1621,False
-0.010185837937610884,9.737546183321395e-05,0.000163455063796019,-0.14836921517824908,Russia,1622,False
-0.006211559871036396,1.3428028140205307e-05,2.2540372646154088e-05,-0.14843571860126265,Russia,1623,False
0.002553568971738475,0.0004144027045859748,0.0006956189910694634,-0.14858385072582742,Russia,1629,False
-0.029635968147584124,0.0009138192717996678,0.0015339427876181638,-0.14804475247179943,Russia,2012,False
0.01270362102438966,0.0001023405534064381,0.00017178949779587512,-0.14875345210446303,Russia,2013,False
-0.0328821992601257,0.0029827907585805082,0.005006931361917843,-0.1479954001381,Russia,2023,False
-0.11779865386482954,0.0033359739354665774,0.005599786868046,-0.14657078480397576,Russia,2029,False
0.013611620199052422,2.3301897473984533e-05,3.911471192508667e-05,-0.14876849648338245,Russia,2211,False
-0.053801120205116446,0.000976598990130354,0.0016393252183830595,-0.14763926407260064,Russia,2219,False
0.04212532985348076,0.000949672285518866,0.0015941258823570497,-0.1492494504440405,Russia,2310,False
0.40045700077132274,0.003508620559823918,0.005889592579538615,-0.15527119406715115,Russia,2393,False
-0.047881813495559054,0.00011990467150106438,0.0002012727371010231,-0.14773650299361787,Russia,2396,False
0.01683201107659517,0.0008432179055893333,0.001415430889438287,-0.14882460248659557,Russia,2399,False
0.034622027122162224,0.0009491119040398611,0.0015931852224754283,-0.14912349612099415,Russia,2410,False
0.05073204591856962,0.0007691473729284585,0.0012910956265953155,-0.14939347291069466,Russia,2431,False
0.056866420971019224,0.0008821065580361645,0.0014807096264729375,-0.14949672971672504,Russia,2511,False
0.08263801599749554,0.0007153581342750374,0.0012008046716656896,-0.14992892007571595,Russia,2520,False
0.062222709962347904,0.0009250481295174529,0.0015527916189362705,-0.14958674987928025,Russia,2593,False
0.07531604666370847,0.00274819498813128,0.004613137423453817,-0.14981112367665608,Russia,2599,False
0.01824305256087469,0.0032809675292557326,0.005507452767985111,-0.1488543798931314,Russia,2610,False
0.021652205823507138,0.0028420407112906554,0.004770667445671047,-0.14891051209526673,Russia,2620,False
0.012492888363965761,0.002811144866464642,0.004718805485871383,-0.148756678728255,Russia,2630,False
0.026398789220380418,0.0010172806463194747,0.0017076137027972338,-0.1489856286169346,Russia,2640,False
0.013881771768830103,0.0011299574034592513,0.0018967536173083107,-0.1487757949845592,Russia,2651,False
-0.012049558297076223,7.076359331367903e-05,0.00011878421361774385,-0.1483378643358324,Russia,2652,False
0.007300944855685438,0.0008687002138999216,0.0014582056527324655,-0.14866467473575484,Russia,2670,False
-0.053721788589757985,0.003071985547040512,0.005156654295843169,-0.14764578903332937,Russia,2710,False
-0.015583254098135303,0.005968581793099887,0.010018899005931413,-0.1482932286423023,Russia,2731,False
-0.0991536937876683,0.0008787681160056711,0.001475105696645028,-0.14687771922869353,Russia,2732,False
-0.10857322974611029,0.0032980178675991872,0.005536073573362615,-0.1467255585378383,Russia,2740,False
-0.0069850174877397345,0.0009290299474234355,0.0015594755235626876,-0.14842501648681194,Russia,2750,False
0.08313261487697109,0.0032871969087417624,0.00551790944364168,-0.14994369584754838,Russia,2790,False
0.04586311279283137,0.0009508037950023099,0.0015960252413056,-0.14931219694021086,Russia,2812,False
0.014943575776380495,0.0011129606369160933,0.0018682227378923394,-0.1487935763786876,Russia,2813,False
0.06130466920113191,0.0009432510076990473,0.0015833470849482307,-0.14957138505286668,Russia,2814,False
-0.03701775385285032,0.0008322258371994224,0.0013969795341779597,-0.14792063685104515,Russia,2817,False
0.003651650762099185,0.001132631450078034,0.0019012422888117669,-0.14860407494198297,Russia,2819,False
0.09013374673612094,0.0007877301805310696,0.0013222888445273296,-0.15005492769029358,Russia,2920,False
0.015563557299591264,0.003092935780236058,0.005191821489292632,-0.14880892952615596,Russia,2930,False
0.8322543344533803,3.9765008031501887,6.674979304099511,-0.17413360882790876,Russia,3030,True
0.08397923418985227,0.0010189269060542957,0.001710377124761187,-0.1499521982434234,Russia,3100,False
0.15557531771558442,0.0009850131476113052,0.0016534492761481909,-0.1511539491185363,Russia,3211,False
-0.04172545305732628,0.0008864593268560856,0.0014880162116408535,-0.14784174660370009,Russia,3212,False
-0.02398795553658001,0.00016341035704789582,0.00027430165498925946,-0.14813769578971725,Russia,3220,False
-0.07993878334172039,0.0009218273895979717,0.001547385264613547,-0.1472003730814498,Russia,3230,False
0.0025547843302619368,0.0003046074138620303,0.0005113159242401221,-0.14858359728102258,Russia,3240,False
0.03185447608701571,0.001005864604076216,0.0016884506623552173,-0.1490771811160833,Russia,3290,False
0.008018559423256775,4.9612830550971055e-05,8.328040997330585e-05,-0.14867467663929257,646,1079,False
-0.0008309306228829705,7.671927358366273e-07,1.2878145604567994e-06,-0.14852600663763105,646,1392,False
0.0031802317297524095,2.8238421100603334e-06,4.740119158976442e-06,-0.1485933433923877,646,1512,False
0.000873070809201871,2.013597848173607e-05,3.3800380356242794e-05,-0.14855465841233917,646,1629,False
0.013274725430597281,7.556678292022794e-05,0.00012684687795619463,-0.14876297185738793,659,1101,False
-0.016246947876662355,8.028232739980916e-05,0.00013476242063226545,-0.14826743029668438,659,2220,False
-0.011691753508620048,0.00010437029966234391,0.0001751966426504698,-0.14834395416121832,659,2599,False
0.08229880818730421,0.0002271856638748316,0.00038135528687716286,-0.14992199749402776,659,2610,False
0.0302351587210724,0.00011692485278294655,0.00019627079462495274,-0.149047774595345,659,2630,False
0.003224368919236339,0.00010634175432708582,0.00017850593887284142,-0.1485943424882561,659,2640,False
0.073724646247534,7.382610884684286e-05,0.00012392497148862306,-0.14977768494793858,659,2651,False
0.008127823825795147,0.00017472727022655712,0.00029329829675883034,-0.1486768230081477,659,2710,False
0.022497923257538823,0.00022882704940537342,0.0003841105269711006,-0.14891817634647125,659,2790,False
0.012779381878787103,7.825147638046742e-05,0.00013135342131480614,-0.14875466368247042,659,2813,False
-0.007190029713735008,7.314458597558657e-05,0.00012278096290265663,-0.1484194427176865,659,2819,False
3.3008491526322146e-05,0.00011007540299090553,0.00018477326504564944,-0.14854078132495435,659,3290,False
0.04025848779499259,0.00014822020389500902,0.0002488033681936685,-0.14921610554619472,662,1079,False
0.03830826935762444,0.00011126601424284971,0.0001867718325952045,-0.1491832764342646,662,1101,False
-0.011153254468309367,0.00011697278182430569,0.00019635124861577908,-0.14835302483942917,662,2220,False
0.009497466926679063,0.00017469766389506094,0.0002932485993842314,-0.14869981391707235,662,2610,False
0.028907588577969684,8.024262131219055e-05,0.00013469576974340082,-0.1490253981129282,662,2630,False
0.02228985337880434,0.00012911979885514135,0.00021674130794209425,-0.1489144344210773,662,2710,False
-0.008641216441029269,3.0507993211021734e-06,5.121090963488664e-06,-0.1483949083744602,670,1020,False
-0.008641216441029269,3.0507993211021734e-06,5.121090963488664e-06,-0.1483949083744602,670,1104,False
0.0,0.0,0.0,-0.14853995277868415,678,1073,False
0.01362486780144748,0.00017999871845814606,0.0003021469829757709,-0.14876911016948013,Saudi Arabia,1030,False
-0.006071738629985298,2.5725393174682192e-05,4.31828070787242e-05,-0.1484380962911977,Saudi Arabia,1071,False
-0.0038053538542934043,0.00033412955631356993,0.0005608719785782965,-0.14847690863448582,Saudi Arabia,1073,False
0.004433030395031899,1.8338684047898484e-05,3.078343059485078e-05,-0.14861441165483466,Saudi Arabia,1079,False
0.03144356225206159,0.0003607227300421274,0.000605511447562641,-0.14906866902376179,Saudi Arabia,1104,False
0.02679261555087599,0.00036140351900374357,0.0006066542242032612,-0.1489905991692874,Saudi Arabia,1312,False
0.05061784190313248,0.00014888641145957007,0.0002499216684093145,-0.14939000042028183,Saudi Arabia,1392,False
-0.022162728712426572,0.0003436459857544391,0.0005768463170007615,-0.14816878252420873,Saudi Arabia,1393,False
0.00742802081936915,4.429276453044895e-05,7.435011362952138e-05,-0.1486647505366086,Saudi Arabia,1399,False
0.006647647392183916,1.0821450539464088e-05,1.8164955061504384e-05,-0.14865156760916803,Saudi Arabia,1410,False
0.00379077666199933,0.0001691673699936816,0.00028396541319499407,-0.14860400697857173,Saudi Arabia,1512,False
0.00881630106571967,3.429847575429671e-05,5.757363751585856e-05,-0.1486880293689955,Saudi Arabia,1520,False
-0.006848815501397312,0.0003402080111942928,0.0005710753112414222,-0.14842583575343732,Saudi Arabia,2023,False
0.11633589121597859,0.0004660282550408157,0.0007822779653555533,-0.1504939516599831,Saudi Arabia,2029,False
0.14403160502276513,0.0011814976185680886,0.0019832693471449007,-0.15096067033272867,Saudi Arabia,2030,False
-0.023267690868371185,2.194847025152599e-05,3.684284046152282e-05,-0.1481494344361302,Saudi Arabia,2100,False
0.005657012586231913,2.4202653670339865e-05,4.0626726951953536e-05,-0.14863497213392926,Saudi Arabia,2219,False
0.015936058954058804,4.1180699798403594e-05,6.912618216119015e-05,-0.1488075593334026,Saudi Arabia,2512,False
0.012177084212305626,3.312692228628753e-05,5.5607060482499934e-05,-0.14874444079396115,Saudi Arabia,2593,False
-0.08243292194494947,0.00026416086629112574,0.000443422094633905,-0.1471568810829423,Saudi Arabia,2599,False
-0.002682813246775823,0.00044561214830721456,0.0007480073599506417,-0.14849602966771083,Saudi Arabia,2610,False
0.0005973676286631525,0.0002937998418245589,0.0004931742657195112,-0.1485507128432263,Saudi Arabia,2620,False
0.0002547256798475372,1.8278752710991427e-05,3.068282947509124e-05,-0.14854427419758268,Saudi Arabia,2640,False
-0.007235626830330155,6.529885482719303e-06,1.0961106916101119e-05,-0.14841851135910508,Saudi Arabia,2651,False
0.01735554694441318,4.4842876043876224e-05,7.527353428221307e-05,-0.14883139611391805,Saudi Arabia,2670,False
-0.0032935363549005197,3.084198290698513e-05,5.1771546842999874e-05,-0.1484847441427539,Saudi Arabia,2720,False
0.05271115659342634,0.0004519097291874022,0.0007585785188971818,-0.14942589908736353,Saudi Arabia,2740,False
-0.02610757209592886,3.237849577896715e-05,5.435074703147651e-05,-0.14810178992287296,Saudi Arabia,2750,False
0.05824764049272436,0.0004479097517346688,0.0007518641315411655,-0.14951882552059784,Saudi Arabia,2790,False
-0.004813320623587932,3.5289367410305766e-05,5.9236954493243694e-05,-0.14845924401814406,Saudi Arabia,2811,False
0.0030264182710982436,2.8463255333392977e-05,4.777859974960562e-05,-0.14859082542109314,Saudi Arabia,2812,False
-0.0040013037095720325,7.89125861974483e-06,1.3246316441924318e-05,-0.14847280630967088,Saudi Arabia,2813,False
-0.00033962352631409696,2.9787704579909137e-05,5.000182860016236e-05,-0.1485343261066509,Saudi Arabia,2814,False
-0.0022782486326878293,6.3283076103148205e-06,1.0622737029340778e-05,-0.1485017257285312,Saudi Arabia,2819,False
-0.09316948368965519,0.0029880333557483906,0.005015731618557456,-0.14698337624653685,Saudi Arabia,2821,False
0.0013198819621829513,2.197613012925759e-05,3.688927050656798e-05,-0.14856216320396537,Saudi Arabia,2822,False
-0.00753772178579005,1.9869197259281862e-05,3.335255971524268e-05,-0.14841347360552845,Saudi Arabia,2824,False
-0.011082265819393674,3.8514201198339474e-05,6.465018080951481e-05,-0.1483540210774891,Saudi Arabia,2825,False
0.08831718674061458,0.002005514002687933,0.0033664684416557173,-0.15002750126866204,Saudi Arabia,2910,False
-0.004762299598641459,6.566949621870511e-05,0.00011023323013621477,-0.1484601761699965,Saudi Arabia,2920,False
0.06261721092815391,0.0014434065669727335,0.0024229113582252245,-0.14959467377317676,Saudi Arabia,3030,False
-0.006531441536571459,1.8058833373776094e-05,3.0313671489929835e-05,-0.14843036058419704,Saudi Arabia,3100,False
0.0076628546437542255,2.28989428288189e-05,3.843830971869442e-05,-0.14866863908528263,Saudi Arabia,3211,False
0.06368425183753379,0.0003503334720860263,0.0005880719736948151,-0.1496098404563153,Saudi Arabia,3240,False
0.033063833420197045,0.000521953456579204,0.0008761543610425874,-0.14909627068330544,Saudi Arabia,3250,False
0.0008535809735619184,1.9845550589398168e-05,3.3312866266178245e-05,-0.14855433053039596,Saudi Arabia,3290,False
0.06251442313213558,0.00014796846073583927,0.00024838079054045247,-0.14958969537648192,686,1020,False
-0.010743594895624337,0.00025546074391867275,0.0004288180144000343,-0.14836024631327466,686,1061,False
-0.0007506330042375566,8.971938842882779e-07,1.506035307384978e-06,-0.14852735484265203,686,1079,False
0.021184484395430796,0.0002457197380275455,0.00041246670053310993,-0.148896171015704,686,1312,False
-0.00863033938156592,7.861901040050385e-05,0.00013197036623667114,-0.1483952791958209,686,1392,False
-0.00016470014427598872,2.076484890137405e-09,3.4856006205159633e-09,-0.14853718811686195,686,1410,False
-0.010348597219756237,9.35334620373601e-05,0.00015700585873025796,-0.14836647351774399,686,1512,False
0.001631269044862478,6.3570760674156986e-06,1.067102794270036e-05,-0.14856735121732104,686,1520,False
-0.00042805311774547945,0.00015570432331489146,0.00026136625820931967,-0.1485331556676292,686,1629,False
0.00014236891627709695,1.6972194868251285e-07,2.8489633247646657e-07,-0.14854234301547514,686,2220,False
0.004350275581708862,5.8584979706724696e-06,9.834111607966585e-06,-0.148612991393477,686,2593,False
0.033947055285387426,0.00038369727205187767,0.0006440766585427973,-0.14911075057524845,686,2599,False
0.0625999824843151,0.000419256594432882,0.0007037667611508418,-0.14959181280654668,686,2620,False
0.04892306441578876,0.0004074420332551243,0.0006839347643143076,-0.14936219996062014,686,2630,False
-0.001892305306586809,6.080907300750789e-07,1.0207449310837242e-06,-0.14850818993846343,686,2651,False
0.04474464722467602,0.001707950407993687,0.002866976316653742,-0.14929531950780991,686,3030,False
-0.0011772695556503873,8.361325259424256e-07,1.4035373265180107e-06,-0.14852019314227957,686,3100,False
-0.052067556821898814,0.000402075936745714,0.0006749272009018372,-0.1476669401334407,686,3220,False
0.0012235765900397112,1.2536580720982902e-06,2.1043983391237157e-06,-0.1485604949387267,686,3290,False
-0.009757459362469892,0.0001426617314452263,0.00023947288131552825,-0.14837651877253288,Serbia,1030,False
-0.045590801197024675,0.0003184816324722472,0.0005346052750206839,-0.14777545273248,Serbia,1061,False
-0.009821171581251363,1.2958338047871813e-05,2.1751947897645805e-05,-0.1483751262481694,Serbia,1071,False
-0.041592836297054465,0.00028247389056926334,0.00047416245257755294,-0.147842473821337,Serbia,1073,False
-0.003185844888545079,7.89676048506308e-06,1.3255551907714787e-05,-0.14848649466834932,Serbia,1079,False
-0.0030529744671401763,1.401420738603336e-06,2.352433682171649e-06,-0.1484887088500092,Serbia,1101,False
-0.06654486553979953,0.0009140914883002144,0.0015343997319512176,-0.14742518856443923,Serbia,1102,False
-0.012821603328909682,0.0006072466024912411,0.0010193279732026463,-0.14832624046817652,Serbia,1103,False
-0.04002978641964193,0.0003069661880354161,0.0005152753774302036,-0.14786877219294123,Serbia,1104,False
0.023404598082372337,0.00011512539998448387,0.00019325022181910118,-0.1489331116503872,Serbia,1392,False
0.003339475796640701,2.6863794755902162e-05,4.509373514602841e-05,-0.14859607643734807,Serbia,1399,False
-0.001673136010605211,3.3027460010455742e-06,5.5440102479576895e-06,-0.14851187564569943,Serbia,1410,False
0.004633557315285894,1.7703818186337295e-05,2.9717740759344367e-05,-0.1486177761295844,Serbia,1430,False
-0.02099210153507107,0.00013303740654034254,0.00022331742888731903,-0.14818790896903233,Serbia,1512,False
-0.011315166488378242,1.9221548097951334e-05,3.226541175219588e-05,-0.14835006354680041,Serbia,1520,False
0.048994804456466,0.00037421412608722865,0.0006281581899732345,-0.14936332089138601,Serbia,1610,False
0.024272195318959293,0.00020566623635364073,0.00034523264024617883,-0.1489479015954725,Serbia,1629,False
0.006774829763113047,1.3598896437564878e-05,2.2827193246743003e-05,-0.1486537094314393,Serbia,1702,False
0.016138008779668173,9.869081074907038e-06,1.6566301677418913e-05,-0.14881087106337343,Serbia,1709,False
-0.0030275407689920554,0.0006540562866986362,0.0010979030040610001,-0.14849076257311355,Serbia,1811,False
0.1348381114724867,0.004372804055055286,0.007340216439854202,-0.1508144239191489,Serbia,2011,False
-0.11848427675723032,0.0006042551002414237,0.001014306418676647,-0.1465525547353124,Serbia,2013,False
-0.013692796712973946,0.00039668609240668093,0.0006658797742329271,-0.14831109220384298,Serbia,2023,False
0.0022703893230779032,0.0005317607882667365,0.0008926170098092766,-0.1485793899218261,Serbia,2029,False
-0.014397227233345852,1.0321235647820737e-05,1.7325291192537816e-05,-0.14829830570828922,Serbia,2100,False
-0.03307457809715705,0.0008922615708244752,0.0014977558949261316,-0.14798697731039248,Serbia,2211,False
0.004212561132790045,1.1884344790764872e-05,1.9949136049034568e-05,-0.14861069474184233,Serbia,2219,False
-0.00015138405250430796,2.1052300557883755e-06,3.5338524367009714e-06,-0.1485374168855332,Serbia,2220,False
0.021137215472786137,1.5063700378678953e-05,2.5286022372026742e-05,-0.148894801059039,Serbia,2310,False
0.07775130196322014,0.0006019985335877116,0.0010105185316730994,-0.14984660526026353,Serbia,2393,False
0.013714433667750752,1.5134370408815419e-05,2.5404649529905673e-05,-0.14877020192092588,Serbia,2410,False
-0.0062963103333531535,7.104083673778282e-06,1.1924959617635529e-05,-0.14843428021742594,Serbia,2420,False
0.013741333586363171,4.850349862189912e-05,8.14182784072652e-05,-0.14877073679667893,Serbia,2431,False
0.002169240896905395,2.4976734308001902e-05,4.192610358781514e-05,-0.1485764280853706,Serbia,2511,False
-0.01604022526343958,6.323067532608767e-05,0.00010613941001885667,-0.14827085792053127,Serbia,2520,False
-0.0017861873820838336,1.8347068008882796e-05,3.079750396458638e-05,-0.1485100154621187,Serbia,2593,False
0.016784248488711066,0.0003141854740753171,0.0005273937164655029,-0.14882247911179466,Serbia,2599,False
-0.011706016577129505,0.0005099367375804146,0.0008559830208138729,-0.14834472465247964,Serbia,2610,False
-0.0009258562346581177,0.00034643788468765983,0.0005815328161418211,-0.14852527502080545,Serbia,2620,False
0.024562410173917165,0.00033570591088216977,0.0005635180572897583,-0.14895309832114692,Serbia,2630,False
-0.007261809266908946,7.85745002511927e-06,1.3189565121957902e-05,-0.14841807516646185,Serbia,2640,False
0.0025865833233930796,1.1731329175462426e-06,1.969228307303649e-06,-0.14858337425527707,Serbia,2651,False
-0.07226384372149093,0.000690945475050776,0.0011598254280676785,-0.14732863609961472,Serbia,2652,False
7.873894354386247e-05,2.1782399353168186e-05,3.656407280512668e-05,-0.1485413288083114,Serbia,2660,False
-0.02319879682907696,2.7292588589143325e-05,4.581351117633698e-05,-0.14815060418634868,Serbia,2670,False
0.1845385297177795,0.004192222088546648,0.007037090413025829,-0.1516482997942659,Serbia,2680,False
0.014777427507184098,0.00042963107271559454,0.0007211814257657909,-0.14878908064715862,Serbia,2710,False
-0.012729633412896842,2.5542191933386285e-05,4.2875284320733866e-05,-0.1483263359454593,Serbia,2732,False
-0.21228404740994222,0.0005166719926083915,0.000867288862342677,-0.14497779675912714,Serbia,2740,False
0.00797259446057912,1.7791178690232383e-05,2.9864384651641197e-05,-0.14867382565217577,Serbia,2750,False
-0.013910119422579253,0.000512394377793002,0.000860108431160313,-0.1483077322448892,Serbia,2790,False
-0.00020894016723413639,1.4921572329402917e-05,2.5047445332963146e-05,-0.14853648270046593,Serbia,2812,False
0.0013617345277228432,1.7872667378691606e-06,3.0001172077549077e-06,-0.148562815397328,Serbia,2813,False
0.0030715715869070754,1.588468756881242e-05,2.6664136642425074e-05,-0.14859155199353616,Serbia,2814,False
-0.0018491004161494706,1.4835971948672837e-05,2.4903755994501635e-05,-0.1485089506468935,Serbia,2816,False
0.023099469164443893,3.421813553117571e-05,5.74387779111039e-05,-0.14892778746587715,Serbia,2817,False
0.009293648264937043,1.5080059507720208e-05,2.5313482909114264e-05,-0.14869599418418722,Serbia,2818,False
0.0005922060952601577,1.0886028352404947e-06,1.8273355785211713e-06,-0.1485498963020192,Serbia,2819,False
-0.0033035210812198987,1.0340206054156835e-05,1.735713503614612e-05,-0.1484845254383195,Serbia,2822,False
-0.0024979941626469483,2.240819619180736e-05,3.761453932161228e-05,-0.14849807714813895,Serbia,2825,False
0.0004314966585875192,6.622556391272841e-06,1.1116664887118485e-05,-0.14854721242227958,Serbia,2829,False
-0.02660107148475512,0.00043748814352381066,0.0007343703543318656,-0.14809451307880797,Serbia,2930,False
0.00784667325499002,0.001557442207854956,0.002614332303548698,-0.14867555440340754,Serbia,3030,False
0.016174325601941892,7.713490583564775e-06,1.294791389627608e-05,-0.14881147529536426,Serbia,3100,False
0.02845497955756152,2.4250550707712173e-05,4.0707127220685926e-05,-0.1490176605192943,Serbia,3212,False
0.0036090677231287575,1.880385487145682e-05,3.156426927031716e-05,-0.1486005817215797,Serbia,3230,False
0.06562682274295041,0.0005913919798574823,0.0009927143037496413,-0.14964305428839791,Serbia,3250,False
0.002033026231122627,8.8958017346669e-06,1.4932548844258685e-05,-0.14857410147100103,Serbia,3290,False
0.00752659495745194,8.13878234997432e-06,1.3661811335134568e-05,-0.14866631498640215,690,2620,False
0.00752659495745194,8.13878234997432e-06,1.3661811335134568e-05,-0.14866631498640215,690,3250,False
0.004855441827919788,0.0002980594878619614,0.0005003245343979246,-0.14862220012447977,694,1020,False
-0.0097274494220526,0.00023047384383021043,0.0003868748464690837,-0.1483772412339832,694,1030,False
0.040697401483639824,0.0004148039886424164,0.000696292589015097,-0.1492241409609663,694,1040,False
-0.01005889668062908,0.00019507448764786772,0.0003274532641300595,-0.1483715893528044,694,1392,False
-0.005270624975184812,2.5549003762005975e-05,4.288671869917621e-05,-0.14845154340174443,694,1410,False
-0.011839705006259176,5.542574555243375e-05,9.303800572193863e-05,-0.1483413487582618,694,1430,False
0.003357787311721939,5.808718554953284e-05,9.75055156708026e-05,-0.14859646169781915,694,1520,False
0.0021920625499234187,4.468420035717247e-05,7.500718027469664e-05,-0.14857686032208248,694,2219,False
-0.0001194737351630639,2.197919544016904e-05,3.689441595677846e-05,-0.148538002087266,694,2220,False
-0.025771250635026527,5.0672397115793244e-05,8.505900508534531e-05,-0.1481074809204278,694,2310,False
0.014453500787212172,0.0002099027658049383,0.000352344105277499,-0.14878309438207607,694,2599,False
-0.0461161196386476,0.0003742105513620237,0.0006281521894169812,-0.14776677288887224,694,2610,False
-0.02442281614992512,0.00023640863133710647,0.0003968370181732556,-0.14813057768487733,694,2620,False
0.002597693381121798,0.000227557910366034,0.00038198014218282034,-0.1485841253853137,694,2630,False
0.0015027859191139464,1.8665588077597346e-05,3.133217375892558e-05,-0.14856522518652743,694,2651,False
0.040688798821282866,0.0003059101550535962,0.0005135027138128569,-0.1492237237873707,694,2710,False
0.04033255638762594,0.00037998342770265766,0.0006378425760172632,-0.1492179293870459,694,2740,False
0.01330644096737988,0.0003763162950964187,0.0006316869041178279,-0.14876425525951992,694,2790,False
0.014159109623615334,2.0922787170045642e-05,3.51211223781208e-05,-0.14877768073738298,694,2813,False
0.0054442080600333054,5.216907458205006e-05,8.757133731076873e-05,-0.14863146975678515,694,2814,False
0.002159490159629229,1.8323687759556527e-05,3.075825773074836e-05,-0.1485762478160384,694,2819,False
-0.0005221695707527307,0.00031254565740268124,0.0005246411098663314,-0.14853196686712705,694,2930,False
-0.0031688088508704296,3.617509467945361e-05,6.072374186820279e-05,-0.14848685112041896,694,3100,False
0.017466248031967946,4.290628467647324e-05,7.20227598104282e-05,-0.14883324951251084,694,3211,False
0.004694842390133461,0.00034491434374585154,0.0005789753907170702,-0.1486196211698993,India,1010,False
0.0036923952793924833,1.1154692563989686e-05,1.8724337223631054e-05,-0.14860196138323423,India,1020,False
-0.0029860439963358965,1.5796209875213226e-06,2.6515617428451518e-06,-0.1484898327933106,India,1030,False
-0.004477978283457003,4.1501966968467504e-05,6.966546325716388e-05,-0.148464888581813,India,1040,False
-0.02842412349172373,0.00016339644644286646,0.0002742783045600064,-0.1480632297560643,India,1050,False
-0.0044639861554792585,5.12480563713929e-05,8.602531033902386e-05,-0.1484651477434066,India,1061,False
-0.004872601775898867,0.0005303839318866405,0.0008903058100140752,-0.14845948272165146,India,1062,False
0.0022047427417775977,5.023279441795793e-05,8.432108522682235e-05,-0.14857708701108063,India,1071,False
-0.009032541710179373,4.053262494773577e-05,6.80383196333395e-05,-0.1483884329253929,India,1072,False
0.0070589180218783385,3.74504915529159e-05,6.28646310962723e-05,-0.1486585376750231,India,1073,False
-0.020812939575888176,0.00014327129056740617,0.0002404960910988514,-0.1481909418569625,India,1074,False
0.015426530417613082,6.20496715898146e-05,0.00010415696970564415,-0.14879905847489014,India,1079,False
-0.004932913979951313,4.0287644450425054e-05,6.762709382693161e-05,-0.1484572489711168,India,1080,False
-0.015650187690020943,9.031580399712513e-05,0.00015160467766945623,-0.14827747253758541,India,1101,False
-0.05430473819794976,0.0003820721926304407,0.0006413487899863476,-0.1476293368405173,India,1102,False
0.00906152526329549,0.0001947446823559254,0.00032689965088890204,-0.1486925461881349,India,1103,False
-0.007546968953248299,4.6692234836444825e-05,7.837787960422848e-05,-0.1484133852055648,India,1104,False
-0.002707646896407979,0.0002417310256414297,0.00040577122278889907,-0.1484951045976739,India,1200,False
0.013616675294412198,0.00024606544516916386,0.00041304700671933114,-0.14876913763463276,India,1311,False
0.0009903908408113965,4.693737372887192e-05,7.878937129367679e-05,-0.14855669458862822,India,1312,False
0.04331281914595731,0.0004038781133955447,0.0006779523459817582,-0.14926801645602827,India,1391,False
-3.960140024787472e-05,1.795351889958218e-09,3.0136889949961428e-09,-0.1485392880315608,India,1392,False
0.00022409496166695637,4.068093241142639e-05,6.82872694763759e-05,-0.14854381588734675,India,1393,False
0.00013572497328714613,2.3923707155550447e-05,4.0158485574586024e-05,-0.14854229071897215,India,1394,False
-0.004364328700197219,3.029676164735692e-05,5.08563350011488e-05,-0.14846676838688339,India,1399,False
0.0003052225714931278,7.867571224056289e-05,0.00013206554630267256,-0.14854527244112684,India,1410,False
0.09828290328161512,0.0010603883138650076,0.0017799745051605787,-0.15019240917256704,India,1420,False
0.0007045575984988445,4.19863613614506e-05,7.047857073739437e-05,-0.14855188422417154,India,1430,False
-0.014321627746956184,0.0004077065142936258,0.0006843787238520312,-0.14830056397042515,India,1511,False
-0.0007195773682399483,7.17248666185334e-07,1.203978130442555e-06,-0.14852787569588344,India,1512,False
0.001957872151952211,3.972831719534295e-05,6.668820357222976e-05,-0.14857291682460155,India,1520,False
-0.005044354857182537,7.494946659316069e-05,0.00012581064687986935,-0.14845546469298715,India,1610,False
-0.003706004751214295,0.00022123893020075189,0.0003713730622614837,-0.14847829495780568,India,1621,False
-0.02955177352959604,0.000200018004108076,0.00033575148200926244,-0.14804439190739896,India,1622,False
0.00556701976774787,0.0004139696991752886,0.0006948921454587185,-0.1486344339722906,India,1623,False
0.004891716926017153,1.3350175957784265e-05,2.2409689482195525e-05,-0.14862209875298218,India,1629,False
-0.0035287958738314143,3.696983214295884e-05,6.205779318208344e-05,-0.14848081033271077,India,1701,False
-0.0028336605516574047,4.899455073572433e-05,8.224256157965159e-05,-0.14849250889815815,India,1702,False
-0.002244451400507195,5.6938638111817566e-05,9.557755670485632e-05,-0.14850241921103627,India,1709,False
0.0014588560157271302,0.0002216300714387824,0.0003720296344082227,-0.14856499393349043,India,1811,False
-0.29701945223352594,0.017444165169450666,0.02928188556912481,-0.14359621321713228,India,1812,False
0.0564320607968409,0.003507336127905201,0.00588743652402665,-0.14949602639066376,India,1920,False
-0.006085100245106345,3.8673113491262375e-05,6.491693198572155e-05,-0.14843790426388095,India,2012,False
-0.021449603159515947,0.00019305218202260384,0.0003240586091649438,-0.1481803785797829,India,2013,False
-0.009201795099142599,3.322164120747451e-05,5.5766056260428324e-05,-0.14838557361512728,India,2021,False
0.0045663402340580675,2.7402323004383006e-05,4.599771205719486e-05,-0.148616672013847,India,2022,False
-0.004959146387736366,0.0009366206637591791,0.0015722173478329704,-0.14845904233376175,India,2023,False
0.028858344281188438,0.001138874719198143,0.001911722279695621,-0.14902721975071523,India,2029,False
-0.007354197340517331,0.0004934346720001813,0.0008282825495513779,-0.14841773407693004,India,2030,False
-0.00031145931417563184,5.5869808374567185e-05,9.378341237321165e-05,-0.14853486390407528,India,2100,False
0.0027563062898752783,0.0003680054764069276,0.0006177363114991794,-0.14858713818644764,India,2211,False
-0.0011992003920377442,5.24163128383257e-05,8.798635300560129e-05,-0.14851995360263245,India,2219,False
0.0014112558364494329,8.530993632623114e-05,0.00014320179665512132,-0.14856385495418747,India,2220,False
1.7547574401882368e-05,4.632273307716139e-05,7.775763162286474e-05,-0.14854036283484187,India,2310,False
-0.012624282181751711,2.7669301795111734e-05,4.6445864337545465e-05,-0.14832810967479781,India,2391,False
-0.03645457720048728,4.314927917193973e-05,7.243065190162656e-05,-0.14792813109410355,India,2392,False
0.0014874258715768976,2.2297530136240974e-05,3.7428774583431726e-05,-0.14856497640913727,India,2394,False
0.08323799819222895,0.00038530817623016024,0.0006467807324467696,-0.14993816083230002,India,2395,False
-0.003006811578081739,0.00017057858210034908,0.00028633428272929366,-0.1484899054275809,India,2396,False
-0.00018993127257428214,2.5276176987858546e-05,4.242874995701083e-05,-0.1485368276026943,India,2399,False
0.014524295259132316,4.619903360801964e-05,7.754998891453304e-05,-0.14878387389595749,India,2410,False
0.002099440345807261,1.3859489959165722e-05,2.3264627174101966e-05,-0.14857522868208764,India,2431,False
-0.0012889587413840598,3.2371616707780565e-05,5.4339199779237684e-05,-0.1485183969397424,India,2511,False
0.13165546172753545,0.00569038645079263,0.009551918551425597,-0.15076433054091107,India,2680,False
0.01688637618490966,4.363889893953528e-05,7.325253072860662e-05,-0.14882351757032755,India,2720,False
-0.0570341813640841,0.0028351284604280994,0.004759064497819068,-0.14758959730071045,India,2731,False
-0.006511082368308379,3.173463838244681e-05,5.326996394873201e-05,-0.14843073640878618,India,2732,False
0.008402118180477453,0.02545066906757728,0.04272165346150129,-0.14874453738968563,India,2733,False
0.019823500599928958,0.0011167425995246391,0.0018745711641571909,-0.1488755020860659,India,2740,False
-0.003229868728988485,4.4913037980294564e-05,7.539130855077526e-05,-0.1484858479441091,India,2814,False
0.022448251497632372,0.000998780968943993,0.0016765600277882829,-0.14891926726369634,India,2930,False
0.008278363554956687,3.948339513306886e-05,6.627707585524255e-05,-0.1486790124510392,India,3092,False
0.005353894007959139,3.3209795801304676e-05,5.5746172486993734e-05,-0.1486299064363346,India,3212,False
-0.0054688454004093185,0.00012605600792541378,0.00021159840918250688,-0.1484484665097945,India,3220,False
0.0033913999077358706,4.033441002942163e-05,6.770559482250518e-05,-0.1485969816396978,India,3230,False
0.029292088887237628,0.00020339907291683936,0.00034142696541576717,-0.1490321604644228,India,Wastes,False
0.06748669127126354,0.0005582728241173881,0.0009371202802405185,-0.14967419125790055,Vietnam,1010,False
-0.02512265619806245,7.048932605723099e-05,0.0001183238268729122,-0.14811841754814484,Vietnam,1020,False
-0.013319676304584699,3.985091037399328e-05,6.689398925437182e-05,-0.1483164670677641,Vietnam,1030,False
0.059894829668597695,0.00013220699437448155,0.0002219234937932777,-0.14954568304047905,Vietnam,1040,False
-0.04145136609124156,0.00014919896428927301,0.0002504463215586493,-0.14784451780678246,Vietnam,1061,False
-0.058719994944168796,0.0007888230496925824,0.0013241233415880135,-0.1475562290700755,Vietnam,1062,False
0.00619921253675652,4.127324354293275e-06,6.928152667387493e-06,-0.1486440234492234,Vietnam,1071,False
0.004053085601054594,1.7176612524316917e-06,2.883277001315408e-06,-0.14860799241374845,Vietnam,1072,False
-0.02481250107831541,0.00012489422946559067,0.00020964824053948172,-0.14812375911100265,Vietnam,1073,False
-0.020998870239328626,0.0002898685562456958,0.00048657518497580106,-0.1481881854666455,Vietnam,1074,False
0.005242453389886852,7.959357792238257e-06,1.3360628141964672e-05,-0.14862797278924453,Vietnam,1079,False
0.02810110920243346,0.00036141900392949787,0.0006066802172972029,-0.14901256379815292,Vietnam,1103,False
0.017529871118610773,0.00014135069079754983,0.0002372721602234714,-0.14883456344282217,Vietnam,1104,False
0.013616486443707422,0.0004245095539097643,0.0007125844120276342,-0.14876958008694055,Vietnam,1200,False
-0.05264373440695498,0.00043024721287905046,0.0007222156825264672,-0.14765733814029974,Vietnam,1311,False
-0.002388160347917818,0.00014177697281975735,0.00023798771991195193,-0.14850021838088978,Vietnam,1312,False
-0.06317208389422235,0.0006326556501584841,0.00106197976071929,-0.147481108417485,Vietnam,1391,False
-0.006205792231110896,2.599265884406241e-05,4.363144091538682e-05,-0.1484358467239645,Vietnam,1392,False
0.08263706201122109,0.00013073838193831353,0.0002194582717041991,-0.1499274327367185,Vietnam,1393,False
-1.3333866398855816e-05,2.7139705321050295e-08,4.5556880359198546e-08,-0.14853972902323268,Vietnam,1394,False
0.0011020882151592153,2.009920839817757e-07,3.3738657862293207e-07,-0.14855845300212267,Vietnam,1399,False
0.00508055383548164,1.4546634412764261e-05,2.441807218360968e-05,-0.14862527156691832,Vietnam,1410,False
-0.15424517958330014,0.0014152291983698321,0.0023756126497427943,-0.1459542507828545,Vietnam,1420,False
0.00240558413945048,2.027093559616361e-06,3.4026920218885645e-06,-0.14858033812135613,Vietnam,1430,False
0.05128259346335411,0.0006374449275975979,0.0010700190720058236,-0.1494023842578818,Vietnam,1511,False
-0.013137326858154073,3.48434416393061e-05,5.8488420684265363e-05,-0.1483195155320024,Vietnam,1512,False
0.001628102312867208,1.5552890972679224e-06,2.610718078550553e-06,-0.14856728608536765,Vietnam,1520,False
-0.0020133938930670375,0.00018805360977714676,0.0003156679742977158,-0.14850662460978475,Vietnam,1610,False
0.058309181203241314,0.0003972061228660893,0.000666752700638802,-0.1495197312952697,Vietnam,1621,False
0.030039338193053114,0.0003685900878719401,0.0006187176439879863,-0.14904511717080887,Vietnam,1622,False
-0.04925286124336361,0.0006452704105911766,0.0010831549770672132,-0.1477147911265422,Vietnam,1623,False
-0.012772529323275888,7.58591749307258e-05,0.00012733768902737838,-0.14832574117123756,Vietnam,1629,False
0.0013716021868163482,1.049301592207117e-06,1.7613642643282104e-06,-0.14856297919615194,Vietnam,1701,False
0.000579628764054364,3.7779026161960577e-06,6.341611136111128e-06,-0.14854969188408376,Vietnam,1702,False
0.005123885379076299,6.199310896414219e-06,1.0406202332578933e-05,-0.14862597810783332,Vietnam,1709,False
-0.013671031958828166,0.0003977301600970058,0.000667632352836577,-0.14831146015010244,Vietnam,1811,False
0.11154288623663855,0.005149286887898803,0.008643625415683667,-0.15042532089663826,Vietnam,2011,False
0.06617371204904825,0.00035911197297258993,0.0006028076205963351,-0.1496516509903016,Vietnam,2013,False
-0.0009896686821160002,5.011135519027195e-07,8.411723657404009e-07,-0.14852334138716441,Vietnam,2021,False
0.00020445784924665318,3.196758406808894e-08,5.366098804444166e-08,-0.14854338490073432,Vietnam,2022,False
0.0030644720402617604,0.0006527172120377941,0.0010956552248978014,-0.14859302126664567,Vietnam,2023,False
0.019338238555105972,0.0008231901182652643,0.0013818121194410168,-0.1488666227266072,Vietnam,2029,False
0.005138261506531309,0.0007436156761506693,0.001248237959508897,-0.14862805919194794,Vietnam,2030,False
-0.004216953893281628,5.850027007958189e-06,9.819892196578856e-06,-0.1484691813044348,Vietnam,2100,False
0.007491804556714205,0.0005875483592489228,0.00098626237797746,-0.14866717693046622,Vietnam,2211,False
0.0017601443425141906,4.769782167222432e-06,8.006586400297063e-06,-0.1485695105678705,Vietnam,2219,False
0.0013136912026042577,1.7475826177960407e-05,2.9335031937505273e-05,-0.14856204806271098,Vietnam,2220,False
0.0031182935826865807,3.0630340728804095e-06,5.1416282949147816e-06,-0.14859230429131073,Vietnam,2310,False
-0.002014753953514264,2.2888152212548037e-06,3.842019652223047e-06,-0.14850613869750584,Vietnam,2392,False
0.0482030271779013,0.0009100484508580743,0.0015276130638256624,-0.1493513733412553,Vietnam,2393,False
0.006708735331161794,0.00060935891968835,0.0010228737221594237,-0.14865408657625892,Vietnam,2395,False
0.011557236631852978,0.00032820762967767107,0.0005509313952132168,-0.14873477270756635,Vietnam,2396,False
1.8608436119244724e-05,8.057744642129897e-10,1.352578092812832e-09,-0.1485402651430745,Vietnam,2399,False
-0.0006762588819593948,3.0312867464420852e-06,5.088337032715506e-06,-0.1485286086121167,Vietnam,2410,False
0.00012310639973107137,8.797169088896494e-06,1.4766983463584178e-05,-0.1485420411856456,Vietnam,2420,False
-0.00013628227558529687,1.7771407260133321e-06,2.9831196204497134e-06,-0.14853766956687536,Vietnam,2431,False
0.0019242702335336673,4.015478250515977e-07,6.740407092844619e-07,-0.14857225470150998,Vietnam,2511,False
-0.0027555672872235783,4.7112210233024047e-07,7.908285295119135e-07,-0.14849369882690303,Vietnam,2512,False
-0.01071439958939627,5.3843533048245574e-06,9.038209384288733e-06,-0.14836011360115994,Vietnam,2520,False
-0.00011957137937703879,1.8171124810492393e-06,3.050216460315016e-06,-0.14853795017670474,Vietnam,2593,False
0.02109954917877216,0.0005455321056699934,0.0009157336299754547,-0.1488954946267994,Vietnam,2599,False
-0.11385023362414473,0.0007959806923939986,0.0013361382057269177,-0.14663081477370357,Vietnam,2610,False
-0.026013843905482278,0.000587780886091109,0.0009866526989999052,-0.14810474403520876,Vietnam,2620,False
-0.07237539027323632,0.0005737763896177783,0.0009631446629774397,-0.1473264738842546,Vietnam,2630,False
-0.003856363224170615,7.998922033858405e-06,1.342704092724254e-05,-0.14847523955844494,Vietnam,2640,False
-0.0073211739830684845,2.068647160479518e-05,3.4724441581266997e-05,-0.14841711062791005,Vietnam,2651,False
-0.008358558866702191,0.00042660799100698,0.0007161068617612726,-0.14840070819052914,Vietnam,2652,False
0.0001970648742893589,9.296606085428019e-07,1.5605341552914518e-06,-0.14854326304014936,Vietnam,2660,False
-0.0004040570657473702,1.6574668959132063e-07,2.782234375178837e-07,-0.14853317066457297,Vietnam,2670,False
0.03775338869594645,0.0006947913308959852,0.0011662811059221843,-0.14917542334495248,Vietnam,2710,False
0.0024438663649570306,2.4026440839980437e-06,4.033093498459516e-06,-0.14858098166588424,Vietnam,2720,False
-0.050299438272237346,0.0023222757477160726,0.003898186702775711,-0.14770138091406937,Vietnam,2731,False
-0.00022219973729405688,3.3341678564875086e-07,5.596755172491631e-07,-0.148536223751214,Vietnam,2732,False
-0.04737992859986008,0.0008043900477936837,0.0013502542026881774,-0.1477466252668146,Vietnam,2740,False
-0.001528066077557069,1.99767648217664e-06,3.3533123303412435e-06,-0.14851430754537143,Vietnam,2750,False
-0.10542249510910463,0.0007990504721236934,0.0013412911573238652,-0.1467722927768957,Vietnam,2790,False
-0.005441616029256403,1.352840934986032e-06,2.2708873177182994e-06,-0.14844861284024152,Vietnam,2811,False
0.0015934934106595108,1.844242057648921e-05,3.0957563385387044e-05,-0.14856674725212643,Vietnam,2813,False
-0.001796481332666942,2.708628086403541e-06,4.546720172902586e-06,-0.1485098036821629,Vietnam,2814,False
-0.0007613206836783994,3.1669821985501944e-06,5.316116273641224e-06,-0.14852718109759475,Vietnam,2816,False
0.0003919363095551351,4.764443558517371e-08,7.997624978086172e-08,-0.14854653196507417,Vietnam,2817,False
-0.011849366598083805,3.0556636754841673e-06,5.129256299404575e-06,-0.1483410561731331,Vietnam,2818,False
-0.0017305201094466617,2.1049648452180923e-05,3.533407252566602e-05,-0.148510956634056,Vietnam,2819,False
-0.08999495459737898,0.0038151016263019057,0.0064040536288657674,-0.14703870823796117,Vietnam,2821,False
-0.0045975734705110596,5.83576025060376e-06,9.795943927788873e-06,-0.14846279216404693,Vietnam,2822,False
0.031966849281121396,0.0019977185657263177,0.003353382972052901,-0.14908154960024697,Vietnam,2823,False
-0.006032547520102604,7.001922386869536e-06,1.1753471037712239e-05,-0.14843870750260135,Vietnam,2824,False
0.002589682801261871,8.057239531078693e-07,1.3524933045535066e-06,-0.14858342536694288,Vietnam,2825,False
9.455460431421342e-05,6.632747370049858e-09,1.1133771528306943e-08,-0.1485415399947683,Vietnam,2826,False
-0.0020428590112038653,9.350863106397222e-06,1.569641773018691e-05,-0.1485056845286741,Vietnam,2829,False
-0.07413595492606917,0.002692215928337437,0.004519170620959815,-0.14730215880387332,Vietnam,2910,False
-0.00063878658302813,1.0001388374989292e-06,1.6788393545005284e-06,-0.1485292325604187,Vietnam,2920,False
0.0509703629916739,0.0007047733741691931,0.001183037026657446,-0.1493973119290219,Vietnam,2930,False
0.0031565818540477573,1.6423835489366458e-06,2.7569153739038134e-06,-0.14859294345716412,Vietnam,3011,False
-0.018530491337770287,0.0012876373990631724,0.0021614362514707063,-0.14823210272588672,Vietnam,3012,False
-0.000181962018486178,4.848675781092985e-07,8.139017717648834e-07,-0.14853689956172086,Vietnam,3020,False
-0.00631550102150122,0.002033630566666571,0.0034136650831127287,-0.14843900759116938,Vietnam,3030,False
0.0020179310747474393,2.105321683301727e-06,3.5340062432222283e-06,-0.14857383114746314,Vietnam,3091,False
-0.0019762857656648214,1.5071328302577007e-06,2.529882665314556e-06,-0.14850678247834329,Vietnam,3092,False
0.00014553911269770789,6.8896472918545205e-06,1.1565005355774659e-05,-0.14854241298633833,Vietnam,3099,False
0.0034028630385959167,8.145508630271108e-06,1.3673102111623049e-05,-0.1485970937698968,Vietnam,3100,False
0.0051163539133533675,5.3746000707559005e-06,9.021837544125958e-06,-0.14862584962663786,Vietnam,3211,False
0.0006586939603663764,4.996596642192072e-07,8.387318607139109e-07,-0.1485510109029518,Vietnam,3212,False
-0.0352526225042888,0.00026514894245694396,0.0004450806855117154,-0.14794885852785314,Vietnam,3220,False
0.0008237903817836591,1.6770501699890706e-06,2.8151069824367934e-06,-0.14855378515788778,Vietnam,3230,False
0.0097592861446208,0.0001348755858240803,0.00022640300821536897,-0.1487041094414175,Vietnam,3240,False
0.014398841989225622,0.0008969966943413434,0.0015057043030975597,-0.14878389289306393,Vietnam,3250,False
0.006920358399278173,7.015971063811919e-06,1.1777053235348437e-05,-0.14865613585813844,Vietnam,3290,False
-0.0009122752593694657,0.0003731747965442874,0.000626413564853638,-0.1485255696530135,Vietnam,Wastes,False
-0.007781476790858867,0.0005695587229989918,0.0009560648612156274,-0.1484107513220056,South Africa,1010,False
-0.004679206413263417,7.453600854763251e-05,0.0001251166135994466,-0.14846159307511206,South Africa,1020,False
0.006724082669568407,4.29076026193664e-05,7.202497211767301e-05,-0.14865293072129188,South Africa,1030,False
0.017797927625116866,0.00032674979135001415,0.0005484842586105725,-0.14883952627461897,South Africa,1050,False
0.00033462054556582157,3.218256540897022e-06,5.40218570778424e-06,-0.14854557776495442,South Africa,1071,False
-0.002274131868016218,1.1512517628708583e-06,1.932498463192393e-06,-0.14850178192764923,South Africa,1072,False
0.032257305873028774,0.00013026205730834773,0.000218658710179017,-0.14908175192783754,South Africa,1073,False
-0.0016718194708094673,1.1102733863401149e-06,1.8637119021431363e-06,-0.1485118922795396,South Africa,1080,False
0.004991782101915457,1.7723283039772754e-05,2.9750414584969174e-05,-0.1486237893637726,South Africa,1101,False
-0.013004461329693733,0.0006170368680247305,0.0010357619746156246,-0.14832319534664973,South Africa,1102,False
0.047440918732995586,0.000147057614866071,0.00024685183892421967,-0.14933666767009884,South Africa,1104,False
0.00590266426795595,0.0004343581760644559,0.0007291163712326678,-0.148640119032455,South Africa,1200,False
0.008129510305593703,0.0004401617881583519,0.0007388583510620414,-0.1486775137671409,South Africa,1311,False
-0.03935645626039344,0.0001474924107277965,0.00024758168999736076,-0.14787967894705517,South Africa,1312,False
-0.056151734707186235,0.0006446662542596225,0.0010821408364422775,-0.1475989834506426,South Africa,1391,False
0.002991619309780593,2.8472163451113512e-05,4.779355297214135e-05,-0.14859024130547574,South Africa,1392,False
-0.010901631953288651,0.0001362290558490203,0.00022867495152744784,-0.14835729655378038,South Africa,1393,False
0.0005106221398873211,1.6190409770545983e-07,2.7177323856610626e-07,-0.14854852451781372,South Africa,1394,False
0.00025825003355847036,4.43901297944069e-08,7.451355157509974e-08,-0.14854428789070542,South Africa,1399,False
0.001866038030268811,1.2790445848918136e-05,2.1470122994593415e-05,-0.14857130810908187,South Africa,1410,False
-0.04573351802712411,0.0014331648580503432,0.002405719561095092,-0.14777582213527155,South Africa,1420,False
-0.0005400292966505233,1.4069010668881097e-06,2.3616329957620187e-06,-0.14853089132063785,South Africa,1430,False
0.03048902639731655,0.0006495006934924891,0.001090255956600369,-0.1490533685601323,South Africa,1511,False
-0.018098511537306197,3.770531178078541e-05,6.329237393639634e-05,-0.14823624384586948,South Africa,1512,False
0.00048218431718087133,1.0190509791651e-06,1.7105853946667675e-06,-0.148548049296056,South Africa,1520,False
0.004046824058864787,0.00019462749259262343,0.0003267029354138106,-0.14860836853022888,South Africa,1610,False
0.07984586042543855,0.00037777099831833515,0.0006341287781122219,-0.14988120086270088,South Africa,1622,False
-0.014600828205129309,0.0006573996054668975,0.0011035151200116554,-0.14829649883072168,South Africa,1623,False
0.012611804495205853,8.00550545686993e-05,0.00013438091902591835,-0.14875185521772058,South Africa,1629,False
0.0012147159580834744,6.189322567390399e-07,1.0389435860543088e-06,-0.14856034462075393,South Africa,1701,False
0.0030051420550991307,2.910609985781286e-06,4.885768261886018e-06,-0.14859040454235783,South Africa,1702,False
0.05270402830986127,0.000407264891445351,0.0006836374129562515,-0.14942566744854152,South Africa,1811,False
0.00041368826250344276,2.2114633844491543e-07,3.71217637156716e-07,-0.14854689752735728,South Africa,2021,False
-0.00011730082600363945,3.461786009359756e-09,5.8109758080249684e-09,-0.14853798376825922,South Africa,2022,False
0.08938151044000195,0.0007566322565021148,0.0012700876733043064,-0.15004222211262683,South Africa,2030,False
-0.016824569463310585,0.0005991249288847074,0.0010056948807120533,-0.14825902552898682,South Africa,2211,False
0.00318872174489183,3.7882835488871203e-06,6.359036635136603e-06,-0.1485934883119296,South Africa,2219,False
0.0028030257382347457,1.5545498795691648e-05,2.609477223063608e-05,-0.14858704331879533,South Africa,2220,False
1.128325183483924e-05,1.115426360772211e-09,1.8723617174937446e-09,-0.14854014218284162,South Africa,2391,False
-0.0021120498487813655,1.6262659502440102e-06,2.7298602711813657e-06,-0.14850450383080768,South Africa,2392,False
-0.07740657487735625,0.0008957676410240488,0.001503641206454884,-0.14724281513904652,South Africa,2393,False
0.0370799195567081,0.0006211473615706949,0.0010426618749821003,-0.149163933920239,South Africa,2395,False
0.0189400973423576,0.00033687421063199934,0.0005654791726112789,-0.1488587242111705,South Africa,2396,False
0.00038956158256358897,7.076553428778388e-08,1.1878747174910633e-07,-0.14854649216040997,South Africa,2399,False
-0.0009266433983186076,7.444005324844745e-06,1.2495554242962021e-05,-0.1485244166431612,South Africa,2420,False
-0.001881065805463082,2.4671807065596406e-06,4.141425079736671e-06,-0.1485083832399111,South Africa,2431,False
0.0013910317291143271,1.5685263965564548e-07,2.632938292544507e-07,-0.14856330311609597,South Africa,2511,False
0.001050873197348553,2.0137799417955902e-07,3.380343699125513e-07,-0.14855759330456608,South Africa,2512,False
0.0030540824992251747,6.543633548932585e-06,1.09841845066733e-05,-0.1485912351214893,South Africa,2520,False
0.0017674473478007796,1.2329246272211613e-06,2.0695950479115307e-06,-0.14856962433602075,South Africa,2593,False
0.05376709501953863,0.000782628490198156,0.0013137251149887498,-0.1494444539128708,South Africa,2610,False
0.015852306296969366,0.0005763149747972094,0.0009674059480552582,-0.14880749016354988,South Africa,2620,False
-0.0082530973444897,0.0005624485722405365,0.0009441297173514244,-0.14840281688172743,South Africa,2630,False
0.0006020018719523171,6.7112332547567985e-06,1.1265518428915573e-05,-0.14855007475497492,South Africa,2640,False
0.00037047717168386544,1.858132876528329e-05,3.119073554635728e-05,-0.1485462179644898,South Africa,2651,False
0.042736996765878846,0.00043648078562920464,0.000732679397022618,-0.14925843228503602,South Africa,2652,False
-0.0011882471521779353,5.27885567660624e-07,8.86112040082091e-07,-0.1485200081031699,South Africa,2660,False
0.0002543169943854826,2.8726263457619085e-08,4.8220086844145755e-08,-0.14854422183140456,South Africa,2670,False
-0.6998543171101834,0.004919772567482918,0.008258361231263826,-0.13680345183708154,South Africa,2680,False
0.0473299232828587,0.0006823203789633463,0.0011453472874285882,-0.14933614627066916,South Africa,2710,False
0.0013452212143174884,1.7224324072415939e-06,2.8912858918423564e-06,-0.14856253804211775,South Africa,2720,False
-0.005161658136206351,0.0022994292698326753,0.0038598364610449827,-0.14845903913609598,South Africa,2731,False
-2.307708141846971e-05,1.1545777572084602e-07,1.938081498244582e-07,-0.14853956569322313,South Africa,2732,False
0.29832228647030695,0.02378969952025834,0.03993353951360259,-0.15360895096779317,South Africa,2733,False
-0.01591618795240361,0.0007909672019077367,0.0013277225290066746,-0.14827475132211423,South Africa,2740,False
0.001993311555009724,1.3824117700082728e-06,2.3205251077124646e-06,-0.14857341607972852,South Africa,2750,False
0.01131506401505516,0.0007856724388635504,0.0013188347063984014,-0.14873184968345612,South Africa,2790,False
0.0001713245892192719,8.565227645550296e-07,1.4377645095320215e-06,-0.14854283077973005,South Africa,2811,False
0.0012384189109348573,2.343575328230119e-06,3.933940312835247e-06,-0.14856074680084697,South Africa,2812,False
0.0017179747228158366,1.982912522002901e-06,3.3285294537658923e-06,-0.14856879575578705,South Africa,2814,False
-0.000724084247129696,3.5022250749668168e-06,5.878857078359534e-06,-0.14852780698662477,South Africa,2815,False
0.0009422910311803728,2.377671303228478e-06,3.991174031306231e-06,-0.14855577606442683,South Africa,2816,False
-0.0009389735412248567,2.0785192924687215e-07,3.4890155810880805e-07,-0.14852419162785963,South Africa,2817,False
-0.0025477116450486267,2.281350206571561e-06,3.829488831538699e-06,-0.14849719241716244,South Africa,2818,False
0.007794801925790967,1.89256132749494e-05,3.1768653693619517e-05,-0.1486708440456865,South Africa,2819,False
0.00594938658120833,0.0037858027274115906,0.006354872312576122,-0.14864926602775683,South Africa,2821,False
-0.0006637523099185891,4.744119918614571e-06,7.963509588086077e-06,-0.14852882281869387,South Africa,2822,False
0.03068688506059903,0.002019017338712847,0.003389135226591658,-0.14906011661381294,South Africa,2823,False
-0.0014300947124519863,5.8007895370146605e-06,9.737241867607745e-06,-0.14851596158008903,South Africa,2824,False
-7.749233900664919e-05,4.355861673817129e-07,7.311776851953886e-07,-0.14853865307348027,South Africa,2825,False
-0.00020277562139403332,1.0180785692601442e-07,1.708953101273154e-07,-0.1485365492281685,South Africa,2826,False
-8.362107959038759e-05,7.954015072308035e-06,1.3351659818625323e-05,-0.1485385689423376,South Africa,2829,False
-0.0007094864281072269,1.5319041875917996e-06,2.5714640218198975e-06,-0.1485280471141425,South Africa,2920,False
-0.0035205445255328187,1.0897760126443061e-06,1.8293048815033998e-06,-0.14848085941261666,South Africa,3011,False
0.014727546097909903,0.0013047480643391526,0.002190158322017269,-0.14879042904143036,South Africa,3012,False
-0.001096570065453636,1.9765460325142013e-07,3.3178426243949106e-07,-0.14852154617724167,South Africa,3040,False
1.2745205162129243e-05,2.8513848947433646e-06,4.786352650892464e-06,-0.1485401738301576,South Africa,3091,False
0.0026291269781965423,9.801428266460552e-07,1.6452739246880296e-06,-0.14858408791441668,South Africa,3092,False
0.0024234658492380563,8.193594340568993e-06,1.375381908791714e-05,-0.14858065366464634,South Africa,3099,False
-0.0025829529612805416,4.329256798563438e-06,7.267117740715722e-06,-0.14849660595894743,South Africa,3211,False
0.0006327318854339862,2.2018085857928635e-07,3.695969765707823e-07,-0.1485505744050199,South Africa,3212,False
-0.007148122712763602,0.00027294431459452123,0.00045816604630049255,-0.14842064395342078,South Africa,3220,False
-0.0018878971471387694,1.1180481585238786e-06,1.8767626837196415e-06,-0.1485082652053636,South Africa,3230,False
-0.022993604688636773,0.0001404515725184762,0.00023576289461487408,-0.1481543299744905,South Africa,3240,False
0.014974225555250074,0.0008828190671783287,0.0014819056488084945,-0.14879351605189994,South Africa,3250,False
0.003662401230965478,5.81357721834649e-06,9.758707350066533e-06,-0.14860144457809513,South Africa,3290,False
0.005205824921475553,0.0003824122788112558,0.000641919660792347,-0.14862829215806392,South Africa,Wastes,False
-0.10588008847689509,0.0002978394895842538,0.0004999552439027556,-0.14676337669320452,716,1010,False
0.08597036067908188,0.00020260273480992425,0.0003400902272517731,-0.14998356674948865,716,1200,False
0.002150322832227153,1.6166392158290229e-06,2.7137007741343144e-06,-0.14857605226514722,716,1392,False
-0.015135100329034791,0.00010370929196734636,0.00017408707096863742,-0.14828615217791727,716,1410,False
0.014820398782378948,0.00035637514024112164,0.0005982135559285093,-0.14878961900614918,716,1511,False
0.0004492686670387328,2.180306534627027e-07,3.6598762871364255e-07,-0.14854749477450294,716,1512,False
-0.008951090516198901,5.8016909478059495e-05,9.73875498144179e-05,-0.148389843722504,716,1520,False
0.00686060142331481,5.475349095116004e-06,9.190955491236432e-06,-0.14865512892928914,716,1629,False
0.03485317779721409,0.0008836588340127951,0.0014833152867082004,-0.14912721244402571,716,2599,False
0.01874266198192894,7.54828948942212e-05,0.00012670606298716125,-0.14885475689168995,716,3211,False
-0.0015730815498859636,2.749769001345692e-05,4.6157795719533855e-05,-0.14851361548327915,716,3240,False
-0.006967012576723625,0.0002764779368026524,0.0004640976068044151,-0.14842369289738647,740,1020,False
0.012849171960553244,1.95172087614581e-05,3.276170960491619e-05,-0.14875568852374702,740,1410,False
0.028591228792525892,0.0004815873067701603,0.0008083954876260162,-0.14902109162650914,740,1610,False
0.0006153790155429607,3.657649507682426e-05,6.139753510445308e-05,-0.14855037377588196,740,2219,False
0.004392636009559023,1.6414034304395884e-05,2.7552701408189264e-05,-0.14861372879061754,740,2220,False
0.03645866512286812,0.00025639564985819024,0.00043038735340095066,-0.14915259216259102,740,2620,False
0.014063460936842753,0.0002471748833187851,0.00041490931658785514,-0.1487766402082498,740,2630,False
0.0018559544640136838,1.3568873972616242e-05,2.2776797347908673e-05,-0.14857114078700845,740,2651,False
0.018290472294309253,4.996675497383197e-05,8.387450973959797e-05,-0.14884710264387668,740,2811,False
-0.0179581414440323,4.177460564176063e-05,7.012311625204998e-05,-0.1482386102343951,740,2812,False
-0.0019038440151876487,1.5502879387262325e-05,2.6023231023101726e-05,-0.1485080333796726,740,2813,False
0.004644397336496141,4.337595615785169e-05,7.281115331847007e-05,-0.148618022135514,740,2814,False
-0.0019728827462706638,1.3277598808947093e-05,2.228786102284883e-05,-0.14850686894359846,740,2819,False
-0.0012399876634073635,0.0019057358312775117,0.0031989801744239247,-0.14852388951741452,740,2910,False
-0.010069768459766698,8.522803233850586e-05,0.0001430643121052486,-0.14837113327696358,740,2920,False
0.0135106021505332,0.00033546613366814803,0.0005631155657474651,-0.1487675803310877,740,2930,False
0.001651897809222542,0.0001888647477323709,0.0003170295555803353,-0.14856815264434992,748,1030,False
0.007372015474622528,0.0001569595282439169,0.0002634732531122281,-0.14866409158507016,748,1392,False
0.03758447084084081,0.00035585570143918243,0.0005973416226825902,-0.14917173913930315,748,1393,False
-0.018120007687903027,1.3075776699225751e-05,2.194908115778947e-05,-0.14823582172429411,748,1410,False
0.0021982575236973462,0.00026049206752871415,0.00043726362591421994,-0.14857750254336402,748,1629,False
-0.05689979022766256,0.0003282721254253136,0.0005510396581815972,-0.14758564257008713,748,2023,False
-0.016276992945612568,1.056015733585274e-05,1.7726346643513894e-05,-0.14826675243176424,748,2220,False
-0.040393701287728435,0.0004319364312173771,0.000725051215072947,-0.14786297364594828,748,2610,False
0.014960955757638771,0.00028271542003695916,0.00047456788546390436,-0.1487917944427943,748,2620,False
-0.04976893303497918,0.0002730287161214145,0.00045830772323534957,-0.14770520527718192,748,2630,False
0.002524022624722967,8.30483511879789e-06,1.3940548559180312e-05,-0.14858234189469494,748,2651,False
0.026112751520483233,0.000358301185933129,0.0006014466283631268,-0.1489791791013211,748,2710,False
-0.0006741934349737406,9.83189601874929e-06,1.6503882607849478e-05,-0.14852866023819947,748,2813,False
0.006567280390073069,8.077303865644576e-06,1.355861316396273e-05,-0.1486502117160234,748,2819,False
-0.007103536964570085,2.514338054134293e-05,4.2205837005139304e-05,-0.1484207750018334,748,2822,False
-0.0013484766273214326,1.911553192903853e-05,3.208745234305097e-05,-0.14851736482048908,748,2829,False
0.0005231556929071158,2.2860653175884773e-05,3.837403646601609e-05,-0.14854879150727673,748,3290,False
0.0046079486707513995,5.3065585913358196e-05,8.90762268804205e-05,-0.14861743447822134,760,1030,False
-0.017237012194949046,0.00015550053205192442,0.0002610241729112145,-0.14825099817681742,760,1040,False
7.541900228766862e-05,1.123020315304799e-06,1.8851089774216547e-06,-0.1485412215669726,760,1071,False
-0.007810666735839819,3.420199626347823e-06,5.741168643465339e-06,-0.14840885095510864,760,1079,False
0.0004627796541108494,3.684677943807143e-05,6.185123613630435e-05,-0.14854781290577632,760,1392,False
0.013266896213578674,8.077815640574965e-06,1.3559472232585575e-05,-0.14876267190590559,760,1410,False
-0.006291299845633682,9.373284566463035e-05,0.00015734054534331007,-0.14843458017083844,760,1629,False
0.010495986768734922,0.0006040031576669097,0.0010138835062835777,-0.1487176468976291,760,2023,False
0.03850833038471835,0.00036436536507416964,0.0006116259976796704,-0.14918726850705136,760,2396,False
-0.03268022198874282,0.0005010780856462347,0.0008411128318587928,-0.1479926252981619,760,2599,False
0.0022797868767785927,3.542596051624767e-06,5.946624054155094e-06,-0.1485782302602359,760,3100,False
-0.025597286547593127,0.0005502507423010443,0.0009236543631564662,-0.14811164315346553,Thailand,1010,False
-0.019030817326701612,6.765750947210957e-05,0.00011357032170985103,-0.1482206686145965,Thailand,1020,False
-0.005361603483925071,3.7728882206616186e-05,6.333193940171312e-05,-0.14845004658106187,Thailand,1030,False
-0.022849821822928097,0.00012831806443895888,0.0002153955114993618,-0.14815671335270775,Thailand,1040,False
0.03386911544560488,0.00031216586692123086,0.000524003591171109,-0.1491092632225411,Thailand,1050,False
-0.01155548780161465,0.00014506586410055534,0.00024350847353920348,-0.14834634286825002,Thailand,1061,False
-0.035456470511460024,0.0007792818494421812,0.0013081074227285874,-0.14794671353250793,Thailand,1062,False
0.0010690315013407905,4.848607594683528e-06,8.138903259512278e-06,-0.1485579096998099,Thailand,1071,False
0.001899120665724364,2.1932704463114205e-06,3.6816375909754565e-06,-0.1485718370077192,Thailand,1072,False
-0.00305640888149947,0.00012111519782055542,0.00020330473420844712,-0.14848894959167924,Thailand,1073,False
-0.017116192240227705,0.0002840961806822437,0.00047688563898325186,-0.1482533462961662,Thailand,1074,False
0.0024478978709839734,8.949712722816936e-06,1.502304416866047e-05,-0.14858106566798765,Thailand,1079,False
0.0022344782387457964,2.1365684405765583e-06,3.586457246869578e-06,-0.1485774661998615,Thailand,1080,False
0.055078604116139136,0.000596933442116803,0.0010020162372148908,-0.1494660033715034,Thailand,1102,False
-0.019228319597492015,0.000354970075694037,0.0005958550057264614,-0.14821806815912272,Thailand,1103,False
-0.025155029759803053,0.00013732853900586987,0.00023052055088237892,-0.1481180403066401,Thailand,1104,False
-0.04847121403806652,0.00041751794929153335,0.0007008482604613708,-0.14772734727021353,Thailand,1200,False
-0.06274470779383141,0.0004232083221747219,0.0007104001562381308,-0.1474877639134181,Thailand,1311,False
-0.013241880945245948,0.00013774871690259657,0.0002312258641473653,-0.14831801668038208,Thailand,1312,False
0.008007460025047762,0.0006241139800192373,0.0010476416594024866,-0.14867592409813302,Thailand,1391,False
-0.006170444435939567,2.4284454047777668e-05,4.076403758094481e-05,-0.14843643581826724,Thailand,1392,False
-0.01548799350832296,0.0001268712739545123,0.00021296691987594295,-0.14828028613171312,Thailand,1393,False
4.613411326049414e-06,3.172321962065823e-11,5.325079634324408e-11,-0.14854003021977646,Thailand,1394,False
0.00030924806439479644,3.827835927144209e-07,6.425429506498487e-07,-0.14854514479064515,Thailand,1399,False
0.004003514172263706,1.5875273634811664e-05,2.6648334353494205e-05,-0.14860719562118352,Thailand,1410,False
0.14926725580036315,0.0014024394703877406,0.0023541437317639792,-0.15104911825322812,Thailand,1420,False
0.0009802184386540672,2.541263287714935e-06,4.265780567258293e-06,-0.14855641312424955,Thailand,1430,False
-0.02083867354429196,0.0006288708780300773,0.001055626618376697,-0.14819171784274462,Thailand,1511,False
-0.0005049130541181911,3.2861094113792744e-05,5.516083963716687e-05,-0.1485315592075983,Thailand,1512,False
0.0024200953399156635,2.009266471929329e-06,3.372767360168633e-06,-0.14858058166282756,Thailand,1520,False
-0.023085568881377482,0.00018340987885340828,0.0003078729783089798,-0.14815289308754404,Thailand,1610,False
0.022442475157055417,0.00039044404529237086,0.0006554018346157074,-0.1489176495897783,Thailand,1621,False
0.028864465531257835,0.0003620772092202738,0.0006077850848456508,-0.14902537926986964,Thailand,1622,False
-0.09320433114938831,0.0006366437150098377,0.0010686741515075686,-0.14697698970830325,Thailand,1623,False
-0.014298061942085352,7.292038920339423e-05,0.00012240462478819072,-0.14830012613621635,Thailand,1629,False
-0.00026552544990813263,1.4273747485267757e-06,2.3960002467653517e-06,-0.14853549921066214,Thailand,1701,False
0.00568845908059752,4.469234509915659e-06,7.50208520899112e-06,-0.14863545076199902,Thailand,1702,False
0.0038029410917733084,7.0767449416868165e-06,1.1879068649685443e-05,-0.1486038068402222,Thailand,1709,False
-0.03868688598039793,0.00039096360422031514,0.0006562739695058955,-0.14789152284652402,Thailand,1811,False
-0.2632053459662796,0.018758566290631263,0.031488247573180035,-0.14416716697118043,Thailand,1812,False
0.23017909815276044,0.004109876862147008,0.00689886519713412,-0.15241426847878492,Thailand,1920,False
-0.09781120285313825,0.005173767443272668,0.008684718630186217,-0.14691084655816825,Thailand,2011,False
-0.007470284786931328,1.7774668085970877e-06,2.983666984729452e-06,-0.1484145605357443,Thailand,2012,False
-0.018838200397264058,0.0003526837530689474,0.0005920171701618669,-0.14822461107496865,Thailand,2013,False
-0.0003590007762739525,7.713536414389778e-07,1.2947990828187712e-06,-0.1485339284922489,Thailand,2021,False
0.0003625617409794521,1.2191862423624636e-07,2.0465337085221577e-07,-0.1485460390669177,Thailand,2022,False
0.004882770480697425,0.0006614517647898089,0.0011103171001837504,-0.14862356546449876,Thailand,2023,False
0.009081939528771961,0.0008329956259187699,0.0013982717063726953,-0.14869448194073703,Thailand,2029,False
0.03868711332581323,0.0007343527561864068,0.0012326891636912272,-0.14919119616435456,Thailand,2030,False
0.0018434808127087193,6.703213939053602e-06,1.125205715504648e-05,-0.14857091428104818,Thailand,2100,False
0.0059634312525446475,0.000579317876657187,0.0009724466380387012,-0.14864150077072213,Thailand,2211,False
0.0012984961644653104,5.542995764191267e-06,9.30450761618783e-06,-0.14856176324005965,Thailand,2219,False
0.002935241208255808,1.8929316848814284e-05,3.177487053604533e-05,-0.148589271136604,Thailand,2220,False
0.0008667972858861289,3.688421081064429e-06,6.191406867416022e-06,-0.1485545120901562,Thailand,2310,False
3.7182028894269055e-05,1.4033071937080522e-07,2.3556002975969792e-07,-0.14854057726846623,Thailand,2391,False
0.0006145142229361892,2.8333532795353107e-06,4.756084667987018e-06,-0.14855027511832775,Thailand,2392,False
0.004931664552462206,0.0009203568059499012,0.0015449167336357484,-0.1486250321435979,Thailand,2393,False
-0.00029281626000596895,2.6741499057636527e-08,4.488844881633453e-08,-0.1485350376131684,Thailand,2394,False
0.04052491100733241,0.0006009765320981501,0.00100880299353309,-0.14922171184142394,Thailand,2395,False
0.007010616233298814,0.0003220635073023491,0.0005406178326798862,-0.14865843709853596,Thailand,2396,False
-4.388270499809889e-05,2.0160449786788388e-08,3.384145804309731e-08,-0.1485392162111008,Thailand,2399,False
-0.00030061313933993545,3.6535751694467113e-06,6.132914300610432e-06,-0.14853491577710465,Thailand,2410,False
-0.0035444317117207646,9.836853610234111e-06,1.6512204452153684e-05,-0.14848048024203703,Thailand,2420,False
-0.0004780230322785681,1.3519195472286491e-06,2.2693406704230925e-06,-0.14853193202463963,Thailand,2431,False
-0.0009345654373874419,6.464991027895762e-07,1.085217467533436e-06,-0.1485242667161765,Thailand,2511,False
-0.0020712667571048545,7.340325825326528e-07,1.2321517181786215e-06,-0.14850518619419806,Thailand,2512,False
-0.002932889631437547,1.6330769347061265e-05,2.7412932326154872e-05,-0.14849076181420148,Thailand,2513,False
0.007648504451023226,4.622703251222169e-06,7.759698805154768e-06,-0.14866835259254765,Thailand,2520,False
-0.00016749313240755565,2.305468140974166e-06,3.869973348194017e-06,-0.14853714697675782,Thailand,2593,False
0.02093575872292735,0.0005535198417558826,0.0009291418940999534,-0.14889276516882785,Thailand,2599,False
-0.010524668453130187,0.0008056232682526244,0.0013523242943210773,-0.14836529141075064,Thailand,2610,False
-0.010203566760468508,0.0005960710572756288,0.0010005686325866088,-0.14837015960939334,Thailand,2620,False
-0.0013139756065196169,0.0005819675522887324,0.0009768944002494196,-0.14851934717854537,Thailand,2630,False
0.0036826483425498567,8.991663278529434e-06,1.5093462635809922e-05,-0.14860179237496188,Thailand,2640,False
0.005339825333078429,2.2265298850849643e-05,3.737467094468451e-05,-0.14862964297302758,Thailand,2651,False
-0.03459908251830056,0.0004195990555740569,0.0007043416185802656,-0.14796021254479966,Thailand,2652,False
0.0006908917717937874,1.2872326546620691e-06,2.1607568449687205e-06,-0.1485515533413364,Thailand,2660,False
-0.00028108322070831914,3.3349892684222454e-07,5.598133999740998e-07,-0.14853523532955043,Thailand,2670,False
0.11547015961297173,0.004977174925986561,0.008354717191940303,-0.15049081523573504,Thailand,2680,False
0.012386349395156787,0.0007038020811047149,0.001181406607999295,-0.14874962815803155,Thailand,2710,False
0.003321364696191941,2.959845470115087e-06,4.968415256121524e-06,-0.14859571279860564,Thailand,2720,False
0.00906767902045134,0.0023387253875349163,0.003925799171824802,-0.14869800099496747,Thailand,2731,False
-0.0003030249207044202,5.591991596755059e-07,9.386752329452154e-07,-0.1485348675775316,Thailand,2732,False
-0.9051627738619873,0.023915726764950157,0.04014508964063994,-0.13339938672571144,Thailand,2733,False
-0.06583823546324157,0.0008140832727099902,0.0013665253111096996,-0.1474368027709587,Thailand,2740,False
-0.0017152736824819794,2.5083131637788906e-06,4.210470281600518e-06,-0.14851116633958913,Thailand,2750,False
-0.03871309609041915,0.0008087115679529459,0.0013575083336574134,-0.14789211995625143,Thailand,2790,False
0.0005388150136060492,1.7781971018762396e-06,2.984892859629414e-06,-0.1485490017954818,Thailand,2811,False
-0.005755770057519644,3.759253561589717e-06,6.3103067155412315e-06,-0.14844334542705795,Thailand,2812,False
0.0011445510534366518,1.993477488955545e-05,3.346263873862457e-05,-0.1485592149966187,Thailand,2813,False
-0.0003975710069016159,3.298454170162184e-06,5.536805953594005e-06,-0.14853328735071122,Thailand,2814,False
0.00018104670401183649,2.141591819833935e-06,3.594889522943323e-06,-0.1485429971800221,Thailand,2815,False
-0.0013159145613012594,3.802403912707307e-06,6.38273916681758e-06,-0.1485178732334508,Thailand,2816,False
0.00011053320956054568,2.2946387903094926e-09,3.851795131932557e-09,-0.14854180820182605,Thailand,2817,False
-0.002598458072827291,3.6803327588808996e-06,6.177829758834232e-06,-0.14849634407159618,Thailand,2818,False
0.0005291982545685775,2.264202084432633e-05,3.800703885665976e-05,-0.14854889239296537,Thailand,2819,False
-0.05234832916609841,0.003836177426550226,0.006439431599961216,-0.1476707395831024,Thailand,2821,False
-0.0013226199931014788,6.687941608168851e-06,1.1226420924192378e-05,-0.1485177678693714,Thailand,2822,False
0.024788456194095997,0.0019825176030031145,0.003327866540244466,-0.14896101058990832,Thailand,2823,False
-0.010751318352488706,7.932606054332145e-06,1.3315722506152773e-05,-0.14835950022651806,Thailand,2824,False
-0.0002553031311368165,1.1406131926118821e-06,1.9146404921220445e-06,-0.14853567008816232,Thailand,2825,False
-0.0002551460783995621,7.908897899774776e-09,1.3275925848527691e-08,-0.14853566990025482,Thailand,2826,False
-0.00451083610559186,1.0421867723125579e-05,1.7494212828227232e-05,-0.14846425957224144,Thailand,2829,False
-0.17005860450295643,0.0027099251650470214,0.0045488974572864245,-0.1456919657062283,Thailand,2910,False
0.0015657713442128642,6.883950390043854e-07,1.1555442500499093e-06,-0.14856623763187596,Thailand,2920,False
0.011087812007280132,0.0007138484143421139,0.001198270446273539,-0.14872785565162105,Thailand,2930,False
-6.175412446564506e-05,2.1080972245307956e-06,3.5386652842180284e-06,-0.14853892142635497,Thailand,3011,False
-0.046496374159029484,0.001275439163245758,0.0021409602159665106,-0.14776262525133482,Thailand,3012,False
0.00034657507527611055,7.511654222792399e-07,1.2609110109312661e-06,-0.14854577228276544,Thailand,3020,False
-0.009252526109441581,0.0020490258650311954,0.0034395077279533626,-0.14838974316909317,Thailand,3030,False
8.298088571673874e-05,1.3379654027130464e-09,2.245917155514137e-09,-0.14854134570439653,Thailand,3040,False
-0.0011989892948558673,1.6399338052855986e-06,2.7528032187753305e-06,-0.14851983055729104,Thailand,3091,False
-0.0020004318528851913,1.954479629936398e-06,3.280801821987407e-06,-0.14850637827575436,Thailand,3092,False
0.0044911101785006366,6.024276193668708e-06,1.0112387977656655e-05,-0.1486153558656867,Thailand,3099,False
-0.00044385934037950974,9.14704019796242e-06,1.5354279311800104e-05,-0.1485325249339277,Thailand,3100,False
0.0036108031236775874,6.193588053957602e-06,1.0396595933171627e-05,-0.1486005793968367,Thailand,3211,False
0.0010656526574636459,7.695495824138686e-07,1.2917707779718471e-06,-0.14855784281036588,Thailand,3212,False
-0.018609779654449918,0.00025962944636523594,0.0004358156245938294,-0.14822821384651835,Thailand,3220,False
0.0012672915139742198,2.1473484608741653e-06,3.6045526568660492e-06,-0.14856123096885754,Thailand,3230,False
-0.008650342473218777,0.00013094731155500287,0.00021980898227523933,-0.148395073770572,Thailand,3240,False
-0.017562245705872725,0.0009072310710630166,0.0015228837923493682,-0.14824740945143935,Thailand,3250,False
0.007032209273177332,7.94755882107106e-06,1.33408223146181e-05,-0.14865801571884493,Thailand,3290,False
0.0032835367066686733,0.00036662135787375756,0.0006154129214080693,-0.14859598491162976,Thailand,Wastes,False
-0.012298835673424767,4.9057719347246674e-05,8.234859680897841e-05,-0.1483336258987799,768,1030,False
0.023488937685050428,0.00014858376124921604,0.0002494136378592153,-0.14893461102993477,768,1040,False
-0.0253915869771475,0.00016656655615935445,0.00027959967070496455,-0.14811414212641552,768,1061,False
-0.007811978453900369,9.750887975055417e-06,1.636790199527326e-05,-0.14840884470753846,768,1410,False
0.01628375690068544,0.0006178688111802522,0.0010371584796385574,-0.1488148363937532,768,2023,False
0.0037089250296981455,4.677141084398866e-06,7.85107849493796e-06,-0.1486022226948092,768,3100,False
-0.0032585436922439,3.831430375385252e-06,6.4314631699645205e-06,-0.14848526420872038,768,3290,False
0.0,0.0,0.0,-0.14853995277868415,776,1629,False
-0.020381941284827253,0.00012291992544310177,0.00020633416136724218,-0.1481981260113714,780,1020,False
0.018187822105513084,8.107006146330039e-05,0.00013608471599475417,-0.14884545726247975,780,1030,False
-0.009983607534472591,0.00020133520585903405,0.0003379625451681088,-0.14837286875826697,780,1040,False
-0.10298575407987129,0.0004214695540485548,0.0007074814491055687,-0.14681226609111467,780,1050,False
0.020955690941195395,0.000222183961966468,0.00037295939853805994,-0.14889227163496188,780,1061,False
0.00013522830028429327,4.3500881172892516e-07,7.302085323587012e-07,-0.14854222381412144,780,1071,False
0.003963315816899635,1.9058850387754305e-06,3.1992306350700874e-06,-0.14860648600197937,780,1072,False
0.026437312276929997,0.00019228654477195984,0.0003227734056517325,-0.14898421204979484,780,1073,False
0.020507912685425348,0.0003887466942562763,0.0006525526504715101,-0.14888517144735772,780,1074,False
-0.0004591839899619041,1.6925923172828848e-08,2.84119612881526e-08,-0.14853224492949638,780,1079,False
0.004289536080791322,3.084944514469971e-06,5.178407300224713e-06,-0.14861196489735284,780,1101,False
-0.2148691142231944,0.0007449476302751959,0.0012504737860949704,-0.14493495866209563,780,1102,False
-0.004915517762988716,0.00021258320536023117,0.00035684350800446334,-0.14845797035041716,780,1104,False
0.025547250256161377,0.00021310590497043022,0.0003577209148636737,-0.14896932342564292,780,1312,False
0.009245604008522866,6.06752714200252e-05,0.00010184989292054017,-0.1486953015161421,780,1392,False
0.003545919495033332,8.156022264625318e-06,1.3690750364496437e-05,-0.14859949515114207,780,1394,False
-0.0015943821127336476,1.2608400027968082e-06,2.1164539732475934e-06,-0.14851319252329115,780,1410,False
0.009437293041255897,7.385627003422096e-05,0.0001239756002478016,-0.14869855212424105,780,1512,False
-1.0680351263453762e-05,2.085197837414616e-06,3.5002262287157706e-06,-0.14853977869686316,780,1520,False
0.01933122167669007,0.0002691042646857123,0.0004517201143274114,-0.14886512033750113,780,1610,False
0.036390427693481095,0.0005117170785441793,0.0008589715123735768,-0.1491520859648363,780,1621,False
0.039650707897873366,0.0007892339015074567,0.0013248130000332386,-0.1492075087803223,780,1623,False
-0.02956486893180534,0.00012997940319364742,0.0002181842452010775,-0.14804399803459214,780,1629,False
0.0061869036285262385,2.778153845878603e-06,4.663426550839236e-06,-0.14864381346472444,780,1701,False
-0.0008166313111997386,5.586829515238792e-07,9.378087226892673e-07,-0.1485262461469305,780,1702,False
0.0007652857366306361,4.0518539577845614e-08,6.801467584268997e-08,-0.14855279901431756,780,1709,False
0.0074510456390437805,0.0005123118527172216,0.0008599699040481176,-0.14866630498575187,780,1811,False
0.04942555644277836,0.004484957955845773,0.0075284786844028425,-0.14938085938959467,780,1920,False
0.03882161459486533,0.004770305479960384,0.00800746483635638,-0.14920356227020687,780,2011,False
-0.0018432791814125217,2.3356723590579033e-06,3.920674338986156e-06,-0.14850901720075485,780,2012,False
-0.0018464430604049316,0.0004683494867165831,0.0007861743994725774,-0.1485101258177176,780,2013,False
-0.0038388293239222833,6.311846774181697e-06,1.0595105766087988e-05,-0.14847552967890756,780,2022,False
0.059347015618628575,0.0005224514633846771,0.0008769903184041956,-0.14953746695142145,780,2023,False
-0.0087209572240897,0.0006760081235790436,0.0011347514957669765,-0.14839524615848845,780,2029,False
0.00010790013456497919,7.422944244614165e-08,1.2460200980981104e-07,-0.14854176418222778,780,2100,False
0.04765309670478457,0.0007252534760690543,0.001217415054751675,-0.14934167877067267,780,2211,False
0.0007599544435447603,2.572017495941303e-07,4.317404774969341e-07,-0.1485527100632204,780,2219,False
-0.0059221211861828355,2.2179432863391864e-06,3.7230535757096296e-06,-0.1484405492058212,780,2220,False
-0.00671095255637528,8.854454860364464e-07,1.486314372052796e-06,-0.14842730451231206,780,2310,False
-0.0831086014300308,0.0007549237398427856,0.0012672197464745928,-0.14714675123109455,780,2393,False
-0.0026123508939421914,7.395788387802017e-06,1.2414616988627178e-05,-0.14849612012719876,780,2399,False
0.0015090468726218526,9.026417978187187e-07,1.5151802093644791e-06,-0.14856528598560484,780,2410,False
-2.683142006260154e-05,7.555268756995745e-08,1.2682321741241578e-07,-0.1485395025731589,780,2420,False
-0.0029519535570668087,1.619441206317133e-05,2.7184042130229978e-05,-0.14849044146597679,780,2431,False
-0.002592940132385499,4.2331239631209105e-06,7.105748557408898e-06,-0.14849643807402424,780,2511,False
-0.0001022936950985303,4.019024028699408e-06,6.746359058445275e-06,-0.14853824569119609,780,2512,False
0.0001426761248831433,1.803999726168797e-06,3.0282053073492367e-06,-0.14854235224727383,780,2593,False
-0.034700763554880776,0.000427062684246175,0.0007168701126976074,-0.1479585242455963,780,2599,False
-0.003268643562877505,0.0006513722835095317,0.0010933976193958654,-0.14848670867201816,780,2610,False
0.0012118517479371106,0.00046453435731163867,0.0007797702992143071,-0.1485614534365738,780,2620,False
0.003167403402471968,0.00045209374776997776,0.0007588874136493942,-0.1485942486748267,780,2630,False
0.00016383196109326053,1.8797189820668425e-08,3.1553081274067285e-08,-0.14854270291917587,780,2640,False
-0.0017724919740719925,3.4488374275789286e-06,5.7892402370586585e-06,-0.1485102082143354,780,2651,False
-0.0006396257887486598,2.982337725071718e-06,5.006170897015424e-06,-0.14852922341551814,780,2660,False
0.04424514112792599,0.0005601629110183356,0.0009402929920218866,-0.14928405821308144,780,2710,False
0.00021420035208390847,1.3020800825965144e-06,2.1856798310531237e-06,-0.1485435516059774,780,2720,False
-0.004336361042690784,4.467774946483622e-06,7.4996351766173946e-06,-0.1484671734834838,780,2732,False
0.21776528381348695,0.0006589816127644493,0.0011061706874295539,-0.15219705811341186,780,2740,False
0.0002303116879072691,1.632624309456998e-06,2.7405334530203084e-06,-0.14854382287608245,780,2750,False
0.004670927852025273,0.0006541495314255981,0.0010980595252472135,-0.14861999120389324,780,2790,False
-7.020432348364073e-05,2.334835371503714e-06,3.919269366403836e-06,-0.14853878014612149,780,2811,False
0.0017306131094061298,8.512422792234178e-07,1.4289006535820399e-06,-0.148569005082288,780,2812,False
-0.0002395849570575034,2.5706678267703093e-06,4.315139211794646e-06,-0.1485359375000312,780,2813,False
0.00039954236550406285,1.0927413470483187e-06,1.8342825105185473e-06,-0.1485466622467721,780,2814,False
-0.00030636059086211,8.308906207078233e-07,1.3947382313619622e-06,-0.14853481226217397,780,2816,False
-0.0031208552294195364,8.46466520221731e-06,1.4208840344297507e-05,-0.1484875870045222,780,2817,False
-0.00045772821589208754,3.598062199569392e-06,6.03972987958714e-06,-0.14853227829495913,780,2819,False
-0.0002729926793475835,7.584620102643626e-08,1.273159109498894e-07,-0.14853537049547652,780,2822,False
1.3556130472845225e-05,2.026722244558557e-09,3.4020687300928787e-09,-0.14854018033779787,780,2824,False
-0.0029397808147035914,3.2166868731668674e-06,5.399550853641927e-06,-0.14849061345051912,780,2825,False
-0.00030975573528092603,1.3453078503269472e-07,2.258242234343593e-07,-0.14853475353482148,780,2829,False
0.02321249182700469,0.0024201907445444183,0.004062547433414168,-0.1489356497105261,780,2910,False
-0.004943151683777461,1.362498055739784e-05,2.2870978214650656e-05,-0.14845701067662284,780,2920,False
-0.024874956480202826,0.0005691294634896567,0.0009553443034984934,-0.1481238152842679,780,2930,False
-0.004992189824310012,1.98691179003475e-06,3.3352426502835424e-06,-0.1484561585171085,780,3011,False
0.011330886662382269,0.0017981551482225049,0.0030183945619819052,-0.1487346431545388,780,3030,False
-0.00030673756411203433,2.6536420471596785e-08,4.454420260960804e-08,-0.14853480392876908,780,3100,False
0.0009074418378973345,1.3899128054913282e-07,2.333116393138346e-07,-0.14855518550114954,780,3211,False
0.008598790913329622,3.937318021895257e-06,6.609206840594276e-06,-0.1486843024516182,780,3212,False
0.02688643688309216,0.0003600327279931162,0.0006043532057754678,-0.14899217064127773,780,3220,False
-0.009633327087452539,0.0007430405071442914,0.0012472724771906514,-0.14838009784732029,780,3250,False
-6.582406314210678e-05,1.7948674736680664e-09,3.0128758507591876e-09,-0.14853884785628796,780,3290,False
-0.016591931357501734,0.00014198972730055127,0.0002383448509239786,-0.14826179294780892,UAE,1020,False
0.0017621400080143673,9.668611573447223e-05,0.00016229792309110138,-0.14856977329754753,UAE,1030,False
0.0049006983046794034,0.00022554879788140803,0.0003786076333067094,-0.14862277890640524,UAE,1040,False
-0.02589687072743036,0.0002475856579385972,0.0004155988454529626,-0.14810586180114335,UAE,1061,False
0.0009223760794948988,2.2158416759079203e-06,3.719525799197459e-06,-0.14855544136723145,UAE,1071,False
0.012792325443012748,0.00021596538454138271,0.00036252085528905536,-0.14875522482832831,UAE,1073,False
-0.051325046878013224,0.0004221249128472526,0.0007085815385144787,-0.14767945373714397,UAE,1074,False
0.0021094081464773243,4.884873519609937e-07,8.199779469605341e-07,-0.14857536265502994,UAE,1079,False
-0.029005209107960096,0.00023744503938351663,0.00039857673925036675,-0.14805365961842853,UAE,1104,False
0.026422235945741748,0.0005819568441295497,0.0009768764254659433,-0.14898493349482725,UAE,1200,False
-0.08279775602304165,0.00023799744095576305,0.0003995040040102219,-0.14715069230190242,UAE,1312,False
0.0033824214454835355,0.0008221294061934982,0.0013800316014738034,-0.148598781028332,UAE,1391,False
-0.022825600606239706,7.427770947356778e-05,0.00012468303114617909,-0.14815698553528714,UAE,1392,False
0.05138187294322045,0.00022362931418763433,0.0003753855758836741,-0.1494030129728415,UAE,1393,False
0.000373931972234384,1.3578439456830102e-05,2.2792854029982175e-05,-0.14854626348226452,UAE,1394,False
0.005225298716421854,9.436143704131747e-06,1.5839570278897132e-05,-0.14862768851417124,UAE,1399,False
0.0005172038292388564,8.634955763549303e-08,1.449469115355022e-07,-0.14854863481006741,UAE,1410,False
-0.012239333717545431,4.394858262293215e-06,7.377236771087349e-06,-0.1483345134946893,UAE,1430,False
0.007065748037756076,8.879265460717527e-05,0.00014904790950612205,-0.14865878044326328,UAE,1512,False
0.009211019645265642,5.166709841290962e-06,8.672871695029775e-06,-0.14869458243092626,UAE,1520,False
-0.009155229961761099,0.00014956970441045337,0.0002510686482620961,-0.14838664506401894,UAE,1629,False
0.0009910926934509046,2.485255572345087e-06,4.171765663333852e-06,-0.1485565955205182,UAE,1702,False
-0.0001699164148505428,1.0615398148729517e-06,1.7819074220081216e-06,-0.14853710319783167,UAE,1709,False
-0.08177340869402112,0.0005505276366605379,0.0009241191597730234,-0.14716865920158068,UAE,1811,False
-0.11760895666726011,0.004656476468071876,0.007816390739763727,-0.1465772184696582,UAE,2011,False
-0.03153360893590595,0.0005049189673094174,0.0008475601600200065,-0.14801188212189828,UAE,2013,False
-0.0029296876415103733,1.1164668428464877e-05,1.874108277259703e-05,-0.1484908026861184,UAE,2022,False
-0.03789249523909907,0.00048524066220400003,0.0008145280330770522,-0.1479050916944287,UAE,2023,False
-0.0252774760092788,0.0006335861808615844,0.0010635417554207879,-0.1481172187621271,UAE,2029,False
-0.06962304272631348,0.0009479914363602975,0.0015913043983684463,-0.1473736011591296,UAE,2030,False
0.0021952145410610384,1.2132343449322791e-06,2.0365428159929444e-06,-0.14857680481412108,UAE,2100,False
-0.08900297185794045,0.0007705925565218324,0.0012935215208812547,-0.14704784538052545,UAE,2211,False
0.0010480724788533105,1.7853475605555027e-06,2.9968956646234654e-06,-0.14855755024146802,UAE,2219,False
0.0012399544746142176,4.359402653472262e-07,7.317720762714706e-07,-0.14856076781975078,UAE,2220,False
0.004650740384352959,3.132898222047016e-06,5.258902695919851e-06,-0.14861802821549652,UAE,2310,False
0.0022524316256632287,4.029128841863924e-06,6.763321061493659e-06,-0.14857777228667,UAE,2392,False
-0.023482365416357027,0.0007100550001884476,0.001191902797372892,-0.14814754208787972,UAE,2393,False
-0.03265141926600959,0.0004681447819622888,0.0007858307807821742,-0.1479930269722783,UAE,2396,False
0.00817738100710123,1.2592123712624174e-05,2.113721820698259e-05,-0.14867725023776093,UAE,2399,False
0.0022192466040571136,3.1651718876105875e-06,5.3130774742912305e-06,-0.148577213086037,UAE,2410,False
-0.00037410484340341394,3.070820860283341e-07,5.15469924531389e-07,-0.14853367379685684,UAE,2420,False
0.009641282931947145,2.355400159819857e-05,3.953789549650044e-05,-0.1487018507550594,UAE,2431,False
-0.0016315152912261756,8.331732554755824e-06,1.3985698764660044e-05,-0.14851258683072685,UAE,2511,False
-0.0007920755367405142,4.718231006971958e-06,7.920052297876753e-06,-0.14852666871220557,UAE,2593,False
0.05716198877579286,0.0003934858057860457,0.0006605077529465228,-0.14950046498621344,UAE,2599,False
-0.0086291343146381,0.0006097431478867287,0.0010235186900342443,-0.14839662245352306,UAE,2610,False
-0.028508955287449254,0.00042948586496519036,0.0007209376791210084,-0.14806246709699367,UAE,2620,False
0.022463902027704073,0.0004175270192931554,0.0007008634854232437,-0.1489180769659963,UAE,2630,False
4.6071925992168794e-05,4.787470927928387e-07,8.03627886547496e-07,-0.14854072733865153,UAE,2640,False
0.0010941482111360705,1.0569612623519368e-06,1.7742218348968864e-06,-0.14855832185525272,UAE,2651,False
0.015002466833892945,0.0005844133594736259,0.0009809999476010128,-0.14879324479391678,UAE,2652,False
0.0004838418863553121,6.532946804122718e-06,1.0966245669498277e-05,-0.14854809086922396,UAE,2660,False
-0.0006526520985951764,9.69096878875308e-06,1.6267321271595365e-05,-0.14852902148112662,UAE,2670,False
0.08135692881860646,0.004470068396669091,0.007503484976549751,-0.14991686430152357,UAE,2680,False
-0.04760038838279517,0.0005216081652541502,0.0008755747528486715,-0.14774222325359615,UAE,2710,False
0.006775942283942854,3.881316096194286e-06,6.515201655244493e-06,-0.1486537038579031,UAE,2720,False
-0.007481902388604987,8.659657185967878e-06,1.4536155116865702e-05,-0.1484143826674992,UAE,2732,False
0.04968872520026089,0.0006171060247393014,0.00103587806151246,-0.14937557819962613,UAE,2740,False
0.0006885611040389117,4.438438739669091e-06,7.450391235011083e-06,-0.14855152207643232,UAE,2750,False
0.04278912278365686,0.0006124302797875843,0.0010280293265746386,-0.1492597481238567,UAE,2790,False
0.004452411766797557,5.555614831406277e-06,9.325690061927689e-06,-0.14861470510249486,UAE,2811,False
-0.001184966832171782,3.068264720096709e-06,5.15040849229037e-06,-0.1485200695001648,UAE,2812,False
8.038941259726573e-05,5.995588593732572e-07,1.006423279164329e-06,-0.1485413036953836,UAE,2813,False
0.00037342097035844655,3.5132293902427526e-06,5.897328991319911e-06,-0.1485462298068817,UAE,2814,False
-0.00319435480645916,3.029515648816788e-06,5.085364057081996e-06,-0.14848633968869757,UAE,2816,False
0.004629968040858506,1.3975844935331095e-05,2.3459941370245864e-05,-0.1486177065795791,UAE,2817,False
0.001540560835912975,3.14036112901509e-06,5.271429978580238e-06,-0.14856582056148973,UAE,2818,False
-0.00033870529712505754,1.140276934605309e-06,1.914076047313449e-06,-0.14853427009328368,UAE,2819,False
0.002391171722640073,1.219744106929264e-06,2.0474701434990935e-06,-0.1485800941800212,UAE,2822,False
-0.0004118610929562967,7.639415518563415e-07,1.2823571025417814e-06,-0.1485330411571504,UAE,2824,False
0.008371851775728726,6.877667841416057e-06,1.1544896574786135e-05,-0.1486805003751119,UAE,2825,False
-0.0034839715992146655,1.297147764191866e-05,2.1774004103005426e-05,-0.14848150294226323,UAE,2826,False
-0.00012028170704595506,2.1366025535261695e-07,3.5865145090817413e-07,-0.14853793425510417,UAE,2829,False
0.013580174521943378,0.002339310178851999,0.003926780806214428,-0.1487737524630527,UAE,2910,False
0.01508073529720281,2.0432402406286065e-05,3.429795942375957e-05,-0.1487931499846343,UAE,2920,False
0.0029445317374377214,0.000530261890264368,0.0008901009501779443,-0.14859070248121836,UAE,2930,False
-0.003805432472492074,0.0015526607845204395,0.00260630617621163,-0.1484799443913817,UAE,3012,False
-0.0967509669397673,0.0017285339364078226,0.002901527957146523,-0.1469201478805202,UAE,3030,False
0.0012659909402279316,4.4371363773217137e-07,7.448205081368589e-07,-0.1485612048888912,UAE,3100,False
-0.0020054893041181196,1.4444042714012186e-06,2.424586111165415e-06,-0.14850629210952226,UAE,3211,False
0.0024537970925437493,7.914578100185826e-06,1.3285460668728621e-05,-0.14858116211098518,UAE,3212,False
-0.001892531979431925,4.951258545615813e-06,8.311213792550853e-06,-0.1485081969604627,UAE,3230,False
-0.022633174768676146,0.00022903029687364185,0.0003844516994519983,-0.14816060048684726,UAE,3240,False
-0.022681906618969815,0.0006985317376035373,0.001172559776189784,-0.14816095014069652,UAE,3250,False
-0.00013863999892718787,7.59310501671011e-07,1.2745833925204382e-06,-0.1485376274521624,UAE,3290,False
0.02900164172317838,0.00022347270659792487,0.0003751226933968034,-0.14902733519939657,Tunisia,1020,False
-0.018374945827604218,0.00016553316127590218,0.0002778650075421804,-0.14823192166485694,Tunisia,1030,False
-0.018929668610963634,0.0003258509265678979,0.0005469754185235653,-0.14822300891204543,Tunisia,1040,False
0.008640334740614942,2.0445134521056937e-05,3.431933163183901e-05,-0.14868504100977992,Tunisia,1071,False
-0.032720981929290224,0.0005559568845016935,0.000933232729408878,-0.14799207742477344,Tunisia,1074,False
-0.00013111082715112657,1.3927659693839942e-05,2.337905732026361e-05,-0.14853778667081258,Tunisia,1079,False
-0.05218881672510524,0.00034077990579658854,0.0005720352971243436,-0.1476647527072261,Tunisia,1312,False
-0.002261578715365866,0.00013575770791608656,0.00022788374391726195,-0.1485023281885312,Tunisia,1392,False
-0.024870966588968382,0.0003235429598706191,0.0005431012510830149,-0.14812327162574343,Tunisia,1393,False
0.0007884034707853847,3.726968143787572e-05,6.256112209788134e-05,-0.14855327990562087,Tunisia,1399,False
-0.00031944747679705734,7.50325133153412e-06,1.2595004963099895e-05,-0.14853460922115166,Tunisia,1410,False
-0.0013440890667735157,2.6311267656336344e-05,4.4166259675223975e-05,-0.14851745640952368,Tunisia,1430,False
-0.017442118481656572,0.00015515305019285242,0.00026044088767309304,-0.14824755437606973,Tunisia,1512,False
-0.003523031892875775,2.815468728523762e-05,4.7260635479684755e-05,-0.14848088511635396,Tunisia,1520,False
0.04656794013693744,0.00023295699062677222,0.0003910430723281003,-0.1493222290703009,Tunisia,1629,False
0.007486245999251544,1.6510974357034982e-05,2.7715425591368525e-05,-0.14866565857905592,Tunisia,1709,False
-0.2671012884060466,0.004251733814259985,0.0071369871707916204,-0.1440666557401856,Tunisia,2011,False
0.10517484909754983,0.00036081456622329014,0.0006056656043550005,-0.15030633477647376,Tunisia,2023,False
0.030660123603530896,0.0004900945227323103,0.0008226757539440492,-0.14905584179165765,Tunisia,2029,False
0.019050150847564055,1.9090155687096643e-05,3.204485562343162e-05,-0.14885977751306215,Tunisia,2219,False
0.006022848356712479,5.630187235345614e-06,9.45086776906098e-06,-0.14864106673857025,Tunisia,2220,False
0.005475769042031606,2.3069373668813287e-05,3.872439600059372e-05,-0.14863192693966787,Tunisia,2310,False
0.007564276918521564,2.5404909227509034e-05,4.2644840705629983e-05,-0.14866699060646488,Tunisia,2392,False
-0.005303819785095027,0.0005576114533538486,0.0009360100991095438,-0.14845231205421106,Tunisia,2393,False
-0.02350153300975516,0.0006085947371894992,0.001021590960601739,-0.1481469680207845,Tunisia,2396,False
0.0038205129918719486,1.2868069569638349e-05,2.1600422661301432e-05,-0.14860411624961342,Tunisia,2420,False
0.0012507776491126256,2.7094192638356782e-05,4.548048248325381e-05,-0.14856101597738047,Tunisia,2593,False
-0.018099965813677663,0.0002823548350639109,0.0004739626052560996,-0.1482368281991898,Tunisia,2599,False
-0.0326154565444867,0.0004691520659226386,0.0007875216139849136,-0.14799363315187686,Tunisia,2610,False
-0.029281215835938876,0.00031297082516524026,0.0005253547991515451,-0.14804921422830472,Tunisia,2620,False
0.006106896642499197,0.000302774568156833,0.0005082392978906171,-0.14864321899377328,Tunisia,2630,False
0.0029475226789022224,4.019917016772895e-06,6.747858033852148e-06,-0.14858944010670005,Tunisia,2651,False
-0.0595138753740841,0.0007402590583251792,0.0012426035196769804,-0.1475427824884937,Tunisia,2652,False
0.007594421114980434,3.123716998373486e-05,5.243491036010574e-05,-0.1486675111637209,Tunisia,2660,False
0.01700330450760498,0.0003922650930600234,0.0006584586568729109,-0.14882635127952074,Tunisia,2710,False
0.006119043992337179,3.57100521607901e-05,5.994311856614131e-05,-0.14864275653780426,Tunisia,2732,False
0.0642993746721073,0.00047561326824566695,0.0007983674289163849,-0.14962048065461825,Tunisia,2740,False
-0.019752250608934884,2.6417744822877804e-05,4.4344992917893096e-05,-0.14820845597840254,Tunisia,2750,False
0.01780731373482048,0.00047150949799161377,0.0007914788143100747,-0.14884004550650307,Tunisia,2790,False
-0.0014467383400494035,2.289340742353915e-05,3.8429017952513236e-05,-0.14851572481088363,Tunisia,2812,False
0.0039360775377925315,5.101939920836855e-06,8.564148498440242e-06,-0.14860603675108744,Tunisia,2813,False
0.004784474700500863,3.862096648424815e-06,6.4829397691169185e-06,-0.1486202749074394,Tunisia,2819,False
-0.013579826369512197,1.5265405287929062e-05,2.5624605503636608e-05,-0.14831203896195555,Tunisia,2824,False
0.005516998191850285,1.2217075030401263e-05,2.050765912582146e-05,-0.14863259193902392,Tunisia,2829,False
0.024126482432311504,0.0003997743027352909,0.0006710636635493452,-0.14894594095509067,Tunisia,2930,False
0.05991138693273732,0.00180088845842098,0.003022982713703653,-0.1495501499699355,Tunisia,3012,False
-0.01575910192569009,0.001485530616254334,0.002493621052772954,-0.1482791170200574,Tunisia,3030,False
-0.0006088869308921331,1.3683915071325237e-05,2.2969906061075556e-05,-0.14852976608144394,Tunisia,3100,False
-0.028648334265450246,1.793431869483628e-05,3.010466036529447e-05,-0.14805910460726332,Tunisia,3211,False
-0.00333165711947854,2.7648684592719146e-05,4.6411256171700274e-05,-0.14848409628568315,Tunisia,3230,False
-0.02802553116264809,0.0005474051829334572,0.0009188777892721648,-0.14807087503708233,Tunisia,3250,False
0.0049707435153992004,1.5244679274099854e-05,2.5589814686228288e-05,-0.1486234300250005,Tunisia,3290,False
0.023574285121637922,0.0005262291009354146,0.0008833314845997576,-0.1489369878214573,Turkiye,1010,False
-0.0015941402020799057,5.940830694783434e-05,9.972315837437745e-05,-0.14851334154300003,Turkiye,1020,False
-0.005523647635063541,3.1636620399325724e-05,5.310543034465364e-05,-0.14844731131502042,Turkiye,1030,False
0.0016195309616878913,0.00011685645273619212,0.00019615597787548205,-0.14856742975134832,Turkiye,1040,False
0.0010534709970164604,0.0002941388350535617,0.0004937433018897115,-0.14855836990622007,Turkiye,1050,False
0.01629915188965821,0.00013286225556066587,0.00022302341934920747,-0.14881388325912442,Turkiye,1061,False
0.04739682407179468,0.000750643834630008,0.0012600354706167414,-0.14933744055874912,Turkiye,1062,False
8.766429283611375e-06,7.3967433948527304e-06,1.2416220069480005e-05,-0.14854011837558645,Turkiye,1071,False
0.005050589965667041,3.9948396066515786e-06,6.705762935209744e-06,-0.14862474226650838,Turkiye,1072,False
0.007860012322197586,0.00010998755056628273,0.0001846257954121195,-0.14867216592795282,Turkiye,1073,False
0.027916739731485396,0.00026691105974553046,0.0004480385866954378,-0.1490092325497102,Turkiye,1074,False
0.006597557334598181,1.2315517098362054e-05,2.0672904601383913e-05,-0.14865073052223848,Turkiye,1079,False
0.010659726027257864,2.6374885000371173e-05,4.427304814977372e-05,-0.1487189534538609,Turkiye,1101,False
-0.0490927697084252,0.0005719024174713899,0.0009599990015246138,-0.14771729653759494,Turkiye,1102,False
-0.05634348764860009,0.00033572901249486983,0.0005635568358023998,-0.14759499922651903,Turkiye,1103,False
0.00472804453418439,0.00012546208603103623,0.00021060144814830285,-0.14861963102724424,Turkiye,1104,False
0.0028542201818857497,0.0003966277738261186,0.0006657818802961299,-0.14858885317616227,Turkiye,1200,False
0.0023850393081029327,0.0004021744513743299,0.0006750925681781726,-0.148580991258021,Turkiye,1311,False
-0.009104089446887528,0.00012586371440446583,0.00021127562406660216,-0.14838744446607932,Turkiye,1312,False
-0.006746632119645272,0.000598513387544063,0.0010046683435643254,-0.14842819459790255,Turkiye,1391,False
-0.008974384148521568,1.9449739498845673e-05,3.264845527557114e-05,-0.14838935664772385,Turkiye,1392,False
0.014695110250840351,0.00011547597589538292,0.00019383870075211516,-0.1487869142319151,Turkiye,1393,False
-0.0007833135940639162,2.739186632055597e-07,4.598015940183523e-07,-0.1485268047102662,Turkiye,1394,False
0.0003861238595066979,1.2914848044932628e-06,2.167894530468158e-06,-0.1485464374984496,Turkiye,1399,False
-0.0007942112096231855,2.0269073317048344e-05,3.402379418542854e-05,-0.14852667163368521,Turkiye,1410,False
-0.05141447745529084,0.001363929666237271,0.0022895009318667247,-0.14768028726204646,Turkiye,1420,False
-0.000816471038400664,4.460012137447083e-06,7.486604476455201e-06,-0.1485262585639612,Turkiye,1430,False
-0.007288850899313595,0.0006031718893209129,0.0010124881340001655,-0.14841910439403835,Turkiye,1511,False
-0.008091455620954304,2.7193300861184966e-05,4.564684617057411e-05,-0.14840419683662362,Turkiye,1512,False
-0.001946443356549428,3.7450997728386833e-06,6.286548076560723e-06,-0.14850728899383783,Turkiye,1520,False
0.03055995989163196,0.00016965453997222837,0.00028478317979064075,-0.14905335866990255,Turkiye,1610,False
0.07957327454415732,0.00037025136814558394,0.0006215062795230519,-0.14987660627161392,Turkiye,1621,False
0.06700721567956243,0.00034264181028226845,0.0005751607017258661,-0.14966560094092654,Turkiye,1622,False
-0.040398104294977547,0.0006107847429479552,0.0010252671180671095,-0.14786334364874618,Turkiye,1623,False
0.025630556041632294,6.434612347362561e-05,0.00010801180830775265,-0.148970349812949,Turkiye,1629,False
-0.005150110141098722,2.9325464958811744e-06,4.922591025961642e-06,-0.1484535100131064,Turkiye,1701,False
-0.004302099718670403,6.926352652502117e-06,1.1626619205438192e-05,-0.14846775472351173,Turkiye,1702,False
-0.0018645566056276822,1.0099399655690979e-05,1.6952915898360216e-05,-0.14850867939056786,Turkiye,1709,False
0.045234571923129935,0.0003707573181813823,0.0006223555704411342,-0.14930019233127984,Turkiye,1811,False
0.005560869408307107,0.0052485164493455,0.00881019278277356,-0.14864639391683107,Turkiye,2011,False
0.03590789521052575,0.0003335056193892874,0.0005598246341257693,-0.14914353991252113,Turkiye,2013,False
0.000925076638777292,7.515304043458072e-07,1.261523672127958e-06,-0.14855548304749433,Turkiye,2022,False
-0.017401452419513047,0.0006883510267195412,0.0011554703707512487,-0.14824956388169008,Turkiye,2023,False
-0.0005695706020450049,0.0008631493594281031,0.001448887953440137,-0.14853254400080654,Turkiye,2029,False
-0.043531379350961436,0.0007065603934937946,0.0011860367285557306,-0.1478109853945623,Turkiye,2030,False
0.012999994626076282,9.652185303864269e-06,1.6202219069486264e-05,-0.14875819560973585,Turkiye,2100,False
-0.0037996906856769866,0.0005546629365413144,0.0009310607002094195,-0.1484775533475637,Turkiye,2211,False
0.0031488073043583623,8.248940141891006e-06,1.3846722898750168e-05,-0.14859282943173877,Turkiye,2219,False
0.0012837720984854163,2.370252138857321e-05,3.978720175244651e-05,-0.14856156136650794,Turkiye,2220,False
0.0030289008975689724,5.94514259117183e-06,9.979553813884565e-06,-0.14859081092870172,Turkiye,2310,False
0.0003922749898054033,7.962840210702523e-07,1.3366473751541512e-06,-0.14854653951692368,Turkiye,2391,False
-0.0012479481587901536,4.844386937301392e-06,8.13181843743626e-06,-0.14851901671955425,Turkiye,2392,False
0.018786881997102933,0.0009520386175273364,0.0015980980221767262,-0.14885768945544,Turkiye,2393,False
-0.0009251556608144754,1.254659817564431e-07,2.106079875375178e-07,-0.14852442337027194,Turkiye,2394,False
0.026795659077723948,0.0005758599754383766,0.0009666421832645705,-0.14899118661201644,Turkiye,2395,False
-0.022066261249288843,0.000303748703470161,0.0005098744875655961,-0.1481703026095296,Turkiye,2396,False
0.0004966359273875426,4.3524044831211084e-07,7.305973589867788e-07,-0.1485482904259442,Turkiye,2399,False
0.006981752892322514,5.900880543179682e-06,9.90525526122978e-06,-0.14865716364752643,Turkiye,2410,False
-0.009595509263639588,1.3352563225425554e-05,2.2413696764700363e-05,-0.14837891521277174,Turkiye,2420,False
-0.0004155831479471661,4.1600009642562045e-07,6.983003830766586e-07,-0.14853297781098315,Turkiye,2431,False
-0.0022520251540482845,1.7471333949586191e-06,2.9327491254650784e-06,-0.14850215449774382,Turkiye,2511,False
-0.0012013764225222289,1.8892422017593194e-06,3.1712938639883273e-06,-0.14851979110835598,Turkiye,2512,False
-0.008872563657767797,1.241430953137536e-05,2.0838738201931172e-05,-0.1483910482888867,Turkiye,2513,False
0.0014591247199711493,2.6644268270977284e-06,4.472523660519714e-06,-0.14856445238275331,Turkiye,2520,False
-0.0002679630641084443,4.1457719029550814e-06,6.959118838809205e-06,-0.1485354650705652,Turkiye,2593,False
0.03753828813412737,0.0005781496396664526,0.0009704856280649931,-0.1491715205367591,Turkiye,2599,False
-0.11646677418770823,0.0008352818764349153,0.0014021094208947612,-0.1465869894785871,Turkiye,2610,False
-0.01392688144111859,0.0006216199101639552,0.0010434550980282758,-0.14830772279377497,Turkiye,2620,False
0.014035929948408847,0.0006072155331299824,0.0010192758199770691,-0.14877707723197597,Turkiye,2630,False
-0.0037348637480399283,1.236471930527174e-05,2.075549573592562e-05,-0.14847728993767337,Turkiye,2640,False
-0.00038388020930049124,2.741938247459917e-05,4.602634819139143e-05,-0.148533577305884,Turkiye,2651,False
0.046127077489308846,0.0003986562143579293,0.0006691868333540312,-0.14931524400583993,Turkiye,2652,False
0.0017915492101720255,2.730104597977477e-06,4.582770780554094e-06,-0.14857003264523563,Turkiye,2660,False
0.00044074919935400286,1.1995368948448365e-06,2.01355018996853e-06,-0.14854735421359164,Turkiye,2670,False
0.47946005506198647,0.005050495166632633,0.008477793009879638,-0.15660147582270345,Turkiye,2680,False
-0.008516946986284477,5.009361084955021e-06,8.408745081189749e-06,-0.1483969992482449,Turkiye,2720,False
-0.1157115290611999,0.0023890696437946606,0.004010307357601569,-0.14660349101146594,Turkiye,2731,False
0.0013146767680592148,1.6015820238399968e-06,2.688425676786168e-06,-0.14856202501973018,Turkiye,2732,False
-0.055773990344912865,0.0008438957957943223,0.0014165688002077679,-0.1476058180004004,Turkiye,2740,False
0.001350086101200547,4.416325614251187e-06,7.413272003349786e-06,-0.14856262642239942,Turkiye,2750,False
0.0074600592358259376,0.0008384264555527695,0.0014073879312159845,-0.14866727012829248,Turkiye,2790,False
0.00010837786495801313,3.4270548381417404e-06,5.752675845177298e-06,-0.14854178056148135,Turkiye,2811,False
-0.0017783013153496493,6.034979454898786e-06,1.0130354539398714e-05,-0.1485101171453553,Turkiye,2812,False
0.007477988379163296,2.4826080218510947e-05,4.16732146839242e-05,-0.14866554071651478,Turkiye,2813,False
0.003157545610170859,5.4471113558749085e-06,9.143555444220332e-06,-0.14859296912493392,Turkiye,2814,False
0.0010971397704922124,8.943064977923216e-07,1.5011885222194434e-06,-0.1485583716661436,Turkiye,2815,False
0.0020680065337261976,6.089619391658422e-06,1.022207348152968e-05,-0.14857468165407747,Turkiye,2816,False
0.0007415700540951913,2.2074743547337336e-07,3.7054803611519787e-07,-0.14855240137079653,Turkiye,2817,False
-0.002631240250413637,5.934872603062639e-06,9.962314547133283e-06,-0.14849579940766486,Turkiye,2818,False
0.004700034381812534,2.783726613878032e-05,4.672781034317089e-05,-0.1486189172983322,Turkiye,2819,False
0.0965660666982078,0.003900579891628529,0.006547537983641589,-0.15017074934576186,Turkiye,2821,False
0.0015942547681291614,9.63385718559664e-06,1.617145337467675e-05,-0.14856673806507673,Turkiye,2822,False
0.06103276225995334,0.0019366804175354924,0.0032509239518984092,-0.14956931495633868,Turkiye,2823,False
-0.000310562483160143,1.1117078396511602e-05,1.8661197845095473e-05,-0.1485347673756401,Turkiye,2824,False
0.0006443484256919595,2.5145554831732835e-06,4.2209486782688e-06,-0.14855077512221015,Turkiye,2825,False
-1.4377931451048292e-05,3.6805096667887835e-07,6.178126717563103e-07,-0.148539712347518,Turkiye,2826,False
-0.005093696815677766,1.4032754418302086e-05,2.3555469986947622e-05,-0.14845448463213393,Turkiye,2829,False
0.0038044004088508042,3.87959538656745e-06,6.512313261222695e-06,-0.1486038233612089,Turkiye,3011,False
-0.1318904383489997,0.0012387268152130157,0.002079334637234244,-0.14632907424126632,Turkiye,3012,False
-0.003641333606529998,1.9166687333754247e-06,3.2173322127736977e-06,-0.14847883390038183,Turkiye,3020,False
0.04668979705513856,0.0020961661354898767,0.0035186376829761494,-0.14932894499850613,Turkiye,3030,False
-9.523263743126012e-05,2.3151672399947823e-07,3.886254316924046e-07,-0.14853835477488944,Turkiye,3040,False
-0.0012762753944121404,5.819537701263022e-07,9.768712654247226e-07,-0.14851853059033027,Turkiye,3091,False
-0.0036131190781162983,3.7508070463646745e-06,6.2961283418629825e-06,-0.1484793120826243,Turkiye,3099,False
-0.0034960776967616104,1.2546808700090205e-05,2.1061152141413173e-05,-0.14848129867005067,Turkiye,3100,False
2.960961022025396e-05,9.038633937109382e-06,1.5172307879264346e-05,-0.14854047234448478,Turkiye,3211,False
-0.0008698148392670008,1.9459686685898487e-06,3.266515268643522e-06,-0.14852535686358861,Turkiye,3212,False
-0.01630784700742192,0.0002432127882766886,0.00040825851888503107,-0.14826681354315707,Turkiye,3220,False
0.003505043161643305,3.932778582274396e-06,6.60158690864369e-06,-0.1485987984639271,Turkiye,3230,False
0.021153687563860435,0.00011936613831402941,0.0002003687518999686,-0.14889533825075585,Turkiye,3240,False
-0.00987660982520305,0.000938688073451161,0.0015756877147686799,-0.1483765013341362,Turkiye,3250,False
0.0037865153848699925,1.113477855676273e-05,1.8690909445621725e-05,-0.14860354123987624,Turkiye,3290,False
0.00928588621123909,0.000347062703111929,0.0005825816402857801,-0.1486966925293601,Turkiye,Wastes,False
-0.19578956110005924,0.001154114679732087,0.0019373041734748906,-0.14525623092438222,795,1410,False
-0.19578956110005924,0.001154114679732087,0.0019373041734748906,-0.14525623092438222,795,2011,False
0.0,0.0,0.0,-0.14853995277868415,796,1020,False
-0.0006582601596420887,8.787875132172806e-05,0.00014751382569266577,-0.14852912228315795,800,1020,False
-0.0035811917365024862,3.3953915615123676e-06,5.6995256695169265e-06,-0.1484798471311913,800,1079,False
-0.0059467680448018504,3.692839949821271e-05,6.19882440835455e-05,-0.14844022197106532,800,1392,False
0.00889811966330439,8.039666028212617e-06,1.3495434052893429e-05,-0.14868933724229433,800,1410,False
0.014950562121939124,4.7353774808628286e-05,7.948834476989903e-05,-0.14879103212802655,800,1512,False
0.023602545864067466,9.386299843643252e-05,0.00015755902060614978,-0.14893638126345843,800,1629,False
-0.02441692882806715,0.0005412889939659835,0.0009086111159332568,-0.14813143461154657,800,2620,False
0.06920191526930296,0.0005278531723024408,0.0008860576610297215,-0.1497029069428831,800,2630,False
0.0004465890525532877,7.38254902332834e-08,1.239239330800043e-07,-0.1485474494347457,800,3212,False
-0.0007552986386748845,2.7895456152440417e-06,4.6825488466756e-06,-0.1485272812430065,800,3290,False
-0.05071200035544002,0.00041194008793688555,0.0006914852272453546,-0.14768971919794496,800,Wastes,False
0.005548697534987625,0.00010880511697488087,0.00018264095493507828,-0.1486333650305271,Ukraine,1020,False
0.03194747952871909,6.96880139656586e-05,0.00011697873934693128,-0.1490763995707568,Ukraine,1030,False
0.05326360069778057,0.00018315039845417862,0.0003074374128758469,-0.14943449835369227,Ukraine,1040,False
0.0016411590851532847,0.000394966611684858,0.0006629934430588271,-0.1485684863778201,Ukraine,1050,False
-0.017184149812524536,0.00020305907309306994,0.000340856239569249,-0.14825200388336332,Ukraine,1061,False
-3.8023466053765774e-07,1.2925667331133635e-11,2.169710662667091e-11,-0.1485399463960734,Ukraine,1071,False
-0.0041046375832515984,0.0001745248574849728,0.00029295852545540424,-0.14847148703345758,Ukraine,1073,False
0.06910472475946638,0.0003633104206770777,0.0006098551613675072,-0.14970086200121877,Ukraine,1074,False
-0.00039275769432574336,6.178846890221045e-07,1.0371851322839367e-06,-0.14853336146384544,Ukraine,1079,False
0.001712123011470436,5.819469969395807e-06,9.768598959108143e-06,-0.14856870709651673,Ukraine,1101,False
-0.03443191974449288,0.0007095708983119436,0.0011910901809126665,-0.14796373878586178,Ukraine,1102,False
0.02512569491034551,0.0004429425423106356,0.0007435261425035968,-0.14896282185414234,Ukraine,1103,False
-0.024489526017821305,0.0001938854796267111,0.00032545738777380647,-0.14812935214978395,Ukraine,1104,False
-0.040648775989240965,0.0001943846777039797,0.0003262953448117566,-0.14785810231775415,Ukraine,1312,False
0.005379399417906311,5.088648795566892e-05,8.541837931814702e-05,-0.1486303786739297,Ukraine,1392,False
0.05261111853423556,0.00018142111466741627,0.00030453462621517045,-0.14942354137584962,Ukraine,1393,False
0.0010469128460936295,3.1642293036829587e-06,5.311495246971092e-06,-0.14855753421431103,Ukraine,1410,False
-0.00042186875134655127,3.738302667549231e-07,6.275138412793289e-07,-0.14853287219530645,Ukraine,1430,False
0.01195931551975002,0.0007443538327357366,0.0012494770338037156,-0.14874256110669565,Ukraine,1511,False
0.009331833191081442,6.301200787779915e-05,0.00010577235346233597,-0.14869675479868552,Ukraine,1512,False
-0.002511457799599927,6.210459115966988e-07,1.0424915804165144e-06,-0.14849779683789013,Ukraine,1520,False
0.017867954684461923,0.0002480133931220389,0.0004163168444270472,-0.14884050503997115,Ukraine,1610,False
0.056058092102434114,0.0004824703468643048,0.0008098777642920828,-0.14948215806769577,Ukraine,1621,False
0.05106231743973301,0.00045087753782139254,0.0007568458759663601,-0.14939821877092166,Ukraine,1622,False
-0.0014844168094106745,2.0671987572944853e-07,3.4700128594139154e-07,-0.14851503577993733,Ukraine,1709,False
0.076308726942186,0.0048613462111396465,0.00816028638136154,-0.14983310268762193,Ukraine,2011,False
-0.06357422860182016,0.0004403881426081371,0.0007392383110677104,-0.14747388195499608,Ukraine,2013,False
-0.012044838893594045,0.0005528684081905909,0.0009280483936125719,-0.1483391440131141,Ukraine,2023,False
0.01989147687347095,0.0007105483587668211,0.0011927309521912023,-0.1488756280485402,Ukraine,2029,False
0.00046598560965621503,1.470768077296792e-07,2.4688405618600663e-07,-0.14854777520923038,Ukraine,2100,False
-0.03583131682726333,0.0006903532287471624,0.0011588312796906887,-0.14794020041400807,Ukraine,2211,False
-5.502768592905515e-05,2.2143264733306628e-08,3.7169823706039834e-08,-0.14853902913569253,Ukraine,2219,False
-0.0014048547529153794,4.60202395649686e-06,7.724986410728629e-06,-0.14851638227115216,Ukraine,2220,False
0.0009696231766074259,8.123889711271164e-08,1.3636812457968936e-07,-0.14855622913700595,Ukraine,2310,False
-0.05382891605796796,0.0007913999911999556,0.0013284490118395985,-0.147638338502024,Ukraine,2393,False
0.09414531195105605,0.00040609014839909467,0.0006816654818767498,-0.15012130524230946,Ukraine,2396,False
-0.004434349092847445,4.258292800706244e-06,7.147997126768484e-06,-0.14846552812771496,Ukraine,2399,False
-0.00019744060784688614,8.65053260868562e-08,1.4520838543945743e-07,-0.14853663874388773,Ukraine,2410,False
0.0017133750091155727,8.664356293434775e-07,1.4544043068268712e-06,-0.1485687157603367,Ukraine,2420,False
0.00027245523926444106,1.964199311762977e-06,3.297117341145218e-06,-0.14854453112718533,Ukraine,2511,False
-0.01462292784849219,1.8971233050257656e-05,3.184523133590216e-05,-0.14829453861516753,Ukraine,2520,False
-0.00044677778164028926,4.722078584399425e-07,7.926510865590086e-07,-0.14853245431603418,Ukraine,2593,False
-0.03166097923205693,0.0004546043053833092,0.0007631016514781559,-0.14800961905018384,Ukraine,2599,False
0.02748633711743623,0.0006852852139417203,0.0011503240781047122,-0.1490030541834609,Ukraine,2610,False
0.005697036768466908,0.0004932403857749693,0.0008279564194695396,-0.14863681424489514,Ukraine,2620,False
-0.01607111420614937,0.00048041858291588714,0.0008064336604001042,-0.14827137775327776,Ukraine,2630,False
-0.0023796373946817174,6.289435189663754e-07,1.0557485539100774e-06,-0.14850000960322274,Ukraine,2640,False
-0.0006867015970099899,6.315477255270798e-06,1.0601199914519816e-05,-0.14852844150820468,Ukraine,2651,False
-0.0017090052341703279,1.147015021301325e-06,1.9253866420980655e-06,-0.14851126816855506,Ukraine,2660,False
-0.0014461872002012749,2.650569502000067e-06,4.449262667295774e-06,-0.14851568359707015,Ukraine,2670,False
0.05586674397274537,0.0005916432454358776,0.00099313607973276,-0.14947921999523966,Ukraine,2710,False
-0.005657726974721184,0.00213026735194391,0.0035758801997876556,-0.14845029022172765,Ukraine,2731,False
-0.0018460403596897487,2.1250479751649093e-06,3.5671189210391313e-06,-0.14850897032637897,Ukraine,2732,False
0.013790795841544318,0.0006881337657162884,0.0011551056750622268,-0.14877316443390368,Ukraine,2790,False
7.486568093530673e-05,7.111351324330371e-08,1.1937159141645732e-07,-0.1485412096560376,Ukraine,2812,False
0.0002042517327084929,5.104377656769754e-06,8.568240497337379e-06,-0.14854339408869452,Ukraine,2813,False
-0.00128477449719816,1.5162141336163147e-07,2.545126598353618e-07,-0.14851838685101862,Ukraine,2814,False
0.00011333296079255606,6.531871804966809e-08,1.09644411691416e-07,-0.14854185535577294,Ukraine,2816,False
0.008065598380201829,5.078050509196424e-06,8.52404758153343e-06,-0.14867535509446558,Ukraine,2817,False
0.0039770670493279835,6.516852281693049e-06,1.093922930273625e-05,-0.14860672833319993,Ukraine,2819,False
0.0010599760605844628,1.4482200116746874e-07,2.43099123683144e-07,-0.14855774596476878,Ukraine,2822,False
0.001109965295935199,3.7324477264656023e-07,6.265310271798325e-07,-0.14855858565684626,Ukraine,2824,False
0.0011201204924456583,1.0459994283179762e-06,1.7558212312169641e-06,-0.14855875780027533,Ukraine,2829,False
0.026801263007606803,0.0006008573211134761,0.0010086028852230677,-0.14899134319926366,Ukraine,2930,False
-0.005593608342466896,0.0014378385603945449,0.0024135648672990676,-0.1484496410449761,Ukraine,3012,False
-0.0019718392384140398,1.7925263687787277e-06,3.0089460573406417e-06,-0.1485068578294738,Ukraine,3020,False
0.12393502898585,0.001854216672722939,0.003112499790252001,-0.15062502218788648,Ukraine,3030,False
-0.006025710703546218,1.2153239266891494e-05,2.0400504010964814e-05,-0.14843883510140488,Ukraine,3091,False
0.00027310112835558065,6.705264290407549e-07,1.125549888774848e-06,-0.1485445387433757,Ukraine,3100,False
-0.0012264424991689374,8.016905570918348e-08,1.3457228205865628e-07,-0.14851936583748085,Ukraine,3211,False
-0.00038601829879908364,5.478475540498746e-07,9.196203562155635e-07,-0.14853347441714154,Ukraine,3230,False
0.01661599660935043,0.00018628897263936437,0.00031270584327925565,-0.14881933531150013,Ukraine,3240,False
0.018232826358235095,0.0007792319339008213,0.0013080236341863427,-0.14884795711724194,Ukraine,3250,False
-0.00012558985299389558,3.7649375983942536e-07,6.319847975536443e-07,-0.14853784555823496,Ukraine,3290,False
-0.01029308144980224,0.0004559467510436676,0.0007653550892223837,-0.14836830800929685,Ukraine,Wastes,False
-0.023429353853664896,0.00018073738258145376,0.00030338690922747787,-0.14814711562756813,807,1030,False
-0.14693901914746443,0.0006234855492625807,0.0010465867715746206,-0.14607495394579179,807,1050,False
-0.019871855784629463,0.0003742601884809769,0.0006282355105976194,-0.14820731364633136,807,1061,False
-0.008574353247218615,2.6005113618989928e-05,4.365234757905769e-05,-0.1483960879231824,807,1071,False
-0.019771252015969618,3.387830051680343e-05,5.6868328714678156e-05,-0.14820815558005856,807,1072,False
-0.007903748173845478,0.0003351356801565812,0.0005625608644007615,-0.14840811484979652,807,1073,False
-0.0228948397593381,0.0005835427374264634,0.0009795385159468563,-0.14815708981163883,807,1074,False
-0.0055009254998225595,1.857497317790402e-05,3.1180067017335884e-05,-0.14844766018271074,807,1079,False
-0.0044185989494504125,7.201536838360745e-06,1.2088545113756043e-05,-0.14846579984565791,807,1101,False
-0.08463891586672712,0.0010070275706304008,0.0016904028253409242,-0.14712168555297644,807,1102,False
-0.006431495478410324,0.0003617680963171265,0.0006072662059787074,-0.14843289467314294,807,1104,False
-0.04715317169023032,0.0007692153750362709,0.0012912097753619706,-0.14775034443446106,807,1200,False
0.09655947163178205,0.0007769322244708074,0.0013041633274466522,-0.15016276452141392,807,1311,False
-0.004674562487822097,0.00014955827965617522,0.00025104947059757744,-0.14846185799092793,807,1392,False
-0.010330655842762146,1.1003136632725106e-05,1.8469934482456405e-05,-0.14836656914198101,807,1410,False
-0.001357108326940224,3.257375611414979e-05,5.467851226044946e-05,-0.14851725347982137,807,1430,False
-0.01836958307864436,3.462134248820911e-05,5.811560364978721e-05,-0.14823168594539765,807,1520,False
0.025909590707380418,0.004176704599185969,0.007011042657609293,-0.14898531822507588,807,2011,False
0.014053216149859965,0.0003391942963221469,0.0005693736830696206,-0.14877669804583404,807,2023,False
-0.10402012037755706,0.00046484167553583725,0.0007802861655218591,-0.14679500990487263,807,2029,False
0.00584686588784938,2.4473991948404826e-05,4.108219709521587e-05,-0.14863815970171032,807,2219,False
0.013760180888372754,8.706588281884645e-06,1.4614933950184423e-05,-0.14877095378488198,807,2220,False
0.0037267342850838903,0.00026326769635378846,0.0004419228139492269,-0.14860316668651094,807,2599,False
-0.055037721479317694,0.00044445186789742613,0.0007460597059438439,-0.14761718743035995,807,2610,False
0.03777130452728818,0.0002829974257937603,0.00047504126210418904,-0.14917469291779306,807,2630,False
-0.00020334976364700465,6.671188306013536e-06,1.119829872563191e-05,-0.14853655597030577,807,2651,False
-0.06492019344712127,0.0003697079876218342,0.0006205941575520449,-0.14745111339385436,807,2710,False
0.012876029227771256,8.04651918466775e-06,1.3506937804500755e-05,-0.14875611070901545,807,2813,False
-0.31196718880956686,0.002003051668975764,0.0033623351527713053,-0.14330807038790158,807,2910,False
-0.11614036881982451,0.00037699913184550396,0.0006328331181873968,-0.1465913409082236,807,2930,False
0.09806591642167102,0.0005206976525962397,0.0008740463605639627,-0.1501874061384291,807,3250,False
-0.09217298044972477,0.0006155331550849869,0.0010332378326000757,-0.14699425012123954,Egypt,1010,False
0.06847145072685591,9.173684106866914e-05,0.00015399003945170458,-0.1496895493719674,Egypt,1020,False
0.008787922491554396,5.617353647950923e-05,9.429325228395817e-05,-0.14868760760173533,Egypt,1030,False
-0.02553307136789093,0.00016078932308749962,0.00026990197086820334,-0.14811175279040378,Egypt,1040,False
-0.012622835360380242,0.0003617882803661042,0.000607300087050501,-0.1483289658708988,Egypt,1050,False
-0.04472909016835358,0.00017947547586165272,0.0003012686646563456,-0.14778957269641035,Egypt,1061,False
0.00014558881006905805,7.215462507124508e-07,1.2111920829088535e-06,-0.14854239844075728,Egypt,1071,False
-0.000730375263761814,1.6500124678308867e-08,2.769721325229504e-08,-0.1485276926946237,Egypt,1072,False
0.007371024738210026,0.00015271402548848443,0.0002563467254360462,-0.1486640643598489,Egypt,1073,False
-0.0033201101369997746,2.6866174379659363e-06,4.509772959746127e-06,-0.14848422789702587,Egypt,1079,False
-0.03527358779392371,0.00017085738348300399,0.0002868022804869457,-0.14794827243040584,Egypt,1104,False
-0.06501099983511072,0.0004746198869428811,0.000796699932802233,-0.14744984877195497,Egypt,1200,False
-0.02571645341757635,0.0004806856418841563,0.0008068819472669796,-0.14810946983979728,Egypt,1311,False
-0.0020467489253550423,0.00017132601916879493,0.0002875889353019878,-0.14850602300914792,Egypt,1312,False
-0.024141598279726312,3.944395868057447e-05,6.621087757759637e-05,-0.14813480847015523,Egypt,1392,False
-0.002347980503553341,0.00015916929836387773,0.0002671825871593559,-0.14850093619864851,Egypt,1393,False
-0.00247320693882984,5.384940588796991e-07,9.039195202865338e-07,-0.14849843871347854,Egypt,1399,False
-0.0004574114650038402,6.926698031545613e-06,1.1627198960876839e-05,-0.14853229191115622,Egypt,1410,False
-0.00027115689809599334,5.8378971658126875e-08,9.799530967123283e-08,-0.14853540126746484,Egypt,1430,False
-0.003650069874861268,5.0196889287849e-05,8.426081464918329e-05,-0.14847880758522666,Egypt,1512,False
0.00035631024799568403,4.221016709920862e-09,7.085425245899495e-09,-0.14854593383548323,Egypt,1520,False
0.013936460878454892,0.0004153787659684989,0.0006972574138563311,-0.14877492843334475,Egypt,1622,False
-0.20108833284979385,0.0007067258728812242,0.0011863145032981557,-0.14516619348049875,Egypt,1623,False
0.013159500078045802,9.78488986463029e-05,0.00016424977781359545,-0.14876109331593956,Egypt,1629,False
0.0003484708245202453,2.4897280004125657e-08,4.1792731092686904e-08,-0.14854580229398304,Egypt,1701,False
-0.004117739358244302,5.799428585449717e-07,9.734957365735475e-07,-0.14847083359171512,Egypt,1702,False
0.0038192158062375844,1.7100755999704838e-06,2.870543677296828e-06,-0.14860406664160106,Egypt,1709,False
0.06957909311043688,0.0004462789854712249,0.0007491267170158905,-0.14970903333018107,Egypt,1811,False
-0.11590475837898696,0.004981026664699096,0.00836118274481297,-0.14660662624931234,Egypt,2011,False
-4.046422273928689e-05,3.724862169281175e-10,6.252577107711949e-10,-0.14853927354462035,Egypt,2012,False
0.11011438541150419,0.0004053132437256243,0.0006803613647965859,-0.15038936298163158,Egypt,2013,False
-0.08635301583667236,0.0005937111154007281,0.0009966072192854067,-0.1470918915421563,Egypt,2023,False
-0.017643964203052517,0.000756753167895963,0.0012702906359318825,-0.14824566323460375,Egypt,2029,False
-0.0952716068127643,0.0008094856010140793,0.0013588076304310143,-0.14694271425247477,Egypt,2030,False
-7.068496596703439e-05,1.5290310637306398e-06,2.566641178003001e-06,-0.1485387700688488,Egypt,2100,False
0.0008783690790770053,1.0036836771703737e-06,1.68478974470905e-06,-0.1485546996402259,Egypt,2219,False
-0.004622264301432237,8.989604154790366e-06,1.5090006177726985e-05,-0.1484623855618546,Egypt,2220,False
-0.0015786374108548845,3.226349446470482e-07,5.415770510073249e-07,-0.14851345447595038,Egypt,2310,False
-0.00035447960145691394,1.0938903436731218e-07,1.8362112234927694e-07,-0.14853400273449813,Egypt,2392,False
0.0010698748282775457,0.000840122477973822,0.0014102348851386004,-0.1485600068100058,Egypt,2393,False
-0.002518777882952551,2.2983921355326836e-06,3.858095520874033e-06,-0.14849767814361495,Egypt,2394,False
-0.07691608379526867,0.0006691192434200481,0.0011231877781252527,-0.1472504884491038,Egypt,2395,False
-0.028068987329427888,0.00037243768093705635,0.0006251762379507744,-0.14806971068539226,Egypt,2396,False
-0.0026845945045188713,1.4653807457301016e-06,2.459797353146643e-06,-0.14849489265884844,Egypt,2399,False
-0.003183463145534535,3.1238724738348186e-07,5.243752018099619e-07,-0.14848651574435967,Egypt,2410,False
-0.001226261153935377,3.182153842291571e-06,5.341583490422026e-06,-0.14851937661497397,Egypt,2420,False
0.002025451293120638,3.0081378778199467e-07,5.049479195985362e-07,-0.14857395288193523,Egypt,2511,False
0.00013543027027302545,2.750960411206746e-08,4.617779480053225e-08,-0.14854222618832794,Egypt,2593,False
-0.02930710940272451,0.0004917078195863425,0.000825383844208611,-0.1480492237679835,Egypt,2599,False
-0.024935573930814706,0.0005318581447146247,0.0008927804329561446,-0.14812270507401862,Egypt,2620,False
-0.01977538099716838,0.0005185406218771854,0.0008704255552075075,-0.148209292038772,Egypt,2630,False
0.001472097538448821,1.1330597875172501e-05,1.9019612987361895e-05,-0.1485646917571508,Egypt,2651,False
-0.0009581534692863246,6.00660584209469e-07,1.0082726414163623e-06,-0.148523870651701,Egypt,2670,False
-0.010637162189604796,0.0006338688296566279,0.0010640162114691181,-0.14836297531003095,Egypt,2710,False
-0.00143707591926594,3.6568678009624757e-07,6.138441332619665e-07,-0.14851583084340889,Egypt,2732,False
0.008237949900344165,0.0007387321746718207,0.001240040483155559,-0.14868007921795726,Egypt,2740,False
0.00040137636076677903,5.347604668815828e-08,8.976522892331326e-08,-0.14854669044090996,Egypt,2750,False
0.002310530095528068,0.0007336155276668101,0.0012314516472529552,-0.14858056718029622,Egypt,2790,False
0.0013993574352231745,9.686541968919464e-06,1.6259890383929263e-05,-0.14856346663702216,Egypt,2813,False
-0.0007247993390479763,2.149695329789805e-07,3.608492125815463e-07,-0.1485277867872706,Egypt,2814,False
-0.002424088916721732,3.5695695232788407e-07,5.991901893633468e-07,-0.1484992627591792,Egypt,2816,False
0.0007273595890293358,1.159979130715631e-05,1.9471482778477735e-05,-0.14855219120789084,Egypt,2819,False
-0.005985043685487223,2.1432129386757385e-06,3.5976107432458443e-06,-0.14843949279853708,Egypt,2824,False
-0.0062061404382574535,3.5185324085026612e-06,5.906230671185311e-06,-0.1484357848811985,Egypt,2829,False
0.09232921562089437,0.0006434047950233974,0.001080023343019895,-0.1500914178321088,Egypt,2930,False
-0.19460927318434532,0.0019284086804327242,0.003237038961877487,-0.14527793195994193,Egypt,3030,False
0.000641420985862116,2.795218833453039e-06,4.692071946508171e-06,-0.14855072668187574,Egypt,3100,False
0.001784786793909072,1.2908945850162236e-06,2.166903784335027e-06,-0.14856991554163324,Egypt,3211,False
-0.000611305819510975,2.2588809823898466e-07,3.791771850248691e-07,-0.14852969192387017,Egypt,3212,False
-0.030883439858226697,0.0003050450049140095,0.0005120504673372356,-0.14802229936013403,Egypt,3220,False
-0.05305790008841934,0.00016373090641325517,0.0002748397311737332,-0.1476497253247298,Egypt,3240,False
0.004253815293548529,2.1509885605814308e-06,3.610662951170933e-06,-0.14861136295608995,Egypt,3290,False
0.001839760275059425,0.0007485508247124842,0.0012565221309811306,-0.1485727019594653,834,1010,False
-0.011800953421879513,0.0001470799271875925,0.0002468892925277156,-0.14834222747204232,834,1020,False
-0.04012908169511049,0.00010089432927210212,0.00016936185685132045,-0.1478665939144257,834,1030,False
-0.00048297912482690865,8.292393504752734e-07,1.3919663987449503e-06,-0.14853184752817566,834,1079,False
0.009471047409897106,7.79717041887339e-05,0.00013088379395091767,-0.148699129000339,834,1392,False
-0.00035582403223073796,6.747941133193194e-09,1.132713650495525e-08,-0.1485339799108833,834,1410,False
-0.006632125013537127,9.282730033738391e-05,0.00015582049125115305,-0.14842885679289053,834,1512,False
-0.015246089707415228,0.0003043323231779724,0.0005108541552845161,-0.1482847884752029,834,1610,False
0.012493348924040857,0.00015479282464513487,0.00025983621079891315,-0.1487500534274314,834,1629,False
-0.003484443452662772,0.0003851315798075659,0.0006464842965790686,-0.14848242260687827,834,2599,False
0.04131585505689329,0.00042075583174344347,0.0007062833903470446,-0.1492345373437311,834,2620,False
0.05645894178829793,0.000408920014505316,0.0006864157129536393,-0.14948870224696176,834,2630,False
-0.021611709273265937,0.0005205565752311135,0.0008738095472099333,-0.1481784720627051,834,2930,False
-0.0036731273737317747,0.0017109750395035732,0.00287205348216444,-0.14848255992967777,834,3030,False
-0.00010509420554447427,7.705774956129495e-07,1.2934962395447053e-06,-0.1485381905820638,834,3100,False
7.422592539400505e-05,1.9980976261680095e-06,3.354019265298785e-06,-0.14854120372184534,834,3211,False
0.01529596596194809,0.0004006103873854952,0.0006724671205113475,-0.14879771244281248,834,3220,False
0.004997145490996599,5.938235314306246e-06,9.967959215415244e-06,-0.1486238499925309,834,3230,False
0.0015490063022837969,1.173086859791001e-06,1.9691509944654904e-06,-0.1485659574215652,834,3290,False
-0.009195987794043594,0.0001551455666731849,0.00026042832578982545,-0.14838597478724397,854,1392,False
0.005696667056216285,1.2555964803869979e-05,2.107652163491051e-05,-0.148635608718053,854,1410,False
0.013909257921955978,0.00025597388897644356,0.0004296793829273354,-0.1487740737101063,854,2599,False
0.04548538608167496,0.0007448707486755785,0.0012503447321574215,-0.14930534016694091,858,1010,False
0.0044611357223297305,0.00014545119280127497,0.0002441552887241876,-0.14861520053588728,858,1020,False
0.01701684961973063,9.954612362170817e-05,0.00016709875035152534,-0.14882584737476381,858,1030,False
-0.04898666419373305,0.00022990603577996655,0.0003859217202981858,-0.1477182296236114,858,1040,False
-0.04686777819222639,0.00046238385070536257,0.0007761604452746699,-0.14775437411181874,858,1050,False
-0.0034825103548380863,0.00025214979983009247,0.0004232602427906847,-0.14848212360623173,858,1061,False
-0.0037675714514861483,2.666495943155325e-06,4.475996891771495e-06,-0.14847671673271803,858,1071,False
-0.09071749760771705,0.00022022949727493383,0.0003696786217917686,-0.14701770664076316,858,1073,False
-0.02211778401869388,0.00042807813721753847,0.0007185746584537073,-0.14816974697275803,858,1074,False
-0.002201985213049033,7.11136748190428e-07,1.1937186263851106e-06,-0.1485029918888587,858,1079,False
-0.014949677692361186,5.632058115044972e-06,9.454008239512733e-06,-0.1482890205662172,858,1080,False
0.05064180652542884,0.0007990299420321737,0.00134125669538288,-0.14939203306460605,858,1102,False
0.023908694815678845,0.0005956979368735749,0.0009999423103286894,-0.14894277497817218,858,1311,False
-0.001550008950146369,7.678705340100902e-05,0.00012889523167415804,-0.14851412565840724,858,1392,False
0.0011294391059874145,0.0002279680606897771,0.0003826686231006127,-0.1485594801052002,858,1393,False
-0.0003009889886757949,2.2344991161839402e-08,3.750844296005317e-08,-0.14853490041426806,858,1410,False
-0.003639139848327869,0.0017043731777606126,0.0028609715554443757,-0.1484831140075443,858,1420,False
0.0009194728247795318,5.021015532562138e-06,8.428308310377731e-06,-0.14855539962816397,858,1430,False
-0.06965757626658314,0.0008359149821986261,0.0014031721562189257,-0.14737274420766197,858,1511,False
-0.006099215446643739,9.15343004820065e-05,0.00015365005354672445,-0.1484377990386429,858,1512,False
0.00795717442641144,5.843872662430355e-06,9.809561473397302e-06,-0.14867353699420946,858,1520,False
0.048978745245390705,0.00030198746828826654,0.0005069180670917252,-0.14936287022989875,858,1610,False
0.0558554029778872,0.0005567029456097471,0.0009344850722857879,-0.14947894195091863,858,1621,False
-0.014091212189748167,0.00015312181298646844,0.0002570312400996312,-0.14830379799007082,858,1629,False
0.007899364071776532,2.9612898895326173e-06,4.970839867657077e-06,-0.14867255939200677,858,1702,False
-0.0032818240689262354,1.3798756501752527e-06,2.3162679609806655e-06,-0.1484848673123828,858,1709,False
-0.07312095362464177,0.00463679408725662,0.007783351771308556,-0.14732400658946604,858,2011,False
0.009257999872209759,8.741654342960968e-06,1.467379606125839e-05,-0.14869537996714244,858,2021,False
-0.00518573392505059,1.2150298399697815e-05,2.03955674527631e-05,-0.14845293500008364,858,2022,False
0.008141314737576214,0.00047890106484666867,0.0008038863450072328,-0.14867780860145474,858,2023,False
-0.06176439483962145,0.0006263390821093297,0.001051376729791284,-0.14750472258546035,858,2029,False
-0.001548866195799904,1.5521166009176933e-06,2.605392706187159e-06,-0.1485139572824992,858,2100,False
-0.007543246286863291,2.1919972941214735e-06,3.6795004696872796e-06,-0.14841333683208233,858,2219,False
0.0013703666780470235,2.6613958757850424e-07,4.4674358865482146e-07,-0.14856295650378412,858,2220,False
-0.0007891486061211114,3.664812647284212e-06,6.1517776017158086e-06,-0.14852671521749075,858,2310,False
-0.005665469157874571,0.0007023818006255285,0.0011790225162377455,-0.14844660207528193,858,2393,False
-0.0029993411478776493,3.699711979314853e-06,6.210359840363134e-06,-0.1484896148709268,858,2410,False
-0.006143822124022642,8.869313544154096e-06,1.4888085600761804e-05,-0.14843684429279252,858,2512,False
0.0022253173289749502,5.366262497008327e-06,9.00784204029823e-06,-0.1485773204791959,858,2593,False
-0.006978200690487319,0.0003877790428882399,0.0006509283447879529,-0.14842378239466722,858,2599,False
0.018487771124986365,0.0006026341136140562,0.0010115854203101111,-0.14885179543276308,858,2610,False
-0.01944010629808458,0.00042352282584744356,0.000710928084084849,-0.14821468362925405,858,2620,False
-0.027680699956515144,0.0004116478776056788,0.0006909947211421737,-0.1480763260046491,858,2630,False
0.0002759981957930808,6.993743839228768e-07,1.1739742476109415e-06,-0.14854458744566457,858,2640,False
-0.0017558805643821795,7.809533888636167e-07,1.3109132793337786e-06,-0.148510480403736,858,2651,False
0.03766942225682353,0.0005914144149009332,0.0009927519633549412,-0.14917375499961905,858,2652,False
0.00654337526498368,7.291801179227907e-06,1.2240063405091275e-05,-0.14864980848301107,858,2660,False
0.014640117945766331,0.000515034524822835,0.0008645401986001573,-0.1487869890443262,858,2710,False
0.006959907238967333,4.471009375660904e-06,7.505064509814517e-06,-0.14865679337692944,858,2720,False
0.005402430111214053,9.530186955708275e-06,1.599743187356002e-05,-0.14863066208802703,858,2732,False
0.07758432829184196,0.0006099540716747805,0.0010238727480338988,-0.14984382241204183,858,2740,False
-0.0007319457616601216,0.0006053055521377639,0.001016069713848741,-0.148529175450977,858,2790,False
-0.0006934522670667076,3.968260670304835e-07,6.661147365184223e-07,-0.1485283134346037,858,2813,False
0.003418301697545074,4.075277286530764e-06,6.840786131492768e-06,-0.14859734277159276,858,2814,False
-0.013691781172749171,1.5076125577761644e-05,2.5306879389498125e-05,-0.14831015920987234,858,2817,False
0.0005402124543844619,8.527912304867191e-07,1.4315007329325592e-06,-0.14854902294546257,858,2819,False
-0.0005470666372643555,1.037154939566011e-06,1.7409748166687917e-06,-0.1485307722695237,858,2824,False
-4.4303205591941786e-05,1.4032248579339391e-05,2.3554620882477554e-05,-0.14853924409013936,858,2826,False
0.002126220096139156,3.6796904958367963e-07,6.176751652041501e-07,-0.1485756445609059,858,2829,False
0.04792126373194232,0.00232536565041946,0.0039033734329230936,-0.14935019182691714,858,2910,False
0.06258454683074871,0.0005236337720655006,0.0008789749492055528,-0.14959181579982433,858,2930,False
-0.0336375658681559,0.001716550183609155,0.0028814119541890532,-0.14797957437966416,858,3030,False
0.0005290531476061643,6.568922208058447e-07,1.1026634209225812e-06,-0.14854883513614914,858,3100,False
0.003747801544622468,1.8122658923209162e-06,3.042080945937297e-06,-0.1486028681321807,858,3211,False
-0.018300343592715297,0.00023342087421304318,0.00039182175023894523,-0.14823334286851064,858,3240,False
-0.1065539665121049,0.0006909212255300867,0.0011597847226694532,-0.14675303320210564,858,3250,False
0.001763958751038722,1.0317577854575832e-06,1.7319151197749163e-06,-0.14856956527452486,858,3290,False
-0.004544422620892139,0.00024955756871657657,0.00041890890730988863,-0.14846429174436807,860,1030,False
0.009907014650792238,0.00021266193650937892,0.00035697566660750774,-0.14870678339788465,860,1392,False
0.03000578726614762,0.00043759293199387345,0.0007345462529179851,-0.1490447266168529,860,1393,False
0.02268891555059389,3.2156026641629165e-05,5.397730893576294e-05,-0.14892089072823425,860,1410,False
0.42613768645649136,0.0038780384169539482,0.006509699722219005,-0.15570326264933465,860,2011,False
0.005387728055339981,2.8134788452444676e-05,4.7227233173575975e-05,-0.14863046171535654,860,2220,False
0.05164714169976885,0.00031825275491126776,0.0005342210797046662,-0.14940770312098764,862,1020,False
0.06091806953872677,0.0004251619867203116,0.0007136795898543979,-0.14956359473725825,862,1073,False
0.03406088640107026,4.385902206222358e-05,7.362203078934698e-05,-0.14911181074313218,862,1079,False
0.022156521441505338,2.4963144568886733e-05,4.190329176610747e-05,-0.14891193594268667,862,1101,False
0.006531262984779017,0.00021147405180930548,0.00035498167586510296,-0.1486501146513497,862,1392,False
0.0071532375497375305,3.169512982603684e-05,5.320364463699881e-05,-0.14866010656751436,862,1410,False
-0.001508249028820405,0.00023552062328361403,0.00039534640225932435,-0.14851522236504003,862,1512,False
0.09927198141794012,0.003883119840535215,0.006518229431860569,-0.1502161299458868,862,2011,False
0.013684998990829481,0.0002593543752940054,0.000435353888560439,-0.14877031771139917,862,2023,False
-0.031871232002877614,5.2705635864190163e-05,8.847201245984175e-05,-0.14800509121316024,862,2219,False
0.022663983998456313,2.7703779734526833e-05,4.650373922389315e-05,-0.14892046109572274,862,2220,False
0.029215705908349238,8.972321678556534e-05,0.00015060995704223993,-0.1490305939138568,862,2399,False
-0.0330747643550976,4.1962483850847045e-05,7.043848979764304e-05,-0.14798486193848043,862,2420,False
0.00987845611189817,6.554270106193545e-05,0.00011002039098712495,-0.14870593677227303,862,2593,False
0.03413205097874105,0.00019356547254750648,0.000324920221874289,-0.14911338003659907,862,2599,False
0.053042642835298914,0.0002190502123506044,0.00036769906668711495,-0.14943087937948324,862,2620,False
0.03235717339960532,0.00021053377844163775,0.00035340332706547336,-0.1490836291967011,862,2630,False
-0.013748237371938166,2.3966992647411335e-05,4.0231144873965595e-05,-0.14830923366638502,862,2651,False
0.0048103111926461745,0.00028611881149987123,0.0004802808398183182,-0.14862141276563098,862,2710,False
0.004334152733829033,7.861349738791181e-05,0.00013196111205899665,-0.14861290225080764,862,2732,False
-0.01026614579633179,0.0003578878129631436,0.0006007527378910462,-0.14836851593639871,862,2740,False
0.07398311477139727,0.0003543291592920223,0.0005947791594156252,-0.14978272888136868,862,2790,False
-0.02912173297947916,2.651615433660274e-05,4.451018374771012e-05,-0.1480511794317822,862,2813,False
0.003977420175598973,2.357935922087852e-05,3.958046096170939e-05,-0.14860677682361625,862,2819,False
0.04779402880583576,7.303798823759812e-05,0.00012260202726799686,-0.14934240945454222,862,2825,False
0.07422685895211793,0.0002925372486443791,0.0004910548688516616,-0.14978666504480037,862,2930,False
-0.03101953250358943,0.0020545834001996673,0.003448836641505188,-0.14802436206997555,862,3012,False
0.002898513520825409,0.0012710612108988916,0.002133611357571583,-0.1485917777803272,862,3030,False
0.015052543823897991,4.342564957317789e-05,7.289456899855484e-05,-0.14879273418959518,862,3100,False
0.000809104638422156,5.0773169988336934e-05,8.522816306416702e-05,-0.14855366106968287,862,3211,False
0.020503133155884305,7.633484989053107e-05,0.00012813616001213545,-0.1488843104383795,862,3212,False
0.0009729679261300165,4.617311201225045e-05,7.75064767605429e-05,-0.14855640022043068,862,3290,False
-0.0031694928176832357,2.7526641344525563e-05,4.620639360628802e-05,-0.1484868180829404,882,1030,False
-0.0031694928176832357,2.7526641344525563e-05,4.620639360628802e-05,-0.1484868180829404,882,2220,False
-0.0010330960329704992,2.463988894303665e-07,4.136067283572182e-07,-0.14852261177787884,887,1079,False
-0.0010330960329704992,2.463988894303665e-07,4.136067283572182e-07,-0.14852261177787884,887,1410,False
-0.0229785578393412,0.0001969985078425632,0.00033068293655212665,-0.1481547231813033,894,1392,False
-0.0037070635328033254,3.56565894763367e-05,5.985337576714946e-05,-0.14847781464562476,894,2420,False
0.029557407904046696,0.0002343004756537263,0.0003932982547596446,-0.14903669144888018,894,2620,False
0.0010363672797609408,3.957921638038141e-05,6.643792200475107e-05,-0.14855744800362514,894,2824,False
-0.02689115792773844,0.00031012097733488576,0.0005205710266266208,-0.14808932701742722,894,2930,False
0.0165290372436657,4.3811130778870485e-05,7.35416401793475e-05,-0.1488175196821958,894,3211,False
