num,den,sh,loo,ctry,trt
0.04641822257838608,0.0008176944249740855,0.0005516007437557023,0.05674911759687906,4,False
-0.0227382782287861,0.00019666107605643014,0.00013266373416201475,0.0572153967664605,4,False
-0.03442493933369159,0.0018758759341054362,0.0012654293937234247,0.057294881829815326,4,False
-0.0005516449473151623,4.794686339234704e-07,3.2344020822705084e-07,0.05706565433716748,4,False
-0.11519206273053134,0.00260262184015399,0.00175567803680363,0.05784001158211069,8,False
0.015095196837563232,5.152165566204335e-05,3.475550610927667e-05,0.05696012340014173,8,False
0.0017371788882122733,0.00043642728829773093,0.00029440535421033605,0.05705038215186843,8,False
0.00017656361328855885,1.327409977502241e-07,8.954449345575288e-08,0.057060741850475216,8,False
-0.02044805991649356,7.033887272170837e-05,4.744923448568411e-05,0.0571998986363184,8,False
-0.2585584459560509,0.004585259192236328,0.0030931266051256075,0.05880793681855478,8,False
0.13038968054851746,0.0013501842960338855,0.0009108080465672292,0.05618286117480296,8,False
-0.007642753827986705,6.645502808002175e-05,4.482926848426024e-05,0.05711351499648439,Algeria,False
-0.007642753827986705,6.645502808002175e-05,4.482926848426024e-05,0.05711351499648439,Algeria,False
-0.008456804284993586,1.9043563495658684e-05,1.2846417276597158e-05,0.05711898815659588,28,False
-0.008456804284993586,1.9043563495658684e-05,1.2846417276597158e-05,0.05711898815659588,28,False
-0.18696954858333567,0.0036608616211996916,0.002469545995870588,0.05832463340041197,31,False
-0.001169397578607474,1.689520526290569e-05,1.1397176627710755e-05,0.057069827895956673,31,False
-0.021840317800918132,5.1238768767545635e-05,3.456467611626476e-05,0.057209283170311716,31,False
-0.0687243699458128,0.0021098669272988113,0.0014232751634089544,0.05752635284481449,31,False
0.3019850203722386,0.003390195500520659,0.0022869598990156942,0.05502605911698293,31,False
0.0695942160597803,0.0033231398677827503,0.0022417254743191924,0.05659373250331538,31,False
-0.001176839463460045,1.2871158841716858e-05,8.68263323467542e-06,0.05706987654828241,31,False
0.02734634318694268,0.0035685011720072045,0.0024072414345183432,0.056878828965350264,31,False
0.03923974476998495,0.00028218235319966186,0.00019035472316519792,0.056797337298838985,31,False
0.005605913967292921,0.00039916586027072487,0.00026926952010733663,0.05702427000762121,31,False
0.047240457328863186,0.0023445554272545663,0.0015815914575803463,0.05674415539344902,31,False
0.035536548581143815,0.0006515802777278281,0.00043954337321378646,0.05682245998249431,31,False
-0.032819075340191184,0.0010966756100541605,0.0007397960212138964,0.057283747740486,31,False
-0.0027553260984614063,0.0012542806610755814,0.000846113321060751,0.05708100272669055,31,False
-0.19037097692486707,0.0021157403381808562,0.0014272372520718695,0.058346971170020516,31,False
0.01316471469127137,1.0249635499506156e-05,6.91420461247687e-06,0.05697313019941763,31,False
-0.019744824857218703,7.611176678457891e-05,5.134351645881018e-05,0.05719515697457467,31,False
-0.21598450094986155,0.002442344663371638,0.0016475581729278163,0.058519886417225615,31,False
-0.028030538749111895,3.892662104841986e-05,2.6259140904483065e-05,0.05725103645541114,31,False
-0.08124529778006263,0.006059494003122938,0.0040876167145346,0.05761235280082295,31,False
-0.023904661344493067,0.001034446273462083,0.0006978173219599524,0.057223588371968184,31,False
0.12298850235976086,0.002137583736276469,0.0014419723832745479,0.056233087229891406,31,False
-0.15991266091174294,0.010346235352553357,0.006979368993155162,0.05814473068409764,31,False
0.051139089098062265,0.00036654785135110956,0.0002472660461562208,0.056717098763763935,31,False
0.05037548333985297,0.0015735558262973276,0.001061490133253914,0.056722711763444206,Argentina,True
0.0036380624844508484,0.002867734157733519,0.0019345176461849714,0.05703849462147379,Argentina,True
0.0024484532817158054,2.1553060128245192e-05,1.4539274860933775e-05,0.05704542436786133,Argentina,True
-0.006012736057289906,1.1732938270443518e-05,7.914811791240347e-06,0.05710249812984878,Argentina,True
-0.0010032448871109126,8.085193540498376e-06,5.454114194907278e-06,0.057068703670482425,Argentina,True
0.1104051002145268,0.0012711277263194442,0.0008574780233685968,0.05631764445740807,Argentina,True
0.006899706587671635,0.0004581317644111149,0.00030904677134773416,0.0570155649902082,Argentina,True
0.029823077583462237,0.0005532963528835251,0.00037324295047938273,0.05686096441597762,Argentina,True
-0.014409185395031198,3.085138764241751e-05,2.081174562244607e-05,0.057159146319085134,Argentina,True
0.00022116245875956097,4.173883280040519e-08,2.8156204216419915e-08,0.057060440960315546,Argentina,True
0.09166882977360087,0.0023824807710633583,0.001607175156347503,0.05644445994095012,Argentina,True
0.009409225517014327,0.00033692477834317827,0.00022728289767869238,0.05699858960723857,Argentina,True
-0.02405250426970045,0.0002681809598669887,0.00018090965574143092,0.05722428989971993,Argentina,True
0.0009350596908000598,0.00011929355068592405,8.047310740280478e-05,0.05705567104694416,Argentina,True
0.032405291717094914,0.0002064747229993307,0.00013928382938014147,0.05684341224616575,Argentina,True
-0.032996211279557236,0.003152154204939167,0.002126381874172877,0.0572857369956972,Argentina,True
0.0002420161096953471,5.615371376304264e-08,3.788020234737541e-08,0.057060300291193716,Argentina,True
0.00595565631120656,6.280155293771494e-05,4.2364705263282836e-05,0.05702178132197325,Argentina,True
0.15187779124737888,0.0011024937673419304,0.0007437208368775513,0.056037811609263806,Argentina,True
-0.10545727223647078,0.013743782723296544,0.009271288320728622,0.05777868392417966,Argentina,True
-0.0898407771610696,0.010943267647479382,0.007382115358874613,0.057672238690759235,Argentina,True
0.06129817382813532,0.000278640400524632,0.0001879653908300094,0.0566485337930156,Argentina,True
0.0064307391496987686,0.0001323511305012494,8.928149659784077e-05,0.05701860325556605,Argentina,True
0.15757908295993542,0.004248329492889759,0.0028658403878338086,0.056000539926260466,Argentina,True
-0.07296360671298875,0.00017345987296457058,0.00011701265413673216,0.057554198498337726,Argentina,True
0.02296522950051641,0.0019206338369959653,0.0012956222038604677,0.05690775120427554,Argentina,True
-0.00010325835758600721,2.026864572876853e-08,1.3672833906460697e-08,0.05706262943173444,Argentina,True
0.03064694410185643,0.004173225446693136,0.002815176660069696,0.056856795162484985,Argentina,True
0.013850238231136828,0.0027790821414275546,0.0018747147214782725,0.05696956986872,Argentina,True
-0.01612098732797982,0.0004941647970080047,0.0003333539538026564,0.05717087248729311,Argentina,True
-0.15834761586549603,0.0019173046670589754,0.0012933764106188288,0.05813086691044619,Argentina,True
0.10488766787778481,0.0008226558466014251,0.0005549476222180482,0.056354693809665894,Argentina,True
0.04516263030788054,0.001101514948917361,0.0007430605450197324,0.056757696293444286,Argentina,True
0.03544999763164172,0.05693540466045721,0.03840751581220012,0.05684462668797989,Argentina,True
-0.09870284433193964,0.0023852640350040736,0.0016090526920293875,0.05772869192489199,Argentina,True
-0.0020357039283867297,1.8502744293033774e-05,1.2481591168831144e-05,0.05707567244958032,Argentina,True
0.010053635748586797,3.268322310520207e-05,2.2047466171405488e-05,0.0569941255589567,Argentina,True
-0.00970077195848132,0.0008004759881644587,0.0005399855214178445,0.05712768086386133,Argentina,True
0.0026037846040787667,0.00011112248345466089,7.496106448752448e-05,0.05704441100010051,Argentina,True
-0.05538805104431048,0.004447657241475674,0.003000303007380989,0.05743729316778346,Argentina,True
-0.0012057232013151157,6.401600070118777e-05,4.3183948086915016e-05,0.05707009108230658,Argentina,True
0.007322892472222391,9.691337314854037e-05,6.537587523640381e-05,0.05701257132830323,Argentina,True
-0.05861223367509178,0.0007253843801534859,0.0004893301842116786,0.05745760074081582,Argentina,True
-0.04455380905863577,0.001719494200479805,0.0011599373199815276,0.05736314956383428,Argentina,True
-0.0036953167416493133,0.000344928296363245,0.0002326819151572216,0.057086993581754945,Argentina,True
0.10152955291798664,0.00862799002620651,0.005820274139356057,0.056380315749476335,Argentina,True
0.024942219862980373,0.0016055983399782226,0.0010831053893182365,0.05689429372778643,Argentina,True
0.09938453104481183,0.004712808979280131,0.0031791692088788044,0.05639329699892967,Argentina,True
0.01305915803339037,0.0008100854316309746,0.0005464678649453506,0.056974149670266976,Argentina,True
-0.03036990139995622,0.0028038086899775105,0.001891394769860771,0.05726788546868821,Argentina,True
-0.0017786396605242027,1.4079905634545128e-05,9.498030294472574e-06,0.057073936641011146,Argentina,True
0.002098967862150987,0.0002458006567636701,0.00016581233887069422,0.05704786822689257,Argentina,True
-0.005981184306987332,0.0004408192317171696,0.0002973680737577661,0.05710245057278445,Argentina,True
0.002275754008871621,2.869727083805329e-06,1.9358620353233654e-06,0.05704658217389441,Argentina,True
-0.16383138351646878,0.020573756409334433,0.013878655632997837,0.058175181421850894,Argentina,True
-0.06591387807086305,0.0031780175967553305,0.0021438288148956206,0.0575078079243155,Argentina,True
-0.0015676049552633534,1.2169105011207022e-05,8.209041385155305e-06,0.05707251230617092,Argentina,True
0.033643972051023305,0.001334401326239042,0.0009001611623380927,0.05683548878704085,Argentina,True
0.0014508607490948844,5.108032543221968e-07,3.445779332614216e-07,0.05705214583551637,Argentina,True
0.00016681325631827198,1.1043391768341957e-05,7.449657142025981e-06,0.057060811824225656,Argentina,True
-0.011449019179393822,0.00024276370071236363,0.00016376366742878348,0.05713925929148176,Argentina,True
0.003825669992866963,4.07914043649369e-05,2.7517087434284376e-05,0.057036141332678605,Argentina,True
0.0341312912305729,0.020848327527649427,0.01406387596525238,0.05683968367832087,Argentina,True
0.1378453196957311,0.0053018820612633286,0.0035765464444624927,0.05613406282706442,Argentina,True
0.12187301117679006,0.007190459470302482,0.004850544005958927,0.05624252931934282,Argentina,True
-0.5898434835234304,0.0312790232416834,0.021100220274354032,0.061053784680882364,Argentina,True
-0.019782223752821407,1.184885049422747e-05,7.993003921328102e-06,0.057195384465869706,Argentina,True
-0.21085470309744722,0.014220221903229613,0.009592684918258031,0.05848992840472931,Argentina,True
-0.08675336698216972,0.001542932963082901,0.0010408325457626673,0.05764775420801309,Argentina,True
0.016491123855489932,0.0011329068110095583,0.0007642368841863854,0.056951122192879976,Argentina,True
-0.050982139042206776,0.030065348798523274,0.020281499117553153,0.05741749357858848,Argentina,True
0.005230523668451308,0.00015714309505034715,0.0001060056733401253,0.057026709220081365,Argentina,True
0.02714216325509597,0.00428080526860799,0.002887747914035651,0.056880479677556675,Argentina,True
-0.012601978568495271,3.624269267474272e-05,2.4448615062687996e-05,0.05714695732940553,Argentina,True
0.027477431829581747,0.0006811716161271122,0.0004595051141419933,0.05687683680811727,Argentina,True
0.0013343324890396635,0.0010097831782215293,0.0006811800779449424,0.057053320351740974,44,False
0.15687160606736342,0.01391182041584016,0.00938464327748889,0.05600896378304065,44,False
-0.03651181137948576,0.00018260192404427435,0.00012317970385726442,0.05730830502837908,44,False
-0.0681912030625993,7.571575340374799e-05,5.1076373539974116e-05,0.057521966826636364,44,False
-0.3474030525831059,0.01705694549252663,0.01150628343855511,0.059412282384111476,44,False
0.00774108460156751,5.4596169723807036e-06,3.6829513454025238e-06,0.05700971511276676,44,False
0.006367970890564835,5.9085111443359363e-05,3.985766616676941e-05,0.05701899849740491,44,False
0.05823146558196105,0.0009664934451697286,0.0006519776666051367,0.05666948420269324,44,False
-0.05909166745281558,0.0006888785374354325,0.00046470405325163805,0.05746082077314456,44,False
-0.0029314777588579015,7.199941121036193e-05,4.856940142996198e-05,0.05708173576579553,44,False
0.0025813226230771737,9.18801477280444e-06,6.198055933275965e-06,0.057044523298806174,44,False
-2.5093470338057152e-05,1.139616750113919e-09,7.687632785061682e-10,0.05706210213925542,44,False
0.05955461532961326,0.01565623191995998,0.010561389325523876,0.05666617375487439,44,False
0.17963937536664099,0.012656488317719587,0.008537820677462409,0.05585488939163188,44,False
0.08086666179318328,0.00037618080457456235,0.0002537642489081704,0.056516565521148726,44,False
-0.05841173165125521,0.005255016328968779,0.003544931733635586,0.05745800388281766,44,False
0.039292679447897785,0.0004322653840388804,0.0002915978146032331,0.05679703771431136,44,False
0.23273379451071413,0.0032183099012835733,0.002171009219294384,0.055493160745546784,44,False
0.0038392819150387747,4.7265395081217095e-06,3.188431556388895e-06,0.057036035633171105,44,False
-0.03103703692497015,0.0003397552067718124,0.00022919224960613318,0.05727143393498817,44,False
-0.10001804127191882,0.005562436413474443,0.0037523113391210207,0.05773880164199313,44,False
0.05009859844694232,0.00025255518261886687,0.00017036881054476947,0.056724074109181497,44,False
0.0011200012290414289,3.816061192730166e-06,2.5742406060723014e-06,0.05705437902156914,44,False
-0.04282807388290269,0.0012127071957451323,0.0008180686705209062,0.05735131188676511,44,False
0.09113313894742311,0.001127334307384254,0.0007604777817021087,0.05644759571708487,44,False
0.00598343233531958,0.00011408932480956341,7.696243791993019e-05,0.05702161367843524,44,False
0.11093083312431382,0.0009662673283436461,0.0006518251325953241,0.056313982122789694,44,False
0.19468949147107897,0.007224318247541426,0.004873384478068361,0.055751312423205884,44,False
0.004431023178887033,0.0023002482181263134,0.0015517026766831813,0.05703292702468,44,False
0.004486163278513097,0.000423166654404219,0.0002854599886863323,0.05703183288190867,44,False
0.007600340857343552,0.0001355665491544114,9.145055543742663e-05,0.05701071457964647,44,False
0.0010995197286713817,4.2131135073220186e-06,2.8420843694020194e-06,0.05705451733860471,44,False
0.034573917237442436,8.900842926677828e-05,6.004335395296073e-05,0.05682873806869855,44,False
0.02641301846047498,0.0005554985103271349,0.0003747284830287832,0.05688396894199139,44,False
0.0019252019828603006,0.0001717334419761618,0.0001158480373946291,0.05704901191544914,44,False
-0.003831852714128709,3.840228832050032e-05,2.590543625166604e-05,0.05708779658458317,44,False
-0.010220510808409335,5.762444682806589e-05,3.887233024718179e-05,0.05713090064788969,44,False
0.10208562919022898,0.018372328573629252,0.012393615262888959,0.05638027063206568,44,False
0.0009034493587817445,0.004129976562672853,0.0027860018046914807,0.05705742799059351,44,False
0.21352683268821487,0.008590984125340437,0.005795310678902328,0.055624746036833636,44,False
0.29497382110218134,0.004448218247414178,0.003000681451067871,0.05507374946650092,44,False
-0.012403234050907774,0.0009852819081283748,0.0006646519980246571,0.05714598248784763,44,False
0.02470138981047556,0.0003153225713815297,0.00021271046932052224,0.05689542311780622,44,False
0.009778954206374016,2.1573126863589436e-05,1.455281149002475e-05,0.056995974235933514,44,False
-0.24413521441318692,0.007546681094690363,0.0050908441803919945,0.0587118104287011,44,False
-0.04019298076815397,0.0053756534667561105,0.003626311198745869,0.05733514603920571,44,False
-0.006065970956990178,3.4998718920943843e-06,2.36094545806659e-06,0.05710285407073268,44,False
-0.060341456086450695,0.0011553370637697458,0.0007793678961234424,0.05746943247955605,44,False
0.08571416282628622,0.004351111739302894,0.0029351752907447143,0.05648537974875213,48,False
-0.1028952555941202,0.0010143772262418286,0.0006842791333224164,0.05775643944546149,48,False
-0.0569966611078316,0.0007022069408655959,0.00047369513478602316,0.057446693367534774,48,False
-0.07870117045411594,6.303368917519099e-05,4.25212998508618e-05,0.057592860130132595,48,False
0.039674331480139685,0.0018208243339656368,0.001228292655775117,0.05679499515381894,48,False
0.4780567426091999,0.008269900580459915,0.005578713968989054,0.053840058707755746,48,False
0.20065016180632256,0.0012151424888197984,0.000819711471829343,0.05570884257725683,48,False
-0.005751005364912213,0.0002187586114205561,0.00014757030141958913,0.05710081228982594,48,False
-0.19427381218360296,0.0014673205112714764,0.0009898258574662466,0.05837304397881619,48,False
-0.1938837121199296,0.0006981280968764031,0.00047094362602017394,0.058370109538541694,48,False
-0.0016567867620189366,0.0005082444821874255,0.000342851835382393,0.05707330490104845,48,False
-0.07376715008710309,0.0016318264406486288,0.0011007983555354809,0.05756018532141873,48,False
0.05610262785536886,0.0013060523090331292,0.0008810374671068082,0.05668397486232255,48,False
-0.007339866518704167,0.0020130595371155515,0.0013579707822181117,0.057112221741362296,48,False
-0.011754384823187004,0.0001897514909197493,0.00012800266251467254,0.05714129879771673,48,False
0.058948047268171405,0.0005081673124540522,0.00034279977818226534,0.05666447505542517,48,False
0.008291603798353614,0.00011271762471913878,7.603711573724321e-05,0.05700604266352703,48,False
-0.11225989690295134,0.0009047475715604558,0.0006103251020694304,0.057819569165109524,48,False
0.03999029463408176,0.0034224477661190973,0.0023087166496410503,0.05679347731959292,48,False
0.07641199885714789,0.002698095613662799,0.0018200827861429587,0.05654750160277913,48,False
2.573923649079677,0.5661401212912818,0.3819071066604269,0.03985093847247796,Bangladesh,False
0.5931982400934277,0.5454408522025714,0.36794378261685906,0.05325628618748799,Bangladesh,False
-1.386114739164609,0.5457929221997404,0.3681812821843761,0.06665781470164499,Bangladesh,False
0.008122469761581494,0.567176844313572,0.3826064598328324,0.05722609098388293,Bangladesh,False
0.32222733380553825,1.582142662027041,1.0672826455058693,0.055480382480426194,Bangladesh,True
-1.7796762644835187,1.4679443421768492,0.9902466816529742,0.06975805942170685,Bangladesh,True
-0.2798916682884348,0.48626673583459923,0.32802607546030804,0.05914403543856003,Bangladesh,False
3.8380326164855343,1.4659401969644497,0.9888947243007042,0.03148264204042618,Bangladesh,True
0.04477768888731207,0.0018167632942185387,0.001225553157404449,0.05676056692021636,51,False
0.0019499946472972068,1.6628368158138426e-06,1.121717351046325e-06,0.057048779218725795,51,False
-0.010184241129248341,0.00020601034894793152,0.0001389705716834894,0.05713071316645981,51,False
-0.044189418239898685,0.0001896451341869888,0.00012793091633284432,0.05736009945901604,51,False
0.007554757881745843,0.00010975264976395541,7.403700134176106e-05,0.05701101214615643,51,False
0.031762401305244714,0.0006399250317601966,0.00043168097113784607,0.0568479152877055,51,False
0.008131855656782459,3.208930082279615e-05,2.1646817759599852e-05,0.05700708928786731,51,False
0.13412483953284413,0.00496925323024954,0.0033521615092373187,0.05615903534283994,51,False
-0.012839037298906964,0.000114991781245986,7.757121746682952e-05,0.05714858684067552,51,False
-0.018115966687286166,0.0007869000967851703,0.0005308274893300026,0.05718444319913512,51,False
-0.08686820396793601,0.0008575077799973432,0.0005784580581405164,0.05764826233039872,51,False
-0.003620943275771603,7.6680284181985e-05,5.172702722966714e-05,0.05708638857081174,51,False
0.007010083454718208,2.968624626049086e-05,2.0025763924121964e-05,0.05701465562220404,51,False
0.1625876275423957,0.008213818377133714,0.005540882006190517,0.05596824950792917,51,False
-1.0504816506086716,0.051163128880784454,0.034513650920885215,0.06417042517244645,51,False
-0.20903886080822093,0.016425396577516942,0.01108025283274721,0.05847854790249542,51,False
0.04912427216905127,0.0005807203277614644,0.0003917426301609318,0.056730772323101794,51,False
0.11493538935167545,0.005704513447909676,0.0038481537412109732,0.056288767175524695,51,False
0.14702832437503044,0.004050650819558504,0.0027324902023563714,0.05607164055610362,51,False
-0.034075089250785465,0.0007087240233668254,0.00047809143179503044,0.057292070691455,51,False
0.26503833112319686,0.003572080888758371,0.0024096562417642658,0.05527536781392116,51,False
-0.02177999242598231,0.0004609260283644879,0.00031093172742405705,0.05720903433390917,51,False
-0.1139925944469065,0.006024628626410421,0.00406409721001241,0.05783325511785776,51,False
-0.0022338569691127213,1.173460716232004e-06,7.915937593217495e-07,0.057077002479291095,51,False
0.004712605463472824,5.843872269644607e-05,3.942162489919689e-05,0.05703016502615693,51,False
-0.1892200259972387,0.0007866960684557792,0.0005306898557901348,0.058338683926849585,51,False
-0.016439761809029025,7.334466598319209e-05,4.947688411612257e-05,0.057172860583883184,51,False
0.09903018971660561,0.0002155036612808778,0.00014537457540862703,0.0563939764607317,51,False
-0.06313486187345539,0.0007078661431773106,0.00047751272251667787,0.057488102865994276,51,False
0.006770816839313677,0.00029979321956313283,0.00020223467084196081,0.05701637355747656,51,False
0.026985412392853222,0.00021669566369462377,0.00014617867703620228,0.05687997766989736,51,False
-0.010918767587197143,2.4083875307437245e-05,1.6246513521873404e-05,0.05713559802664331,51,False
-0.013618410927803108,0.002034617967037206,0.0013725136794371633,0.05715458446711703,52,False
-0.10042650780739111,0.013781556817025241,0.009296769989135627,0.0577447589355568,52,False
-0.012667133535578697,0.00012741752284927833,8.595338090191645e-05,0.05714743200064222,52,False
-0.011846098076709744,0.00016794924248603613,0.00011329529007298822,0.057141909074182026,52,False
0.0022051263358994553,6.638950071400711e-05,4.4785064998549585e-05,0.057047083058659645,52,False
0.0492151061590997,0.005325520469298087,0.0035924924544326426,0.05673197542800144,52,False
-0.0036515740937264765,6.790071041632448e-05,4.58044976500508e-05,0.05708659181948263,52,False
-0.0003690110239223637,2.7013641622298484e-07,1.82228768538835e-07,0.05706442224368205,52,False
0.7683384322978803,0.01579505269008805,0.01065503511509106,0.05188439964670227,52,False
0.002885418477918238,1.959914409844294e-06,1.3221201137599698e-06,0.057042469145876115,52,False
0.00851235137580382,0.00010257143649181468,6.919269464111713e-05,0.05700454964056845,52,False
-0.05397396119762678,0.002353647756281584,0.0015877249657719101,0.057426942481980055,52,False
-0.07021976720255345,0.005457124488453943,0.003681269964258408,0.05753773986489264,52,False
-0.06423950088641384,0.0005591295210319776,0.0003771778921774877,0.05749549689307059,60,False
0.005736473932285785,5.983932514800839e-06,4.036644405216141e-06,0.05702323802835627,60,False
-0.04364114953037744,0.0002596482306624576,0.00017515364269825217,0.057356428025586964,60,False
0.014721553992714312,0.0003466350810616044,0.00023383327889444616,0.056962757323152514,60,False
-0.0063967642066377365,0.0038885949450586585,0.002623170463620317,0.05710658219243992,60,False
-0.017105599103526724,0.00014608024189841114,9.854288792751666e-05,0.057177380249567276,60,False
0.01646907652768847,0.0006096481430208211,0.0004112567712935369,0.056951069893511605,60,False
-0.020155314805301566,0.0019104496905296303,0.0012887521768751116,0.057198633842502,60,False
0.004949329452973577,0.0004332289346001883,0.0002922478070576644,0.05702871231514233,60,False
0.3051765766731504,0.009049504078993442,0.006104619315157055,0.05500662902076468,60,False
0.03309352912740398,0.0029302736282268054,0.001976705555732328,0.056839813912630203,60,False
-0.005603634820894306,0.0007778641630268707,0.0005247320242890574,0.05710003351514063,60,False
0.1102106343181379,0.003992465054233262,0.0026932392175763108,0.05631999020713401,60,False
0.037595985882609484,0.0005691735175204089,0.00038395337671558264,0.05680853577823468,60,False
-0.09918681704809244,0.012011116769103618,0.008102465592062848,0.05773570584126496,Bolivia,False
-0.11099553681222474,0.001685365968561372,0.0011369150789898865,0.05781134441657583,Bolivia,False
0.10378939525592412,0.0013740950203418086,0.0009269377557949837,0.056362312247527795,Bolivia,False
-0.01389739876354034,3.208935440718548e-05,2.164685390658595e-05,0.05715569438267507,Bolivia,False
-0.003592031777013998,1.1708076271010893e-05,7.898040370328772e-06,0.057086168519065235,Bolivia,False
0.0070352252625104006,3.515235785509726e-06,2.371309641526878e-06,0.057014475954831625,Bolivia,False
0.14761034822186073,0.006629759503962331,0.00447230672194317,0.05606868974821211,Bolivia,False
-0.04404352721466629,0.00026851713768449924,0.0001811364347538705,0.05735914582356648,Bolivia,False
-0.1526184300694211,0.004755636766892659,0.003208060000816429,0.05809333075616272,Bolivia,False
-0.018106374238349526,0.0001547001919299911,0.00010435773844298542,0.05718413461566715,Bolivia,False
0.020470418070955156,0.00028713147338752144,0.00019369330331590182,0.05692395366502348,Bolivia,False
0.0036973261678029086,0.00014516779359530476,9.792736806183081e-05,0.057037047275336414,Bolivia,False
0.04662774892323907,0.006878194790838071,0.004639896331007904,0.056750024286678184,Bolivia,False
-0.03520810616496658,0.007206995661988028,0.0048616989990150706,0.057302225756286365,Bolivia,False
-0.029757248021875876,0.00039985779572672864,0.0002697362862983556,0.0572628239250686,Bolivia,False
-0.000642097856401068,3.969696359859758e-05,2.6778798995142255e-05,0.05706627961197776,Bolivia,False
0.024226339932153177,0.0010190240160258693,0.0006874137672671623,0.05689889782015876,Bolivia,False
0.01150040645707799,2.2577427049508993e-05,1.5230292848081918e-05,0.05698436203847652,Bolivia,False
-0.03822776097030261,0.0004114947670255367,0.00027758636063839986,0.057319969010547506,Bolivia,False
-0.0004406911195731189,0.0002876018998974115,0.0001940106438832488,0.057065016391873676,Bolivia,False
-0.02938317499475451,8.843869124366244e-05,5.9659019771757825e-05,0.05726018020348352,Bolivia,False
-0.03302055659622416,0.024695965138331284,0.016659417408282015,0.057294227995529606,Bolivia,False
-0.10238352781398205,0.0013861172676477751,0.0009350477298305731,0.05775313223354625,70,False
-0.005799775876508173,0.0003899033753193178,0.0002630212280410381,0.057101207210660254,70,False
-0.1196301494362853,0.011994352603273847,0.008091156812086222,0.05787361721195492,70,False
-0.1470247678078906,0.0044342888035147476,0.0029912849193313696,0.058055469934888096,70,False
-0.06924870902612851,0.0016790899516364206,0.0011326814001266165,0.05752972280437199,70,False
-0.10302639918826782,0.0013684286906844173,0.0009231153600956598,0.05775746206736292,70,False
0.024310669075466727,0.0003672619968803026,0.0002477477948303238,0.05689807878504996,70,False
-0.0019009797335020385,2.5840745940077546e-05,1.743166425550798e-05,0.05707476645151346,70,False
9.423919061262835e-05,7.389230948362613e-08,4.984631376236477e-08,0.05706129717235544,70,False
-0.06946899978183871,0.0042380125848543995,0.0028588808024780153,0.05753220199154158,70,False
0.00616266851380435,0.00025973617615498214,0.00017521296901576748,0.057020460608079075,70,False
-0.033184123122495156,0.0005134225377972927,0.00034634485091286047,0.057285984905946184,70,False
-0.017412142387207338,0.0012024349816448054,0.000811139234823778,0.057179855594895836,70,False
-0.03193200223754794,0.0002002122680302111,0.00013505929914831014,0.05727741729358431,70,False
-6.4758750176285e-05,3.0911513489661124e-09,2.0852305348727158e-09,0.057062369714264094,70,False
0.00023671561005368614,2.9143529391538763e-05,1.965965768758717e-05,0.05706034724358701,70,False
0.02421593117415753,1.2237511802497025e-05,8.255187275112549e-06,0.056898581601841705,70,False
0.15392648575549434,0.0007742322704112597,0.000522282020220514,0.05602386735256787,70,False
-0.1603219459562597,0.006548230895733349,0.0044173091096775625,0.05814600199468457,70,False
-0.08217417808810631,0.0047661948981451855,0.003215182310659435,0.057618116401910405,70,False
-0.07540297439443983,0.004245799327457034,0.0028641335874791895,0.05757223559796799,70,False
-0.010777144870563679,0.00011243864793702596,7.584892342994103e-05,0.05713467672085641,70,False
0.8326195521691118,0.08540290085446409,0.057611134662817164,0.05147489869571745,70,False
0.006461695570502615,0.0007215723297411165,0.00048675864919997324,0.05701862106558393,70,False
-0.3930597823521165,0.006890891155361463,0.004648461051397575,0.05971621353597864,70,False
-0.004437680590609932,4.194083513978243e-05,2.8292471062857578e-05,0.05709188474538382,70,False
-0.0016084325361211353,5.069756123985096e-06,3.419958805196491e-06,0.05707278498784442,70,False
-0.17943584351350628,0.00040292346071444713,0.0002718043242299887,0.058272530525955206,70,False
-0.11191455517746934,0.0010239145267274207,0.0006907128105991582,0.05781728602110235,70,False
-0.006469349548667661,0.005284496474232708,0.0035648184658389087,0.05710760961864572,70,False
0.004884362731698074,0.0004083966040733112,0.0002754964002124398,0.05702914101606858,70,False
-0.09955096827893109,0.010224690244224063,0.006897377028789706,0.05773746668965534,70,False
-0.017346707699443863,0.0005271410255511716,0.00035559907573955277,0.057179153705527105,70,False
0.3050337736399095,0.0061531453520950186,0.004150792091752516,0.055006517603115014,70,False
0.40020865497850994,0.006682816683233574,0.004508098062392293,0.05436465398385683,70,False
-0.007174538124271875,0.00010609912621443424,7.157240546621902e-05,0.057110371776174944,70,False
0.0,0.0,0.0,0.05706193286314996,72,False
-0.004214826961631028,4.0408576624763795e-06,2.725883929199516e-06,0.05709036682169038,Brazil,True
0.014150567740915703,0.0005268826060469842,0.0003554247509718191,0.05696667836106378,Brazil,True
-0.002548787304328866,0.0013569706258935858,0.0009153859726037198,0.05707964898531751,Brazil,True
0.03015753226037932,0.0004561075420204694,0.00030768127032179476,0.05685867096376414,Brazil,True
-0.013441613143320673,2.0222234127984392e-05,1.364152554391165e-05,0.057152615165672604,Brazil,True
0.0027247834128796542,2.13205362952103e-05,1.438241880893484e-05,0.05704356020883316,Brazil,True
0.032788085775120775,0.0119083132262554,0.008033116322991342,0.056845317268735124,Brazil,True
-0.0008551514991432224,0.0003824995044127545,0.0002580267208339467,0.057067848799018245,Brazil,True
0.006648787089400541,2.1994840657560355e-05,1.483729140734077e-05,0.057017089899334406,Brazil,True
0.018099858181121888,0.00038065240710075045,0.00025678070493855536,0.056939980953640675,Brazil,True
-0.00031999489104107533,1.4806568273859562e-08,9.988222767434617e-09,0.05706409149210187,Brazil,True
-0.0591540864130709,0.0041869319460207475,0.002824422797737367,0.05746259780325079,Brazil,True
0.008762032612732215,0.0016189678337002133,0.0010921241895637207,0.05700344844500665,Brazil,True
0.002802917010315358,0.00012453989786720477,8.40121910981434e-05,0.05704307285368416,Brazil,True
-0.004702432589080213,3.896580543783803e-05,2.628557393091267e-05,0.057093669565528804,Brazil,True
0.049430358194637064,0.0002725750226096131,0.00018387380494303227,0.05672858959674532,Brazil,True
0.019376163902152726,0.0004957442740281383,0.00033441943825802413,0.05693141542249765,Brazil,True
0.012576093983117858,0.000120860604251757,8.153021123770726e-05,0.056977143434494275,Brazil,True
0.16001664820302314,0.004293500665807314,0.002896311981887334,0.055984113174057375,Brazil,True
-0.021832698122097517,0.00122988090628179,0.0008296537213855562,0.057209686637532196,Brazil,True
-0.012486815473809266,0.0002115032725305353,0.00014267599101987962,0.057146248023919814,Brazil,True
-0.005159613799670957,3.763539264395534e-05,2.5388103354870708e-05,0.05709675310937519,Brazil,True
0.0006803291179973088,1.141868976046408e-07,7.702825862836502e-08,0.05705734353928721,Brazil,True
0.004121675677705315,3.354712928171069e-05,2.2630240463296256e-05,0.057034141748220794,Brazil,True
-0.00463737909464489,5.498643869887651e-06,3.709278130854182e-06,0.057093217837664655,Brazil,True
0.028955336403583835,0.03647498941443756,0.0246053179219398,0.056880601452364836,Brazil,True
0.21467185987971055,0.014877190121556772,0.010035862891331045,0.05561938016415119,Brazil,True
0.028692848618517595,0.0015547171428219298,0.0010487819240512682,0.05686897292255829,Brazil,True
0.004925398526392736,0.0002714974384344708,0.0001831468876322206,0.057028811529847435,Brazil,True
0.12162547481378291,0.007198452469647889,0.004855935927744263,0.056244202265258385,Brazil,True
0.005844781408852414,7.725362245960109e-05,5.211379007248176e-05,0.05702253482197871,Brazil,True
-0.10991081530999143,0.0485789180048357,0.03277039256218957,0.0578223184312948,Brazil,True
-0.02895017577581381,0.0002867205555978949,0.00019341610617298668,0.057257335859077364,Brazil,True
0.04427883700795505,0.0002719093653220279,0.00018342476549295896,0.0567633405650039,Brazil,True
-0.053795020558180924,0.017942074074436272,0.012103373952063576,0.057431774783821284,Brazil,True
0.10162668922123122,0.006063414172597046,0.004090261184560961,0.056378685033413964,Brazil,True
0.13585690881410303,0.014719566694125023,0.009929533195115456,0.05615104413559288,Brazil,True
0.031737346826157815,0.00015033382738424746,0.00010141227390589132,0.056847896549456677,Brazil,True
0.04525422966199119,0.001116005758178061,0.0007528357629027178,0.0567570839256084,Brazil,True
-0.02498293387052805,0.0007962861808481298,0.0005371591589512626,0.05723077029276989,Brazil,True
-0.06682596553563881,0.0067065220287037645,0.004524089227053538,0.05751532986471243,Brazil,True
0.012454259162344425,0.0018408853709267134,0.0012418254408477203,0.056978626429975136,Brazil,True
0.011625478098976624,0.0008930871447855482,0.0006024592051217389,0.05698385295510614,Brazil,True
-0.020220894906949193,0.000735000333524301,0.0004958169191939183,0.05719862268491344,Brazil,True
0.016557063657453918,0.0002841421001422786,0.00019167673030882573,0.05695035129489974,Brazil,True
0.03582787094959096,0.006612072893745426,0.004460375678937133,0.05682277952857962,Brazil,True
-0.008927496271559608,0.004820684252661838,0.003251939768653729,0.05712401365389722,Brazil,True
0.00799398724836307,3.0422622990628802e-05,2.0522509333681718e-05,0.05700801868057148,Brazil,True
0.04838861781046878,0.0007329414048501158,0.0004944280059846146,0.05673579318325078,Brazil,True
-0.009209259209814177,0.00014322897072011908,9.661947588683294e-05,0.05712411192633739,Brazil,True
-0.05123027501166635,0.00034602195451555336,0.00023341967566017094,0.05740765632785385,Brazil,True
0.01727541788238291,0.00043411585174654124,0.0002928461041019343,0.05694556301940794,Brazil,True
-0.012571163580854253,0.00027142337414317637,0.00018309692530287606,0.057146840119964175,Brazil,True
-0.1800051877165208,0.06519113974941192,0.043976674016332165,0.05830185203929248,Brazil,True
0.08897964825853547,0.004297236719610764,0.0028988322510658344,0.05646333025192749,Brazil,True
0.023663116670929314,0.00044165665009336994,0.00029793297989511865,0.05690247561503927,Brazil,True
0.01474772427286028,0.00012093890934468107,8.158303432928958e-05,0.056962494057384225,Brazil,True
-0.012135853974023114,0.00013406252569666115,9.043597048663972e-05,0.05714385065057244,Brazil,True
0.013527881383043632,5.1536903168299917e-05,3.4765791780224966e-05,0.05697069621467532,Brazil,True
0.11372680192509657,0.08517305662700428,0.05745608622058424,0.056327117349879136,Brazil,True
0.018691103237201398,0.0007428683870663481,0.0005011245549722109,0.056936131639622155,Brazil,True
0.04313971492979932,0.006956378238523573,0.00469263736307997,0.05677358492126227,Brazil,True
0.004003338708999408,0.0006108384938242042,0.0004120597587769078,0.057035162138367075,Brazil,True
-9.22426755802555e-05,4.7192614092744996e-05,3.183521892565058e-05,0.057062573280280735,Brazil,True
0.03356413641517416,0.0019050700298876423,0.0012851231625139485,0.0568362461474688,Brazil,True
0.04467675008871205,0.0006126930499617228,0.00041331080625081515,0.05676078680125083,Brazil,True
-0.0002691220376303448,3.4525291161846732e-06,2.329008942901914e-06,0.05706374963705463,Brazil,True
-0.019124179236237146,0.0015693574594526454,0.0010586579966961047,0.057191546316889615,Brazil,True
-0.10430789754219696,0.005802299633952309,0.003914118399037593,0.05776783473927627,Brazil,True
0.10173358232535763,0.0020304651197018933,0.0013697122494543983,0.05637643011273762,Brazil,True
0.05651126267737896,0.0032244300622297313,0.002175137760747889,0.05668195179482924,Brazil,True
0.002646721717815441,2.0858688995306886e-05,1.4070865609661946e-05,0.05704408662018744,Brazil,True
0.0037163914223807878,7.715761168780962e-06,5.204902307455291e-06,0.057036865778673757,Brazil,True
0.12533700105832388,0.007287020792581892,0.004915682394531216,0.056219197406375994,Brazil,True
-0.0031514603968674,0.007229586416834901,0.004876938282535847,0.05708597604941738,Brazil,True
-0.006523860759882214,0.00013801204333313883,9.310023821211235e-05,0.05710599472387072,Brazil,True
0.12977226360268262,0.004853233096635345,0.0032738965852784035,0.056188353979929495,Brazil,True
-0.009491833412569763,0.0004188762757486475,0.00028256578275178426,0.05712612434277273,Brazil,True
-0.0016587905367535646,4.5840688131202764e-05,3.0923235985430614e-05,0.05707314039011132,Brazil,True
-0.0007805389036577679,3.736457240592545e-07,2.520541329345061e-07,0.05706719837051277,Brazil,True
0.039874633719441915,0.0010492532016927803,0.0007078057875472637,0.05679334833175087,Brazil,True
-0.0023132716948604925,1.8331657395099096e-05,1.236617927746278e-05,0.05707754480206751,Brazil,True
0.05450951824181728,0.0028513021262644924,0.001923432917583551,0.056695312758949984,Brazil,True
-0.002103419035772277,0.00022560401043481568,0.00015218807435804323,0.057076208981746174,Brazil,True
-0.00048367860229040415,1.5180344528193415e-06,1.024036495355177e-06,0.057065196249227845,Brazil,True
0.2780925460055697,0.016058313435066456,0.010832625689634078,0.05519195341252684,Brazil,True
0.04132706012703964,0.005341863915382564,0.0036035174250578423,0.05678519482368454,Brazil,True
-5.813288212493713e-06,0.00017491973935191064,0.00011799745158727887,0.05706203941021308,Brazil,True
0.02190438911552968,0.0003926465604792009,0.0002648717273574533,0.056914320867518686,Brazil,True
0.053995316293993297,0.002942943919185195,0.0019852526874025362,0.05669881658367906,Brazil,True
-0.04295180734229434,0.00030376488493889743,0.0002049138790012802,0.057351794917272055,Brazil,True
-0.016555237099774536,0.00040149367094065855,0.0002708398158775427,0.057173766119691743,Brazil,True
0.005251005050039375,0.001042968523009639,0.0007035662656305083,0.05702691182723446,Brazil,True
-0.014279756493301198,0.0005336544432609106,0.00035999290055155076,0.05715846708751313,Brazil,True
0.36827492533777695,0.02595438489587901,0.017508322883260877,0.05458717919621214,Brazil,True
-0.011030712454308771,0.003147196168468491,0.0021230372792713286,0.0571375569540202,Brazil,True
0.14267517795982185,0.010304427100708093,0.00695116596020223,0.05610337372107084,Brazil,True
0.019085258981408115,0.003349145465045479,0.0022592683440683494,0.056934473723294285,Brazil,True
-0.10606428958859652,0.013514076387563,0.00911633289757035,0.05778268957905393,Brazil,True
-0.005316861392607002,0.00017614415627068632,0.00011882341940904203,0.05709786722088655,Brazil,True
-0.09766890047309179,0.010513308277602669,0.007092073136541686,0.057724882146651925,Brazil,True
0.01195796712598809,7.216224814329322e-05,4.867924805551363e-05,0.05698129448244259,Brazil,True
-0.35372857354451404,0.006170458978226963,0.004162471526954476,0.05945059158567774,Brazil,True
0.021304867289661696,0.00050922608472546,0.0003435140053489664,0.056918409897831895,Brazil,True
-0.0015665030498031394,7.981925502649579e-05,5.3844515865491574e-05,0.05707253091825296,Brazil,True
-0.00404067746556987,1.7459646400557422e-05,1.1777937633076395e-05,0.05708919721079873,Brazil,True
-0.061789847111002764,0.006091564220954587,0.004109250659279797,0.05748111718837786,Brazil,True
-0.07132700822366082,0.006747309833415744,0.004551603886232,0.05754571023055878,Brazil,True
0.013054796681447794,0.00011436070888863495,7.714550833754256e-05,0.05697391169849283,Brazil,True
-0.037256673607307375,0.001832988224607186,0.0012364981796479917,0.0573139678179588,Brazil,True
0.01438834019506335,0.0022143158919777,0.0014937344020214886,0.05696572283729203,84,False
-0.20829575838188477,0.0037136441998179928,0.002505152096063972,0.058468520232561966,84,False
0.009805770949690791,2.0657024738143868e-05,1.393482682690568e-05,0.05699579298315098,84,False
0.06521703857326575,0.000829005767632701,0.0005592311553529999,0.05662230806414935,84,False
-0.003947252891096259,5.764982651481202e-05,3.888945088987896e-05,0.05708858246430938,84,False
0.008387730269043828,0.0005647599678978545,0.0003809760820440666,0.05700556804489453,84,False
0.007682863892042119,0.00040847907851654115,0.0002755520358665877,0.05701026285164121,84,False
0.0810698789870445,0.003339772304578218,0.002252945392453207,0.056516324520603727,84,False
-0.0028152843367655047,5.250566742023173e-05,3.541930128887358e-05,0.0570809444409999,84,False
0.16354706668313274,0.0032732197071058964,0.00220805030555596,0.05595991180656526,84,False
0.08667382314121552,0.0035167640716299185,0.002372340593597508,0.05647858798661294,84,False
-0.00995780732030234,0.000296973064822898,0.00020033224934475053,0.05712922074143122,84,False
-0.005428636491882309,0.0003819880042136177,0.0002576816727552784,0.0570987005211991,84,False
-0.001374240610132832,0.0006739575690685243,0.00045463865840807805,0.05707146269176061,84,False
-0.03475052255974506,0.0010680785269290532,0.0007205049855417959,0.057296765950667315,84,False
0.07301546015426844,0.0012852545664797455,0.0008670077147806264,0.05656987524561775,84,False
-0.0006509168583615499,6.871719588732712e-05,4.635528285698805e-05,0.05706635027485226,84,False
-0.041622525660716655,0.005992018520528467,0.004042099067296679,0.05734502826284,84,False
0.040465102021327116,0.001091427297366459,0.0007362556116261824,0.056789381275913146,84,False
0.033289585254111284,0.002697799538767589,0.0018198830597813528,0.05683840219285262,92,False
0.033289585254111284,0.002697799538767589,0.0018198830597813528,0.05683840219285262,92,False
-0.003348291594064694,0.0001573814607400093,0.00010616647019490103,0.057084580391227234,96,False
-0.08495540579393537,0.0010937361915338423,0.0007378131466919525,0.057635450737131444,96,False
0.009008455030193189,0.0011356777949371628,0.0007661061360104396,0.057001600271649244,96,False
0.009852658917048184,0.002447571095621019,0.001651083822397713,0.05699640980228584,96,False
-0.008944466237748047,8.407478809091598e-05,5.67152156424719e-05,0.057122302888505956,96,False
0.04032906826638949,0.0007370338634681332,0.0004971886989140783,0.056790163172413734,96,False
-0.03715648112505655,0.0006488849979969589,0.00043772518996736874,0.05731283412551796,96,False
0.05474501597761959,0.002904766889959863,0.001959499206552103,0.05669374455422713,96,False
-0.011203086783377215,0.0007374416119035539,0.0004974637580723334,0.05713779094586125,Bulgaria,True
-0.041825323013955897,0.0016842023824944342,0.0011361301464767818,0.057344729862223984,Bulgaria,True
0.0014088368159530917,0.0002942844787584905,0.0001985185815154445,0.0570525423840987,Bulgaria,True
0.00047564551189685636,8.700210581885821e-08,5.8689927205404905e-08,0.05705872428459248,Bulgaria,True
-0.0007139123006862499,0.00025400492966462415,0.00017134678168444388,0.05706684655878186,Bulgaria,True
-0.0022068598434446932,1.7261031418557966e-07,1.164395583199539e-07,0.05707681997657799,Bulgaria,True
0.09954813806486158,0.0020057086856187087,0.0013530120408728656,0.05639116347871414,Bulgaria,True
0.016875535674670754,0.0002357957379943098,0.00015906321540128885,0.05694818436769982,Bulgaria,True
-0.007923204754478247,7.90644342970953e-05,5.333532849301716e-05,0.05711541172296995,Bulgaria,True
-0.00248658409633879,0.0005622716562404427,0.00037929751543164556,0.0570789233744216,Bulgaria,True
0.001135173832627998,1.6648606602778923e-05,1.1230825971303388e-05,0.05705428160908857,Bulgaria,True
-0.18222252980016843,0.004748375702735017,0.003203161828262617,0.05829303780233131,Bulgaria,True
-0.3659854145504802,0.015871220419435176,0.010706416382805329,0.059537173533226954,Bulgaria,True
-0.0820399291971414,0.0012984813498342108,0.0008759302453898449,0.05761586293230499,Bulgaria,True
-0.003970079681784254,4.8410867763003725e-05,3.265702913992363e-05,0.057088732891444324,Bulgaria,True
0.004808605576444198,4.162852617027833e-06,2.8081793510707825e-06,0.057029496547352766,Bulgaria,True
0.015545308670888273,0.00015148424440280254,0.00010218832283527506,0.05695712544007445,Bulgaria,True
-0.18454593839057462,0.0007005162830416279,0.0004725546499243748,0.058307119377130116,Bulgaria,True
-0.1946320934512353,0.003760492777535375,0.002536755234747012,0.05837636394849818,Bulgaria,True
0.007898319032659898,0.0009528152282650466,0.0006427506077094943,0.057009018766072686,Bulgaria,True
0.5125820850437015,0.03993074370026389,0.02693650250150835,0.05361859685939846,Bulgaria,True
0.012544869565830178,0.000106940405705512,7.21399162365164e-05,0.05697734871816211,Bulgaria,True
-0.009755448956754287,1.4930782962529405e-05,1.0072015578737984e-05,0.057127746976959715,Bulgaria,True
0.0064062174829560906,2.528213588346615e-06,1.7054836783917935e-06,0.057018718739339704,Bulgaria,True
3.0350350558138425e-05,9.623861509413107e-08,6.492069658616522e-08,0.05706172816263725,Bulgaria,True
-0.8236647064496352,0.03809765949639936,0.025699939576121458,0.06263431163775017,Bulgaria,True
-0.25949912026583516,0.01591988840023965,0.010739246855398666,0.05881878011441303,Bulgaria,True
0.053657091158718334,0.0019037387083061699,0.001284225078887487,0.0567007007344494,Bulgaria,True
-0.0035703557499704814,2.1044709766015015e-05,1.4196351600935356e-05,0.05708602589225006,Bulgaria,True
-0.39982323682345217,0.01683404394188925,0.011355918390976638,0.059765849559600105,Bulgaria,True
-0.10517262725845547,0.013717625832844187,0.00925364339153846,0.057776753390907785,Bulgaria,True
-0.06189725151134995,0.0008529156532840361,0.0005753602988393435,0.05747981039037958,Bulgaria,True
-0.05172669929679825,0.000576796622034402,0.0003890957746471563,0.057411094492836615,Bulgaria,True
-0.03726789379656725,0.006035954412138874,0.004071737364623506,0.05731566856449566,Bulgaria,True
-0.05142675434357738,0.0006595965079226212,0.00044495096607796063,0.05740910318077884,Bulgaria,True
0.02994155644174652,0.00016013794989164725,0.00010802594412520965,0.05686001437468607,Bulgaria,True
-0.13927298569657606,0.005946368651103364,0.004011304553896352,0.05800376802481742,Bulgaria,True
0.1274220730780176,0.0042548478695565795,0.0028702375578617345,0.056203981546960734,Bulgaria,True
-0.016244594516462155,9.443220310010767e-05,6.370212621439817e-05,0.05717155215545857,Bulgaria,True
0.07816476204113657,0.0009781158196997544,0.0006598178942490671,0.05653502162033843,Bulgaria,True
-0.0001338166141973485,0.0002614618923463223,0.00017637710356968066,0.0570629362099378,Bulgaria,True
-0.02583018487035147,0.000626871381356931,0.0004228752326477048,0.057236420301429745,Bulgaria,True
-0.00045569948686271567,0.00042753354599613244,0.00028840580875851425,0.05706517150246189,Bulgaria,True
-1.2781718639950213,0.06306306435830386,0.04254111577764097,0.06571218617574894,Bulgaria,True
-0.06893312226856689,0.0037639892990508415,0.0025391139201062164,0.05752840300074909,Bulgaria,True
-0.00863329108001193,4.61756964162454e-05,3.1149226054030755e-05,0.05712018915691754,Bulgaria,True
0.03236966551313196,0.00024902386267304456,0.00016798665084175244,0.05684366888969778,Bulgaria,True
-0.018502600611627517,0.0005314712107047393,0.0003585201343628686,0.0571869528323316,Bulgaria,True
0.0020552549506293034,0.006273107718200922,0.004231716369020038,0.05705048272789719,Bulgaria,True
0.010091250202519395,0.0004207911445476754,0.0002838575159732402,0.056994021035223434,Bulgaria,True
-0.0005633843968958675,7.116812231734201e-06,4.800863012266075e-06,0.057065736084283974,Bulgaria,True
-0.07409484743538035,0.0015559202742850204,0.0010495935331189194,0.057562366453250635,Bulgaria,True
-0.006510464934762688,0.0008383682753249399,0.0005655469208134542,0.0571061741546342,Bulgaria,True
0.0032830279723810732,3.6724216954974625e-05,2.4773441969904303e-05,0.057039800326167726,Bulgaria,True
0.053982832758343896,0.0007003237797739126,0.00047242479096679357,0.05669804303601215,Bulgaria,True
0.008248623994506423,0.0019199355535756604,0.0012951511554562861,0.05700702757834408,Bulgaria,True
-0.0519254854676598,0.006460105268095639,0.004357861276521015,0.05741471413510564,Bulgaria,True
-0.027276222364447242,0.002426807235516548,0.0016370769265120913,0.057246870125569456,Bulgaria,True
-0.05282925610798926,0.00276487856157957,0.0018651332629665673,0.05741937969029407,Bulgaria,True
0.0007590845622611234,1.3335550029519424e-07,8.995902491211697e-08,0.057056812277766385,Bulgaria,True
0.020527691376031873,4.871591265968475e-05,3.286280648993242e-05,0.05692347575922038,Bulgaria,True
0.04385948524315344,0.006587285818057093,0.004443654800125165,0.056768587912445434,Bulgaria,True
-0.00344785432968058,0.00025439629110750306,0.0001716107864964813,0.05708528938189318,Bulgaria,True
-0.04235405120443704,0.004285430180936304,0.0028908677898745786,0.05734930294145015,Bulgaria,True
0.018692617048434702,0.0002645344304121568,0.0001784497779460355,0.05693593770886432,Bulgaria,True
-0.0024382085832680067,6.5978216440771045e-06,4.450762063292458e-06,0.05707838308411091,Bulgaria,True
0.0018682445326151024,2.3167070643858446e-05,1.5628054940203618e-05,0.05704933896486387,Bulgaria,True
0.011142482229760421,0.0007946888105385445,0.0005360816040310998,0.05698707334398048,Bulgaria,True
0.006104957107629993,7.19697914581855e-05,4.854942052165275e-05,0.05702077769400755,Bulgaria,True
0.01064817258666248,0.0033177067833914924,0.002238060421336594,0.05699137786487672,Bulgaria,True
0.005920647512825531,0.00011703274883694504,7.894801447897737e-05,0.05702203834517063,Bulgaria,True
0.0012371580813330138,8.820111441108332e-06,5.949875506461626e-06,0.05705359063014723,Bulgaria,True
-0.37749820235787657,0.017140924493709027,0.011562934038213457,0.05961535554550235,Bulgaria,True
0.08483055133128653,0.004745295220951445,0.00320108379520889,0.05649149081496308,Bulgaria,True
-0.004440625782747303,8.142842481378447e-05,5.493003048365198e-05,0.05709191982098072,Bulgaria,True
0.00799043837326308,0.0005768289659553008,0.00038911759322666334,0.05700825275025727,Bulgaria,True
-0.04982240995891106,0.0034165030031004474,0.0023047064282155556,0.05739934802992871,Bulgaria,True
-0.020679177500302858,0.00017495086858759548,0.00011801845076378281,0.057201498077962654,Bulgaria,True
0.03168248111606789,0.0002507584466665046,0.0001691567674423757,0.05684830517486889,Bulgaria,True
-0.01330758496861132,0.0003571725526809133,0.00024094165215099566,0.05715184094379401,Bulgaria,True
0.6561165195195532,0.0246181415134512,0.01660691910567101,0.052644641179778295,Bulgaria,True
0.04337751949064846,0.009468996994569719,0.006387601071134486,0.056772942988636346,Bulgaria,True
0.021238354759384237,8.22645098477859e-05,5.5494037174308846e-05,0.05691869464218731,Bulgaria,True
0.5720242377933215,0.011392654280268671,0.007685262834642592,0.05320725780949751,Bulgaria,True
-0.005072411506173451,0.00016120845621450547,0.00010874808685463145,0.05709621245493204,Bulgaria,True
-0.053434432474544255,0.0007165253397577664,0.0004833540479901365,0.05742266869911697,Bulgaria,True
0.05874066630578843,0.00017255751457303993,0.00011640394072900865,0.05666574572249972,Bulgaria,True
-0.09558317056432747,0.0004471738974098417,0.00030165480754894714,0.05770689240340231,Bulgaria,True
0.11230163648824279,0.025882834341637146,0.01746005627200546,0.056314200372490755,Bulgaria,True
1.1830509051259042e-05,5.512390116948067e-10,3.718551081568767e-10,0.057061853057050735,Bulgaria,True
-0.23210057794267402,0.006765132607595417,0.004563626782797069,0.05863031385537409,Bulgaria,True
-0.21439834679281547,0.006074652564766449,0.004097842385178119,0.05851062005382288,Bulgaria,True
-0.01007540474320443,4.214611595610408e-05,2.843094950603076e-05,0.05712991582508193,Bulgaria,True
0.046589655164408265,0.0014908447727832025,0.0010056948664136697,0.056748218831389655,Bulgaria,True
0.015152364977021595,0.0005924910267313015,0.0003996829145850214,0.05695994561739159,112,False
0.1287577830830641,0.0014610968991271922,0.0009856275298480255,0.05619391178212209,112,False
0.006180098896432416,9.6702267611676e-06,6.523346755012293e-06,0.0570202468384969,112,False
-0.14726333141969863,0.012212997875710615,0.008238650657233339,0.05806012600501583,112,False
-0.0510438328477727,0.0017615146010556656,0.0011882834643389285,0.057406946781795476,112,False
0.07422861605358284,0.0043683799865744674,0.002946824114250707,0.05656286787509322,112,False
0.004998744512214811,9.550233286639948e-05,6.442401492608944e-05,0.05702824904549721,112,False
-0.02833104210794616,0.00022869397468132504,0.00015427250409670403,0.05725313688479848,112,False
0.027746989588261932,0.0011345069591636994,0.0007653163129864185,0.05687519234709421,112,False
-0.016965387849901717,0.00017307867993985107,0.0001167555087416704,0.057176444824147875,112,False
0.0017922383219715016,1.1010294507474492e-06,7.427330374038846e-07,0.05704984319599326,112,False
-0.0021529421994563504,9.17196397957546e-07,6.187228380570986e-07,0.05707645654533106,112,False
-0.24360530140825845,0.037006786262716876,0.02496405772507238,0.05871990568307677,112,False
0.7004886270821487,0.017572369007762587,0.011853978109901733,0.052342777627028006,112,False
0.141155619027269,0.006481239002129045,0.004372117682159993,0.056112177821699714,112,False
-0.08432327018292603,0.00023929924378752218,0.0001614266122183206,0.05763085426293928,112,False
0.06584914967633734,0.006388395441038275,0.004309487222924295,0.05662016735497021,112,False
-0.016997169577873283,0.0006691739636395316,0.0004514117312921817,0.05717685056386087,112,False
-0.04941977574680491,0.006726901528584325,0.004537836841013169,0.05739791367511016,112,False
-0.009037371837958996,1.053205825805399e-05,7.104721508410777e-06,0.05712290127298794,112,False
-0.15596081341471504,0.006015560180532598,0.00405797981292844,0.058116372505416874,112,False
0.1997908416446295,0.0030688110110604215,0.0020701601777464293,0.05571533612874039,112,False
-0.004764017465408678,1.7346732883880905e-05,1.170176837243748e-05,0.05709407667873572,112,False
0.004149123763262407,0.00017253000439824745,0.00011638538290054251,0.0570340100610656,112,False
-0.021765654855661922,0.0003640178599890726,0.00024555936322629947,0.0572089002162228,112,False
0.052374373024522906,0.010024717063337858,0.006762479013175231,0.05671246070495299,112,False
0.023355099426601324,0.0005737583449456087,0.0003870462120590692,0.05690460415529171,112,False
0.04040862786691299,0.006310028616527853,0.004256622488415324,0.05679176153545352,112,False
-0.029633984139872463,8.661543975666028e-05,5.842908980578557e-05,0.05726187140988788,112,False
0.005805923429231493,3.7212598148124295e-06,2.5102894417114264e-06,0.05702276866517848,Cambodia,False
-0.006183593097139809,4.971213805245717e-05,3.353484074969762e-05,0.057103665328252534,Cambodia,False
-0.005845286337223923,2.8919784914834928e-06,1.95087240184907e-06,0.05710136514104858,Cambodia,False
0.005200053307538465,0.0022386506969514393,0.0015101501878122378,0.057027715519811374,Cambodia,False
0.06781146322515749,0.0002842336319185225,0.00019173847586353586,0.05660459846362466,Cambodia,False
-0.014502512498666315,1.344891295308168e-05,9.072374912988625e-06,0.05715976917549381,Cambodia,False
0.09243099738157234,0.00031942670389975347,0.00021547903723584828,0.05643853295848264,Cambodia,False
0.0032330701247901533,0.0001542176438761712,0.00010403222091803302,0.057040182541530836,Cambodia,False
0.09633157880007012,0.0033224076050762585,0.0022412315041499104,0.05641336313628935,Cambodia,False
-0.0212423467611897,8.875569422844474e-05,5.9872863815251505e-05,0.05720526385029107,Cambodia,False
0.0391968331480009,0.003982143286130752,0.002686276353713813,0.05679904443517433,Cambodia,False
-0.0014064635510970844,1.5306664646814075e-07,1.0325578046920571e-07,0.05707142065144582,Cambodia,False
0.0190471865835763,0.001524580357890994,0.0010284522355091987,0.056934029789040205,Cambodia,False
-0.02305133803581247,8.181535335818944e-05,5.519104494865932e-05,0.057217464281820354,Cambodia,False
-0.04327612283724676,0.004250319873108088,0.002867183059588996,0.05735550965214616,Cambodia,False
0.035513824552923935,0.00012861238325194082,8.675941047318784e-05,0.05682241281379878,Cambodia,False
-0.06575520965252436,0.0006470246832855477,0.00043647025787159636,0.057505755704611194,Cambodia,False
0.01172858188223719,0.00040274574763008374,0.0002716844424422254,0.05698296894644595,Cambodia,False
-0.03691652722419755,0.006938939317958958,0.004680873406692419,0.05731364734977175,Cambodia,False
0.1395644807922249,0.0016627202076332653,0.0011216386894373305,0.0561210875159216,Cambodia,False
0.04128463278676712,0.0007368287818613671,0.000497050354853794,0.05678371700954067,Cambodia,False
-0.20741065929135494,0.0012358713557072457,0.0008336947619718571,0.05846157219207498,Cambodia,False
0.014242080214448541,0.00019689572942443984,0.00013282202675685912,0.056965934225362724,Cambodia,False
0.010787445492368333,0.009265776132550838,0.006250512233039691,0.05699272519275099,Cambodia,False
-0.03281886253813587,0.004087247192354135,0.0027571774031446986,0.05728490196845066,Cambodia,False
0.026006977011064292,5.64973421449234e-05,3.8112007365523844e-05,0.05688651653873803,Cambodia,False
0.17221946714100292,0.0006053068067292751,0.00040832819032958294,0.05590040211514031,Cambodia,False
0.2079746174963121,0.0023394644118554463,0.0015781571576819274,0.05565985497299158,120,False
0.06245755086101477,0.002715880926423264,0.0018320804119637672,0.05664164410203774,120,False
0.019637620741748962,6.442737583744095e-05,4.346145374696283e-05,0.05692948603820942,120,False
0.13991327839099937,0.005812146375040852,0.003920760818922236,0.05612030546232659,120,False
0.0009767675298076486,2.4789626763845897e-05,1.6722599717855502e-05,0.057055353320647,120,False
-0.00030114504455787134,0.0005540718060219182,0.0003737660560733813,0.05706417761553278,120,False
-0.02231589763850202,0.00012528352840937278,8.451382978811285e-05,0.057212519917619026,120,False
-0.010399588112474259,3.2935428071825304e-05,2.2217598733056092e-05,0.057132099153796065,120,False
0.005566527576588483,5.835735893145975e-05,3.9366738486974326e-05,0.057024404600216905,120,False
0.009788959817502553,8.438276622942002e-05,5.6922971700322854e-05,0.05699593088928922,120,False
0.044695452446536284,0.002597006156914155,0.0017518898061918244,0.056761420437858055,120,False
-0.05312232250046092,0.014985946253036623,0.01010922766083425,0.057426091045466726,120,False
0.00046770804785467275,2.8361877590085795e-05,1.91323705961372e-05,0.057058788712391166,120,False
-0.026395219083544575,0.004869768361773066,0.0032850509533034196,0.05724187029821598,120,False
-0.07252696546062881,0.0005521916585816693,0.00037249774520475257,0.05755140003340793,120,False
0.014894248385327253,0.0002472656878107783,0.0001668006203001973,0.05696155417473511,120,False
-0.06497726556073126,0.005165868621920427,0.0034847944256020326,0.05750226068523916,120,False
-0.000822699166903665,0.00017382363202640827,0.0001172580389197627,0.05706754954789192,120,False
-0.002976061467451484,2.17271577424068e-05,1.4656717722869247e-05,0.05708201716090882,120,False
-0.0032830338057219487,0.001031449012741292,0.0006957954282153907,0.057084476761384124,120,False
0.006916276588189605,0.001316497105968667,0.0008880833238254749,0.05701578335511098,120,False
-0.018250848916039043,0.0001792660239883801,0.00012092937060840529,0.05718511869125726,120,False
0.07753940656061846,0.002047846427722438,0.0013814373415410703,0.05653964817831646,120,False
-0.015933975508363316,0.0005419016314120888,0.00036555629315781357,0.057169629347771325,120,False
0.01169573330130868,7.984385909433505e-05,5.3861113290770555e-05,0.056983066414431835,120,False
0.00784262219394506,0.0004351917555023262,0.0002935718878345546,0.0570091954232627,120,False
0.14288224416438794,0.003789279995431798,0.0025561745316351227,0.05609951105555486,120,False
0.014719403603411505,0.0001338656857301544,9.03031860764618e-05,0.056962690070501025,120,False
-0.06739523266467289,0.00809636370037231,0.005461649367345963,0.05751970950997287,120,False
-0.036438767666606864,0.0011626031111088963,0.0007842694302345091,0.05730819114813276,120,False
0.01023675048824197,0.0004188199187455784,0.0002825277654144277,0.056993038757962126,120,False
0.2191861464259736,0.028294740282317897,0.019087081075055162,0.05559395704467545,120,False
0.21584209578120656,0.008024469179128491,0.005413150722645888,0.055608914290141975,120,False
-0.2080472745680279,0.004985924924074134,0.0033634079093990974,0.058467345779089956,120,False
0.0011040156927654967,7.005210360763903e-07,4.725578562291141e-07,0.05705448565778395,120,False
0.008592310634555587,3.340582103421687e-05,2.2534916669913564e-05,0.05700398365378816,132,False
0.008592310634555587,3.340582103421687e-05,2.2534916669913564e-05,0.05700398365378816,132,False
-0.005775986640731001,8.662744395256944e-06,5.843718760270022e-06,0.05710089988162553,136,False
-0.024797425308097754,0.0004321705897532943,0.00029153386822322114,0.0572293783108105,136,False
-0.0913796946451549,0.0002556387457781711,0.00017244892223459025,0.05767846196327292,136,False
0.06778902594404944,0.0008712237340984981,0.0005877105738143952,0.05660497396177879,136,False
0.2623589445203348,0.005454165607524404,0.003679273960774013,0.05529414491116205,136,False
-0.04772228053839981,0.0013390156922694818,0.0009032739238497444,0.05738437641726488,136,False
0.0,0.0,0.0,0.05706193286314996,140,False
-0.01790571428034335,0.0010672760312003579,0.0007199636375427275,0.05718313302434117,Sri Lanka,False
0.13772253943054893,0.002167121246259469,0.0014618978126008282,0.05613370403539906,Sri Lanka,False
0.006514523987013374,0.00013552235929797072,9.142074582036838e-05,0.05701803927861557,Sri Lanka,False
-0.006862249933721016,0.00010866430935316493,7.33028280837369e-05,0.05710826612753152,Sri Lanka,False
-0.052792530125117754,0.014123060974061363,0.009527142046549078,0.05742353181745625,Sri Lanka,False
-0.029050562916557762,0.0025299344523832283,0.0017066445397765687,0.057258879511821015,Sri Lanka,False
-0.0010523810303102246,9.687140536300187e-05,6.534756458512653e-05,0.05706906931399542,Sri Lanka,False
0.06042802458817256,0.005538600374381001,0.003736232011085307,0.056656413985863165,Sri Lanka,False
0.14623256083487196,0.0009315395016396411,0.0006283984166316493,0.05607582884959688,Sri Lanka,False
0.00041496931773276236,2.0865144176825615e-06,1.407522014947298e-06,0.05705913436402066,Sri Lanka,False
-0.006182921486205767,1.2061782280143189e-05,8.136643559673517e-06,0.057103646294392824,Sri Lanka,False
0.0012121445563507169,4.616630269428907e-05,3.1142889232035283e-05,0.05705377374009414,Sri Lanka,False
0.0372287252563859,0.0010227576766215249,0.0006899324220342659,0.05681118708744447,Sri Lanka,False
-0.0010347519174360924,1.6342929862778737e-06,1.1024622392089473e-06,0.05706891372734754,Sri Lanka,False
0.03435905195154561,0.003114705004104999,0.002101119372188913,0.0568313474806676,Sri Lanka,False
0.002211725954352917,0.0006428451228244116,0.0004336508077340861,0.05704726037625027,Sri Lanka,False
0.0013854077715697549,2.330847136342096e-05,1.5723441113444005e-05,0.057052596142605445,Sri Lanka,False
-0.01904830063298079,8.793472667118239e-05,5.93190550801613e-05,0.05719046291656448,Sri Lanka,False
-0.011223312071996009,1.539211765899877e-05,1.0383222985711412e-05,0.05713764907464909,Sri Lanka,False
-0.02794403828879976,5.432203816733019e-05,3.6644589641631227e-05,0.05725045888570743,Sri Lanka,False
-0.09915844116438918,0.0024152476307327613,0.0016292790421172443,0.05773177701911996,Sri Lanka,False
-0.017303121626949504,0.008941397229248938,0.0060316925384751125,0.05718210540260834,Sri Lanka,False
0.003608473557221165,8.572228963119574e-07,5.782658811512362e-07,0.05703759113270313,Sri Lanka,False
0.23317367622874474,0.012456558628630099,0.008402952000567487,0.055493651732376637,Sri Lanka,False
-0.10027439367685341,0.0003423712189051973,0.00023095696047412617,0.05773849775689959,Sri Lanka,False
0.05341602029142775,0.005209676726088842,0.003514346520007703,0.05670359154767645,Sri Lanka,False
-0.019119588889735376,0.0011015942074350693,0.0007431140112731171,0.0571913348852498,Sri Lanka,False
-0.054572654218979624,0.0013561658310773843,0.0009148430736849685,0.05743059476649002,Sri Lanka,False
0.007326717176772597,5.099741946372458e-05,3.44018665734495e-05,0.05701252786849703,Sri Lanka,False
0.17968396792018093,0.005126472119954268,0.0034582183121760475,0.05585175126413908,Sri Lanka,False
-0.12805982733618046,0.0035659863547236204,0.0024055449877264027,0.057927192997909445,Sri Lanka,False
0.061177348844763516,0.0013533685618006479,0.0009129560902759992,0.05664975956262856,Sri Lanka,False
-0.031174383552241464,0.00047015673771370854,0.0003171585842875904,0.057272410831282615,Sri Lanka,False
-0.00017292368256897374,7.896807042428357e-05,5.3270323300012666e-05,0.057063129770368995,Sri Lanka,False
-0.03609526522303048,0.0009333461450926544,0.0006296171431411459,0.05730578530393066,Sri Lanka,False
-0.004947357321175107,0.0006859265237205456,0.00046271268225658656,0.0570955709611493,Sri Lanka,False
0.007361463461063139,0.00030766369276469984,0.00020754393887547013,0.057012392189216735,Sri Lanka,False
-0.41553743337015786,0.005430162755923257,0.003663082104267385,0.05986726049674923,Sri Lanka,False
0.024171493201751486,0.00022499639221026127,0.0001517781869302375,0.0568989630348843,Sri Lanka,False
-0.002322260420361459,8.0973212616275e-06,5.462295319531062e-06,0.05707760149769584,Sri Lanka,False
-0.14172109761781093,0.001151369807090293,0.0007766916619848454,0.058018406427682655,Sri Lanka,False
-0.02695960410683203,0.00013394279050470023,9.035519945662876e-05,0.05724384882792092,Sri Lanka,False
0.1949073404142106,0.007376764813180758,0.004976221964079499,0.055749900119605664,Sri Lanka,False
0.06824970002835429,0.0022154717358854174,0.001494514111824674,0.05660237960120364,Sri Lanka,False
-0.0196820819394464,0.0004606655211722085,0.00031075599434257054,0.05719488209358318,Sri Lanka,False
0.0029500227793481733,0.00011558829697033754,7.797361536409377e-05,0.05704207706143284,Sri Lanka,False
-0.0020102019205515687,0.0005142422826016103,0.0003468978348026134,0.05707569128838427,Sri Lanka,False
-0.0031215654895407102,2.8141464020161386e-05,1.8983683891922474e-05,0.057083001172827795,Sri Lanka,False
-0.0037413081668132486,7.196437522489006e-05,4.85457668360914e-05,0.057087198713265896,Sri Lanka,False
0.07949663767664464,0.004016110333466919,0.0027091898627235,0.056527195447392715,Sri Lanka,False
-0.008924989373037134,5.9499390013761596e-05,4.013713042698271e-05,0.057122162031526945,Sri Lanka,False
0.010552621993578754,0.0005098453756002132,0.0003439317669194037,0.05699094293906549,Sri Lanka,False
-0.03065040657751974,0.0001791768210682857,0.00012086919605472551,0.05726876376052324,Sri Lanka,False
0.19057775743016805,0.0043316331845810775,0.0029220354368534756,0.05577796225676881,Sri Lanka,False
-0.10078465299333726,0.008426405880842603,0.0056842893984602,0.05774508891382124,Sri Lanka,False
-0.017049526859353844,1.264985760419857e-05,8.533347727179129e-06,0.057176950531988076,Sri Lanka,False
0.07722463867225184,0.001042082692294302,0.0007029687014714557,0.05654138794967395,Sri Lanka,False
-0.01608233815755333,0.0003478012228370884,0.0002346199354387928,0.057170555319668075,Sri Lanka,False
-0.06678158403064798,0.0007107450056798174,0.0004794547471276485,0.05751270417826611,Sri Lanka,False
-0.006396825941993749,3.06560782889855e-05,2.067999373405701e-05,0.05710509641522812,Sri Lanka,False
-0.18698753490930942,0.007702474207350336,0.005195939181887181,0.05832634498042964,Sri Lanka,False
-0.17019607915023266,0.005245633079740796,0.003538601976338825,0.05821210238130503,Sri Lanka,False
0.0016027512503166066,9.578328243366905e-07,6.461353803586072e-07,0.05705112138379695,Sri Lanka,False
-1.9144312306864906,3.168918689805915,2.1376908693656382,0.0715048663254365,Colombia,False
1.0721886847098834,2.916777436809322,1.9676012876874664,0.05082927413574708,Colombia,False
-2.121061420652121,3.065251034701109,2.0677586869846305,0.07287712342090226,Colombia,False
0.6823241176821824,3.155595500397981,2.128703305109165,0.05360009414619016,Colombia,False
1.7148807894032023,3.0704721243804145,2.0712807324607407,0.046455913216051234,Colombia,False
6.07852420373049,2.8737155719543463,1.9385525917980884,0.016374826308281874,Colombia,False
0.20082236944424672,0.0445462248249444,0.030050016234031175,0.05572396930809921,Colombia,True
0.16674487982365707,0.05766550061391185,0.03890002433205626,0.05595887237349659,Colombia,True
0.24213282949088144,0.060051416710263004,0.04050951689197889,0.05545101486156368,Colombia,True
0.011444348564041338,0.05512461565209473,0.03718599279175266,0.05700592973614936,Colombia,True
0.38152399972580975,0.05774529312185522,0.03895385080486008,0.05450947976098024,Colombia,True
-0.18436443544808656,0.034510996643604755,0.02328044662523684,0.058319196430000525,Colombia,True
0.06781273436048872,0.046753902524119734,0.03153927264039176,0.056622339630070045,Colombia,True
-0.16583056194640783,0.0560519892979095,0.037811581003127676,0.058202600880910435,Colombia,True
0.08378475236470458,0.060104110189440244,0.04054506288742354,0.05651965316020022,Colombia,True
0.6150998148178036,0.05513995620605221,0.03719634123086894,0.05293227810415227,Colombia,True
-0.20104206193978738,0.05880952931384249,0.03967176382603607,0.058441308180596986,Colombia,True
0.021409963010708827,0.01377058545756971,0.009289368923589812,0.05692279318810442,Colombia,True
-0.710487122611251,0.030077353601200604,0.0202895973237818,0.061867293330131204,Colombia,True
-0.05596965525637963,0.01689270622261274,0.01139549082376962,0.05744603952192464,Colombia,True
0.014569721937046195,0.0571377770143915,0.03854403226325613,0.056985612907789356,Colombia,True
-0.0904819403965564,0.04747583116204988,0.03202627164816099,0.05769078262872237,Colombia,True
0.3959710581260532,0.049763625506836835,0.033569573184287486,0.05440905406274137,Colombia,True
0.06496235916371204,0.02869731125870211,0.019358647620216614,0.05663467313909253,Colombia,True
0.6749786774547791,0.04342665270014913,0.02929477466962306,0.05252404488123597,Colombia,True
-0.3054614499371848,0.04902309737240253,0.03307002731819095,0.05914207465067098,Colombia,True
-0.07146902068895161,0.05496194963285429,0.03707626146125025,0.057565392061497495,Colombia,True
-0.12395613253017089,0.02889371433437614,0.019491137312342293,0.057909404008241905,Colombia,True
-0.06686535820694023,0.03307488469828007,0.02231167345892517,0.05752582853017966,Colombia,True
-0.453897262905217,0.05414673032834336,0.036526330385584074,0.06014580450892577,Colombia,True
0.015009781360980365,1.6235992085822367e-05,1.0952484249155961e-05,0.056960686038152776,Colombia,True
-0.2716212527672134,0.03450040756087058,0.023273303436126744,0.05890794679206694,Colombia,True
1.7029165784660374,0.05302912556207564,0.035772415962946634,0.0455906979689443,Colombia,True
0.4099724166812968,0.05774358179731248,0.0389526963786322,0.0543174968655175,Colombia,True
0.17473163286593268,0.06910310929432055,0.046615612530055854,0.055909289734890275,Colombia,True
-0.4844778634671142,0.050194169539316075,0.033860009808632394,0.06035056093879558,Colombia,True
-0.04315812752218506,0.02818747518534067,0.01901472212840643,0.0573639767920493,Colombia,True
-0.13304364477861272,0.04311813105741595,0.029086651974397706,0.0579762827552475,Colombia,True
-0.29402743819490007,0.0640870811879107,0.0432318975997714,0.059070922213294436,Colombia,True
-0.013653915165255676,0.08462937394695208,0.057089328466679544,0.05718668701289021,Colombia,True
0.14143660731319452,0.03783495710526837,0.0255227256562163,0.05612215294209288,Colombia,True
0.15534060999716434,0.03298982581534245,0.022254294392053207,0.05602650364614677,Colombia,True
0.17128666531909506,0.05328234959907635,0.03594323596963904,0.05592656817594232,Colombia,True
-0.06572480183273006,0.04791895564314886,0.03232519479828312,0.057523894294743465,Colombia,True
0.10429490617522173,0.06531996781490526,0.04406357892184744,0.056383224192195526,Colombia,True
-0.11383985391910725,0.05582636952505943,0.037659382295751095,0.05785166093843566,Colombia,True
-0.13356417759678296,0.03175813027885753,0.021423416556451975,0.05797535110969969,Colombia,True
-0.09973252475673777,0.05667753569939655,0.03823356243014413,0.05775679154250467,Colombia,True
0.01189096980801832,0.05469392022178345,0.03689545403737701,0.0570027501187139,Colombia,True
0.135317921430373,0.05348065958248792,0.03607701202460904,0.0561693687329219,Colombia,True
-0.5146048330328366,0.052073050859331026,0.035127466577194545,0.06055462821260585,Colombia,True
0.00751175129270392,0.008134690470309016,0.005487503860365787,0.05701438871777347,Colombia,True
-0.03696892547828083,0.0944923266922878,0.06374268441945731,0.05734787311269746,Colombia,True
-0.014039311150943647,0.022435678424781016,0.015134671984788423,0.05716529110290706,Colombia,True
0.036029703935660636,0.02861312822262595,0.0193018593825902,0.05682985271135918,Colombia,True
0.572235017579998,0.04346505856022384,0.0293206825153106,0.053217350502856316,Colombia,True
0.001859152075262819,1.4620019873803348e-06,9.862380847672592e-07,0.05704939194775223,178,False
-0.01543508212438339,7.595222737461715e-06,5.123589427807189e-06,0.057166057851882196,178,False
-0.030196716327826917,0.0003240036019738702,0.0002185665235934284,0.05726575919788832,178,False
0.033480211495724034,0.0001969819027823874,0.00013288015762688105,0.05683615739685213,178,False
0.0054938021775249495,4.112587257866943e-05,2.7742713181290475e-05,0.05702488856320699,180,False
0.0054938021775249495,4.112587257866943e-05,2.7742713181290475e-05,0.05702488856320699,180,False
0.0,0.0,0.0,0.05706193286314996,184,False
-0.0030390550734780133,8.573501690441156e-06,5.78351736859156e-06,0.05708243703853674,Costa Rica,False
-0.0058440808262895695,0.00048558784151994585,0.00032756810656941554,0.05710154294137472,Costa Rica,False
0.020673618460476204,0.0012901901086938953,0.0008703371354945429,0.05692296807858961,Costa Rica,False
-0.1293150568395354,0.0004961551410936544,0.0003346966011834417,0.05793446097180949,Costa Rica,False
0.0020988355783343174,2.9319838445198193e-05,1.977859234356515e-05,0.05704778581009787,Costa Rica,False
0.009401349411865722,0.00044341201191972493,0.0002991171128174,0.05699868368268181,Costa Rica,False
0.17686356957349883,0.011708831095790396,0.007898549560433366,0.05587325882398222,Costa Rica,False
0.02834782442256014,0.004261357811905822,0.0028746290382631852,0.056872338825888075,Costa Rica,False
0.0954536077595897,0.0015733376645817162,0.0010613429656067895,0.05641862019903268,Costa Rica,False
0.015583676570817624,0.001273126579899073,0.0008588264110883945,0.05695729757847274,Costa Rica,False
-0.006690390993602127,0.00041924447577312157,0.0002828141633217719,0.05710722644592206,Costa Rica,False
0.01831557661322677,0.0003247515889248972,0.00021907110103202242,0.05693850428400818,Costa Rica,False
0.005391020335226803,1.4227983655430393e-05,9.597920845220518e-06,0.05702557156252797,Costa Rica,False
5.0273470871682314e-05,1.080660103657554e-06,7.289922723192256e-07,0.05706159414407512,Costa Rica,False
-0.022093525572799002,0.004068990647320868,0.0027448618932045658,0.057212541891714375,Costa Rica,False
0.4661868357065695,0.014607432939846149,0.009853889947012954,0.05392244066448553,Costa Rica,False
0.06056679723710763,0.0016936735399142111,0.0011425192049287112,0.056654008320433435,Costa Rica,False
-0.020032172626848692,0.00014586867081648437,9.84001661935979e-05,0.05719712228275873,Costa Rica,False
0.019280233652142834,5.126739613714061e-05,3.458398758259995e-05,0.05693189184889144,Costa Rica,False
-0.014684458838735991,0.0003037251461704342,0.00020488707200153703,0.05716110848006343,Costa Rica,False
-0.023088211193946086,0.0004557136090386356,0.00030741553079963,0.05721785733863166,Costa Rica,False
0.01619004845619286,0.00014188449427298555,9.571251824403823e-05,0.05695277245837428,Costa Rica,False
-0.206948394870059,0.004414629104971212,0.002978022869343722,0.05845970739865307,Costa Rica,False
0.12858427966824407,0.0012951018621006677,0.0008736505087420199,0.0561950192877956,Costa Rica,False
-0.007223131627918916,0.00023904307355259336,0.0001612538047638497,0.057110750796484214,Costa Rica,False
-0.00021059635708838752,1.576986683325512e-06,1.0638045226280692e-06,0.05706335411222764,Costa Rica,False
-0.016263486324856382,4.5022142792090845e-05,3.0371061231559446e-05,0.05717166054006668,Costa Rica,False
-0.009115164012771978,2.3132203529429477e-05,1.5604534263451735e-05,0.05712343089928031,Costa Rica,False
0.012031149529897842,1.0645762821814711e-05,7.181424394016018e-06,0.05698077716215554,Costa Rica,False
-0.8606529030539187,0.036125236047517696,0.024369381108098647,0.0628830540436308,Costa Rica,False
-0.0870468924050177,0.014654124587409997,0.009885387223668857,0.05765483366035762,Costa Rica,False
-0.029178535227817878,0.00148317690515244,0.0010005222721547779,0.05725933847501827,Costa Rica,False
0.04388829818252317,0.00030258759431838107,0.00020411970166307218,0.05676598681644571,Costa Rica,False
-0.024048768519518426,0.007043544698944166,0.004751438160700762,0.05722688027463801,Costa Rica,False
0.010279980788157613,9.423108645029163e-05,6.356645683689972e-05,0.05699262234180493,Costa Rica,False
0.3387292017576687,0.048175153758515755,0.03249802106035488,0.05479473880297199,Costa Rica,False
0.41200641847316355,0.018188809175013154,0.01226981664854296,0.05428927895067346,Costa Rica,False
-0.08872854627477061,0.014943127875243753,0.010080343216577817,0.05766629132657697,Costa Rica,False
0.01896088311684543,0.0001736843375169732,0.00011716407355487974,0.05693409314242959,Costa Rica,False
-0.05187383510834971,0.0011781739189116148,0.0007947731941132084,0.05741231995596959,Costa Rica,False
0.00033588013162493295,0.0008489303291048648,0.0005726718767170965,0.05705999384769423,Costa Rica,False
-0.14561245762960043,0.006857698728413718,0.004626070086224964,0.058046891450677075,Costa Rica,False
0.40777155139190796,0.0019204909030516178,0.0012955257834036298,0.05431188896928118,Costa Rica,False
-0.023690548570972223,0.0009487896593706248,0.0006400350372856489,0.05722211093431935,Costa Rica,False
0.013901983142682603,0.0006860744952147258,0.00046281250094649273,0.056968416447658,Costa Rica,False
-0.01345498500164665,0.0003159286146245323,0.00021311929429642805,0.057152819376822935,Costa Rica,False
-0.058363591785432656,0.0067621872481848635,0.004561639900666204,0.057458263332705865,Costa Rica,False
-0.08652542970310047,0.004948983679863642,0.0033384880650667663,0.057647541127186085,Costa Rica,False
-0.2183686801263278,0.0006840853224778004,0.00046147064373475816,0.05853527559984304,Costa Rica,False
0.003213267068987587,0.00012210172374038325,8.236744628799836e-05,0.05704030377156373,Costa Rica,False
0.01307906715246315,0.0003810120965074331,0.0002570233444114287,0.056973850457901376,Costa Rica,False
-0.02246370124997764,0.000242022299512678,0.00016326353260986146,0.057213562028404844,Costa Rica,False
-0.5407634549834245,0.06566069141177158,0.044293424428562905,0.06073672025135612,Costa Rica,False
-0.10814993617226913,0.004418417481708756,0.002980578434555167,0.05779321385469367,Costa Rica,False
-0.004430495802007323,0.0004810781808015239,0.0003245259772233016,0.057092005403881804,Costa Rica,False
0.04050994653803182,0.00014196933603473946,9.576975084518564e-05,0.05678871503493629,Costa Rica,False
0.00851747461264369,0.00011364991685394626,7.666602186556089e-05,0.05700451934032319,Costa Rica,False
0.002176322515703767,0.0007937448521546284,0.0005354448280782013,0.05704755727324615,Costa Rica,False
-0.07082522230205257,0.0071103297340734135,0.004796490045517283,0.057542466046270196,Costa Rica,False
0.03700285195977478,0.0006570513471503322,0.00044323405015913567,0.056812570638598965,Costa Rica,False
0.024162626417337952,6.064599495437182e-05,4.091060780278188e-05,0.05689895976598196,Costa Rica,False
0.01803603442014652,0.00198603688148142,0.0013397418246872913,0.05694102814819479,Costa Rica,False
0.056104248191002334,0.0005680963299289231,0.00038322672693238665,0.056683681751815665,Costa Rica,False
0.0019123345246676428,8.840370921283094e-07,5.963542157463749e-07,0.05704903296687128,Costa Rica,False
0.08670061580750132,0.0004555583460895341,0.00030731079343615243,0.05647724094468876,Costa Rica,False
0.10395651158062186,0.0014974772169091572,0.0010101689841293564,0.056361231813458944,Costa Rica,False
-0.26235191046352857,0.005663309247444348,0.003820358189561891,0.05883395545567077,Costa Rica,False
0.051245581167314765,0.001948588279575012,0.0013144797267283374,0.05671698568014279,Costa Rica,False
0.059942260187185376,0.0033295128410726765,0.002246024558059148,0.056658846614498264,Costa Rica,False
-0.004794717638969146,3.0085193849215713e-05,2.0294886202492817e-05,0.057094288682335494,Costa Rica,False
0.004711106291407344,3.459079640999721e-06,2.333427799444913e-06,0.05703015398781961,Costa Rica,False
-0.009098431417237313,0.007444568749216349,0.005021961179615891,0.05712617796508307,Costa Rica,False
-0.05529692890798214,0.00707434219269798,0.004772213550554929,0.057437696232275945,Costa Rica,False
0.007255189940997636,0.00011728861681927952,7.912061803973106e-05,0.05701303587300033,Costa Rica,False
0.3664188230537035,0.004981962089121139,0.003360734658071105,0.054591977492876545,Costa Rica,False
-0.020031537431348976,0.0004572896931596813,0.00030847872647131127,0.05719723815710198,Costa Rica,False
-0.013916040974775615,5.9112124324553594e-05,3.9875888530653323e-05,0.05715583055838923,Costa Rica,False
-0.0009460408423407105,9.40036284458509e-08,6.341301809427081e-08,0.05706831470672689,Costa Rica,False
-0.030439874895051615,0.0011095590232739372,0.000748486921013496,0.05726770297574289,Costa Rica,False
-0.0006519974918269181,1.1314361275983712e-05,7.632447897820904e-06,0.057066335466885526,Costa Rica,False
0.01225167981809618,0.002754120970535961,0.001857876401430716,0.05698034404008859,Costa Rica,False
0.006299695314150077,0.0002540193968625779,0.0001713565409745988,0.057019534051413634,Costa Rica,False
-0.004778330819848541,4.622290134790744e-06,3.1181069582148904e-06,0.057094168333079495,Costa Rica,False
0.1338592791396706,0.015826529436393545,0.010676268715495848,0.05616494053997373,Costa Rica,False
0.09216335883151432,0.005476876444662745,0.0036945942494713718,0.056442302096889156,Costa Rica,False
-0.03243563813140732,0.00020004109355167084,0.00013494382817676986,0.05728081466174402,Costa Rica,False
-0.018611399120085144,0.0003571134456034508,0.00024090177966697987,0.057187619505146475,Costa Rica,False
-0.0759500479815976,0.002844199965369904,0.0019186419380781547,0.0575753817695902,Costa Rica,False
-0.031061737428270297,0.0003366020565544424,0.0002270651958413605,0.05727159934195721,Costa Rica,False
-0.018100141196354794,0.00043911926555851693,0.00029622130967471387,0.05718420228450233,Costa Rica,False
0.08472317622182755,0.001103095994270437,0.0007441270874419775,0.05649082717014111,Costa Rica,False
0.021259701659259635,0.0005769040860427961,0.0003891682677755753,0.05691874056335077,Costa Rica,False
-0.18461030333806266,0.026250970423449163,0.01770839370751782,0.05831760514865477,Costa Rica,False
-0.1486566123225325,0.00304505433123722,0.0020541343839297977,0.058065934188169605,Costa Rica,False
0.03408655263259776,0.010491616019273451,0.007077439961283684,0.0568360141483612,Costa Rica,False
-0.060325666038491155,0.003243750848670626,0.0021881711872275677,0.05747013560960766,Costa Rica,False
-0.04182087120628584,0.02535315903419925,0.017102747619031546,0.057353857405914456,Costa Rica,False
-0.005752602831978155,0.00020135033687856144,0.00013582701824241443,0.057100816360523284,Costa Rica,False
0.20976150980272115,0.006027100575496644,0.004065764738752783,0.05564918511024771,Costa Rica,False
-0.007407673223427203,0.0004686433733792298,0.00031613769816317015,0.05711208413773853,Costa Rica,False
-0.00953026355249748,6.42610089324828e-05,4.334922587098807e-05,0.05712624692992217,Costa Rica,False
-0.00828753981452697,0.0002568540938491985,0.00017326877238817547,0.05711793796122954,Costa Rica,False
0.3989615009133376,0.024261679465260942,0.01636645674602039,0.054379516230528266,Costa Rica,False
-0.0016328997838562767,2.5972680955656224e-05,1.7520665049078177e-05,0.0570729580868315,Costa Rica,False
-0.07615232642662208,0.0059491306516209035,0.004013167745686825,0.05757795233500062,Costa Rica,False
-0.1714671927296856,0.006898942992374801,0.004653892663928501,0.05822132672955489,Costa Rica,False
0.023252034609547036,0.00013483442033492145,9.09566755857101e-05,0.05690513092238781,Costa Rica,False
0.015286959755591887,0.0019124246337959194,0.0012900844351629126,0.05695954483426388,Costa Rica,False
-0.009095478385043858,3.782540152411964e-05,2.5516279647160013e-05,0.05712330376576379,Croatia,True
-0.02996186526648072,0.0009681026452296013,0.0006530632016445931,0.05726442374743915,Croatia,True
0.036761081661163965,0.0020247755973518172,0.001365874208416004,0.056814725779004184,Croatia,True
0.014925086977941758,0.00017414101558578578,0.00011747213969147093,0.05696131804504506,Croatia,True
-0.001571354966667603,1.3421309266518128e-05,9.05375400330181e-06,0.057072538085119,Croatia,True
0.019485812894177452,0.00014349788811541202,9.6800882327579e-05,0.056930540471285006,Croatia,True
-0.013606567907528982,1.255290377818408e-05,8.467944563226716e-06,0.05715372496166284,Croatia,True
-0.0451497785973938,0.005529017954760685,0.0037297678973184645,0.05736864419903997,Croatia,True
0.10967318218805366,0.0023759395958529526,0.001602762606865818,0.056323001646541526,Croatia,True
-0.09618660043315283,0.0020033850457996773,0.0013514445586774982,0.05771156888809008,Croatia,True
0.01327751781454771,0.00012989548832854363,8.762496818393445e-05,0.056972415234325564,Croatia,True
-0.02206204983014802,0.00016512995555098718,0.00011139345398026567,0.057210822886331926,Croatia,True
0.00657271670617976,0.0007656698387855974,0.000516505970502158,0.057017889096343186,Croatia,True
-0.008148021751251604,6.462137476112798e-05,4.359232164495169e-05,0.05711692273057276,Croatia,True
-0.414304635211269,0.0053095895702646514,0.003581745780018398,0.05985889528686743,Croatia,True
-0.013631471038249268,6.971284566339661e-05,4.702692881692905e-05,0.057153914991320796,Croatia,True
0.21671763509340058,0.003290672688004633,0.002219823746771243,0.055601232127362475,Croatia,True
0.03672413004501848,0.000724106850729144,0.0004884683877274246,0.056814476550486166,Croatia,True
0.004826248736945788,4.0739213244265444e-05,2.7481880320109987e-05,0.05702939160128464,Croatia,True
0.0006477723923484118,6.119164451620992e-05,4.127869237685661e-05,0.05705758666929711,Croatia,True
7.078332131653362e-05,5.6094890191235265e-06,3.784052111075655e-06,0.05706145753187667,Croatia,True
0.012202115826729436,1.8221758686906025e-05,1.2292043747947571e-05,0.056979626768722653,Croatia,True
0.23386966029710116,0.016934470633938378,0.01142366428276131,0.055490632717987175,Croatia,True
-0.08719893652695691,0.002264839127795712,0.001527816393536893,0.05765104071890151,Croatia,True
-0.0020204350552305104,3.9561537693140166e-07,2.668744331520538e-07,0.05707556247710188,Croatia,True
-0.09434594916195602,0.015822521107766135,0.01067356477502057,0.057704531403552826,Croatia,True
0.04547109798774448,0.0004023281319215855,0.00027140272701360553,0.05675534772202906,Croatia,True
0.23390155519209999,0.005436545453475573,0.0036673877478054792,0.055486113388567494,Croatia,True
0.0032747992647701642,0.0004719382282285965,0.0003183603431145961,0.057040023297519706,Croatia,True
-0.0382542773284972,7.56219936192612e-05,5.101312501426854e-05,0.05732001801305538,Croatia,True
0.02007464307653932,0.005351541259550212,0.003610045573076736,0.056928568375479716,Croatia,True
0.07676535458738754,0.0037541015229477963,0.0025324438187994814,0.05654552070600019,Croatia,True
0.028338114702529123,0.000405146650018713,0.00027330404446323066,0.056870924887540746,Croatia,True
-0.08143576392149413,0.0005124402668813285,0.00034568223007154487,0.057611481828833785,Croatia,True
0.15070331555374594,0.0006069007674509657,0.0004094034452081151,0.05604554708121618,Croatia,True
1.620289319017235,0.06109060249673935,0.04121053139716996,0.04615079547283199,Croatia,True
-0.382041608944017,0.003293943556862116,0.0022220302112393995,0.059640436426296066,Croatia,True
-0.019023247171617498,0.0001652562789891777,0.00011147866931295168,0.05719032374096013,Croatia,True
0.0026936357705486763,8.047425419168318e-06,5.428636555364149e-06,0.057043765217220814,Croatia,True
-0.009275887309105842,0.0003896266067335831,0.00026283452534003296,0.057124656336828714,Croatia,True
-0.006913900909426671,0.00023529550835759655,0.00015872577022466505,0.05710866333915206,Croatia,True
-0.03089092137633865,0.00036462619225453765,0.0002459697323322057,0.05727045787424067,Croatia,True
-0.025870105268127302,0.005661731921909363,0.0038192941564565287,0.05723863366980865,Croatia,True
0.012088150894071194,0.0002740588435509371,0.0001848747616694531,0.05698049389256825,Croatia,True
0.00423341766146181,1.6660001766435858e-06,1.1238512926914689e-06,0.057033375692554365,Croatia,True
-0.0493245365816955,0.0012593047104472962,0.000849502446980487,0.057395154159805666,Croatia,True
0.03872288068421602,0.0010832696231364502,0.0007307526033688713,0.056801130922689666,Croatia,True
-0.019024733810430162,0.00010037079526159604,6.770818489975925e-05,0.05719030873704431,Croatia,True
0.10834221475216238,0.0009255043491719175,0.0006243272202431195,0.05633142906224471,Croatia,True
-0.17757524364713018,0.002282502309096645,0.0015397316318522271,0.05826071795284305,Croatia,True
-0.14156578516515864,0.0023642584502735413,0.0015948827334158722,0.05801783341238882,Croatia,True
0.1435928512313336,0.005960399595658869,0.004020769555999866,0.05609553890952821,Croatia,True
0.0714868498996551,0.0003963394958063039,0.0002673629096510544,0.05657984776121639,Croatia,True
-0.2104406459389332,0.0037828312519031203,0.0025518243347668716,0.058483016885044474,Croatia,True
-0.002886589707941504,0.00015143868812934446,0.00010215759145989238,0.05708146354853186,Croatia,True
0.0002497336258211206,1.9316807605695883e-06,1.3030742434895945e-06,0.057060248952254894,Croatia,True
-0.005029652361332462,7.694254598309189e-05,5.1903943936117544e-05,0.05709589155404427,Croatia,True
-0.0005494024673263031,0.0005871778892256557,0.0003960987754368507,0.057065865062453376,Croatia,True
-0.014787974397405366,0.00015480268808054951,0.0001044268803512012,0.0571617493523844,Croatia,True
-0.010934703261350159,4.7055426892919895e-05,3.174267511081452e-05,0.05713571437946101,Croatia,True
0.11706382842812467,0.018193106772734238,0.012272715724318593,0.056279150041583986,Croatia,True
-0.07386993043237294,0.004215597338017527,0.0028437599132447567,0.05756188195777405,Croatia,True
0.003931431464819998,0.0007826417834751456,0.0005279549140534513,0.057035713314540215,Croatia,True
-0.024526549544942745,0.0038949246500911165,0.0026274403594359437,0.057228887847510825,Croatia,True
-0.021032875333689652,8.590375253174691e-05,5.7948999455902014e-05,0.05720384969544081,Croatia,True
-0.05993785684322965,0.0005824788609950386,0.00039292890245279605,0.05746648778174936,Croatia,True
0.0030413663292207143,0.00022321966375166767,0.00015057964049372094,0.05704150229074352,Croatia,True
0.22054338697030273,0.02339162918101985,0.015779537758640164,0.05558296083477053,Croatia,True
-0.08785953315935763,0.008714278456196378,0.005878482634737975,0.05765800558900231,Croatia,True
-0.4078868828910105,0.028326587719501525,0.019108564736311333,0.05982489006323514,Croatia,True
0.009861249694573249,0.015477968550911375,0.010441136326422504,0.057001362382025376,Croatia,True
0.005399120499801937,2.612750163424835e-05,1.7625104065478326e-05,0.057025521497932614,Croatia,True
-0.05614697502404595,0.0009441155075898804,0.0006368819454704916,0.05744105526011228,Croatia,True
-0.1358448934081351,0.0002922248910771295,0.00019712922375272673,0.05797843036611357,Croatia,True
0.19033963121062594,0.027172193012567916,0.01832983253576783,0.05578816463522705,Croatia,True
7.755742230423825e-05,1.5855927274411826e-05,1.0696099924833255e-05,0.05706141577922065,Croatia,True
0.4296556264188183,0.007431974075400232,0.005013465057798073,0.05416627524135037,Croatia,True
-0.11893268673940871,0.005473275038311843,0.003692164810843627,0.057866366140840134,Croatia,True
-0.0030414279169647916,6.418785897312509e-06,4.3299880332171786e-06,0.05708245221556776,Croatia,True
0.0,0.0,0.0,0.05706193286314996,204,False
0.007186064656878077,2.4546385189469088e-05,1.6558513686153858e-05,0.05701346651022899,212,False
-0.03432024055670383,0.00013937090621132672,9.401690066128363e-05,0.057293504391545326,212,False
-0.02441420405163101,0.0002808968100879335,0.00018948752080340876,0.057226734769303886,212,False
-0.0040852706141359385,5.781772594283936e-06,3.9002712576087685e-06,0.05708949353021456,Dominican Rep,False
-0.06459425187185211,0.0005089346646325842,0.00034331741902641593,0.05749787051407257,Dominican Rep,False
0.011500890934677061,0.0013280732256494314,0.0008958923488483824,0.056984860614405955,Dominican Rep,False
-0.029626660050291583,0.00047310676786436475,0.0003191486172088192,0.05726197129620441,Dominican Rep,False
-0.0004122068191371038,2.3924395619333304e-05,1.6138931628337992e-05,0.05706472273975787,Dominican Rep,False
0.02208665152867409,0.000421638091206631,0.00028442884970468414,0.05691310248809251,Dominican Rep,False
0.02478899999941968,2.5117736694434944e-05,1.6943936290808516e-05,0.05689472073420746,Dominican Rep,False
0.15617369415883442,0.011822403154274543,0.00797516306055807,0.0560128826382072,Dominican Rep,False
-0.0004004053194118875,0.004329982027594039,0.002920921598487589,0.05706630078140614,Dominican Rep,False
-0.0463596645606789,0.0016151431217973993,0.0010895441133570005,0.057375291266094176,Dominican Rep,False
-0.03560654219389319,0.0013107601681389698,0.0008842132972274074,0.057302634343963765,Dominican Rep,False
-0.005811060514060123,0.00039807982038037585,0.0002685368987356257,0.057101286484356216,Dominican Rep,False
0.04522633902840638,0.0003438943243593155,0.00023198441776825724,0.0567569764501096,Dominican Rep,False
0.0032585945034879897,1.8451513766682247e-05,1.2447032052888296e-05,0.05703995811865326,Dominican Rep,False
0.053008347954238484,0.00036542039269323067,0.0002465054844900953,0.05670448864489333,Dominican Rep,False
0.0013944075886729251,2.6628227270465746e-07,1.796288383371365e-07,0.0570525265634424,Dominican Rep,False
0.044680998343237306,0.004136054309291953,0.00279010173426549,0.05676210726542633,Dominican Rep,False
0.22896651719639638,0.014734254162259434,0.009939441075246944,0.05552288796815588,Dominican Rep,False
0.06129619497147533,0.0016508572423897764,0.0011136361639808754,0.056649071526906604,Dominican Rep,False
-0.007365439510080922,0.00013349694349309925,9.005443974042042e-05,0.057111670116094915,Dominican Rep,False
-0.012790325700659364,4.4044497472834e-05,2.9711560727751497e-05,0.057148230890491564,Dominican Rep,False
0.006579710273392578,0.00028575162084416817,0.0001927624816471458,0.05701765732694977,Dominican Rep,False
0.02910923623378861,0.00047833942843753387,0.00032267846818471736,0.05686575111477618,Dominican Rep,False
-0.017853411384504653,0.00012968666284691853,8.748409857853973e-05,0.057182418526944716,Dominican Rep,False
-0.015685944314122114,0.00434533470041113,0.0029312782127506906,0.05716942298527341,Dominican Rep,False
-0.009755530578615645,0.0012576953761105779,0.000848416821360484,0.057128226459132354,Dominican Rep,False
-0.005596793732216161,0.00022312876578074698,0.00015051832249174564,0.05709977368994771,Dominican Rep,False
0.0006467417535254531,4.262930839443507e-05,2.875690172023224e-05,0.05705758647715439,Dominican Rep,False
-0.00016795029724191025,5.362028517786999e-07,3.617120073362772e-07,0.05706306602956982,Dominican Rep,False
0.00235162213361435,3.8270698475488e-05,2.5816668303441624e-05,0.05704608400534677,Dominican Rep,False
0.014191320735117051,1.837041638912662e-05,1.2392325340441605e-05,0.05696620803506007,Dominican Rep,False
0.10871636280084318,0.03632451822323091,0.024503812985072922,0.05634235946628106,Dominican Rep,False
-0.2304480257904183,0.014781147898055956,0.009971074676691229,0.05862233566836298,Dominican Rep,False
0.007418958297963861,0.0015237748210879354,0.0010279088360605553,0.05701247205071108,Dominican Rep,False
-0.00549263516804724,0.00028464827272091397,0.00019201818447839872,0.05709909475157049,Dominican Rep,False
0.026968181956031196,0.007131692905926941,0.004810901225444014,0.05688274732945998,Dominican Rep,False
-0.017894659168923202,8.434121267213051e-05,5.6894940479359945e-05,0.057182679284998025,Dominican Rep,False
-0.04798880246875724,0.04840524208791633,0.03265323416900594,0.057404400377502156,Dominican Rep,False
-0.06238025348931012,0.0002590596893953822,0.00017475662421465423,0.057482838366772,Dominican Rep,False
-0.2067555913819879,0.018047872572462015,0.01217474355960503,0.058463783656128865,Dominican Rep,False
-0.13839463425842355,0.006124983057020676,0.004131794355636892,0.057997912483661214,Dominican Rep,False
-0.06009958207900936,0.014815408967577357,0.009994186527344327,0.057473096914781266,Dominican Rep,False
0.03478623664112789,0.0011425086538684804,0.0007707141004919443,0.056827709660617426,Dominican Rep,False
-0.0038506830565177555,0.0008186972694866537,0.0005522772431448493,0.05708822410683537,Dominican Rep,False
-0.07733117079725281,0.00677126571506401,0.004567764057722622,0.05758622429272226,Dominican Rep,False
-0.016900880633613117,0.001874879894688744,0.0012647574849195035,0.057176666060536854,Dominican Rep,False
-0.07641276560910343,0.0009168122011388388,0.0006184636663610776,0.057577754604715016,Dominican Rep,False
0.01007702902100744,0.000713773849416579,0.00048149794616006257,0.056994229612778606,Dominican Rep,False
0.02998707145847218,0.00029759211138069336,0.00020074984610372336,0.056859760061555596,Dominican Rep,False
0.010806129221185186,0.00667636016408564,0.004503742620242633,0.056991603573832934,Dominican Rep,False
-0.11179965166832573,0.0048755991630513576,0.0032889842983569815,0.05781801317836788,Dominican Rep,False
-0.006667353943156741,2.6227994954909245e-05,1.769289490362766e-05,0.05710691963900621,Dominican Rep,False
-0.06625564152393745,0.0007117448900265254,0.00048012924964652197,0.05750915664337542,Dominican Rep,False
0.0022530555053265847,0.00013394561166742413,9.035710255809213e-05,0.05704678573506094,Dominican Rep,False
0.018736397684511855,0.0001983133124669265,0.00013377830068595666,0.056935616938661074,Dominican Rep,False
0.06654713446270046,0.0003608483421150292,0.00024342126815890956,0.05661315665504096,Dominican Rep,False
0.014745880417466946,0.000417838724030623,0.00028186587055736585,0.05696262058212914,Dominican Rep,False
-0.003128509948237422,0.0002585853256767515,0.0001744366276829233,0.05708313675623674,Dominican Rep,False
-0.11807349030441758,0.0653926670572226,0.04411262041572089,0.05788396778230221,Dominican Rep,False
-0.0927099979627273,0.0043490932337473635,0.0029338136461844735,0.057689028953245215,Dominican Rep,False
-0.030308129069725354,0.00012976777629269569,8.753881613029593e-05,0.05726643573314095,Dominican Rep,False
0.021405854705375836,0.00012508619704483347,8.438071389038656e-05,0.05691758116113303,Dominican Rep,False
-0.03311287906263381,0.0007645200249511218,0.0005157303284690142,0.05728560133954599,Dominican Rep,False
0.2250593311694631,0.007022314062043743,0.004737116386273779,0.05554635771549236,Dominican Rep,False
0.010967080724242653,0.0006304865014594247,0.0004253139223053541,0.056988193449901074,Dominican Rep,False
-0.0011779530962140916,5.2766150408969435e-05,3.5595018043121936e-05,0.057069899419505146,Dominican Rep,False
-0.03485667179556518,0.0019396494181294507,0.0013084497447801823,0.05729781889986154,Dominican Rep,False
0.0556191107638552,0.0005933264874717567,0.00040024650013940297,0.05668696405504504,Dominican Rep,False
-0.00012200742977755739,2.142578811845225e-06,1.4453419640307445e-06,0.05706275672627608,Dominican Rep,False
0.046066283207770946,0.00047818035751211586,0.00032257116203453386,0.05675136174634524,Dominican Rep,False
0.06860267904834731,0.0015382690612257323,0.0010376863683464526,0.056599739870671816,Dominican Rep,False
-0.20297275052479752,0.005742378665314967,0.0038736968798766093,0.05843341106547166,Dominican Rep,False
0.032751307690304654,0.0019950818774072876,0.001345843402890095,0.056841763917206314,Dominican Rep,False
0.019924987343758648,0.003269370390403252,0.002205453631430174,0.05692877831447077,Dominican Rep,False
0.02241031449545629,2.4616230099641824e-05,1.6605629703118328e-05,0.05691076669382372,Dominican Rep,False
-0.009130157795277368,5.680513020377007e-06,3.831963519933759e-06,0.05712352531952607,Dominican Rep,False
-0.10720646673481109,0.007354501765781761,0.004961203745624671,0.05778799380154653,Dominican Rep,False
-0.789430059563887,0.0071626823024286326,0.004831806069156767,0.06239028897070074,Dominican Rep,False
0.016172446589242207,0.00012890217790343254,8.695490030461762e-05,0.05695288620953545,Dominican Rep,False
-0.030146355525624176,0.00490833256140912,0.00331106561177717,0.05726719046418991,Dominican Rep,False
-0.009350772797145827,0.0004351734071690477,0.00029355951040605074,0.057125179052832195,Dominican Rep,False
-0.00326607907539642,5.133605545315973e-05,3.46303038208244e-05,0.057083984965251265,Dominican Rep,False
-0.00012723021444264923,4.7055353438943806e-08,3.174262556019193e-08,0.05706279115152614,Dominican Rep,False
-0.021767778152567797,0.0010749559795237033,0.0007251443812017013,0.05720918890697826,Dominican Rep,False
0.011733745963821157,1.5110364784879276e-05,1.0193157980774457e-05,0.05698278510504053,Dominican Rep,False
0.03185732460842648,0.000237605681955092,0.0001602841683690864,0.05684712066887962,Dominican Rep,False
0.0007257532211999303,2.6452700639402348e-06,1.784447698479014e-06,0.057057038091330926,Dominican Rep,False
-0.2695243309372909,0.01595852549255104,0.01076531068585244,0.058886430847567804,Dominican Rep,False
-0.09681173981521882,0.005399662979745147,0.003642507548895113,0.057717108366858255,Dominican Rep,False
-0.003985968361703231,0.00018550619387908428,0.0001251388677600869,0.05708889287029656,Dominican Rep,False
-0.03454072118856964,0.00037717399997500483,0.00025443423919408457,0.057295083623707284,Dominican Rep,False
-0.11624558467514559,0.0029003140489694858,0.0019564954066886076,0.05784723473020562,Dominican Rep,False
-0.011907615967171112,0.00031766629061611535,0.0002142914966988035,0.05714238177407095,Dominican Rep,False
-0.010820238627060698,0.0004174523295935554,0.0002816052163907726,0.05713508498229261,Dominican Rep,False
0.017192913851408025,0.0010685946760880883,0.0007208531697183257,0.056946363312344796,Dominican Rep,False
-0.02162476632404094,0.0005520293650165474,0.00037238826512454924,0.05720802236376148,Dominican Rep,False
0.17704888898686888,0.026081600662016043,0.01759414016301164,0.05587742667101831,Dominican Rep,False
0.045140012110354885,0.0031031064636130395,0.002093295222523165,0.0567586152527365,Dominican Rep,False
0.026616534295387344,0.0103846427377221,0.007005277867641449,0.05688636795149063,Dominican Rep,False
0.007979416545097887,0.0255201507088646,0.01721539695249048,0.057017921133680996,Dominican Rep,False
-0.05097118333049046,0.00018676705481720076,0.00012598942000796313,0.057405846870329694,Dominican Rep,False
-0.03649330416162621,0.010432596274822452,0.007037626390417679,0.05731214300459017,Dominican Rep,False
0.01227370232454733,6.561799240655818e-05,4.4264620510725154e-05,0.05697916207779095,Dominican Rep,False
0.04164109587159006,0.0004915840631356739,0.0003316130409629262,0.056781218429209475,Dominican Rep,False
-0.003218200202954362,7.292850908216176e-05,4.919615277062677e-05,0.05708367029830897,Dominican Rep,False
0.005648539669869688,0.00027390881482542963,0.00018477355521133486,0.05702393427910064,Dominican Rep,False
0.08054319153792641,0.02442504297930439,0.016476658592941097,0.056527918081765556,Dominican Rep,False
-0.004277942336431749,2.0910658843039503e-05,1.4105923457418572e-05,0.05709079908269149,Dominican Rep,False
-0.3300835529242226,0.006030163955665581,0.004067831235390138,0.059291024123613006,Dominican Rep,False
-0.0352790078478981,0.006812249628630208,0.004595411008117142,0.057302551471261585,Dominican Rep,False
-0.02440223445238782,0.00012295039394079303,8.29399426869608e-05,0.057226593050899645,Dominican Rep,False
-0.032817131488653076,0.001866910087983215,0.0012593812084376154,0.057284032269093114,Dominican Rep,False
0.025442222548746653,0.0037981622070070095,0.002562166298683354,0.05689176224338445,Ecuador,True
0.039315533615414726,9.1672235659912e-05,6.184030589832874e-05,0.05679675304891065,Ecuador,True
0.08881126118716809,0.0018006640539996754,0.0012146929233030506,0.056463515239433125,Ecuador,True
0.2074947897285469,0.03349147444069496,0.022592696790794325,0.055674791834643744,Ecuador,True
-0.006658258511548883,0.0020306905275294875,0.0013698643051876305,0.05710763047617304,Ecuador,True
-0.004422673112343293,0.0001229018262311018,8.290717985530881e-05,0.05709181468836495,Ecuador,True
0.014639102911089608,0.0008220656832315527,0.0005545495094954755,0.0569634962150068,Ecuador,True
-0.02111051521883868,0.009422863102220123,0.0063564800452901565,0.05720797670355938,Ecuador,True
0.20456161704236417,0.007067201384388543,0.0047673965002556955,0.05568465471805387,Ecuador,True
0.0003790531952232466,7.04183685478153e-06,4.750286082269557e-06,0.057059378554556346,Ecuador,True
-9.123284808436284e-05,5.917611723177627e-07,3.9919056900329116e-07,0.05706254852997419,Ecuador,True
-0.09145570281661992,0.003012905916280211,0.002032447688925836,0.05768004755051104,Ecuador,True
-0.17642263514537496,0.007882749710962346,0.005317549527801511,0.058255143367627896,Ecuador,True
-0.05837342840226069,0.0011902005372603553,0.0008028861167691767,0.05745616995715382,El Salvador,False
-0.03050013826970503,0.0023408606754611034,0.0015790990499338939,0.05726858518715671,El Salvador,False
0.007083350833686984,4.9680587529760736e-05,3.3513557381175464e-05,0.05701416906458197,El Salvador,False
-0.01035920356709664,7.385898727555891e-05,4.9823835249374975e-05,0.0571318424994078,El Salvador,False
0.02239303790732462,4.799639382228696e-05,3.237743308669877e-05,0.056910892214219466,El Salvador,False
-0.024064599537133167,0.014561388322853416,0.009822829144586738,0.057229889562045305,El Salvador,False
-0.06257801091887887,0.006043865482093537,0.004077074018436491,0.057486415708552174,El Salvador,False
0.0747044935173654,0.0027173853145683277,0.0018330952429255172,0.056559027670961166,El Salvador,False
0.03190525984890232,0.0023178567483070492,0.001563581048416542,0.05684759504836538,El Salvador,False
0.0022499840682835893,6.419590886273743e-05,4.3305310631023914e-05,0.05704677961283983,El Salvador,False
0.018502470686184658,0.0002635825417575057,0.00017780765238685148,0.056937220035894465,El Salvador,False
-0.04961664797836803,0.00013050040430128147,8.803303272526046e-05,0.057396687641237815,El Salvador,False
0.03308395316744701,0.005814347039279844,0.003922245344184866,0.05684098439729688,El Salvador,False
0.4845996570936984,0.01777540601580154,0.011990942923680142,0.0537993689488823,El Salvador,False
-0.11623691493085374,0.0008231757628196453,0.0005552983475793836,0.05784636568722049,El Salvador,False
-0.00021751440156269694,1.4869898409513087e-07,1.0030944044309828e-07,0.05706340023020659,El Salvador,False
0.01220587481823947,2.8122869139547387e-05,1.897114014738483e-05,0.05697960521701768,El Salvador,False
-0.002021662766505289,2.464612754454705e-05,1.6625797937537487e-05,0.05707558009595372,El Salvador,False
0.0012547488490780626,3.0437023512830926e-07,2.0532223645672305e-07,0.05705346868877767,El Salvador,False
0.07015393914556893,0.002913781016538404,0.001965579960894031,0.056589800361978713,El Salvador,False
-0.0008817500669939808,0.0005533926113295887,0.00037330788455355494,0.05706809401717553,El Salvador,False
-0.0017089185463838742,8.986759789789025e-06,6.062293238893693e-06,0.05707346435500642,El Salvador,False
-0.01080538269924316,0.00012560680278786096,8.47319043917362e-05,0.05713487228318072,El Salvador,False
-0.00876174617433352,3.3101280479324506e-05,2.232947953905906e-05,0.05712105065231824,El Salvador,False
0.1411162340838323,0.017826908671199945,0.012025685612581384,0.05611673863697852,El Salvador,False
0.028655509828733543,0.0025984772575736717,0.0017528821820637212,0.056869625228785914,El Salvador,False
0.00010523014460072429,2.432284580131131e-05,1.6407718365798786e-05,0.05706123236352243,El Salvador,False
-0.1530736838793064,0.009290849719430682,0.006267426386724893,0.058098179401474014,El Salvador,False
0.004094444674412098,7.59529132365606e-06,5.123635694718955e-06,0.05703431545853599,El Salvador,False
0.08546339676404299,0.053801552316053214,0.03629348001692296,0.056505921388177886,El Salvador,False
0.644182071528023,0.01498241311263198,0.010106844273085145,0.05272173449367711,El Salvador,False
0.3183077982581929,0.012051398494833845,0.008129638860210371,0.05491915513944729,El Salvador,False
-0.021162425906234104,0.00047791699570096016,0.0003223935032827148,0.05720487489412956,El Salvador,False
-0.0016705548980348412,0.00027799505174468526,0.00018753005110391094,0.05707330913094663,El Salvador,False
-0.23795818970263366,0.004948840831277415,0.0033383917021908554,0.058669111100231514,El Salvador,False
0.07937787133244667,0.0009834609208890087,0.0006634235954760696,0.05652684020538133,El Salvador,False
-0.05298820567863532,0.00033632640541885264,0.0002268792469504735,0.057419511258164996,El Salvador,False
-0.002351259374047904,2.8208372400486328e-05,1.902881898300726e-05,0.05707780486247817,El Salvador,False
0.04115032426250982,0.0048677543887287785,0.003283692366287043,0.05678620546933116,El Salvador,False
-0.1410318401890391,0.0033507644489955968,0.002260360479129735,0.058014617546584914,El Salvador,False
0.0406063762289608,0.0005528701161178842,0.0003729554194534118,0.0567882219473505,El Salvador,False
-0.0014081033169338218,4.9791451145024494e-05,3.3588343818219925e-05,0.05707145082341258,El Salvador,False
-0.0817732298571176,0.0007851367237631143,0.0005296379522110286,0.057613864300588166,El Salvador,False
0.01577510826254635,0.059428784351520256,0.040089501221479786,0.05697835939331028,El Salvador,False
0.02450747536207244,0.0029168589271808885,0.001967656259506024,0.056897729756151816,El Salvador,False
0.009851058994853362,8.968599706848005e-05,6.0500428004034836e-05,0.056995514019077896,El Salvador,False
0.00041987091588143783,3.0045394731726185e-07,2.0268038492471143e-07,0.0570591006113213,El Salvador,False
-0.029800462342541943,0.0005347146071109576,0.0003607080664501166,0.057263167534714464,El Salvador,False
-0.01452774031018716,0.0002468120314525031,0.00016649459255072102,0.05716002934000947,El Salvador,False
0.08389993185178883,0.005163794317531528,0.0034833951402348504,0.056497928298969644,El Salvador,False
0.0038733630536828168,0.0001734433016054048,0.00011700147542037836,0.05703587064269845,El Salvador,False
-0.0008578292715891895,2.186190429296565e-05,1.4747615123214287e-05,0.057067728028579956,El Salvador,False
-0.0028826359977074953,0.0010305222454325513,0.0006951702490272043,0.05708177538004388,El Salvador,False
0.002171743147023204,0.0013175445738763856,0.0008887899252884555,0.057047789741588806,El Salvador,False
-0.00015175719757570946,0.00017965268234165996,0.00012119020280773851,0.05706302574246391,El Salvador,False
-0.013879511785910863,0.002617394319886884,0.001765643264104817,0.057156570529333324,El Salvador,False
-0.0870762120734068,0.0020465404858470934,0.0013805563785703804,0.05765012793409185,El Salvador,False
0.00847069162045091,4.869566912879765e-05,3.284915059800933e-05,0.057004809951781456,El Salvador,False
-0.011666130032500232,0.00020515077813730706,0.00013839072194504198,0.05714070938313276,El Salvador,False
-0.6120580782209896,0.0054491988453373025,0.0036759234796739986,0.06119300693799385,El Salvador,False
-0.05214576751356989,0.000542573739681757,0.0003660096843148404,0.057413908201782236,El Salvador,False
-0.13810895236530474,0.00337791001315115,0.0022786723483568558,0.05799491048872877,El Salvador,False
0.0009080578344854737,7.958615915327596e-05,5.368727392631788e-05,0.057055837913463865,El Salvador,False
-0.009691239116832957,2.279856633123547e-05,1.5379469103353306e-05,0.057127316861839667,El Salvador,False
-0.017748495832204007,0.00014778353799156402,9.969189831957001e-05,0.05718171776706585,El Salvador,False
0.009518354816425626,0.00043458984143350955,0.00029316584831918575,0.056997890992529866,El Salvador,False
0.002438719534583438,0.00025049101932886363,0.00016897636616551972,0.05704557812937888,El Salvador,False
0.0014084289681789678,1.2073961154182272e-05,8.144859191054737e-06,0.05705243652230316,El Salvador,False
-0.028476311928571103,0.00010636362450848476,7.175083086727884e-05,0.05725406960115627,El Salvador,False
-0.5484890385092895,0.019117697046512484,0.012896426327092403,0.06076977028950937,El Salvador,False
0.12086377075848584,0.0037875034682858396,0.0025549761210001912,0.05624804651429177,El Salvador,False
0.005567898330683894,2.8236199544151966e-06,1.9047590632505845e-06,0.05702437399090527,El Salvador,False
0.020586020201065654,0.000983491676874981,0.0006634443428655823,0.05692344123301856,El Salvador,False
0.010136596684719666,3.46154838281658e-05,2.3350931646237975e-05,0.05699356666339703,El Salvador,False
0.02889907108138929,7.211317031541447e-05,4.8646141108061116e-05,0.0568670130180612,El Salvador,False
0.07896223306019494,0.00043054853930426845,0.00029043966456135774,0.05652943319176794,El Salvador,False
0.018201027311940277,0.00013353194584918112,9.007805164855905e-05,0.05693920356521611,El Salvador,False
0.1915910538750779,0.022367681162869957,0.01508880235537927,0.05577791312342214,El Salvador,False
-0.1127213493331908,0.008093766804198457,0.005459897551732204,0.05782548635835779,El Salvador,False
-0.008562123161956765,2.981049302118833e-06,2.0109578370590926e-06,0.05711969242815033,El Salvador,False
0.11836235973969812,0.001163587466784255,0.0007849334574139351,0.05626392505637346,El Salvador,False
0.19450121842252774,0.0008116740368329162,0.0005475395070944982,0.055750170754950784,El Salvador,False
-0.0057256823550901215,5.427100088392196e-05,3.6610160883616715e-05,0.057100578106503166,El Salvador,False
-0.19339393033310082,0.008027054935178664,0.005414895023349042,0.058369691333138025,El Salvador,False
0.07146427684416633,0.004983887070876307,0.003362033213295938,0.056581751058391166,El Salvador,False
-0.001089107346202063,7.248869747120719e-07,4.889946441822345e-07,0.05706928004839293,El Salvador,False
0.04874805036451075,0.0009776910846241123,0.0006595313762339409,0.05673346217853294,El Salvador,False
-0.08402365136231943,0.0013939240558583851,0.0009403140372087263,0.057629281957384426,231,False
-0.011811135336285528,0.00038577966818044836,0.0002602394554676184,0.057141757188646274,231,False
0.03046980749213518,0.00036326013348954815,0.00024504821567785637,0.05685652879825913,231,False
-0.0005069403237249311,1.4177326574467144e-07,9.563748564375254e-08,0.05706535263848049,231,False
-0.0053641741529809675,0.00425165503588382,0.0028680837344103416,0.05709975620674113,231,False
0.03553752658613098,0.0001136683152038154,7.667843303428325e-05,0.056822247196114437,231,False
-0.017076059621384934,0.00025637248998363997,0.00017294389179424685,0.05717722352224405,231,False
0.017094982864723236,0.0005181780997878518,0.0003495528604710177,0.056946812495267056,231,False
-0.18753579886069252,0.0011951850004798337,0.0008062485386411056,0.05832748312540152,231,False
-0.0386323667293955,0.00019726039388334482,0.00013306802230312893,0.0573226155679022,231,False
0.0005964720493562178,2.56943693457726e-08,1.733292145401512e-08,0.05705790918869013,231,False
-0.0007735109205600337,2.8024087831217063e-05,1.890450419943166e-05,0.05706716160553043,231,False
0.08035861951787422,0.001594254110699597,0.0010754527930471745,0.05652045710745091,231,False
0.01170721302398714,0.000768416864835591,0.0005183590608082841,0.056983253660601564,231,False
0.30197999347606214,0.0066251700378271725,0.004469210757416232,0.055027293889278135,231,False
-0.059519672335750756,0.00653129753532034,0.004405886194328231,0.05746597287338151,231,False
0.012277022594769824,0.00015540217352504146,0.00010483128156387054,0.056979174190282936,231,False
0.0010461843994977247,5.552189294462395e-06,3.745398832082003e-06,0.057054877643749516,231,False
-0.3157345189790172,0.003168097480133092,0.002137136897304103,0.05919308151185336,231,False
0.0799469162772325,0.00016316794797788275,0.00011006992185931103,0.05652268874102446,231,False
-0.07757946817804795,0.0005319595567987234,0.0003588495631328646,0.057585475500897154,231,False
-0.05178946039236799,0.00030424932330322716,0.00020524067169291012,0.05741141231439713,231,False
0.17073883818922472,0.024704825274805844,0.01666539428389701,0.05591948109476992,231,False
-0.011602502021519025,0.0005762676361166135,0.0003887389310430218,0.05714042321058518,242,False
0.0653329703347994,0.0014355561469407633,0.0009683982355397503,0.0566217576855654,242,False
0.09610605706681655,0.0004122939530454874,0.0002781254759723682,0.05641377700902574,242,False
-0.007679877195138763,1.1869832202725895e-05,8.007157773500156e-06,0.05711374439311028,242,False
-0.03293238995941418,0.0003643453761539023,0.0002457802992564281,0.057284229149315344,242,False
0.024355919522804574,0.012138942609245234,0.008188694415862823,0.05690229212542191,242,False
-0.04170642539411038,0.0045223733570723314,0.0030507050447129164,0.05734502571885146,242,False
0.08140819846638955,0.0017334597374453653,0.0011693581993979366,0.05651342984574183,242,False
0.08942112312194143,0.0014175538789949176,0.0009562542559736275,0.05645925526523015,242,False
-0.027736696428284923,0.0003424699257422364,0.00023102354618519577,0.05724917147774311,242,False
0.032915586159216,0.004324135313587539,0.0029169775190172973,0.05684154878069929,242,False
-0.010461331368502922,0.00023895578248354004,0.00016119491990767063,0.05713259506324406,242,False
0.10186149572008829,0.004156788100296947,0.00280408834612186,0.056376375882390424,242,False
-0.03445637926620553,0.001157224756289682,0.0007806412967559731,0.05729481615820076,242,False
0.002549877351161409,5.094191388133131e-07,3.4364423587909164e-07,0.057044732082869594,242,False
0.004370193404195982,8.06604076078077e-06,5.4411941024931024e-06,0.05703245549229173,242,False
-0.03160911371227737,0.0016387561490543295,0.0011054730019484313,0.05727579496041035,242,False
-0.45509588844876875,0.007378010447890139,0.004977062245009828,0.06013491410038385,242,False
0.015302291789705139,5.987281261343821e-05,4.03890340445515e-05,0.05695872958620437,242,False
0.0036256267613749265,0.0007380400018097106,0.0004978674202561651,0.05703775906311725,242,False
-0.07892454236861424,0.006535381444832039,0.004408641120196969,0.05759688170416945,242,False
0.06243371959363959,0.0064421494998812105,0.00434574866476865,0.056643228715017965,242,False
0.0029509738282880718,0.00016950691732454246,0.00011434606720098059,0.0570420913934602,242,False
-0.05044983329308065,0.006782058411647784,0.0045750446007725865,0.05740488391819992,242,False
-0.142446695718645,0.0018143729025144086,0.0012239406456866302,0.058023560721061476,242,False
-0.00018795435743289637,0.0006658613201495657,0.0004491770864700397,0.05706345708263635,242,False
0.03484584627234754,0.003106101931562215,0.002095315906898889,0.056828060293863024,242,False
0.0016298833108677126,0.0003769350625867058,0.00025427305668253574,0.05705108305310264,242,False
-0.05682543494387487,0.0005577952745588202,0.0003762778354760244,0.05744548234158556,242,False
-0.0028710412672838005,9.971647738053412e-05,6.726679479262008e-05,0.05708133874551615,242,False
0.012709415643454123,9.29740474753704e-05,6.271848281100559e-05,0.05697623335356664,242,False
0.006358566799881499,0.0013901055090522808,0.0009377381198562509,0.05701957390340847,258,False
-0.17382648100320527,0.002618090275784233,0.0017661127424073151,0.058235560976653555,258,False
-0.011840729408884719,0.00043012531451021383,0.0002901541653527948,0.05714197391891967,258,False
0.008983747433801578,0.00019288621095930915,0.00013011728364021333,0.05700140442020726,258,False
-0.03874322276271788,0.0045647809240975095,0.003079312364021348,0.057325052320479256,258,False
-0.020313300925408083,0.00010784722537798208,7.275163913752877e-05,0.05719900405069257,258,False
0.011838338858573131,5.565916644299968e-05,3.754659035097867e-05,0.05698209512821868,258,False
0.030358304412100804,0.0002620608442823747,0.0001767811448879407,0.05685724216330878,258,False
0.025259348298842896,0.00345248619641882,0.002328979990063245,0.05689286323932196,258,False
0.0022371925043448617,1.1199227730567948e-06,7.554781049004393e-07,0.05704684162893175,258,False
-0.0672073120033674,0.0005412303264489604,0.0003651034438957433,0.057515510300026294,258,False
0.028956330609313692,0.0009781086849208586,0.000659813081266093,0.056866974308558645,258,False
-0.008763844531077085,1.322223063311728e-05,8.91945943200978e-06,0.057121057147480614,258,False
-0.0037206153181873767,5.2887183341908804e-05,3.5676664503938164e-05,0.05708705177667421,266,False
0.013225366503450249,7.777772256251322e-05,5.246733780099654e-05,0.056972747006942576,266,False
0.01589851585736469,0.00025893718931872405,0.00017467398804724133,0.056954784054803025,266,False
-0.04743163928356562,0.0056611063631056,0.0038188721666631785,0.05738408889481957,268,False
0.009944189455794335,0.000355158421856131,0.00023958295869896875,0.05699498784686326,268,False
0.08757968821367108,0.001857015920688981,0.0012527067957577005,0.0564718447593162,268,False
0.04571800013868383,0.003353980112202664,0.0022625297029406255,0.05675481222709808,268,False
-0.11228578909059785,0.010631620142647529,0.007171884017918232,0.05782353797850217,268,False
0.01070609377791949,1.1112781769133566e-05,7.496466285976147e-06,0.05698971591053737,268,False
0.0395393786850905,0.00912880606960315,0.006158114894514843,0.056798705639905155,268,False
0.015967063044842675,0.0018913901741696522,0.0012758949981067458,0.056954948848968935,268,False
-0.02499507522410284,0.0004642614346106261,0.00031318172755846616,0.057230724011823754,268,False
-0.21900998465808422,0.001841389261362701,0.0012421653555282819,0.05854005875660874,268,False
0.24359035362844478,0.047055290553736626,0.03174258313905514,0.05543631666809481,268,False
0.02496637253974454,0.0020251497199960337,0.001366126584269994,0.0568942918214139,268,False
0.05056819255716006,0.00018736393885033988,0.00012639206635916685,0.05672088136927787,268,False
-0.009299355309428275,0.0009943650136176037,0.0006707792841971524,0.0571250476870578,268,False
0.006992823190664372,2.7498131501883838e-05,1.85497042967022e-05,0.05701477121503701,268,False
-0.021453464681928033,0.001620975505864957,0.001093478526129395,0.05720727930957799,268,False
0.03531678794150819,0.0003378546679909054,0.00022791018313598682,0.05682382219291569,268,False
0.06476857449571209,0.002515132284492764,0.001696659285422125,0.05662597741584518,268,False
-0.0003877042311440696,0.00032172788782205996,0.00021703137112035915,0.057064672088672046,268,False
-0.023743472791737844,3.6132887327378504e-05,2.437454251257079e-05,0.0572221156568815,268,False
0.03673350802633897,0.0012030363266024053,0.0008115448904277969,0.056814596843649576,268,False
0.04082314178214605,0.0033893999252275066,0.002286423219407746,0.056787846304871596,268,False
-0.029951623071780682,0.0002341597695992264,0.0001579596229639093,0.057264071136818945,268,False
0.031699634430063066,0.003982554313382942,0.002686553624698043,0.05684962059473867,268,False
-0.006400414301262385,0.0006315827772225143,0.00042605344859758813,0.05710535211159297,268,False
0.07323000471141382,0.0019130798545052771,0.0012905264343004478,0.05656866753821897,268,False
0.0412387388262864,0.0007678044854674348,0.0005179459616056739,0.056784038468232614,268,False
0.0,0.0,0.0,0.05706193286314996,270,False
0.022529614370905927,0.0002554640972784541,0.00017233110775598137,0.056910050543413415,275,False
0.06244581622815252,0.001781727353652242,0.0012019185938262975,0.05664136632423408,275,False
0.03156832388797433,0.0077918365550716335,0.005256221282341009,0.05685196735976284,275,False
-0.0367572885509502,0.0003450701421332248,0.00023277760155281113,0.05731002378229732,275,False
-0.14608658742211206,0.002408098592202458,0.0016244564398712055,0.05804834751821243,275,False
0.04057146350520752,0.0009952633440148374,0.0006713852803983228,0.05678862693752049,275,False
0.005747102638607882,5.499158657168616e-06,3.7096253963342738e-06,0.057023166142692656,Ghana,False
0.003991910062822207,0.00026335405871167613,0.00017765352217125272,0.0570351055397121,Ghana,False
0.012510067543282178,0.000398972317698896,0.00026913896005542897,0.05697769573159859,Ghana,False
0.02316688053806177,0.0016133468860755691,0.0010883324077003874,0.05690627292557488,Ghana,False
-0.008556795174180135,0.00042975683471561845,0.00028990559605532876,0.0571198209314862,Ghana,False
0.028521020992527252,0.0019445993104965096,0.0013117888458279445,0.056870281624781804,Ghana,False
0.007050434570437281,0.0004387688728007492,0.00029598494154025164,0.05701454075826601,Ghana,False
-0.05240796983649165,0.0006970066451335386,0.00047018711650200054,0.05741573678855153,Ghana,False
0.0396481926621717,0.0006002805864054238,0.0004049375999277904,0.05679470385555373,Ghana,False
0.06464026264730564,0.00052687756703096,0.0003554213517496869,0.05662608349388796,Ghana,False
0.004863343026255219,0.0003542302889837585,0.0002389568583281352,0.05702926197301246,Ghana,False
-0.06002557665043358,0.002384118726511942,0.0016082800892124984,0.057467777962886255,Ghana,False
-0.001736828665072908,3.830409733330284e-06,2.583919852285928e-06,0.05707365064601138,Ghana,False
0.00617968358044733,1.3427541919294407e-05,9.057958429554411e-06,0.05702025108537992,Ghana,False
-0.09122143717011064,0.01851520321851432,0.012489995717463944,0.057684499714806985,Ghana,False
-0.023056354267860096,0.0009798685244345664,0.0006610002347491104,0.057217844751517095,Ghana,False
0.0,0.0,0.0,0.05706193286314996,304,False
0.030199731079508674,0.0006228612615756552,0.00042017008389489134,0.05685845025746076,308,False
0.030199731079508674,0.0006228612615756552,0.00042017008389489134,0.05685845025746076,308,False
-0.01883200511531342,0.0007414109175651988,0.0005001413744144364,0.057189255931389765,320,False
0.045433988912329124,0.0016901982309798964,0.0011401748291638776,0.05675609113573274,320,False
0.0189554223067355,0.0002917857084976703,0.0001968329597327269,0.05693417533891137,320,False
-0.0008071593114591694,4.927314034614586e-08,3.323870144152508e-08,0.05706737782173073,320,False
-0.026971178020546372,0.00025168383416938867,0.00016978101584038733,0.05724397236989413,320,False
0.19588589308651677,0.012859595473567624,0.008674832811587492,0.05574536057179563,320,False
-0.008379918427196341,0.004966285935821288,0.00335015983017045,0.057120375785704836,320,False
0.05115031688795476,0.0020122513578401885,0.0013574256002090838,0.05671765268108839,320,False
0.02903376343953358,0.0016706596346202957,0.0011269944723524199,0.056866717630786136,320,False
-0.004726280415038928,0.00023355958177424875,0.0001575547479390352,0.05709390538508105,320,False
0.00037736680469167535,8.036771155982648e-05,5.421449396790125e-05,0.05705941815460973,320,False
0.013367325757332274,1.7249535915081925e-05,1.16362011890951e-05,0.05697176611471206,320,False
0.19057477461564176,0.004758439687482448,0.003209950796491188,0.0557781429773767,320,False
0.00017829012978193368,0.01588961536230667,0.0107188252532334,0.05706684704824888,320,False
-0.13417308495991576,0.0012932266814362596,0.0008723855483637019,0.05796754407976467,320,False
-0.0010391341464837368,4.740055669109721e-05,3.1975492955173546e-05,0.05706896090793011,320,False
0.0004990692774220251,3.8703532434104435e-06,2.6108649667388334e-06,0.0570585677286638,320,False
-0.01735789904320374,0.00014969297198916818,0.00010097996532976671,0.057179083611030586,320,False
0.03598178143420194,0.0007043850716858013,0.0004751644594429212,0.05681947675492845,320,False
0.006209465806375937,4.5141248141246714e-05,3.0451407381873166e-05,0.05702006237882135,320,False
-0.10241076118513512,0.0037515467268372494,0.0025307204030690063,0.05775423752348822,320,False
-0.03357628784627998,0.0009483147558720482,0.0006397146766288726,0.05728879845063593,320,False
-0.014229659346214727,0.00010543621420828659,7.11252179295702e-05,0.05715796402921252,320,False
0.004559017409922604,1.5500148420886066e-05,1.045609843500583e-05,0.05703118458229137,320,False
-0.004270091485381973,2.30144090101069e-06,1.5525072373429997e-06,0.05709073895553182,320,False
-0.0003208811100069033,1.4684924953834327e-07,9.906164551370641e-08,0.057064097521191466,320,False
0.0006600890357304778,3.7249755432840163e-06,2.5127959998166582e-06,0.05705748146473057,320,False
0.05063175687655551,0.03812615641068841,0.025719163039846407,0.05673497264617264,320,False
0.03422028460027668,0.01593831151676131,0.010751674731222776,0.056837200434675716,320,False
0.08304373992681502,0.0019101130340328446,0.0012885250749549498,0.05650246400537716,320,False
0.00013846236366535326,0.00014889468585860835,0.00010044145704366628,0.05706105613595071,320,False
-0.017417294695393028,0.007942130684900343,0.005357606777048596,0.05718249015608877,320,False
-0.0023822625560234196,2.0380400401712598e-05,1.3748221433673048e-05,0.057078010989888586,320,False
0.46072911074160006,0.05048163940138727,0.03405393138236802,0.05397232365492892,320,False
-0.00806768495984016,0.01681511006459711,0.011343145965878038,0.05712283542222351,320,False
-0.16742913651540137,0.005415928095959638,0.0036534796797146056,0.05819350331805227,320,False
0.2567524887675475,0.01370053466903913,0.009242114025092287,0.055335044675297665,320,False
0.004195353997227108,0.0008486579290669493,0.0005724881209534222,0.05703395833429075,320,False
-0.02117065255776925,0.0005732962158132566,0.0003867344687411119,0.05720496719604537,320,False
-0.03554000992861747,0.006024619023069605,0.004064090731785612,0.05730400773960678,320,False
0.025369258679501166,0.0014923233947419742,0.0010066923160076521,0.05689136950293127,320,False
-0.012709006427609276,0.0006558529105187349,0.00044242560813343134,0.05714791818389651,320,False
0.017176258714795327,0.000985070191677901,0.0006645091782279459,0.056946443579333976,320,False
0.0016188514366007965,0.00015829607377517045,0.00010678345034669739,0.057051073327551056,320,False
-0.000644138465947309,0.0059351177362190295,0.0040037149056994376,0.0570685629584299,320,False
0.04249795664708973,0.004245331605589313,0.0028638180714108076,0.056776875905701935,320,False
-0.08881515245601312,0.0009826863763668042,0.0006629011028168669,0.05766144483328659,320,False
0.03158451520518617,0.00026382754366488514,0.00017797292590493417,0.05684897104685769,320,False
-0.06167260356249258,0.00063053145022767,0.00042534424386954443,0.05747820872328476,320,False
-0.011779260433665936,0.0004305571047450423,0.0002904454426409889,0.057141559426414676,320,False
-0.9366874838535366,0.06302641284441257,0.04251639137974276,0.06340760294012582,320,False
0.5780489326340368,0.0037550390878059213,0.0025330762818043225,0.05316387395460045,320,False
-0.018541693109759456,0.00028025071525361166,0.00018905167780354978,0.05718711962918418,320,False
0.0076418731130447675,4.5189108852858046e-05,3.0483693286381228e-05,0.05701039965339344,320,False
0.01752441581634726,0.00025133268832878286,0.0001695441396909003,0.056943813109844824,320,False
-0.0001516904394006039,0.0005281113648070693,0.0003562536477152214,0.057063159426916595,320,False
-0.035719089984299825,0.006261551686536963,0.004223920894982281,0.05730530742279356,320,False
0.016544536989538703,0.00041780213364441237,0.00028184118739501125,0.05695048714672128,320,False
-0.0026564415445131198,6.732726310997174e-06,4.5417661258572525e-06,0.057079855293201844,320,False
0.01912525281612029,0.0015501677402991396,0.0010457129856574487,0.05693351299126643,320,False
0.011129453708660413,0.0008426001415756559,0.0005684016554185528,0.05698717965070362,320,False
-0.0009094684657102312,3.761413741489546e-05,2.5373764991051604e-05,0.05706808244072485,320,False
0.05035953901264683,0.0007041920375381329,0.00047503424236405644,0.05672248666601829,320,False
0.012142827948021389,0.0019263369153662187,0.0012994693895262237,0.05698076015678833,320,False
-0.14492044564853215,0.0064718430067397855,0.004365779326550922,0.05804207197144115,320,False
-0.39768986943576484,0.002434003493708862,0.0016419313822230545,0.05974565229994724,320,False
-0.13110976425328655,0.0027572084087603512,0.0018599591271640209,0.05794745161295023,320,False
0.0018948440800111137,8.537679015197525e-08,5.759352089112821e-08,0.057049150646648956,320,False
0.009679571908994829,0.006575443807693752,0.004435666410423,0.056999164647852,320,False
0.039899005992327034,0.00025672983195722276,0.00017318494773444068,0.05679288029125534,320,False
0.0774107112861243,0.004275879759357347,0.0028844252613636373,0.05654136616522545,320,False
0.028169207942814568,0.00026216560487625013,0.00017685181434554378,0.05687200944830906,320,False
0.000858763604112352,6.228203362047005e-06,4.201424764362031e-06,0.05705614220819439,320,False
-0.014205199232580923,2.3874989321967263e-05,1.6105603101762567e-05,0.05715776757792349,320,False
0.03516314859572297,0.0007905791733759551,0.0005333093227898253,0.05682503215995547,320,False
-0.008263185455370154,7.321346611674964e-05,4.9388379239850985e-05,0.05711770291342073,320,False
-0.01957580743205537,0.0001154589336820098,7.788634940767182e-05,0.057194031996260275,320,False
0.0015320396323662221,9.258953751496367e-06,6.245909987568896e-06,0.057051601585372785,320,False
0.03775496294341989,0.01716004087371587,0.011575829576091223,0.05681382190283295,320,False
-0.01989701575988303,0.004735245153293267,0.003194304215177851,0.057197981336306096,320,False
0.03347264909667404,8.011654021506538e-05,5.404505866744077e-05,0.05683616360448663,320,False
-0.03376537039819924,0.0005803401242785301,0.00039148615229149823,0.05728993176202654,320,False
0.005970487020320419,0.00017302544768822936,0.0001167195993008212,0.057021723675313954,320,False
0.006781926368572727,0.0002484522661954098,0.00016760106298330344,0.05701627886776856,320,False
0.05196299975895077,0.000785125157114489,0.0005296301495749953,0.056711700942947724,320,False
0.03232076264856146,0.0003544191664869131,0.0002390842714155145,0.056844039194285254,320,False
0.12135111853737515,0.02459524369495686,0.016591472682990237,0.056252654980758765,320,False
-0.057337432940619965,0.00364511828979296,0.0024589258509265634,0.0574501326819644,320,False
-0.20531222770559698,0.00945479803287503,0.006378022727939108,0.05845065718616402,320,False
-0.01474009847750873,8.094588013343883e-05,5.460451523437968e-05,0.05716139791121981,320,False
0.006132291521778786,0.00016306715004274936,0.00011000192553416747,0.057020628341901955,320,False
0.015364497372573485,0.0007204380253037578,0.0004859934695042546,0.05695856376926939,320,False
-0.0818119618830632,0.00017448033734634224,0.00011770103954669664,0.057613888246550844,320,False
0.03281616112272836,0.0004502660046212295,0.00030374068289000495,0.05684073407587813,320,False
-0.11001713780573066,0.02590632374116102,0.01747590176373442,0.05781419061257526,320,False
0.00028173912384074845,9.305329058655035e-09,6.277193867144608e-09,0.057060032309439054,320,False
-0.130875881117107,0.0067771441367583595,0.004571729526581989,0.05794744528438653,320,False
0.07127968963223011,0.006063280879566261,0.0040901712676767645,0.05658340830884112,320,False
0.009533652583066132,4.1203796548995266e-05,2.779527917498609e-05,0.05699763654107516,320,False
-0.09762160666569389,0.0014852139345193566,0.001001896412517639,0.057721047526076937,320,False
0.02588859660824359,0.0002453036141058273,0.00016547704356798613,0.05688738756486802,324,False
0.009765387557039838,0.0008207323421308176,0.0005536500635406265,0.05699637301984809,324,False
0.01491198681837468,0.001794489059072715,0.0012105273919133669,0.05696202904345719,324,False
0.008663454602925145,0.007851095136325379,0.0052961959678655066,0.057006510061111834,324,False
0.004256820186697866,2.952459421144374e-05,1.991671659817639e-05,0.05703322854185029,324,False
-0.011780349753034693,0.022316692288357913,0.01505440625306391,0.05715000440353247,324,False
-0.10308077063437945,0.0010470026451839622,0.000706287605930497,0.057757703614053864,328,False
0.10403869291074747,0.002138191138632465,0.001442382125081626,0.05636092103036904,328,False
0.008335812868470769,0.00014287845732629777,9.638302637363699e-05,0.05700575603586697,328,False
0.018316297648999145,2.4074555369188158e-05,1.624022647293074e-05,0.05693838393115545,328,False
0.012525489042666593,0.00011526143946588135,7.775312365343318e-05,0.056977482653760125,328,False
0.1580771074494503,0.014049056234420449,0.00947721988959091,0.0560008827906996,328,False
-0.14049779981070523,0.005715426356201663,0.003855515376739537,0.0580119403339293,328,False
-0.039252241208541275,0.0024986684943626384,0.001685553133046067,0.05732768713104387,328,False
-0.03949893056421468,0.002116208096395312,0.0014275527926590514,0.05732920336543957,328,False
0.01247204308887023,0.00010310570294617132,6.955310039244188e-05,0.05697783851784257,328,False
-0.008589584417120254,0.0001986228650173568,0.00013398711881144925,0.05711995306115913,328,False
0.17219176833047617,0.0008360085306147683,0.0005639550829612573,0.05590067596352808,328,False
0.08246238904438237,0.0054922925322794715,0.003704993642124023,0.05650775124545212,328,False
-0.015069732588595511,5.0500203594003914e-05,3.4066454425379943e-05,0.057163609819685164,328,False
0.3988327983310208,0.0006587518312330298,0.0004443811636236679,0.05437172605080467,328,False
-0.018243595951347814,8.218476226049341e-05,5.54402410041018e-05,0.05718503231408475,328,False
-0.00898766374449292,1.3042992455753038e-05,8.798548846192023e-06,0.05712256691939834,328,False
-0.008646153347523017,3.037958148828944e-05,2.0493474373949042e-05,0.05712026983670174,328,False
0.12517000606392817,0.04015525497510851,0.027087953437705883,0.05623279267761281,328,False
-0.11359605199176052,0.002384700793335964,0.0016086727401628293,0.057829160001862154,328,False
-0.002310598918218395,3.77109866105788e-07,2.5439097573419115e-07,0.057077519858925035,328,False
-0.17431667783674035,0.015511340153867457,0.010463648160242915,0.05824393368371464,328,False
0.020959701228651463,0.0003540059749326421,0.00023880554043522606,0.056920678727922336,328,False
-0.20263939346794116,0.005254779941081188,0.0035447722709675924,0.05843097001525113,328,False
0.03847928347607024,0.00041947410334280076,0.00028296906561088293,0.05680251983985954,328,False
-0.014615499681209487,5.5547482668438504e-05,3.747125065043547e-05,0.0571605475980593,328,False
-0.10523726596595617,0.005171214489128983,0.003488400643570746,0.05777385835997236,328,False
-0.034493077417897304,0.0036033188681064473,0.002430728774626857,0.05729600916037481,328,False
-0.09170633127564583,0.0004567336333910398,0.0003081036193743477,0.05768074364097957,328,False
0.3421884823826239,0.0031528017622588188,0.0021268187037368743,0.0547547604979102,328,False
0.07959965803478142,0.00044024575044786663,0.00029698121445554266,0.05652513693209764,328,False
-0.06948190624375322,0.0003186980215149295,0.00021498748228187715,0.05753076796289319,328,False
-0.23113262088436412,0.005476208483205543,0.003694143655673323,0.058623274164716035,328,False
0.03724805814346091,0.00023444663634492098,0.0001581531376870761,0.056810754560742964,328,False
0.002452451122472929,6.420186233569751e-06,4.330932672800636e-06,0.05704539157581217,328,False
0.0592475494312911,0.001172624909088997,0.0007910299400909485,0.05666270864542231,328,False
0.007908351173323957,0.0011666414855929798,0.0007869936390598965,0.05700903332285577,328,False
0.04949075782772194,0.00012682352100121524,8.555267881666713e-05,0.05672812637599209,328,False
0.015337881143811606,0.0010026833280660005,0.0006763906572191402,0.05695885176661969,328,False
0.50181438113981,0.007323307247245186,0.004940160530579612,0.05367944257009468,328,False
-0.01233979446871167,0.002244918272183094,0.0015143781720735165,0.057146040122017225,328,False
-0.23905396350552352,0.005770005443392515,0.00389233336664932,0.058676828270056575,328,False
-0.0002991552836497011,0.0004473795821669088,0.0003017935584826851,0.05706412312231465,328,False
0.2042981581659648,0.003631466833654487,0.002449716844322943,0.05568514138036328,328,False
-0.022534094109424536,0.0001223893140523756,8.256144911490638e-05,0.05721399071275097,328,False
0.006311096833953114,6.932275813049776e-06,4.676378335976924e-06,0.05701936209872007,328,False
0.023419926464290516,0.00010029546551688703,6.76573689201716e-05,0.05690398509733743,328,False
-0.013166872071404153,0.0005284794719922333,0.00035650196565761746,0.05715095776367536,328,False
-0.006184947404611241,0.00018728046175844654,0.0001263357543377459,0.057103727456948736,328,False
-0.06069548183781861,0.004055723079911037,0.002735911850465405,0.05747294517917951,328,False
-0.03261026355415679,6.440632893754621e-05,4.344725591794369e-05,0.057281940241364425,328,False
0.0008018504431906832,0.00011307792091525035,7.628016453845497e-05,0.05705656725897308,328,False
0.30248413636318877,0.008483741332301186,0.0057229667780560375,0.055024582792341216,328,False
-0.0470298573353188,0.0010220511687112999,0.0006894558255492627,0.05737958273387514,328,False
0.010146145446350273,2.7300860483268345e-05,1.8416629107161562e-05,0.05699349943706222,328,False
0.0191319283963184,0.0076478470987467705,0.005159088797667055,0.05693580996695705,328,False
0.1690751145667011,0.005290891339816445,0.0035691323176941644,0.05592338102796532,328,False
0.00047104043598101674,1.6652868749881296e-06,1.123370113278164e-06,0.05705875595703158,328,False
-0.03338917914360738,0.0011162224224423364,0.000752981920398317,0.05728760113217332,328,False
0.002133844354382303,0.0011123252838862057,0.0007503529865809576,0.0570479664255795,332,False
-0.06232463440084236,0.0022311168482449235,0.0015050680001111431,0.0574832278778271,332,False
-0.03337114452646594,0.00012010093044573788,8.101775007420457e-05,0.05728709452159219,332,False
0.111062860701118,0.002208659974169592,0.0014899190299530387,0.0563135634482636,332,False
0.014205909374246714,0.00022763214775287438,0.00015355621631781672,0.05696619003862815,332,False
-0.06180371864954463,3.735934119200125e-05,2.5201884418355952e-05,0.05747886320564659,332,False
-0.029914321726557294,0.0006087095827558505,0.00041062363680661204,0.05726396419446577,332,False
-0.0002685887163766072,1.718545774300455e-05,1.1592975301407893e-05,0.05706375132574002,332,False
-0.03286653367506779,0.00010119760211812386,6.826593271247976e-05,0.05728368320752999,332,False
-0.09435876083981387,0.002482781653880337,0.0016748361796728758,0.05769942506894706,332,False
-0.006522363881743502,2.586350406940003e-06,1.7447016446592282e-06,0.05710593245673316,332,False
-0.004104952077871838,0.00031758539639088214,0.00021423692702895946,0.05708974637821138,332,False
0.006687500639787241,0.005111640873991595,0.003448213442320058,0.0570187864149246,332,False
-0.0269788072841622,0.0005002132673332516,0.000337434134158657,0.0572441198072238,332,False
0.13609258694207205,0.005330064094385254,0.0035955574954808413,0.056145897518272994,332,False
0.10216353170460969,0.002151702540007914,0.0014514966534680898,0.05637357582360655,332,False
-0.07304150111444302,0.0004904218468425464,0.00033082903247257307,0.057554847021257134,332,False
-0.0084730468515899,3.867774260511887e-05,2.6091252350719312e-05,0.05711910529113507,332,False
-0.0007497552748980067,8.781694758143677e-08,5.923960359863186e-08,0.0570669906001108,332,False
-0.031411201104075546,4.499303420532356e-05,3.0351425145486064e-05,0.057273844095454454,340,False
-0.02604996806944356,0.0010031027075221642,0.0006766735624376063,0.057238048192207215,340,False
0.05163501999835742,0.0020752539605066516,0.0013999259297062154,0.056714407027999125,340,False
-0.05371171932920865,0.00015973929670176,0.00010775702044256457,0.05742432354621479,340,False
0.002239214894372636,1.7816497684882408e-05,1.201866256384754e-05,0.05704683441157238,340,False
-0.03648328656150951,0.00013045321110833035,8.800119711584822e-05,0.05730809244511597,340,False
0.2153899312440396,0.013886994162706234,0.009367895970334663,0.05561416418680194,340,False
0.005049129429209732,0.005612229556536355,0.0037859008242734416,0.057030031519199595,340,False
0.10749881111910917,0.002053597709830924,0.0013853170445104162,0.05633754726019548,340,False
-0.011142990293228796,0.0001174995593472797,7.926291576340491e-05,0.05713714659540194,340,False
0.03753714851748689,7.389449857535618e-05,4.984779048103811e-05,0.05680874288325962,340,False
0.11145060782691421,0.0053911394885185916,0.003636757767612071,0.05631215669185713,340,False
0.09768773295143167,0.017029454614079113,0.011487738627027712,0.056409430598222544,340,False
-0.03981766443182779,0.000993417492929689,0.000670140105183312,0.057330919274912275,340,False
-0.004684840559784002,5.962735680350279e-06,4.022345433263916e-06,0.05709353818222383,340,False
-6.194507772286649e-05,6.1286623754998645e-06,4.1342763522699224e-06,0.05706235309170286,340,False
-0.007749975850921517,6.071484409014443e-05,4.095705208971744e-05,0.057114236084118225,340,False
0.002184665808167837,5.1792147831183486e-06,3.4937974861809155e-06,0.05704719752593768,340,False
0.056991404925576014,0.0032270280194140973,0.0021768902920986893,0.05667871377155695,340,False
-0.016737453745088983,0.0006944165588753988,0.00046843989472483536,0.05717510829940922,340,False
-0.003452451299483984,3.3933874339550503e-05,2.289113115183806e-05,0.05708523549509878,340,False
0.004014200771794783,7.022369036158988e-05,4.7371534707419256e-05,0.05703488086435247,340,False
-0.006539333914600844,8.560801902899524e-06,5.774950339100408e-06,0.05710604923478968,340,False
-0.0045358263155018995,2.3291666084553817e-05,1.5712104599412578e-05,0.057092539635075754,340,False
-0.587121191912365,0.03988094392648704,0.02690290854340469,0.06103895940390265,340,False
0.1691454946249964,0.017079865813702393,0.011521745041106785,0.05592735408547115,340,False
-0.050983566932469165,0.002318208219209527,0.0015638181438464406,0.057406755819668115,340,False
0.04520531451332244,6.020683186145993e-05,4.061435692802762e-05,0.056757009661549354,340,False
0.17035449003123918,0.008753766916693217,0.005905120781598905,0.055916056541304576,340,False
2.9953519865585177e-05,5.116656863971811e-09,3.451597131531154e-09,0.05706173080450453,340,False
1.4691408339845056,0.052497866904774634,0.035414039212972856,0.047168098874798475,340,False
-0.08750693710391641,0.015682591554807817,0.010579171022137079,0.057658337402916704,340,False
-0.0022442180445394824,0.01268018965619747,0.008553809139084633,0.05708195460272088,340,False
0.09961968075669905,0.0006095368050986264,0.00041118166489826854,0.05639014975236455,340,False
-0.011949162958000945,0.00038027613169826224,0.00025652687687573584,0.057142686177067574,340,False
0.09998419416082839,0.005354651529189338,0.0036121437004380387,0.05638949581955234,340,False
-0.03342164708613337,0.001168796569352574,0.0007884474166182866,0.05728784047381323,340,False
-0.029580772448455434,0.00044802878573996495,0.0003022314985771867,0.05726165205933338,340,False
0.031035195510223074,6.623749178154878e-05,4.468252273136441e-05,0.05685260087800134,340,False
-0.07055052241485082,0.005270292531029943,0.0035552367622151406,0.057539898635271175,340,False
-0.13119366505207192,0.003686101687305444,0.0024865724532012927,0.0579483807209655,340,False
0.03664708891622569,0.0004278983432616098,0.0002886518938935129,0.05681488273142339,340,False
0.013611738409448158,0.000873398733573152,0.0005891777861265318,0.05697044638239797,340,False
-0.0041571245209617086,0.00063467741700205,0.0004281410323598254,0.05709022044269867,340,False
0.010237753071605293,0.0032302671109045752,0.002179075320173568,0.0569941129182196,340,False
0.03147810151404108,0.0003436477617335408,0.00023181809141992245,0.05684971950506375,340,False
0.09551454061807806,0.005578152776653072,0.0037629132918232683,0.05641973338841919,340,False
-0.006291819351591831,0.00025591277144159063,0.00017263377461358887,0.05710447483348742,340,False
-0.002487758561456454,3.415788213495093e-06,2.3042242450602106e-06,0.05707871611341811,340,False
0.024798796848359603,0.0012200514398077074,0.0008230229546196001,0.05689511326620834,340,False
-0.012971624630885295,0.00011185117168197802,7.545262338272777e-05,0.05714948003893806,340,False
-0.060174828589542075,0.0023360778961867656,0.0015758726801258479,0.0574687661791727,340,False
0.05886678327939625,0.0023103588169257248,0.0015585230898439383,0.05666571214898954,340,False
-0.24804959326942633,0.005874636206232047,0.003962915242762565,0.05873755485931397,340,False
0.1544690455504758,0.0004188459361525999,0.0002825453162508103,0.05602007302929925,340,False
0.14750117119644282,0.0037145705277246907,0.002505776978840093,0.056068323618540875,340,False
0.02698724200520342,0.00013802945927515305,9.311198666761704e-05,0.05687993514332733,340,False
-0.022034746651950373,8.703283170158234e-05,5.8710654287852256e-05,0.05721060856401696,340,False
0.046577503356051146,0.0005604727133105161,0.0003780839835451428,0.05674794464608978,340,False
-0.03771539620379691,0.0001689849634460124,0.00011399396727366056,0.05731641892240155,340,False
0.025447833867636615,3.97183173744741e-05,2.6793203836725774e-05,0.056890281971689674,340,False
-0.011326606574494621,5.603701852334546e-05,3.780148200999295e-05,0.05713836154567599,340,False
-0.010779880096576225,0.004143520423898327,0.0027951382298609835,0.057136248873256884,340,False
-0.005445431870865462,0.0008141426143378316,0.0005492047614317441,0.05709898027698851,340,False
0.015042824432885165,7.58811535021998e-05,5.118794922709731e-05,0.056960486054315605,340,False
0.039534319843512335,0.0005558820028507194,0.00037498717962102267,0.0567954550119888,340,False
-0.03788650580807379,0.00020687324280079767,0.00013955266308155446,0.05731758784544822,340,False
-0.2078971206946411,0.023221423892554455,0.015664720583860425,0.05847352608943062,340,False
0.023387363396659092,0.008610513176360149,0.005808484596613284,0.056907471723443945,340,False
0.014045824514019424,0.000978683117543122,0.0006602005823325068,0.05696755856496425,340,False
-0.009095954668437099,0.0006585591417914822,0.00044425117907684287,0.05712354617496433,340,False
-0.010385239370809289,2.0606143333875543e-05,1.3900503221924963e-05,0.05713199760823221,340,False
0.019293923782374964,0.007528398921561558,0.005078511382237429,0.05693467124237857,340,False
-0.09651212394003317,0.005391103891936866,0.003636733754850879,0.05771508381038579,340,False
0.0022178117695783517,3.904905902152325e-06,2.63417351780467e-06,0.05704697343933614,340,False
-0.04991087610332911,0.0011625057497228225,0.0007842037521384733,0.05739907204453307,340,False
-0.0001953150085202698,1.1534519422451013e-06,7.780962298342944e-07,0.05706325086418897,Hungary,True
0.07695184879205966,0.0015937069581729532,0.0010750836946022949,0.056543438558138454,Hungary,True
0.0015703018545586236,2.3508229393600414e-06,1.5858193992579326e-06,0.057051340817208654,Hungary,True
-0.11227248841778752,0.0019068386550371034,0.0012863162426158443,0.0578200449663032,Hungary,True
-0.0563791726198681,0.0015747359191441517,0.0010622862009194475,0.05744286599582818,Hungary,True
0.012391759346701909,0.000271373476926519,0.00018306326561170181,0.05697844477308955,Hungary,True
-0.033844763549737214,6.0435744629739894e-05,4.076877702602744e-05,0.05729026640716546,Hungary,True
-0.01818486778859583,0.0005105110988645277,0.0003443808508760945,0.0571848013753153,Hungary,True
0.09535269099654216,0.004595576766032442,0.003100086639590648,0.056420451251688576,Hungary,True
0.10636900468995356,0.001380287606873394,0.0009311151541387504,0.05634491289684272,Hungary,True
-0.030785591839837936,6.521478658515225e-05,4.3992625711468466e-05,0.05726963166811119,Hungary,True
0.020417376388257386,0.00018024858723495013,0.00012159218865025778,0.05692427043147117,Hungary,True
0.02873166913066404,0.0006425967830805549,0.0004334832825764823,0.056868361130269406,Hungary,True
-0.026728274495027512,6.255994884312548e-05,4.220172384357438e-05,0.057242260757811934,Hungary,True
0.10099808975867716,0.0038988325595188025,0.002630076559073613,0.05638210230002567,Hungary,True
0.020320751638274154,0.0010230709724632309,0.0006901437653111949,0.056925245893796966,Hungary,True
-0.5485571348231928,0.03948527019997823,0.026635994748763412,0.06077858150511247,Hungary,True
-0.00793957157356999,0.00013130810391266177,8.857789116230152e-05,0.05711554225939635,Hungary,True
0.0020383637359328733,9.306110912932103e-06,6.277721290822167e-06,0.057048186039453795,Hungary,True
-0.0005304883915309685,7.541953576684717e-06,5.087655088760221e-06,0.057065514337883275,Hungary,True
0.007699293430817604,7.332240985857901e-06,4.9461870567644386e-06,0.0570099977480516,Hungary,True
-0.0009339157333684638,6.521400625372505e-07,4.399209931507579e-07,0.05706823312796815,Hungary,True
0.0037991834905327115,5.46503174342167e-07,3.68660404455546e-07,0.05703630452105351,Hungary,True
-0.04454872920727923,0.03766256021871431,0.025406430072022482,0.0573770273739032,Hungary,True
-0.2929855003150453,0.01563906934905358,0.01054981178923698,0.05904458511515514,Hungary,True
0.08179586296501426,0.0018074469045212505,0.001219268502245763,0.05651084291097014,Hungary,True
0.0012674960065075496,3.254961196594043e-05,2.195733469742228e-05,0.05705339510919618,Hungary,True
-0.008232915957023062,0.00038313567313489493,0.00025845586787172657,0.05711761813560436,Hungary,True
-0.12647940224624496,0.017125347301734817,0.01155242596769693,0.05792182966966545,Hungary,True
-0.19899712344051232,0.013980708033130748,0.009431113523307492,0.058409837423818854,Hungary,True
0.010026739868701067,8.421535267796678e-05,5.681003777699408e-05,0.05699432680606552,Hungary,True
-0.006332612170770723,0.0009194537088383301,0.0006202455760417288,0.057105005623566525,Hungary,True
0.005651133851154038,0.0006317363514516046,0.0004261570467834148,0.05702405442613423,Hungary,True
-0.07415375318088721,0.006210886914523859,0.00418974342590448,0.05756457145691706,Hungary,True
-0.022752630558315272,0.0015857409377724,0.0010697099722880485,0.05721602972597588,Hungary,True
-0.053360466098364374,0.0007182607106339511,0.0004845246954065303,0.05742217040614247,Hungary,True
0.03172486268180137,0.0009117420614027774,0.0006150434487786409,0.0568482727558974,Hungary,True
0.009961722333948547,0.00018967728850161633,0.00012795260700765117,0.05699480594954165,Hungary,True
0.019909665207091275,0.006120007431231297,0.004128437895323299,0.0569299764555356,Hungary,True
0.05941765148046442,0.004401920468531921,0.0029694498705584407,0.05666279552442479,Hungary,True
-0.004450938430671268,7.395738457195434e-05,4.9890212150351145e-05,0.05709198651080063,Hungary,True
0.00507156016757002,0.0009094487415145965,0.0006134964198184882,0.05702807097054479,Hungary,True
-0.0028169384029821053,0.00022656294257000203,0.00015283495131210442,0.05708102262109009,Hungary,True
-0.06763209130235359,0.00024079243709267885,0.00016243389135896236,0.057518259216537436,Hungary,True
-0.01535314428327405,0.0005721484250097879,0.00038596019140530965,0.057165722823133314,Hungary,True
-0.019439092172680993,0.00038255874302987555,0.00025806668205205583,0.057193212792013344,Hungary,True
0.2639730391375294,0.06362571334674769,0.04292066783403275,0.055304959377871235,Hungary,True
-0.049338122962856716,0.0039023927998141023,0.002632478227881492,0.05739626918193936,Hungary,True
0.012679100598989378,0.00032153695096429936,0.00021690256883244522,0.05697652570187495,Hungary,True
0.0032796031881828173,6.261628967318192e-05,4.2239730270931305e-05,0.057039833391845284,Hungary,True
-0.03401846267354679,0.00021499519800012232,0.00014503157597598926,0.05729149788186776,Hungary,True
0.018083767756928746,0.00010533118089877735,7.105436450330861e-05,0.0569399837439696,Hungary,True
9.23609356202337e-05,0.0005842582585767854,0.0003941292494278408,0.05706153471045356,Hungary,True
-0.004780435918294941,0.006451419362223241,0.004352001933479072,0.05709666560139759,Hungary,True
0.037092493729377785,0.00046789885397640853,0.00031563545986510453,0.05681189343849206,Hungary,True
0.005139102698004888,1.4330092012585695e-05,9.666801155554446e-06,0.05702727098931993,Hungary,True
0.06243069311144479,0.0016453513434801137,0.0011099219917413987,0.05664141623425745,Hungary,True
0.05229412725219056,0.0007748882413262468,0.0005227245254321649,0.05670946329333422,Hungary,True
-0.004984389540856295,2.4426087284471598e-05,1.647736306088089e-05,0.057095565992691305,Hungary,True
-0.012587829132516978,0.0006424124102401297,0.0004333589082469031,0.05714709556045421,Hungary,True
-0.05769464006660391,0.0018232296924355666,0.0012299152637818356,0.05745183628445055,Hungary,True
0.1938181897677042,0.006281672788190496,0.004237494198527336,0.05575683577178475,Hungary,True
-0.08322380156712489,0.002317927534903272,0.001563628799676587,0.057624245459415954,Hungary,True
0.017591350750789485,0.002883677965813572,0.0019452730287908074,0.056944372758431706,Hungary,True
-0.012388363846530467,2.19915289409072e-06,1.48350573877447e-06,0.057145503202185616,Hungary,True
0.006914606401196799,3.436190869323141e-05,2.317987479571317e-05,0.05701530149027893,Hungary,True
0.07635895191722829,0.006769977226249203,0.00456689486824687,0.05654941278799892,Hungary,True
-0.02806821532839394,0.00021998911320521514,0.00014840037397344341,0.05725136054188455,Hungary,True
0.06992139953556309,0.004433025903781236,0.002990432991751802,0.05659194905546649,Hungary,True
-0.030915645132249415,0.0003021440000968799,0.0002038204616352176,0.05727060051709632,Hungary,True
0.0015032289861694609,1.358952951847475e-05,9.167232111088818e-06,0.05705179760306344,Hungary,True
0.005982644779456175,1.365629850921832e-05,9.212273172675043e-06,0.057021580358893535,Hungary,True
9.398077431314639e-05,0.0008589589126519928,0.0005794369639849805,0.05706162952331226,Hungary,True
0.000933426886338423,5.4253915754687335e-05,3.65986355879743e-05,0.05705565702864582,Hungary,True
-0.06058520378306096,0.0031901895133625083,0.002152039752928694,0.05747186567316434,Hungary,True
-0.0023049083037995515,0.00014246673345656472,9.610528546477128e-05,0.05707753618047679,Hungary,True
0.0012212065890161393,3.430244243803985e-06,2.3139760017392318e-06,0.05705369616140088,Hungary,True
0.14805663327519433,0.01684948811130519,0.011366336727064464,0.05606954468557554,Hungary,True
0.037294588646140166,0.00490054302417876,0.0033058109415745264,0.05681222893191773,Hungary,True
-0.0017711512083069458,0.00010285094260895424,6.938124402752554e-05,0.057073920303066135,Hungary,True
0.01406249285363054,0.0005243865748455776,0.00035374097690526974,0.056967271540018974,Hungary,True
0.01623090595149887,0.0032870825602290617,0.0022174019164508934,0.056953705223281706,Hungary,True
-0.02682723581266377,0.00020576969566104782,0.00013880823166015303,0.05724298363235174,Hungary,True
0.020228189624173668,0.00028740860709848895,0.00019388025232328228,0.05692558780056597,Hungary,True
0.040313122728537855,0.0008532735198468078,0.0005756017086571937,0.05679031526966016,Hungary,True
0.001769723927821828,0.0004006716693669802,0.00027028530961510395,0.05705014884815748,Hungary,True
-0.10647333344490809,0.024970152638196047,0.01684437895899665,0.05778991559933811,Hungary,True
-0.03090644091639841,0.0035027522465100607,0.002362888489093147,0.05727177496622348,Hungary,True
0.058775315268529006,0.009687785115605092,0.006535191279165866,0.05666914946349369,Hungary,True
0.024400950322774072,0.014240660119351909,0.009606472141051503,0.056902795152756015,Hungary,True
-0.03169368247387297,0.00010379032909795919,7.001493586910268e-05,0.057275772377961255,Hungary,True
-0.15050676699365115,0.011155289110806729,0.007525140911320129,0.05808159294086585,Hungary,True
-0.006920852041761153,0.0001340735610914744,9.04434147491915e-05,0.05710867123500448,Hungary,True
-0.06396571384891246,0.0066645093723578085,0.0044957483068029,0.05749601799495681,Hungary,True
-0.04314125434096797,0.0006579335586857883,0.00044382917288988293,0.05735320991834135,Hungary,True
0.0017514685128177509,0.00014444048456924437,9.7436739548951e-05,0.05705017338529133,Hungary,True
0.01803753547478731,0.025524425159386004,0.017218280413615738,0.05695006098079823,Hungary,True
0.000489847696156904,1.1974857207867181e-06,8.078005597796764e-07,0.057058628906853925,Hungary,True
-0.05507906595538406,0.006582507025522524,0.00444043111969417,0.05743603592929243,Hungary,True
-0.12968996554080633,0.006250140942445824,0.004216223429113319,0.05793923897603385,Hungary,True
0.012372586922271167,5.790874233946988e-05,3.9064110465741816e-05,0.05697849205807248,Hungary,True
-0.022028878093410018,0.0015784120718298573,0.0010647660619698136,0.05721114455199153,Hungary,True
-0.03455828864574703,0.0003299954868881868,0.000222608532532575,0.057295183896012104,Indonesia,True
-0.009477672504378108,0.0018601874038986122,0.0012548462166022253,0.05712658424794301,Indonesia,True
-0.01766047458519505,0.00325048770852939,0.002192715741764294,0.05718232083307617,Indonesia,True
-0.0006543851696635646,1.3940714866224526e-06,9.404134911326229e-07,0.05706634775479679,Indonesia,True
-0.01885548867107401,0.00024583268806337475,0.00016583394656202843,0.0571892231589013,Indonesia,True
2.4634634052704564e-05,1.3309079464776578e-09,8.978045963450425e-10,0.057061766683215734,Indonesia,True
-0.0017676813868530675,0.00024206847012320153,0.00016329467840507124,0.05707395049645397,Indonesia,True
-0.010433170503703298,0.007460279327272066,0.005032559229786821,0.0571351883628858,Indonesia,True
-0.02222894175679821,0.0036916746530973837,0.002490331867454186,0.05721330977896001,Indonesia,True
-0.00018997934390342723,3.823837122160688e-07,2.5794860967180326e-07,0.05706321457402075,Indonesia,True
0.03325246529748687,0.0004024209718968953,0.00027146535505394315,0.05683777249926308,Indonesia,True
-0.002190828764249152,8.129225634178774e-05,5.483817388278075e-05,0.057076743067421574,Indonesia,True
-0.003656256268525263,1.3440436859663443e-05,9.06665710534454e-06,0.05708660243214239,Indonesia,True
-0.05894846897269725,0.0018012624061603199,0.0012150965600244944,0.05746028595926427,Indonesia,True
-0.0003791514109252862,0.002056517577307528,0.001387286730278806,0.0570652822038589,Indonesia,True
-0.00014095382006867408,0.00022182204786238408,0.0001496368360175402,0.057062969097406845,Indonesia,True
-0.002869933552105702,3.172859677529299e-05,2.1403493829777612e-05,0.05708130509369177,Indonesia,True
0.033890033277988965,0.00039354826155972545,0.0002654799973559658,0.0568334681763896,Indonesia,True
0.010152646130241617,0.00020689882307460637,0.00013956991903637988,0.05699352463424874,Indonesia,True
0.027278582793782077,0.00026517638152249274,0.00017888282567034565,0.05687801859804242,Indonesia,True
0.004669929560098915,0.000317946259764763,0.00021448035843725502,0.057030552746611014,Indonesia,True
-0.031876934786415054,0.0035528595003544348,0.0023966898672656695,0.05727834124499951,Indonesia,True
-0.007886817641341701,1.3681025615361615e-05,9.228953597199155e-06,0.05711514107102441,Indonesia,True
-0.195581905173646,0.012944081896735246,0.008731825708240782,0.05838638852572446,Indonesia,True
0.04418762668541989,0.003328362408340085,0.002245248498529381,0.05676512625220741,Indonesia,True
0.2619893082972106,0.010230969492268753,0.006901612887303464,0.05529842046501623,Indonesia,True
-0.03215414822697494,0.00017505158101714966,0.00011808638940852688,0.057278906127305004,Indonesia,True
-0.019248477682141326,6.468304222590138e-05,4.363392131641285e-05,0.057191804302161024,Indonesia,True
0.08580560987743746,0.003809036387639771,0.0025695018092867865,0.056484556291530624,Indonesia,True
-0.009820410154492823,0.0005166335217977073,0.0003485109182220176,0.057128378537276855,Indonesia,True
0.001230172366357267,9.425686123575986e-05,6.358384400550474e-05,0.0570536706367201,Indonesia,True
-0.021009514992429,0.002236046745052438,0.0015083936125436237,0.05720452183142028,Indonesia,True
0.0842901656816969,0.003737939079047802,0.0025215409487249676,0.056494752349732585,Indonesia,True
0.056994929152839255,0.0024260728749576025,0.0016365815411723756,0.05667838375235432,Indonesia,True
0.02574689620406241,0.002232454483873151,0.0015059703430706512,0.05688910604571292,Indonesia,True
-0.02570213780532407,0.00103322368749522,0.0006969925892627124,0.057235713410887096,Indonesia,True
-0.0011913078651965264,2.4784236381348572e-06,1.6718963470739413e-06,0.057069970148287116,Indonesia,True
-0.03516897597613306,0.0013432883284459677,0.000906156161053235,0.05729969515463056,Indonesia,True
-0.4706703933937141,0.05529532969018899,0.0373011531591299,0.06025946120118246,Indonesia,True
0.048211020926158685,0.0020591035002580126,0.00138903114356966,0.056737498801142976,Indonesia,True
-0.0012391955164943855,7.050328471226062e-07,4.7560143614450453e-07,0.057070292506338466,Indonesia,True
-0.013945177832204125,8.424933348371448e-05,5.6832960567160393e-05,0.05715603680203092,Indonesia,True
-0.08126674935785075,0.0010083485024287892,0.0006802122735792115,0.057610534410754664,Indonesia,True
-0.001860988767685669,5.0121382665087046e-05,3.381090919997696e-05,0.05707450602856951,Indonesia,True
0.07749658590105923,0.003997898726207425,0.0026969046669309002,0.05654068082659858,Indonesia,True
0.0037995690360549754,2.0604161274611925e-05,1.3899166163323867e-05,0.05703630963753964,Indonesia,True
0.0006544521646559377,0.00017705704234470911,0.00011943923458646746,0.05705758620537181,Indonesia,True
-0.07021872726325801,0.0005508944857525388,0.00037162269766196086,0.05753582854632696,Indonesia,True
-0.11898975403009443,0.002018579421600698,0.001361694388854599,0.05786540253400713,Indonesia,True
-0.027767578731460053,0.0004855000037588959,0.0003275088529254562,0.05724943504165139,Indonesia,True
-0.01760281780205128,0.001800953711787843,0.0012148883208091459,0.057181372735707836,Indonesia,True
-0.1259046928683512,0.0035749735969337515,0.0024116076063966695,0.05791265804163637,Indonesia,True
0.03461448541516615,0.0013401529010272605,0.0009040410627434897,0.05682894403877699,Indonesia,True
-0.037899235850768855,0.0002436357298822447,0.00016435192133390007,0.057317687934339646,Indonesia,True
0.08106702150266536,0.004249486064309412,0.002866620588402386,0.0565166906337975,Indonesia,True
0.011349063318056943,0.0010191302247068465,0.0006874854135761392,0.05698576605977968,Indonesia,True
-0.2748893233316515,0.002449179276626132,0.001652168670002663,0.05891725614725066,Indonesia,True
-0.00024379377490119878,8.439067730183433e-08,5.692830835579507e-08,0.05706357748098956,Indonesia,True
-0.010539237232943807,0.0001797045132080903,0.00012122516690141372,0.0571330977658945,Indonesia,True
-0.00841549332786698,0.0001492358289109014,0.00010067158550684848,0.057118759645537115,Indonesia,True
-0.04867765323664465,0.0005981700326505347,0.00040351386144385726,0.05739053441618966,Indonesia,True
0.004580730730108451,2.6582749854165615e-05,1.7932205653834857e-05,0.057031042372146616,Indonesia,True
0.0316571415674671,0.0003588706258712376,0.0002420871392744577,0.05684851757072627,Indonesia,True
-0.003590816227126522,0.002799689218610817,0.0018886158546568175,0.05708723396906537,Indonesia,True
0.04049422577019993,4.830588789526837e-05,3.258621176444252e-05,0.056788785203079166,Indonesia,True
0.053538468903634284,0.0015993022867205472,0.0010788581943348915,0.0567013845000082,Indonesia,True
0.003026642176774433,7.546636900561225e-06,5.090814367892658e-06,0.05704151862799881,Indonesia,True
0.00012312116476499675,1.9226426715927354e-08,1.2969773245801618e-08,0.05706110231913704,Indonesia,True
-0.013961212661793097,0.00014687153828691618,9.907668106967293e-05,0.057156169114837875,Indonesia,True
0.0043964887719172745,8.555599178422473e-06,5.771440682432285e-06,0.05703227829719664,Indonesia,True
-0.61236025488285,0.019860611009782723,0.013397581626884677,0.06120099540814643,Indonesia,True
0.1367084823842501,0.006615342809830864,0.004462581500683812,0.05614222944221443,Indonesia,True
0.043437935141289206,0.006091454145154135,0.00410917640428729,0.056771241837775786,Indonesia,True
0.6289455286102916,0.03251551361546168,0.021934332613868245,0.05283077682131733,Indonesia,True
0.007112163473850694,4.76657024022822e-05,3.215435509123116e-05,0.05701397392511878,Indonesia,True
0.007437175893786998,0.0018268789634662652,0.0012323769909909495,0.05701246573062727,Indonesia,True
0.0015676055059181048,0.000847399587960164,0.0005716392685347169,0.057051684231350965,Indonesia,True
-0.016183763490038295,0.000255919756622606,0.0001726384866807446,0.0571712040812015,Indonesia,True
-0.04712938018285527,0.00964804059426835,0.006508380398646219,0.05738359323129189,Indonesia,True
0.0036063279990120076,0.0038397905832944328,0.002590247991086005,0.057039082730086836,Indonesia,True
-0.01709165969671729,8.990850826605577e-05,6.065052972703562e-05,0.05717726455111415,Indonesia,True
-0.00040148055078204764,0.0005124539328012194,0.0003456914488351143,0.05706483844106947,Indonesia,True
0.0,0.0,0.0,0.05706193286314996,364,False
0.0,0.0,0.0,0.05706193286314996,Iraq,False
-0.0010739509072352597,9.649382714316517e-05,6.509285766708135e-05,0.05706921467492261,384,False
0.061910588885846815,0.001210152008728505,0.0008163449910927981,0.05664475849724546,384,False
0.10534420750283967,0.0023688076252658657,0.0015979515183220682,0.05635220182404597,384,False
0.007877456343658124,9.069436268941645e-05,6.11806518254261e-05,0.05700882795427002,384,False
0.002574278171051843,6.899244572819373e-05,4.6540961042265474e-05,0.05704459383275916,384,False
0.0008018062164779342,5.206919831694206e-05,3.512486772708355e-05,0.05705654407551012,384,False
0.023915147249869727,0.0027474896909439723,0.0018534030692869768,0.05690166055169004,384,False
0.0006761060810290164,4.536980217305435e-07,3.0605585483231074e-07,0.057057372157749794,384,False
-0.02588244681313837,0.0005399276031875951,0.0003642246521393977,0.057236739281992736,384,False
0.008985416588723958,3.6497634955423777e-05,2.4620594163123837e-05,0.05700133302580084,384,False
-0.020346618032040954,6.306879554167239e-05,4.254498192239153e-05,0.05719921152359038,384,False
-0.025129817571569783,9.002967549037395e-05,6.073226677820218e-05,0.05723148847928407,384,False
-0.0414547895560554,0.002627917443320624,0.0017727419583546502,0.05734259534112063,384,False
-0.301791511028762,0.01491200286018651,0.01005934688722712,0.05910370510357548,384,False
-0.02046856811807226,0.00026847568310169273,0.00018110847029916742,0.05720011343399103,384,False
-0.0070341873280482595,0.004827656330415169,0.0032566429966039276,0.0571112440310832,384,False
-0.0126514321364642,2.463759853187489e-05,1.662004443159471e-05,0.057147286459814345,384,False
0.06882165153823319,0.0010121173804938683,0.000682754685365727,0.05659806182300889,384,False
0.031487818405902396,0.0001874548138694685,0.00012645336887830993,0.05684959405709467,384,False
0.05421835639913368,0.0020205698889339736,0.001363037119375834,0.05669695918436087,384,False
-0.027819830634772627,0.008042037585600284,0.005425002027706151,0.05725270598631367,384,False
-0.2299303831307753,0.028396561209054268,0.01915576749042293,0.058624228395751106,384,False
0.040167580359567454,0.0012665458802821042,0.0008543871992113316,0.05679145540305352,388,False
0.09275683632615139,0.0024474513336279055,0.0016510030332881663,0.05643714507815242,388,False
-0.006586004144981194,7.607387814510198e-05,5.131795752007089e-05,0.0571063900710671,388,False
0.017807436256467954,6.622259273458595e-05,4.467247212427336e-05,0.05694183280146825,388,False
-0.0034779468743143614,5.632268953402964e-05,3.799419011359514e-05,0.057085416104969616,388,False
0.028642541234671238,6.427587630663273e-05,4.335925511221599e-05,0.05686874051273192,388,False
0.18008863047668183,0.01482546313167574,0.010000968870754195,0.055852675822527696,388,False
0.38247375734079625,0.006214418401144964,0.004192125698043399,0.054484123382484276,388,False
-0.14285178892285974,0.0028321370912813325,0.001910504558005766,0.05802669182961964,388,False
-0.012025284845815243,4.792729474263436e-05,3.233082019248659e-05,0.05714307156898217,388,False
0.008888482654502216,0.00030013851138813727,0.0002024675979864638,0.05700208829994632,388,False
0.04575884540721539,0.001033298180567771,0.000697042840839547,0.056753648195623736,388,False
0.03475600070298138,0.000156574120681495,0.00010562185430522515,0.05682753566949675,388,False
0.06570351425531856,0.005981652951942612,0.004035106656480634,0.056620994461813144,388,False
0.04174435036793965,0.0027973699969915207,0.001887051352892997,0.056781405094822116,388,False
0.009612225227994877,0.0005033300129753799,0.00033953663010553815,0.056997284189311374,388,False
-0.004209722523095091,0.0001512094416766109,0.00010200294626485487,0.057090389065803264,388,False
0.00853232559996036,4.6821886167342704e-05,3.1585133082899007e-05,0.05700439346026959,388,False
-0.056606758030840636,0.002710716532340526,0.0018285966122335974,0.057444841469500255,388,False
-0.27016737403447544,0.009502025735123897,0.0064098816166519345,0.058888204048074745,388,False
-0.005816326651078228,1.478584271095346e-05,9.974241706093613e-06,0.05710117436607685,388,False
-0.04031671920419879,0.01471693790386721,0.009927759864373432,0.057339594141003127,388,False
-0.07310553135634903,0.00043147731367239566,0.00029106619767274155,0.05755525607255827,388,False
-0.010609580457066519,0.0002428580282056358,0.000163827298919786,0.057133596628328065,388,False
-0.025459789372355664,0.004796769922793767,0.003235807627185276,0.057235531678546815,388,False
0.0358008592563368,0.0002975598538600469,0.00020072808580814488,0.05682054128955153,388,False
0.006279877137156184,1.7824226078455653e-05,1.2023875987729176e-05,0.05701957689024027,388,False
-0.18359654921257343,0.004716944222586642,0.0031819587635263788,0.05830229460448993,388,False
-0.18758241817781626,0.0005862779714447202,0.0003954917084175314,0.05832755802641641,388,False
0.041448268355394,0.005008430409397489,0.0033785896717589657,0.05678424941896336,388,False
0.00946658451742799,0.00014593864209599123,9.844736745685555e-05,0.05699812923969759,388,False
0.0036130443689686947,3.32346749070196e-05,2.241946482363748e-05,0.057037572756586365,388,False
0.010331981542614756,0.0009617731446206801,0.0006487934437291056,0.05699260509093117,388,False
0.009104207856549312,0.001397808525312384,0.0009429344246963748,0.05700105513153364,388,False
-0.0038339916592281097,0.00021003947231256577,0.00014168853988375706,0.05708787711162727,388,False
0.01624701719776947,0.007886766328659095,0.00532025905992163,0.05695536382030284,388,False
0.08375243617990494,0.0019491717154874887,0.001314873301239092,0.056497698103123585,388,False
-0.03354503688182492,0.005289566823158996,0.003568238824537,0.057290265406353465,388,False
-0.013244503029089284,0.0005945059680838968,0.0004010421548033351,0.05715150690435304,388,False
0.00453644208423801,6.13375102563685e-05,4.137709056608543e-05,0.057031354505722866,388,False
0.0018587492393710432,3.438726048114435e-05,2.3196976618400485e-05,0.057049407336299596,388,False
-0.01086172266204461,0.00017545402649416793,0.00011835787129425874,0.057135271554229775,388,False
0.024049389194436492,0.000390360297567039,0.0002633294588959684,0.0568998501986049,388,False
0.013683687889684135,0.00013001825929013575,8.77077870850514e-05,0.05696967533483511,388,False
0.013485467442877985,0.003654615451317581,0.0024653324512414854,0.05697236708280068,388,False
0.15559524717527784,0.02204304576786729,0.014869809636505625,0.05602064777392709,388,False
0.1745669764420136,0.007898958256283665,0.005328483496997549,0.055887315963614764,388,False
0.0029365714000743203,4.0613955028799164e-07,2.7397383565940604e-07,0.05704212348033002,388,False
0.012070805964538762,0.0012390877779511365,0.000835864497814215,0.056980981839332326,388,False
-0.051786321435044885,0.00046521324556194504,0.0003138238007004947,0.05741145347883908,388,False
0.38803874823,0.008223427144350414,0.005547363893533059,0.054447319385095866,388,False
-0.002227562092936758,0.004831274457620688,0.0032590837147947484,0.057078819809984666,388,False
-0.003739306523599816,3.766253227951606e-06,2.540641122478314e-06,0.05708715894753184,388,False
0.22570823429518158,0.005664882115511478,0.003821419215746197,0.05554147151815859,398,False
-0.14458092555671065,0.005561699560539933,0.0037518142724732606,0.05803942517764341,398,False
0.009916321689697544,0.00029728069108743514,0.0002005397680352722,0.056995153585059855,398,False
0.11095263873512494,0.0027012521955322145,0.0018222121548334084,0.056314494127251605,398,False
0.08142928156834173,0.006664524647886119,0.00449575861137698,0.05651516756432645,398,False
-0.10668830463345184,0.04121471212708864,0.027802642611510706,0.05779770068891132,398,False
0.006332512903742894,0.00017534591438280914,0.00011828494096819421,0.05701928240886505,398,False
-0.03569996534083145,0.00206495714563402,0.0013929798988069118,0.057303556107834795,398,False
-0.06264813009307435,0.0029343440320798086,0.0019794513709465796,0.05748568285627194,398,False
0.01823702624312213,0.0004316657901186459,0.0002911933402149392,0.05693907523650294,398,False
-0.05313217733250411,0.0025127361774118805,0.0016950429182223906,0.05742132550607661,400,False
0.015787493550139798,6.506933618924786e-05,4.3894507705389405e-05,0.05695545850480398,400,False
0.0021314393051860723,7.732043515994639e-05,5.2158860619714577e-05,0.05704758434382342,400,False
0.0052822033045725305,4.691382822409784e-05,3.164715540485646e-05,0.05702631819497529,400,False
0.31109866343313564,0.014985514455632773,0.010108936378709974,0.054968878599802984,400,False
0.06982739817038587,0.002902332908491393,0.001957857290027677,0.05659199881663904,400,False
0.01782323829162514,0.002488900638999189,0.0016789639279361662,0.056942656813357875,400,False
-0.0013920259249411075,3.9281265211491324e-05,2.649837695421526e-05,0.05707133832207868,400,False
-0.031711150410910924,0.0003232798067898608,0.00021807826545000393,0.057275975018122156,400,False
0.29680642787630324,0.006083473351447237,0.004103792716188126,0.05506199410021379,400,False
-0.19716666520665022,0.01824368800400153,0.012306836838435278,0.058399167901079886,400,False
0.010399028014968309,1.0366651410096729e-05,6.993141268202579e-06,0.05699178702970933,400,False
-0.08798487476404525,0.0012641888341178495,0.0008527971817456866,0.05765595339157099,400,False
-0.0020115925258883827,0.0004743483692026812,0.0003199861773055328,0.05707568530910353,400,False
0.0007376245011944399,1.5700950069721468e-06,1.0591555318973811e-06,0.057056957596155596,400,False
0.03160125806149359,0.00016775954300414544,0.00011316732249475225,0.05684882126131958,400,False
-0.12585050545679455,0.002779400445242294,0.0018749294430363361,0.057911981686634154,400,False
0.006542660118473825,2.0256424493899054e-05,1.3664589699287792e-05,0.05701780514268143,400,False
0.797420231283754,0.05461399545058869,0.03684153834235814,0.05170173890608916,400,False
-0.19036077392152953,0.014558331184882027,0.009820766858814356,0.05835180018709217,400,False
-0.5754170408597077,0.0041702935430456105,0.002813198854934671,0.06094529873598029,400,False
0.01894947917487503,0.00022285788627870805,0.00015033559245197857,0.05693418895725001,400,False
-0.027467682711714035,0.004706404524153486,0.0031748488881045505,0.05724904207508071,400,False
0.008596576949328694,0.00027537563440093447,0.00018576304314728298,0.057004047920713015,400,False
0.0024506931982029236,1.271918971134712e-05,8.58011781720451e-06,0.05704540585839266,400,False
0.2585793495842016,0.004627337478792658,0.00312151179823876,0.05531933369940603,400,False
0.11193509546410121,0.003151815227520574,0.0021261532066040377,0.056308037690972056,400,False
-0.03009975806001113,0.000637963958607276,0.00043035806935856017,0.057265226418029,400,False
-0.08003667822360572,0.001164554170539958,0.0007855855769519326,0.05760229723171309,400,False
-0.33700230505888545,0.002731441476110957,0.0018425772559177306,0.059336378138679556,400,False
0.03359334366700563,0.00019503503006723156,0.0001315668351865187,0.056835393481797274,400,False
-0.15951626605639008,0.004916083440010054,0.003316294203620842,0.058139926637268934,400,False
-0.0724654254401295,0.00013053129424692603,8.805387048136068e-05,0.05755082119446568,400,False
0.05670872694546277,0.0009215468514195358,0.0006216575692867803,0.0566797391826624,400,False
-0.031248580506820247,0.00022946844847788458,0.00015479494904576318,0.057272818360559384,400,False
-0.21213900229780816,0.0012639302257394709,0.0008526227295670996,0.05849348001132835,400,False
-0.15914802666530398,0.008003618557192334,0.005399085298917315,0.05813865343048285,400,False
-0.007437972567991515,0.0018917234648038583,0.0012761198294815234,0.0571128368066271,400,False
0.07606664575931059,0.003178144237067608,0.0021439142439853985,0.05655001446003109,400,False
-0.0025682997828123406,5.14999898632122e-05,3.474089078308106e-05,0.0570792779434491,400,False
-0.02703319006260173,0.0003648887088707377,0.0002461468209319583,0.05724443440701769,400,False
-0.0388786683123279,0.0035757934054584423,0.002412160633270946,0.05732558357753032,400,False
0.0027593547855424626,4.5524562295853115e-05,3.0709983649871666e-05,0.05704333631083756,400,False
0.0021751343320969524,9.6252663750548e-05,6.493017353634572e-05,0.05704729687121538,400,False
0.2554459081528745,0.021848839259361603,0.014738801705838456,0.055346901956020655,400,False
-0.3640974479107801,0.007782875376595702,0.005250176245758538,0.05952118834733386,400,False
1.9398046940490004e-05,3.3075316701314457e-10,2.2311964879763807e-10,0.05706180200782817,400,False
-0.040779938014241686,0.0012856639279378154,0.0008672838620525655,0.05733752366681244,400,False
-0.006923125408503176,0.000493918621924917,0.0003331878888830753,0.057108825199350705,400,False
-0.09499454635239726,0.0009141341668836708,0.0006166571165769076,0.05770310341371496,400,False
0.007478421291137372,0.004740583086783722,0.0031979050812147537,0.05701330812017228,400,False
0.000995046141787667,6.740052514980454e-06,4.546708240469581e-06,0.05705522306968446,400,False
1.1423344090511596,0.8355738362410694,0.5636618465975064,0.04963574503690116,Kenya,True
1.1423344090511596,0.8355738362410694,0.5636618465975064,0.04963574503690116,Kenya,False
-0.026452724044898495,0.0002595750311694269,0.00017510426374498422,0.05724047802140438,414,False
-0.003430470452366213,5.9950508800873106e-06,4.044144638034238e-06,0.05708507645772934,414,False
-0.04124254628813184,0.00104220907619983,0.0007030539575942307,0.057340550188105306,414,False
-0.01420887763631986,1.9383198521840233e-05,1.3075528454716257e-05,0.057157790659799146,414,False
-0.06230093800704984,0.0024277476277088966,0.0016377112967815692,0.057483144272846044,414,False
0.028760553363737684,0.002371054508247203,0.0015994672218486968,0.05686882936630162,414,False
-0.012099351640482238,0.0006631392656435014,0.00044734084148141066,0.05714380836193235,414,False
0.14830612515246175,0.001188820533351109,0.0008019551929919355,0.056061938200306145,414,False
0.07646008847230369,0.0016375681572293182,0.0011046716057859557,0.056546772644394026,414,False
-0.17506965828059062,0.004745769472570277,0.0032014037161202783,0.058244783353594634,414,False
-0.06314516307185539,0.0030456289113005896,0.002054521984457112,0.05748907896863464,414,False
0.03045112415216985,0.0017268463540703921,0.0011648969396938701,0.05685717783404933,414,False
-2.2097708022872246e-05,2.4081800507310537e-07,1.6245113902091145e-07,0.05706208202268525,417,False
-0.031915474822186415,0.001541810418821861,0.0010400752992529973,0.05727782417687997,417,False
0.06035246264767056,0.000326491636565579,0.00022024490330271892,0.056654931676530476,417,False
-0.017687525490221286,0.00027764433242065894,0.00018729346267420683,0.05718135656440867,417,False
0.06063968698824637,0.00012563248918669043,8.474923193643505e-05,0.05665291735034618,417,False
0.31857774790519405,0.004409534646846582,0.0029745862470496815,0.05491450286194258,417,False
-0.32079997779939634,0.00714196473029613,0.004817830398236102,0.059228840619033836,417,False
-0.05739161100308174,0.009034322262766625,0.006094377957424257,0.0574525868782555,417,False
0.009174180166630352,3.977347715124072e-05,2.6830413548521022e-05,0.057000060922729794,417,False
0.01595432176315651,0.00012852188920256123,8.66983649488224e-05,0.05695435749232843,418,False
0.0007392328276787565,8.921405351057283e-08,6.018206406562279e-08,0.05705694617671429,418,False
-0.026060365626081064,2.551678835112906e-05,1.7213128771405895e-05,0.057237740869766816,418,False
-0.013851500274354424,0.0005574900013957203,0.0003760719041419324,0.0571555873340965,418,False
-0.005923387074689403,9.515499586517191e-06,6.4189708145512966e-06,0.05710189454480143,418,False
-0.021061692460653945,0.00012366588107901562,8.342259638440252e-05,0.05720405866222286,418,False
-0.018006181645369802,5.725498798110672e-05,3.862310050004702e-05,0.05718342114587665,418,False
-0.10721662637705673,0.002589622473731709,0.0017469089172304955,0.057786204828767763,418,False
0.36090091410424496,0.0048798917354122544,0.0032918799841224447,0.05462916386766489,418,False
-2.6683267478193676e-05,0.0004158578895346346,0.00028052963816067465,0.05706227293986662,418,False
0.00952747620307683,0.0020959705057912066,0.0014139009079352418,0.056998468264940524,422,False
0.008833515869284523,0.0001540574007611526,0.00010392412403156008,0.057002402923669766,422,False
-0.02712389459803259,1.9782697077133715e-05,1.3345022404410479e-05,0.05724491301615029,422,False
-0.00019318478670282875,0.00012532346906615855,8.45407729777889e-05,0.05706328429186183,422,False
-0.006525452106929064,1.8725279630776506e-05,1.2631709176318728e-05,0.05710595950642977,422,False
-0.025179948345436458,0.013940502784276429,0.009403991844971937,0.057237174472966744,422,False
0.09784243621223089,0.005646264618824674,0.0038088602148460306,0.05640405518380546,422,False
0.008375044872928596,0.0024530103728391357,0.0016547530529407752,0.05700637975533737,422,False
0.011636788862772847,0.0020742061473191056,0.0013992190953241836,0.05698423068466455,422,False
0.0027962822346936467,0.00011263378023627808,7.598055588102647e-05,0.05704311302912814,422,False
-0.005415359551954831,0.0001859010622500343,0.00012540523827754338,0.057098535429214316,422,False
0.02591370845716911,0.0008096872323329971,0.0005461992474493535,0.05688743474839624,422,False
0.0031620568225860265,7.784543483601477e-05,5.251301518277155e-05,0.05704063219703284,422,False
-0.01215380526081469,0.005424498444159015,0.003659261069799504,0.057146011189603656,422,False
-0.0028437869030383148,4.906474343031747e-06,3.3098120938275374e-06,0.05708111838537041,422,False
-0.005571069490822821,5.7231615434519313e-05,3.860733383503461e-05,0.05709953625820923,422,False
0.021447492346232677,0.0009740643330982109,0.000657084840244451,0.05691762625134423,422,False
-0.01418731513416003,0.003201310126712548,0.0021595415022467182,0.05715887209923846,422,False
-0.05619081989331101,0.0006825140404837306,0.00046041068748446776,0.05744124966300876,422,False
0.038445630818953976,3.1342797400800865e-05,2.114324108081569e-05,0.05680259813048503,422,False
-0.01368224779142849,7.407653669401016e-05,4.99705898527528e-05,0.05715425920400427,422,False
-0.0012322394547794897,9.939516473330606e-06,6.705004353472232e-06,0.0570702491372356,422,False
0.24084312893088144,0.03997158627784475,0.026964054109398075,0.05545220415461941,422,False
0.14022791101300502,0.002340100945498243,0.0015785865508880792,0.05611686852228883,422,False
0.052524616253418754,0.008796260707548773,0.005933786265825078,0.05671097713329303,422,False
-0.00044837809767590624,2.411319924479473e-08,1.6266294879263417e-08,0.057064957543808414,422,False
-0.15574780606451374,0.015625834829030412,0.01054088403962164,0.05811870347376568,422,False
0.02369763342960308,0.0005983886670559185,0.0004036613479583019,0.056902302933065294,422,False
-0.017212639050924367,0.00037148148534265854,0.00025059417962031166,0.05717818926119108,422,False
-0.07271761832163556,0.0053215083699229716,0.0035897859702843558,0.057554537847557694,422,False
-0.012176448685773413,6.259700369908204e-05,4.22267203281793e-05,0.05714409694607878,422,False
0.23281835447645557,0.0052374118893494205,0.0035330561213153134,0.05549334616990428,422,False
-0.019603036224124938,0.0036586117619887967,0.0024680282846374284,0.05719558273320766,422,False
-0.09159758794714253,0.0012972659847677991,0.0008751103837715044,0.05768033712981169,422,False
-0.014617333886725441,0.0004373334467995053,0.0002950166310984659,0.0571607071860733,422,False
0.03463205124868613,9.325720726285374e-05,6.29094968923141e-05,0.0568283475365209,422,False
0.029006381068374092,0.0008868564550404004,0.0005982561030917313,0.05686660167008318,422,False
-0.000802015725556493,0.0006461570773529466,0.0004358849877962564,0.05706759185419867,422,False
-0.13447694118726336,0.0032045362886115552,0.0021617178082708483,0.05797034128944667,422,False
-0.0069963116333648335,0.000335289929971838,0.00022618006078753015,0.05710925778944384,422,False
0.07998999874624717,0.005544323933809689,0.0037400930128744458,0.05652444996759838,422,False
-0.0006059126523265787,4.3056257348325405e-06,2.904491317453448e-06,0.057066021889447385,422,False
0.011791615223641303,0.001204257931678009,0.0008123689614348851,0.05698285183293359,422,False
0.05897936614555103,0.00011670019602085118,7.872368082193766e-05,0.056664114146755734,422,False
0.11268030922129951,0.002358054641542706,0.0015906977647949167,0.056302709034797116,422,False
-0.12801189211413083,0.0022886059891872148,0.0015438490556413302,0.05792637046726718,422,False
0.07208060562848936,0.0004281812510654983,0.00028884273799159284,0.05657585454235636,422,False
0.07646784306527095,0.003686974451945993,0.0024871612032406065,0.05654750210481156,422,False
-0.020771528819805013,0.00013275138818950562,8.955150264385615e-05,0.057202104779011574,422,False
0.02951733716495261,0.0005497847804307489,0.000370874112050816,0.056863025542032396,422,False
-0.02724766781261949,0.0038865590823685572,0.002621797110274927,0.05724724123333499,422,False
-0.01318617468024699,3.691087333428621e-05,2.4899356730370327e-05,0.05715089846123588,422,False
0.05359446363576198,0.00411437161478931,0.002775475010578748,0.05670196879188524,422,False
0.008857158801626738,0.00012304619045482674,8.300456515077653e-05,0.057002231508256444,422,False
0.014703547499097025,0.0002004000854807542,0.00013518599714483023,0.05696282259933026,422,False
-0.37291138919650274,0.023152348559907027,0.015618123708915728,0.05958682685677209,422,False
0.06544163748088472,0.00856847098867308,0.005780123755094719,0.05662374923682683,422,False
0.0006316678571329862,1.8725031136795647e-05,1.2631541547115845e-05,0.057057678961995886,422,False
-0.025925932532623683,0.000992925887363135,0.0006698084776365616,0.057237207537546374,422,False
0.02846933758875593,0.0003196532947060048,0.00021563189098345746,0.056870006882824446,422,False
0.05135270955974414,0.0006702518278957315,0.00045213883754022347,0.05671577391362107,422,False
0.04442475002059884,0.007567810195536845,0.0051050974605732526,0.056765150062430624,422,False
0.3554134131533089,0.005357847936404125,0.003614299934531329,0.05466635896067629,422,False
0.00029936402832124166,3.0599399767365226e-06,2.0641759506543832e-06,0.05705991458949916,422,False
0.029393618881744816,7.349341350038826e-05,4.9577226296051007e-05,0.05686367742268378,426,False
0.049491777568642446,0.0008467713434215417,0.0005712154669969045,0.05672839500595302,426,False
0.19323870182675862,0.0014191920721988494,0.0009573593492237532,0.05575891600515905,426,False
0.0,0.0,0.0,0.05706193286314996,430,False
0.13405489805550128,0.0015521793351617077,0.0010470699683987252,0.056158212628645426,450,False
0.019263569064556306,0.0028388506711242386,0.0019150334082969093,0.05693307486304135,450,False
0.0171395757333636,2.413649527793024e-05,1.6282009929790406e-05,0.05694632189324838,450,False
0.16371420853328048,0.003252075324869157,0.0021937867168462656,0.0559587762933737,450,False
0.004048609731857115,9.695818053209328e-06,6.540610142523262e-06,0.05703462546031925,450,False
-0.0031421520107073352,2.7921069881250796e-05,1.8835010295491468e-05,0.05708313996065147,450,False
-3.761304812914284e-05,4.364259653592054e-09,2.9440446178175592e-09,0.05706218659513169,450,False
-0.0014700059002581778,2.9703826380815025e-05,2.003762313111904e-05,0.0570718606726804,450,False
-0.015646604709482374,0.0024089470990347017,0.0016250288260651828,0.057168410816272296,450,False
-0.05442890976082055,0.00034692319069889587,0.00023402763204809302,0.05742923409481148,450,False
0.004118112363261381,3.6124004976622467e-06,2.436855065163388e-06,0.057034154268522735,450,False
0.06720033674775291,0.0002593989895164738,0.00017498550947231813,0.05660871152814151,450,False
0.09073468816627508,0.003121868711472122,0.0021059518697467616,0.056451043148876306,450,False
-0.028541398756703595,5.85895286059745e-05,3.95233556305288e-05,0.0572544902128557,450,False
-0.0019268637663613904,0.004283646732929797,0.002889664710561827,0.05707658043288225,450,False
0.12241597688982772,0.0042082297659715405,0.0028387898925425013,0.05623773498082543,450,False
-0.03262830275751119,0.0010836418220874756,0.0007310036815368767,0.057282455779748616,450,False
-0.34499114881657056,0.0024117457750385627,0.0016269167584248901,0.059390142233315756,450,False
-0.1535053545807937,0.004483791815815301,0.0030246786879191863,0.05809920742172603,450,False
0.12855906765449354,0.0007400208493023078,0.0004992036614201155,0.0561949789424537,450,False
-0.056487100515137556,0.00033495888259060574,0.00022595674266754677,0.057443113645352546,450,False
0.037024145752835524,0.00025435128411775156,0.000171580425657196,0.05681227266089694,450,False
0.16898456791309058,0.003208573574461468,0.0021644412827248128,0.055923206283564876,450,False
-0.02494480800138864,1.0060648569952615e-05,6.786717708178675e-06,0.05723020956680578,450,False
0.0412424720265423,0.000644040139830373,0.00043445694294689483,0.056783965876038456,450,False
0.011145238770957942,0.0089287866749939,0.0060231857040222905,0.05699018187616067,450,False
0.02152418605506057,3.306051094412155e-05,2.2301977204135795e-05,0.05691674758697844,450,False
0.06255329644480473,0.002254887803244094,0.0015211034236836366,0.05664082206598214,454,False
-0.10580424143116633,0.0014645070065954669,0.0009879279219729281,0.05777623847005172,454,False
0.035291389010506824,0.010622970592208285,0.007166049199543886,0.05682793633976063,454,False
0.31837199474387984,0.00289238963099524,0.0019511497485614124,0.05491532883377239,454,False
0.01185549064668166,0.0038885689475996912,0.0026231529262405033,0.05698345279387007,454,False
0.006496930053369574,1.485913663953169e-05,1.0023684363743883e-05,0.05701811155286626,454,False
0.40283910498105885,0.009434063071778671,0.006364035326761878,0.05434791738887077,Malaysia,False
0.0014567958770925415,0.0001200736134293707,8.099932254665257e-05,0.057052151813565447,Malaysia,False
0.0839121281352857,0.006320224918145061,0.004263500715028875,0.05649828678398734,Malaysia,False
-0.04020613086093926,0.006969622262296392,0.004701571523739848,0.0573358512824073,Malaysia,False
0.035082717848387415,0.01023016892785577,0.006901072842132384,0.05682919350096712,Malaysia,False
0.0672641299613129,0.0030665592448689463,0.0020686411801012867,0.056609353178888704,Malaysia,False
0.652971565397599,0.025702319019903566,0.017338284149454063,0.05266624519843076,Malaysia,False
0.08111108317022507,0.017224665528297132,0.011619424110239,0.056521340737567656,Malaysia,False
-0.010654890422849311,0.015958078478978156,0.010765009139196697,0.057139959802004946,Malaysia,False
0.14537543873787753,0.009568305020261365,0.00645459233236775,0.056084878499082426,Malaysia,False
0.12488108194887967,0.01718109885029174,0.011590034877223866,0.05622602600678474,Malaysia,False
-0.3608289629777625,0.03445026962400579,0.023239481359785853,0.05950984459609309,Malaysia,False
0.302994312428136,0.015930932500866912,0.010746696990723122,0.05502390545770509,Malaysia,False
-0.05049772494322706,0.0012418106871725882,0.0008377013193772086,0.05740306155311204,Malaysia,False
-0.02601736403936225,0.016608103911236096,0.011203503643919489,0.05724385425432375,Malaysia,False
-0.16131849088012148,0.010731583036634027,0.007239317040557064,0.058154365983060174,Malaysia,False
-0.042049364986662785,0.017514960355542307,0.01181525135049681,0.05735236602120257,Malaysia,False
-0.054337936035351565,0.023559088336751004,0.015892502445727194,0.057437614277743486,Malaysia,False
0.1705023887110169,0.026565273563699345,0.017920416488439006,0.05592177835051038,Malaysia,False
3.3403474520252736,2.8658100418326056,1.933219675048566,0.03520927167331465,Malaysia,True
-0.33462994761420906,0.0117732246605745,0.007941988205901834,0.05932399286301391,Malaysia,False
0.2886938083605732,0.02950191146839125,0.019901415261202534,0.05512543136336055,Malaysia,False
-0.038900074450897174,0.021708675056829857,0.014644249662919872,0.057332741143766526,Malaysia,False
0.18549845195160558,0.005628352411364725,0.003796776988330787,0.05581271549542349,Malaysia,False
0.05476180794140055,0.013760534069272922,0.00928258845268167,0.05669778338732673,Malaysia,False
0.08180957315992579,0.04220850157616861,0.028473033631073365,0.056526156117197406,Malaysia,False
-0.0600136162771873,0.0012289269272830548,0.0008290101857209388,0.05746724944705694,Malaysia,False
0.3070834467109312,0.014273502164632135,0.009628626745570917,0.05499570303230789,Malaysia,False
-0.06196870491689092,0.013409982824849983,0.009046113406206565,0.05748516185807049,Malaysia,False
0.057597999719680895,0.004446948350741643,0.002999824803489424,0.05667508812107458,Malaysia,False
-0.2172334059148159,0.014717356915182554,0.009928042521251266,0.05853315833471355,Malaysia,False
-0.008490260484674255,4.406798466421314e-05,2.9727404729909e-05,0.05711922348792631,Malaysia,False
0.3117137691901974,0.017771223188379384,0.011988121269714314,0.05496576180930476,Malaysia,False
-0.028822175921350786,0.010053615163285123,0.006781973108936669,0.05726024502648291,Malaysia,False
0.033014735700360544,0.0043341315719449165,0.002923720800341342,0.05684088375073478,Malaysia,False
0.37161120588270885,3.193698766634704,2.154407026883181,0.05575633438331872,Malaysia,True
-0.1394943871604887,0.004093843738935873,0.002761627305075755,0.05800453671733609,Malaysia,False
-0.04371691965676195,0.0016049310398968007,0.0010826552416714158,0.05735745967778259,Malaysia,False
-0.016374642526331414,1.4691651244271183e-05,9.910701975981068e-06,0.05717239868071278,Malaysia,False
0.05667767262907586,0.012451924629364175,0.008399825994857313,0.05668435770256086,Malaysia,False
0.012400009716940273,0.001724803995703573,0.0011635192044913965,0.056978947772095896,Malaysia,False
0.21595400892388758,0.0013393000121572807,0.000903465720512146,0.05560565152951834,Malaysia,False
0.0,0.0,0.0,0.05706193286314996,462,False
-0.03632153466707276,0.00023836874650291504,0.00016079891686101373,0.057307043015616,466,False
0.01471081405051534,0.0004321948633003815,0.0002915502426856339,0.056962862650193305,466,False
-0.037089160053139,0.001548352341925784,0.001044488353249092,0.057312727742724105,466,False
0.007718171006610822,2.1320069988276407e-05,1.438210424735328e-05,0.05700987578299821,466,False
-0.016310783694284965,0.0008406866937591799,0.0005671108807642688,0.05717228646553234,466,False
0.01690041668977154,0.0001243032932241129,8.385258221110755e-05,0.056947973693948,466,False
0.020446138375926244,0.002296955012898586,0.0015494811445344056,0.056924889233659424,466,False
-0.0008108216106904982,5.862947251538764e-06,3.955030101436396e-06,0.057067404764953096,466,False
0.01849048648528048,0.0003343992893847476,0.00022557925198261056,0.05693732807904571,466,False
-0.13442417643520416,0.02322576798135447,0.01566765102161302,0.05797781595538191,466,False
-0.08564953422544534,0.0008416840013244359,0.0005677836450365283,0.05764003522118785,478,False
-0.08564953422544534,0.0008416840013244359,0.0005677836450365283,0.05764003522118785,478,False
0.03492862899586049,0.0011789631507459967,0.000795305594547337,0.05682676307676179,480,False
0.17268423347862039,0.00601850922338912,0.0040599691798402626,0.05589930812946877,480,False
0.042873557708937964,0.0002583083813562418,0.00017424980643465944,0.056772815114132305,480,False
0.01844295358206991,2.6293686148960526e-05,1.773720890454314e-05,0.05693753038708905,480,False
0.007062789094449959,0.0005610999598706452,0.0003785071118660879,0.05701450446655073,480,False
-0.004734168365869012,9.992191544388047e-06,6.740537931157552e-06,0.05709387248993748,480,False
0.012841787399178514,0.00012197421606164126,8.228143208968598e-05,0.05697535154497299,480,False
0.04268283982571904,0.0025818604540732673,0.001741672809846275,0.0567749915679223,480,False
0.13974151918853786,0.009259405284662073,0.0062462145830539904,0.05612276932212954,480,False
0.02336727832634529,0.004890560756828612,0.0032990770983116423,0.05690617913041283,480,False
0.01972838117617266,0.005187283154110857,0.003499240252212377,0.056930841190512727,480,False
-0.02339232037163359,0.0001777698959773863,0.00011992011177232592,0.05721980152142365,480,False
0.00177320281430871,2.036194532259059e-05,1.3735771996500853e-05,0.057049979018349954,480,False
-0.017984720084003522,0.0010410301366793858,0.000702258667940225,0.05718365586153059,480,False
-0.03335119001005445,0.00017530309576772516,0.0001182560563638658,0.057286981244918114,480,False
-0.02695769050254816,0.0011319044645725165,0.0007635607207892941,0.0572442212907138,480,False
-0.007723831981407383,0.0020613376017348294,0.0013905382249421142,0.057114830533906286,480,False
-0.01611331363628102,0.00020050093257091984,0.00013525402662900184,0.05717070746638253,480,False
0.0015934187331867477,8.252555690758203e-05,5.5670134439914334e-05,0.05705121573100209,480,False
0.03721178534968577,0.00812316720172774,0.0054797304876659176,0.0568140226572797,480,False
-0.02170808187836762,0.001152476725039439,0.0007774383672886573,0.057208816121598706,480,False
0.006637377903752562,0.00041275088909487745,0.0002784337161376357,0.057017317159123365,480,False
-0.12533803984359537,0.000802398719705003,0.0005412825586916897,0.05790775232911992,480,False
0.014796797303048781,0.005006963571395387,0.0033776001713927938,0.056964040566074695,480,False
0.0005213299054932704,4.7355405217158795e-07,3.1945034649667926e-07,0.057058416255350713,480,False
-0.001972644970029221,0.08293224506211792,0.055944478353321524,0.05710718826074346,Mexico,True
-0.8593693229334125,2.721897641692281,1.8361391709769048,0.06403483982803215,Mexico,False
0.13210256215386645,0.03076103413404826,0.020750794904310754,0.05618245299645599,Mexico,True
0.0677019938815025,0.07809325383932603,0.052680189058938814,0.05663506384842482,Mexico,True
0.014513730402218953,0.0029171567315713423,0.001967857152551458,0.056965147055481495,Mexico,True
-0.025228646529709617,0.05104497963480003,0.03443394973916168,0.05725183447012588,Mexico,True
-0.2598616817504857,0.0574422438507512,0.038749419665023335,0.05883770846019943,Mexico,True
-0.2255808046487032,0.15006693627839465,0.10123223436056257,0.05864302270719704,Mexico,True
0.00048094776001455066,4.257130025546027e-06,2.8717770558730924e-06,0.05705869012176934,496,False
-0.051969195168346874,0.0013477621590086367,0.0009091741200736642,0.057413028923045166,496,False
0.0017340743186448225,0.0004253119672074622,0.0002869071749477466,0.05705039881699837,496,False
-0.00022975508139907563,9.32909201457413e-09,6.293223894693373e-09,0.05706348274980144,496,False
0.012883904057931054,7.49016941957435e-05,5.0527225042831456e-05,0.056975049341966705,496,False
0.0004697313949718157,1.189796062881e-05,8.026132662254182e-06,0.0570587687261989,496,False
-0.02492186837885874,0.000265842039175999,0.0001793318653672622,0.05723015356842627,496,False
0.031427220505905386,0.001792463936325661,0.0012091612835245186,0.05685061836617331,496,False
0.11445316405198558,0.0016319562093452026,0.0011008858949724148,0.056290473789123885,498,False
-0.12085321779952433,0.012698047524069871,0.008565855709171765,0.057882143248830016,498,False
0.041042940740014154,0.0019486558328827366,0.0013145252968748934,0.05678581163723804,498,False
-0.04534191609342808,0.0002559103757806672,0.00017263215854735828,0.05736789963936022,498,False
-0.02206093785888056,6.806681131235312e-05,4.591654608157924e-05,0.057210777925291736,498,False
0.020861243918008518,0.0005322577037425183,0.00035905068725811595,0.05692141134876071,498,False
0.023248183724586945,0.00016768827302935426,0.00011311924515693318,0.05690516951139111,498,False
-0.027875307906627667,0.0009928336149374712,0.0006697462324541687,0.05725035769684476,498,False
0.00954757835839228,0.0001206209411297846,8.136853916034782e-05,0.056997573135945695,498,False
-0.0006970189570180491,1.0384377538945288e-05,7.005098969708352e-06,0.057066638814943074,498,False
0.00465685992974507,4.980006525897817e-06,3.3594154731830837e-06,0.05703052050835172,498,False
-0.19824179978087766,0.006045724648761299,0.004078328176084363,0.05840161526887923,498,False
0.02351189225200604,0.0043389559717699035,0.0029269752465627677,0.0569049918093186,498,False
-0.008718759171410118,0.0005614632840879319,0.00037875220331144797,0.05712096426244075,498,False
0.10568813110461125,0.000285815255491207,0.00019280540834147464,0.056349089945596884,498,False
0.10499798775317894,0.0006825905457930931,0.00046046229647708986,0.05635389636267082,498,False
-0.002026923078854499,6.776529540329187e-05,4.57131493179317e-05,0.057075632182795315,499,False
-0.028104991429734463,0.0005314139551896109,0.0003584815109067653,0.05725172890193585,499,False
-0.010624888349686255,1.169927236654065e-05,7.892101427729407e-06,0.05713361080100659,499,False
-0.10855188797308918,0.0016084114875976276,0.0010850030839481193,0.05779482984692486,499,False
0.010071496876243393,2.9162164429992798e-05,1.9672228521822082e-05,0.056994003717496064,499,False
0.0,0.0,0.0,0.05706193286314996,500,False
0.003505612967356811,7.814096748391344e-05,5.2712375754895006e-05,0.057038314746643774,Morocco,False
0.00045698938316721235,2.9118217193290654e-05,1.964258257131719e-05,0.05705886130955194,Morocco,False
0.006851191710847472,0.00020265993232396946,0.00013671044584035732,0.05701579400390788,Morocco,False
0.0005432871291084467,1.6806781380367618e-06,1.1337527597603557e-06,0.05705826860082028,Mozambique,False
0.0005432871291084467,1.6806781380367618e-06,1.1337527597603557e-06,0.05705826860082028,Mozambique,False
-0.018581843378487214,0.020418118685063765,0.01377366545348565,0.05719516023189907,512,False
0.2938431562314937,0.0031395939854838985,0.002117908994596279,0.05508089068700324,512,False
0.007908879611403418,1.6975313190359998e-06,1.1451215876377427e-06,0.057008581753466986,512,False
0.09361260216941232,0.001944912602596044,0.0013120001865804774,0.05643118084655805,512,False
0.016216602076651404,3.078275920264523e-05,2.076545021273677e-05,0.0569525506483398,512,False
0.031912443291915345,0.002260801762483888,0.0015250928654794694,0.05684752470957786,512,False
-0.09348118401650879,0.0029814014979922298,0.002011195421540263,0.05769369906869336,512,False
0.09581859659924674,0.04908829827838879,0.033114010580320576,0.05643424690279411,512,False
-0.07303945580188373,0.0005297961333597034,0.00035739015978905473,0.05755484851119822,512,False
-0.030886209412229353,0.001181848956843336,0.0007972523031722338,0.057270741812564106,512,False
0.0016498519169955985,1.8894877150613153e-06,1.2746116362210918e-06,0.05705080401041577,512,False
-0.021498472952376273,0.0018233691426863756,0.001230009334206818,0.05720766103686619,512,False
-0.017931121484518663,0.0003584821555940924,0.00024182508478655154,0.05718303100154399,516,False
-0.13490022310873606,0.0019270113143201428,0.0012999243259342644,0.057972697112903745,516,False
-0.0028345156839389867,1.7045416460577008e-07,1.1498506177999127e-07,0.0570810540198878,516,False
-0.1730253665480509,0.0037855717201228335,0.00255367300128833,0.058230615328304446,516,False
-0.010618470521482128,1.9216028872909126e-06,1.2962759063281673e-06,0.05713356373915277,516,False
-0.0035712838664395826,1.9660065405822094e-05,1.3262297465805646e-05,0.05708603161992949,516,False
0.0030209858226487537,0.00019953948147945742,0.00013460545043606493,0.05704163066192887,516,False
0.0078033345189757256,0.0002193077931799122,0.00014794076874536,0.0570093774274112,516,False
-0.04141132744048595,0.0004246030301092614,0.0002864289397798158,0.057341449860407574,516,False
-0.43517899727189313,0.003644985474567608,0.0024588362563606123,0.0599990409551287,516,False
-0.4795047372739888,0.0037148469377061137,0.002505963439633609,0.06029808953967468,516,False
-0.008756014857527387,7.993701397317131e-05,5.392395375889798e-05,0.0571210300370551,516,False
-0.1197476870038767,0.0036446383415398615,0.002458602087176576,0.05787115027369583,516,False
0.1979724407217215,0.0017455066049647055,0.0011774847817502686,0.05572710548892384,516,False
0.019693210025141676,3.983880113329103e-05,2.687447983536794e-05,0.05692910160074106,516,False
-0.02333673423732108,0.0039013880012512357,0.002631800410328047,0.05722086386906083,516,False
-0.009598215488403231,1.4222957041488885e-05,9.594529989291916e-06,0.05712668603770706,516,False
0.023326425318156034,0.00019808100576011278,0.00013362159110308046,0.056904653375034614,516,False
-0.0033801589041962737,0.0005154395792486154,0.00034770550781690004,0.05708493324467183,516,False
-0.023868834288506387,0.0005199271778930043,0.0003507327545172801,0.05722314807383331,516,False
-0.10817979443518677,0.0012845236455627665,0.0008665146497564336,0.05779219347847792,516,False
-0.014426684688518534,0.0010687450372829557,0.0007209546004538031,0.05715966456532815,516,False
0.0008621157054227641,2.278595459416626e-07,1.5370961470997065e-07,0.05705611728610123,516,False
-0.003651904863884,0.00013106505272686368,8.841393356302941e-05,0.05708661837509197,516,False
0.012998958527533327,0.006491027084323108,0.004378720531896138,0.05697673927117807,516,False
-0.015534645250789014,5.885777833126339e-05,3.970431167408541e-05,0.05716674925406448,516,False
-0.04049108017323826,0.0018931072007793192,0.0012770532708379933,0.05733581001778689,516,False
-0.049078215347866966,0.0008926934324408764,0.0006021936144371093,0.05739335057055862,516,False
-0.12159643839278553,0.0037452192791578463,0.0025264520300198145,0.057883661172354835,516,False
-0.007374089859621469,0.000105059564636659,7.087113745953199e-05,0.0571117175137985,516,False
0.003702818702793438,2.236953469996604e-05,1.509005271542766e-05,0.057036962975792985,Nepal,False
-0.15706118966406724,0.006899043469254655,0.004653960443676001,0.05812414215334119,Nepal,False
0.021964398109418946,0.00031946510385853907,0.00021550494110064104,0.0569138879608218,Nepal,False
0.04920139400893256,0.00047935732421807657,0.00032336512086628713,0.056730213281283824,Nepal,False
0.10789536845257754,0.0011568740038747434,0.0007804046860037837,0.05633453134528631,Nepal,False
-0.236635957807828,0.00453036997300842,0.0030560994061799335,0.05866002568518387,Nepal,False
-0.036036821947570734,0.002093448140493342,0.0014121993693997801,0.0573058395226257,Nepal,False
0.0007253997737897068,3.100084879485601e-05,2.0912569206819014e-05,0.05705705138956072,Nepal,False
0.004454042934743599,0.010189000006234938,0.006873301088905144,0.05703580699917579,Nepal,False
0.004259002054461486,3.349884339780746e-05,2.2597667745835494e-05,0.057033215352425046,Nepal,False
-0.00012265993509840895,3.4944325237489485e-07,2.357276166050812e-07,0.057062760437710684,Nepal,False
0.19360603907461874,0.019360998623285296,0.013060552835242522,0.055763187186912054,Nepal,False
0.09194759238233507,0.003661799240611152,0.0024701784956760475,0.05644306654580383,Nepal,False
-0.03899569501251443,0.00018321447696233628,0.00012359292013326313,0.05732506108142921,533,False
0.0218630670180322,0.0004492733055661738,0.000303071027429028,0.056914621360128544,533,False
-0.012272831472474611,4.4683336081182766e-05,3.014250881880178e-05,0.057144740220378604,533,False
0.01861209825249234,0.00021504156596110645,0.0001450628548999786,0.05693646186459249,533,False
0.11759767796702941,0.0012425682480603705,0.0008382123552071939,0.056269113471065835,533,False
0.041431310435203476,0.00011790038590961348,7.953330556080063e-05,0.05678249046799792,533,False
0.004086841045824335,0.0009283079162109571,0.000626218451999961,0.057034720990850836,533,False
-0.04246936457048413,0.0004915118834756679,0.000331564349969167,0.057348613078003007,540,False
-0.12398204642743718,0.03848697301395076,0.025962562897593053,0.05791332740094963,540,False
0.0007122378870681283,0.0011853862893980126,0.0007996385188641565,0.05705758449941499,540,False
-0.06092375842841032,0.0027326649894056036,0.0018434026141722442,0.05747397215621587,540,False
-0.05531166104956931,0.007038744122540673,0.004748199785295785,0.057437781823546176,540,False
-0.20369894454684334,0.0037213275270443808,0.0025103351190651725,0.058437513273197565,540,False
0.0015339142296587416,5.572059968584339e-06,3.7588032020884873e-06,0.057051587520769526,540,False
0.003700546436498817,0.0007156913467448694,0.00048279145253619834,0.05703724506809532,540,False
-0.07657596159495417,0.0017948896262618675,0.0012107976067426628,0.05757919656311349,540,False
0.0050036461489688855,2.0111481833641153e-05,1.3566814201793455e-05,0.05702818697703019,558,False
-0.015114877076343949,0.0008672256189606332,0.0005850135231603723,0.05716422930046948,558,False
0.06923558875903518,0.0018776495154941113,0.0012666258172078278,0.05659559991164568,558,False
0.05475628327977787,0.00022087616872496152,0.00014899876436171128,0.056692642105061315,558,False
0.0030152045803956097,3.991433798301434e-06,2.6925435523967215e-06,0.05704159441578976,558,False
-0.05857756039036396,0.00018617820954137815,0.00012559219644598142,0.057457157845908734,558,False
-0.08557956689902294,0.013367981914327249,0.009017780409459657,0.05764443421302463,558,False
-0.025668494758017472,0.005284085183005861,0.003564541016782513,0.05723712777365357,558,False
0.07891481112004965,0.0022163340928518733,0.0014950958410496166,0.056530434091218995,558,False
-0.010528456297594222,0.00017063735515434738,0.00011510863855850174,0.057133021545153144,558,False
0.0013272956462254027,0.0001250961022818879,8.438739577051124e-05,0.057053027330624895,558,False
0.024460205828746497,4.061626217298039e-05,2.7398939920499777e-05,0.05689694466464187,558,False
0.1235414450904403,0.005069621897343981,0.0034198682585169374,0.05623046932823723,558,False
0.2922443975641337,0.01645418071652245,0.011099670052675436,0.05509662458219682,558,False
-0.15805895564958164,0.001138497474692604,0.000768008237092153,0.05812861424643911,558,False
-0.002741416637409868,2.176197662250594e-05,1.4680205861681046e-05,0.05708043430573098,558,False
0.0005961336948153169,6.376205998499617e-08,4.301264462238964e-08,0.05705791148581633,558,False
-0.010290872713947232,0.00010030172896874419,6.76615941228847e-05,0.05713139174350746,558,False
0.14312417113097525,0.0008271425835519662,0.0005579742876365303,0.05609675806739836,558,False
0.005109947300476671,2.024001894385426e-05,1.3653522834539734e-05,0.05702746993950268,558,False
0.09168252969760511,0.003484545433221345,0.002350606527219926,0.05644478715744319,558,False
-0.05106649247204974,0.0008165241538303452,0.0005508113016199026,0.057406733684731495,558,False
-0.004745022473678811,6.477643570862369e-05,4.369692274207769e-05,0.05709396680950861,558,False
-0.003416516591350222,3.7906871226390265e-05,2.5571237522612638e-05,0.05708499461643537,558,False
-0.0011139886545101494,4.939036307096741e-07,3.3317777610105643e-07,0.05706944780393295,558,False
-0.006935800475210984,6.775827589767099e-06,4.570841409606516e-06,0.0571087230335438,558,False
0.0005804934958495154,1.7221275045190392e-05,1.1617136956326428e-05,0.057058023595521014,558,False
-0.561019053765506,0.038997969652103476,0.026307271283822587,0.06086246945992372,558,False
0.13982524601916071,0.016503733762581373,0.011133097573062807,0.056124947413783065,558,False
0.036723537894251236,0.002109075569955943,0.001422741329148171,0.056815011354910086,558,False
-0.25048047571646115,0.008342715277871377,0.005627833346621819,0.05875493202930559,558,False
0.0032199979237957734,5.2653398754547476e-06,3.551895797160952e-06,0.057040213409894625,558,False
-3.023655240612897,0.05148407645055182,0.034730155904633735,0.07748583355294088,558,False
-0.35190020146363504,0.016244332558212456,0.010958110569494141,0.05944229688215842,558,False
-1.2439468580816853,0.013185802641523341,0.0088948858179028,0.06545917876930649,558,False
0.10857777008897743,0.0004719222726252672,0.00031834957977514467,0.05632966768460544,558,False
0.3451691265752871,0.005684946848098476,0.0038349544938161163,0.054735588202741194,558,False
-0.3304698025466957,0.0013257440954817562,0.0008943211629706823,0.05929174808823984,558,False
-0.013800495836727641,0.0005470823935341512,0.00036905113444872924,0.057155239254040854,558,False
0.006684501026708221,0.0001073657370332955,7.24268364717319e-05,0.05701688181579654,558,False
0.09433696319719387,0.005598014813700761,0.0037763118354275683,0.05642768495619931,558,False
-0.010131119049920215,0.003960987477099373,0.0026720050567108616,0.057131801985011485,558,False
-0.047638083095980395,0.0011267879144055987,0.0007601091956335187,0.057383726278577935,558,False
-0.018465539509116943,0.00034086766549144614,0.00022994269260587227,0.05718662929508259,558,False
0.04225256899400184,0.00014657688772150824,9.887791553322915e-05,0.05677696139649158,558,False
1.4733439341711112,0.0619167596882885,0.04176784095854073,0.04714273195129044,558,False
-0.11965154185914026,0.0034879112526309615,0.002352877043482466,0.0578704404962637,558,False
0.04483354715401811,0.00021085530438715684,0.00014223888432219256,0.05675957521448769,558,False
0.06420630632911409,0.00043101251413603197,0.00029075265295221386,0.05662897426780029,558,False
0.0023027300947802837,0.005915168745098762,0.003990257704570221,0.05704867548329511,558,False
-0.0009012313343497017,1.4056269471303664e-07,9.482085798796287e-08,0.05706801244843119,558,False
-0.020283023673551188,0.0013802961278130972,0.0009311209021988253,0.057199290787584026,558,False
-0.007428952892203196,6.977042720007674e-05,4.706577220082562e-05,0.05711207401365277,558,False
-0.15581084178817317,0.0021261217436087214,0.0014342403461132915,0.05811383596743204,558,False
-0.16642581614165228,0.0026579648148244003,0.0017930113303390707,0.058185652301613655,558,False
0.011103222983046591,0.0025290130977956857,0.0017060230119047511,0.05698800491047843,558,False
0.14263082828508736,0.006220362925275661,0.004196135758319731,0.056102127178147596,558,False
-0.0070956963446743545,0.00033279332523254566,0.00022449589982348627,0.057109927259053526,558,False
0.032183596208161844,0.00019520828794522893,0.0001316837115787821,0.05684490344271632,558,False
0.000528757855412436,7.606785924692674e-08,5.1313897288511706e-08,0.057058365994851874,558,False
0.0002169222180543654,0.0006706756866129515,0.0004524247643810152,0.05706072770495085,558,False
0.001912242866951212,0.000116129064716801,7.833840676053478e-05,0.05704907793630081,558,False
0.032436955957655784,0.004434665574371362,0.002991539081617899,0.05684482000668701,558,False
-0.02015292671073395,4.530570800690651e-05,3.056234880625523e-05,0.05719789806526318,558,False
0.11053728870880589,0.000692220436441085,0.0004669584332752425,0.05631653280292914,558,False
0.017621613930824644,0.00011955412592789046,8.064888638928562e-05,0.056943106809366345,558,False
-0.19042839303023845,0.0006656530056346088,0.0004490365615528141,0.05834678773659349,558,False
0.034523194248342035,0.00027576557317430703,0.0001860260882541618,0.05682915183127827,558,False
0.16398379521771805,0.023903904319109513,0.016125108596042863,0.055964754475305356,558,False
0.01129401786197256,0.003918089942071574,0.0026430672145244362,0.056987251828252615,558,False
0.03482511840142846,0.009028031309460133,0.006090134202768716,0.056830470444577064,558,False
-0.0376057514264216,0.0008445306459104545,0.0005697039360681148,0.057315940473983314,558,False
0.08287810556366834,0.00023805198561473488,0.00016058523613117576,0.05650294402952183,558,False
-0.5466776427734698,0.02662583519235006,0.01796127018437542,0.06076062721820541,558,False
-0.0040273834865037095,5.365231677756466e-06,3.619280862732937e-06,0.05708910287448839,558,False
-0.13207781190035822,0.007147560221093965,0.004821605007419553,0.057955698469904074,558,False
-0.2588318002171417,0.0057225047706125284,0.0038602903373292077,0.05881023205496105,558,False
-0.004951914374812296,1.763315891388382e-05,1.1894985797376641e-05,0.05709534430518142,558,False
-0.00022362863684700863,5.842401554297953e-09,3.941170373972349e-09,0.05706344142065676,562,False
-0.002963856719605627,0.0003345086800212143,0.0002256530447768281,0.057082055271100954,562,False
-0.02953330996181437,0.0021315359420234943,0.0014378926589837433,0.05726198218972561,562,False
0.004376441734030872,7.226724586584154e-05,4.875007747550404e-05,0.05703243804238594,562,False
0.02375242284884312,0.001369310208671567,0.0009237100149722188,0.05690222925329445,562,False
-0.0035336708777194913,0.00046820181907153397,0.0003158398342214645,0.05708595061928092,562,False
0.004249753357679641,7.584050166764972e-06,5.1160526290743585e-06,0.05703326777200887,562,False
-0.05492094572979307,0.0014395925093894978,0.0009711210870852531,0.05743297661716014,562,False
0.00809149814460632,0.00014508519438805387,9.787164824430281e-05,0.057007404985655555,562,False
-0.06632891679931338,0.0019430689482575294,0.0013107564932479893,0.057510128643584256,562,False
1.0140148166310217,0.23354723922616322,0.15754642189632795,0.05030083343788752,Nigeria,False
0.21144058388874895,0.277282754382856,0.1870495491675394,0.055739856989532696,Nigeria,False
-1.1544004385318727,2.2017778158548316,1.4852764599059374,0.06582700656561105,Nigeria,True
-1.5536467611300082,0.22467142752424868,0.15155897207805777,0.06764505366510093,Nigeria,False
0.0,0.0,0.0,0.05706193286314996,584,False
1.232419913077602,0.23793174878205953,0.1605041267041026,0.048826636770581265,Pakistan,True
-0.3267800542724943,0.22291609470781112,0.150374858725302,0.059355583380545404,Pakistan,True
0.6399569639349455,0.28394253057245467,0.1915421045613781,0.05284613033375633,Pakistan,True
-0.6669866572496869,0.22346590048928525,0.15074574700424795,0.06165423617177281,Pakistan,True
0.1284998970538398,0.20434286977488464,0.13784572268861095,0.056272667032964276,Pakistan,True
-1.7770255102041579,1.9054343525730815,1.2853689275064906,0.06994849733060865,Pakistan,False
1.4118149184868616,1.918267329454268,1.294025803933753,0.04816132417634699,Pakistan,False
1.4841942956502605,2.114195850574332,1.4261953707939004,0.04773057832180411,Pakistan,False
1.5486786357952351,2.361046272424564,1.5927158607597116,0.04736930667628965,Pakistan,False
-1.1949018370823232,2.22354577435591,1.4999607010264742,0.06611419502760953,Pakistan,False
-1.0363933864656172,1.837633166303796,1.2396315669089273,0.06485723164498622,Pakistan,False
1.4107675394955865,0.12840136882289274,0.08661706424646654,0.047586387560691674,Pakistan,True
-0.35695270109540883,0.21056417545138328,0.1420424944085563,0.05955445894767608,Pakistan,True
-0.1845260192714512,0.1684166995266218,0.11361062749413924,0.05837302743638346,Pakistan,True
2.202009573735726,0.20193686134250255,0.13622267622987239,0.042265179629339095,Pakistan,True
0.14252444025167899,0.1688920185376861,0.11393126844755237,0.05616447963375797,Pakistan,True
-0.23220624498558684,0.17880064023479025,0.12061543178630788,0.05869915123068474,Pakistan,True
0.14292639514665464,0.05614712156080058,0.03787575537605134,0.056119034728521096,Pakistan,True
0.13978486746805294,0.18209514975478555,0.12283784378526119,0.056187991471661314,Pakistan,True
-0.39416386153993604,0.21624711859552032,0.14587609724267947,0.05980813132216433,Pakistan,True
-0.28057166428297314,0.16717834815914684,0.11277525976449901,0.05902117598540268,Pakistan,True
-2.0805347537531214,0.21861632582473706,0.14747431832604904,0.07120181976194646,Pakistan,True
0.8154884411360573,0.18965618214057278,0.12793836906729839,0.05162685712220177,Pakistan,True
0.15008508373649568,0.254043466291244,0.1713727777426976,0.05614570655723454,Pakistan,True
0.04797954322251466,0.1786028001249565,0.120481972698908,0.056806714052865616,Pakistan,True
0.23549540667549496,0.21149625214145035,0.14267125520204546,0.0555525842550121,Pakistan,True
3.156682778988431,2.1004071424012105,1.4168937766391339,0.036281637506199525,Pakistan,False
0.5372530075428503,0.17572137865548612,0.11853822185863061,0.05350114795285831,Pakistan,True
-0.9773551618271674,0.21158562217521287,0.14273154248735306,0.06374596615645264,Pakistan,True
-0.6747849700712664,0.15270015407034357,0.10300855183093764,0.061677433964886376,Pakistan,True
-0.4637102277365201,0.26506582004613266,0.17880824305032486,0.06029784932943006,Pakistan,True
1.8736298645418752,2.014469459241615,1.3589218882420997,0.045034777928617195,Pakistan,False
-0.8355811468025215,0.23192453429017415,0.1564517767302979,0.06279684742828184,Pakistan,True
0.826755338875091,0.20201966998126591,0.1362785373258224,0.05155506074670589,Pakistan,True
0.03044380749345298,8.29766520667541e-05,5.597443445432593e-05,0.05685659668843881,591,False
-0.017907700262814425,0.0011609873272980225,0.0007831794539247713,0.05718318257056478,591,False
-0.12503546085235123,0.0022998184859621957,0.0015514127877294312,0.05790629611125723,591,False
0.11441602450171429,0.005977807574573875,0.004032512639752828,0.05629237462853725,591,False
-0.2139969015795545,0.002673151301680719,0.0018032558387876237,0.05850656933268935,591,False
0.0018474099046027568,7.120413017259855e-05,4.803292032097192e-05,0.05704949799804713,591,False
0.02421451689777837,0.0002499310041189526,0.00016859859080486318,0.05689868237556709,591,False
-0.3324369485448466,0.00574955903990769,0.0038785406208204413,0.05930678805147905,591,False
0.015110864555614223,0.017661990012120585,0.011914434695088273,0.056966785182404556,591,False
-0.009190082068017958,2.905755130319556e-05,1.9601658542639705e-05,0.05712393856529324,591,False
-0.34080319656610464,0.0029599550544005438,0.001996728068119743,0.05936211019430242,591,False
-0.015812792212491364,0.0005736177009725286,0.0003869513363722768,0.05716882409719507,591,False
0.003094709062710111,1.1722485287529826e-05,7.907760412420145e-06,0.05704106106882722,591,False
-0.011475715030859295,0.00011623912612353417,7.841265204331845e-05,0.05713939060766473,591,False
0.017808394544155115,2.8380681450337452e-05,1.9145055314270898e-05,0.05694181180126302,591,False
0.01868853222878502,5.223836669686543e-05,3.5238985423542886e-05,0.056935883725835974,591,False
0.016727901170490393,7.699047853768941e-05,5.1936278304505755e-05,0.056949119274969845,591,False
0.299878205803089,0.04084586731721218,0.027553827081840523,0.05505418238831363,591,False
0.06125484902580361,0.002555225887252819,0.0017237056494755338,0.05664969604807277,591,False
-0.01623474740272651,2.8706436109947985e-05,1.9364803067264018e-05,0.05717146038039232,591,False
0.03524199807602255,0.00920890406940996,0.0062121474461837405,0.05682772742573217,591,False
0.0002590515029986266,5.428604473315856e-06,3.6620309171503256e-06,0.057060187441693354,591,False
0.018141505887283194,0.015086886336184132,0.010177319876261415,0.056945349305790094,591,False
-0.13059007391280336,0.012145115755139626,0.008192858699931126,0.05794761565041911,591,False
0.002854651753506356,0.00049672515836287,0.0003350811237386283,0.05704286707792073,591,False
0.010210220592038891,0.00029238273092542825,0.00019723569944224686,0.0569931691131951,591,False
0.0891426219876649,0.005008961495071098,0.0033789479318175075,0.05646250192418508,591,False
0.08808543968038468,0.000352133597422234,0.00023754247101003667,0.056467859766871964,591,False
-0.019860821734585244,0.0014615504968397905,0.0009859335180362695,0.0571964740201358,591,False
-0.0003461345823699434,3.291517119802742e-05,2.2203933840265082e-05,0.05706428049018723,591,False
-0.2646293816200868,0.00492738197465942,0.0033239159751843905,0.058849027257196256,591,False
-0.02073979730375296,0.003400266835517754,0.0022937538255796263,0.05720315159851417,591,False
0.037158209098543636,0.0014586465208445548,0.0009839745523519048,0.05681182983086943,591,False
-0.005841241008975054,0.0005330174753894675,0.00035956321442320567,0.05710154205421691,591,False
0.00033735472192044855,0.001021108448675104,0.0006888198849616336,0.057060050174829444,591,False
0.08513399635984435,0.05963667584894467,0.04022974077931146,0.05651036946905463,591,False
-0.027559103804663983,0.0029630572502554256,0.00199882074906334,0.057248985518005245,591,False
-0.00019582537202454147,1.4912749183206806e-08,1.0059850342210432e-08,0.057063253868735314,591,False
0.03808030750397659,0.0005151936591525151,0.0003475396149065776,0.05680524794129223,591,False
0.024583983977133263,0.00026037925662134,0.00017564677858166857,0.05689619402851689,591,False
-0.04938926562617155,0.005225202877493315,0.003524820159549323,0.057397126381583716,591,False
-0.014946673863416964,0.0001848459539319303,0.00012469348274242716,0.05716283149418719,591,False
0.005091735670688715,1.8059546416764992e-05,1.2182618507756004e-05,0.057027591952807925,591,False
-0.08105637587431158,0.0010580556489125867,0.0007137437471138455,0.057609134579850986,591,False
-0.0888608917351951,0.0012867987913975575,0.0008680494188539032,0.0576618716767497,591,False
0.006307277020053572,0.0001684139183707761,0.00011360875138053722,0.05701944997908523,591,False
-0.16119525168139956,0.0011142924417534086,0.0007516799929900673,0.05814976175661112,591,False
-0.08523846759604004,0.0025739851394064313,0.0017363602758545275,0.0576379357772422,591,False
-0.26333482258205176,0.007619922588569528,0.005140251466614848,0.058841362915696346,591,False
-0.13042783982220182,0.002085267076893538,0.0014066805831288482,0.05794258875169573,591,False
-0.07693061174447374,0.00019312845641359064,0.0001302806977086868,0.05758096681334556,591,False
0.21321311355367328,0.005512276669892543,0.0037184745523932057,0.0556257071259709,591,False
-0.0498608430397997,0.0005229085285375723,0.00035274391563409023,0.057398486875218216,591,False
0.1113395223207831,0.0034276117784799408,0.0023122001918690596,0.056312160166202975,591,False
0.00723135094603163,8.736877447239772e-05,5.893727474236617e-05,0.057013185179171665,591,False
-0.0005693754151179105,1.8911760497562974e-05,1.2757505539451428e-05,0.057065781039049183,591,False
0.010873972760328091,0.00013760712282840883,9.282708672085928e-05,0.056988632060269516,591,False
-0.014856151094402761,0.00045253361637232804,0.0003052703696412566,0.05716232406651902,591,False
0.006352619218440947,0.0002371873835341554,0.00016000199239594364,0.05701917056216393,591,False
0.0027918805024977483,1.5216081627957003e-05,1.0264472505477286e-05,0.057043105235856276,591,False
-0.003740647469761332,9.775781461954209e-05,6.594551901681417e-05,0.0570872041893669,591,False
-0.01899413652824255,0.003840121679878256,0.002590471342397098,0.057191545141801206,591,False
-0.021468684223478692,0.0009569526840212244,0.0006455416548325516,0.05720712572415446,591,False
-0.0046602838061640395,3.980993554650947e-05,2.6855007672355267e-05,0.0570933855630773,591,False
0.007071247835780724,0.0001435592510419336,9.68422765634629e-05,0.05701428681550721,591,False
-0.0036091397625253527,0.02249529200720842,0.015174886147195046,0.057094943510190496,591,False
-0.13999370162160615,0.008170602210749752,0.0055117292214929585,0.05800950045296942,591,False
0.5139321244258053,0.029331343949442208,0.019786353732788864,0.05360565338600938,591,False
0.0005085024101386756,4.633646179720872e-06,3.1257675250944806e-06,0.057058504388380574,591,False
0.024248362446333077,0.001134704749808062,0.0007654497387053743,0.05689879366137487,591,False
0.0010904209774794324,0.00040214297513085234,0.000271277823846407,0.05705473187230681,591,False
-0.007862100283017912,4.8175626351937674e-05,3.2498339862678906e-05,0.05711498762282898,591,False
0.14963261476664924,0.007950899071892382,0.005363521760248462,0.05605554691938452,591,False
0.14871298931705404,0.005044219596065104,0.003402732360496135,0.05606065157615049,591,False
-0.0001878134325897197,1.8095147640296684e-07,1.220663440022013e-07,0.05706319988566578,591,False
0.004417574035542667,0.000451807292564266,0.00030478040573726246,0.057032306591823505,598,False
0.004417574035542667,0.000451807292564266,0.00030478040573726246,0.057032306591823505,598,False
0.20802574320491019,0.0027061305325304,0.0018255029860220588,0.05565964775745892,600,False
0.01201516004512981,3.810932138442634e-05,2.570780645880136e-05,0.05698089558061459,600,False
0.05573597269684129,0.00011163999714320226,7.531016914910048e-05,0.05668599152991717,600,False
-0.04716703015077703,0.015452632446429769,0.010424045083472706,0.057386094420467555,600,False
-0.22657269758498857,0.006622760031634363,0.00446758501414612,0.05859296587226606,600,False
0.025899576633362596,1.913358103777451e-05,1.290714135843705e-05,0.05688722670270335,600,False
-0.03374637986993514,0.001164319810754796,0.0007854274824023631,0.057290029345104763,600,False
-0.3409888176950444,0.01875872064715256,0.012654267835081216,0.05936968985796098,600,False
-0.0036325377947427242,1.759460551243116e-06,1.1868978423147236e-06,0.05708643793364594,600,False
-0.1148035717182264,0.000395463268024665,0.0002667718234441663,0.057836529704541374,600,False
0.0036529053103962835,0.00022038839892218225,0.00014866972434654526,0.05703737587222483,600,False
-0.03344941194628742,0.00012750182234348272,8.601024769992947e-05,0.057287625358886,600,False
-0.019179474013345396,0.00016482659207194494,0.00011118881088186943,0.05719137745222759,600,False
-0.19175296550018855,0.0425051058765878,0.028673117119128882,0.05837219817500371,600,False
-0.13096515546762333,0.014105036832695973,0.009514983311599867,0.05795091233095028,600,False
-0.09008648368144424,0.004450218498394635,0.0030020307814470687,0.05767137006021327,600,False
0.07307504342661765,0.0002161242232467199,0.0001457931944323728,0.05656906531712433,600,False
-0.0014240839525965084,2.7993152125521847e-06,1.8883635574491937e-06,0.057071540534033384,600,False
0.09071374333464956,0.004373342752767381,0.0029501718997308195,0.0564516610278757,600,False
-0.10751366240300356,0.0025371280749321356,0.0017114972175337894,0.05778818814685182,600,False
-0.01868534164291461,0.00014573831186453438,9.831222858187564e-05,0.057188036763853846,600,False
0.3233595552668752,0.0046541738424959525,0.0031396150868589615,0.05488233533502614,600,False
-0.001194440285442174,9.085420865847157e-05,6.128848080496199e-05,0.05707002530218517,600,False
-0.017880684523736593,6.911780024018158e-05,4.6625522756194033e-05,0.05718257914238668,600,False
-0.02351145572990778,0.000810182688891308,0.0005465334728001886,0.05722084929840735,600,False
-0.06012788924544767,0.001594887041397961,0.0010758797557771384,0.05746816218923075,600,False
-0.02043090884969018,0.0002904126505586446,0.00019590672157180237,0.05719986785603181,600,False
-0.09770231539205135,0.0017306153758683402,0.0011674394484397816,0.057721687532082185,600,False
-0.010713726502339036,0.00011270515196218621,7.60287018581686e-05,0.05713424901527855,600,False
-0.030101932131942476,0.0049253234872264524,0.003322527359627824,0.05726689734670463,600,False
0.005387910806724268,2.7910801794527154e-05,1.882808364404232e-05,0.05702559780236005,600,False
-0.012940931693562183,0.0002961420557514535,0.0001997716667996377,0.057149344037772054,600,False
0.01622073514700844,0.00037888420550872095,0.0002555879105602588,0.05695265650510284,600,False
-0.07473366420746672,0.0033529492162371935,0.002261834280587335,0.057567373694574805,600,False
-0.0026736666216673932,5.042056656813357e-06,3.4012732837756354e-06,0.05707997083923197,600,False
-0.009578035478506592,6.268779295354356e-05,4.228796499214724e-05,0.05712656858391438,600,False
-0.47481248432465123,0.00745240694212008,0.0050272486719887734,0.06026795528646605,600,False
0.002399155496838635,3.653711829431624e-06,2.4647228855050144e-06,0.05704575003315157,600,False
-0.07784813629721171,0.0014250200653696586,0.0009612907999826642,0.05758763482314458,600,False
0.20718443942933296,0.004483455522469853,0.0030244518309738492,0.055665990551519044,600,False
0.01005697917464813,2.015509837263918e-05,1.359623707006374e-05,0.05699409818814741,600,False
-0.0031686303090438404,7.708562111112298e-05,5.20004596327207e-05,0.057083337510081,Peru,False
0.052378421849728705,0.005989436968493262,0.004040357602540199,0.05671088954685045,Peru,False
-0.0013796643247879553,2.366822368667391e-05,1.59661230286111e-05,0.05707124892221752,Peru,False
0.029085666185792492,0.00016371289836080534,0.00011043753478089795,0.056865789421373714,Peru,False
-0.015580632509134124,0.0007313725029413644,0.0004933696552935549,0.05716731882369801,Peru,False
0.049574502700146954,0.001087201643761844,0.0007334050679512228,0.056727928962456736,Peru,False
-0.07989119426700478,0.002327446052810509,0.0015700498065915483,0.05760176768636148,Peru,False
-0.017913277602569545,8.965154156899614e-05,6.047718499471336e-05,0.05718280692982816,Peru,False
-0.03630569299203418,0.02686028161268296,0.01811942317634499,0.05731722955303078,Peru,False
-0.008500067511535477,0.0010285927099513124,0.0006938686219473962,0.05711966899961811,Peru,False
-0.046963927792298736,0.0014081821878586657,0.0009499322955405854,0.05737928744351675,Peru,False
-0.28753220985255235,0.025360721604864682,0.017107849182007088,0.05901166481312008,Peru,False
0.08201929812572602,0.002820664563818932,0.0019027654142770823,0.056509721889400504,Peru,False
-0.27616097371405424,0.035597309024983266,0.024013251814092574,0.058939014214673374,Peru,False
0.11055309637532273,0.0019355454958357168,0.0013056813186782055,0.05631689851191144,Peru,False
-0.0017087530518175502,2.1723752987921444e-05,1.4654420941762432e-05,0.05707346814243778,Peru,False
0.018025719275325383,0.00011877334154516198,8.012218444162406e-05,0.056940380491261225,Peru,False
-0.09791611765642738,0.0027824985675288854,0.001877019376030051,0.05772353941681274,Peru,False
0.039101679713557484,0.0018259373433682465,0.0012317417924002062,0.056798860157721114,Peru,False
-0.04466014206770379,0.0004062332159156124,0.00027403702066872246,0.05736335868587655,Peru,False
-0.03601822709578041,0.0014902266109198773,0.001005277866452367,0.05730548089198606,Peru,False
0.007931968891735528,6.211569770196911e-05,4.1902040670506466e-05,0.05700844923256189,Peru,False
-0.05523895282615432,0.0014825842343387562,0.001000122467959414,0.05743513850911422,Peru,False
-0.05150595758804332,0.000968609982426127,0.0006534054414427273,0.057409757146568055,Peru,False
-0.03964673368083476,0.00046932110159341096,0.0003165948804253806,0.05732956351431579,Peru,False
0.13419080974072015,0.002185925807311347,0.0014745830034807149,0.056157535868570196,Peru,False
0.017002260225377437,0.0001420495464028939,9.582385919835474e-05,0.056947293494027176,Peru,False
-0.012677975644394024,0.0024169629470973874,0.001630436161150475,0.057148387787228104,Peru,False
0.26907736983488195,0.03718626736270096,0.025085132181761317,0.05526065150604128,Peru,False
-0.03679019312255341,0.0005937073863678073,0.00040050344712098956,0.05731034187512888,Peru,False
-0.09725921532006704,0.007143004025920456,0.004818531486835769,0.05772080589469603,Peru,False
-0.021761594944351526,0.00202551271154217,0.0013663714513018712,0.057209514041507516,Peru,False
0.011147207229672726,8.404721811553016e-05,5.6696617473689435e-05,0.05698676828240387,Peru,False
-0.031283978237346695,0.00021872136237507722,0.0001475451739385121,0.057273052994955484,Peru,False
0.016902778717566833,0.0012896889432100016,0.0008699990590136262,0.05694840545841339,Peru,False
0.043923817765332725,0.00214505219960239,0.001447010463270533,0.05676645275420153,Peru,False
-0.016163227522033776,8.979523598148785e-05,6.05741184485601e-05,0.05717100148088701,Philippines,False
-0.020006117965196073,0.0005456519206034685,0.0003680861652519392,0.0571971007756339,Philippines,False
0.004858228855184622,0.0003230935272400177,0.00021795260489136285,0.05702928449369346,Philippines,False
0.012819039086378678,0.0011301277995623168,0.0007623622171538291,0.056975892483205476,Philippines,False
-0.0653301038920404,0.009148411618327943,0.006171340416088722,0.05750618593086604,Philippines,False
-0.051779968934560175,0.0007346971658351816,0.0004956124081715932,0.057411514993893915,Philippines,False
-0.04029078195982623,0.0005345749271827278,0.0003606138410892164,0.057333933390286834,Philippines,False
0.033003019467783064,0.0010913431545866066,0.0007361988505446209,0.056839719370778696,Philippines,False
0.12371480166996639,0.0026243712500435,0.0017703497653918266,0.05622837232937874,Philippines,False
-0.09094018504803553,0.011729147887930193,0.0079122548729716,0.057679961436748924,Philippines,False
0.348358866817086,0.00288522474424969,0.0019463164554178326,0.05471303663984631,Philippines,False
-0.0131155939916004,0.0006070129719166316,0.00040947913615674297,0.05715064212739747,Philippines,False
0.009440111016923297,0.0003888842514125765,0.0002623337468894385,0.05699840123766317,Philippines,False
0.03126114751241923,0.0008992642475523294,0.0006066261584191395,0.05685139612203706,Philippines,False
-0.023189905468524837,7.721886930339041e-05,5.2090346269725896e-05,0.05721839725709596,Philippines,False
0.033416466179336336,0.000598856794815837,0.0004039771378336602,0.05683674149381531,Philippines,False
-0.02616487233142792,0.0062414263330055515,0.004210344723203166,0.05724084603619481,Philippines,False
0.05875742724167815,0.0023568642842725523,0.0015898947729491883,0.05666646763253435,Philippines,False
-0.04968011675495734,0.03317750879705497,0.022380901678517456,0.05740991411763891,Philippines,False
-0.036725666036205765,0.00038465634910410656,0.00025948168628262637,0.057309825766571246,Philippines,False
-0.014755828512903251,0.00019087644675095088,0.0001287615358226357,0.05716154641235777,Philippines,False
-0.12726496877727703,0.00037132816306971515,0.0002504907513991977,0.057920582657794734,Philippines,False
-0.0038696493891450675,0.0003017036252548742,0.00020352339333810977,0.057088152952499555,Philippines,False
0.011524220393144404,0.0002503612357272954,0.00016888881667396656,0.056984288955504954,Philippines,False
-0.0750377855002281,0.03150851356141284,0.0212550299773204,0.05758036188220908,Philippines,False
-0.013925165456922,0.0006735069742663869,0.0004543346959247832,0.057156128999099436,Philippines,False
0.05541199196899373,0.005093078212139261,0.0034356914319319384,0.05669008204682423,Philippines,False
0.03170589102596339,0.021734400776890553,0.014661603732955976,0.05685638715159883,Philippines,False
-0.3347715874324445,0.002198162067664142,0.0014828373465522163,0.05932111646881236,Philippines,False
0.06269508515311227,0.001738592435612242,0.001172820617680185,0.05663966830317716,Philippines,False
0.001487618351706254,0.00018585871230457102,0.0001253766698286191,0.05705196920915349,Philippines,False
-0.001745286549500223,0.0009201760529928407,0.0006207328553488957,0.057074060503961556,Philippines,False
0.04842663840444426,0.006873908298243331,0.004637004746534355,0.05673788712459215,Philippines,False
0.018965670910806566,0.00018482407582516997,0.00012467872419743482,0.05693406512326668,Philippines,False
-0.001195708950567742,2.2802753424038815e-06,1.5382293634662265e-06,0.057069999760869176,Philippines,False
-0.016723090053945712,5.413366386577786e-05,3.651751600425866e-05,0.057174764452531106,Philippines,False
-0.0013626113725247063,8.982266556352877e-06,6.059262191072466e-06,0.057071128232344163,Philippines,False
-0.02570786495999233,0.00624593069378205,0.004213383277311614,0.057237764762885716,Philippines,False
0.07918665376420471,0.0011898027447112102,0.0008026177736580251,0.056528208814934124,Philippines,False
-0.023654874761517678,0.0005990310839801593,0.0004040947099116058,0.05722173527419031,Philippines,False
0.21573894038763883,0.0774878219060699,0.052271776460689645,0.0556356817211851,Philippines,False
-0.026774630418030132,0.0016592180832434127,0.0011192762244881182,0.057243190018041144,Philippines,False
0.014770222445528404,0.00013501953050370835,9.108154730265109e-05,0.056962347699546965,Philippines,False
-0.0169662437619528,7.715496491740768e-05,5.204723761475562e-05,0.05717641360005878,Philippines,False
0.07726927934626909,0.0006831546787654029,0.0004608428496001139,0.05654094990903982,Philippines,False
0.06488904216739555,0.00393065533597732,0.002651543584684612,0.05662570546973631,Philippines,False
0.09177328886801975,0.004936742170605423,0.0033302301811858294,0.05644472785825626,Philippines,False
0.032029188779041706,0.00032562275021893696,0.00021965876948498852,0.05684599505691435,Philippines,False
0.005179812975019981,0.00011449348439738875,7.723507611144962e-05,0.05702703489787581,Philippines,False
0.06801523473785394,0.009769728572214188,0.006590468740074227,0.05660684598435639,Philippines,False
-0.4879942767033239,0.006912764854288768,0.004663216622951548,0.06035666183409836,Philippines,False
0.029024285204236822,0.0011522192923453995,0.0007772647082038425,0.05686658268823033,Philippines,False
0.021385873709270184,0.00016554998860728777,0.0001116768001046626,0.05691773148548362,Philippines,False
5.229259652103158e-05,8.457267378888344e-05,5.705107964363942e-05,0.05706161266173796,Philippines,False
0.09720797602852771,0.001593582182821188,0.0010749995235785799,0.05640679314985567,Philippines,False
-0.007339078405641691,0.0008121365116606196,0.0005478514836118109,0.05711175374521085,Philippines,False
-0.020801692466162706,0.00021638333884467902,0.00014596798877141638,0.057202340528860585,Philippines,False
0.1651644729592593,0.012824093041071889,0.008650883561633385,0.055952605870412994,Philippines,False
0.08599202091748843,0.007493662768094715,0.005055079049201613,0.0564847027736169,Philippines,False
-0.08247122616771593,0.0007130828596615641,0.000481031817920524,0.05761854486648655,Philippines,False
0.014205315547303483,4.016292449984864e-05,2.7093127149818502e-05,0.056966122003246994,Philippines,False
0.14186256163878264,0.000955226627068645,0.000644377290407739,0.05610531716391352,Philippines,False
-0.08317376361307766,0.0011232683426822686,0.0007577349610527316,0.057623443516796866,Philippines,False
-0.06836624235482956,0.002095159464943958,0.001413353795565517,0.05752393124416363,Philippines,False
0.02711200060796027,0.0013380123167163122,0.0009025970662309437,0.05687955397722359,Philippines,False
-0.08962402965441135,0.0018166338614411283,0.001225465844572044,0.057667225815232,Philippines,False
-0.10277539077461499,0.0007155528627075447,0.0004826980339000262,0.057755514430188545,Philippines,False
0.09683537681280387,0.00423467497976248,0.0028566293190450402,0.056410311692388616,Philippines,False
-0.00803398929366237,8.259446285892522e-05,5.5716617053527963e-05,0.05711616041440848,Philippines,False
0.009083443837607345,2.0645450274978276e-05,1.3927018919335663e-05,0.05700066565748618,Philippines,False
-0.004501599824423488,1.2017629453244915e-05,8.106858922023853e-06,0.0570923044077817,Philippines,False
0.3131511378411922,0.020506694828149548,0.013833417195594784,0.05495707867993957,Philippines,False
0.02068562893641657,0.0003117471505455456,0.00021029856001536713,0.056922511343748455,Philippines,False
-0.05682054617729234,0.004169360423213581,0.0028125693904579173,0.05744684894078929,Philippines,False
0.04237163099915094,0.0005842781087119711,0.0003941426399426807,0.05677632586721238,Philippines,False
0.003135358255517736,3.464656857714371e-05,2.337190081287528e-05,0.0570407956781321,Poland,True
0.00553613469784817,0.0003639692607211664,0.0002455265791060899,0.057024727186874985,Poland,True
-0.0070551556270432875,0.001086436558377751,0.0007328889562424806,0.057109944122291395,Poland,True
0.03772775727113004,0.000636685088556702,0.0004294953685139435,0.05680767274212726,Poland,True
0.01821368435530051,7.010476725026649e-05,4.7291311491200304e-05,0.056939093820784145,Poland,True
0.003759942287577692,0.0005767408722487094,0.00038905816692682334,0.057036790930593856,Poland,True
0.02952685119352849,7.213719374827781e-05,4.8662346848286626e-05,0.05686277814276866,Poland,True
-0.003029169470798263,0.003883906671638077,0.002620007845621784,0.05708386265249258,Poland,True
0.022899287067738017,0.0013474215671138612,0.0009089443634106158,0.056907975991472036,Poland,True
-0.05850814568261592,0.0010707829510989595,0.0007223293374488039,0.057457032455096216,Poland,True
-0.018390602711675197,0.0005491307812765372,0.0003704329369506064,0.05718620412609276,Poland,True
-0.002933758490675896,6.624667748828805e-07,4.468871923034318e-07,0.05708172368200199,Poland,True
-0.010701680111727918,0.0002444335341174923,0.00016489010454280231,0.05713421852291696,Poland,True
0.000627706567759279,1.598102453621526e-05,1.0780488102794435e-05,0.057057704627917635,Poland,True
-0.0899851238914684,0.0037003571625966836,0.002496188919368942,0.057670394556515805,Poland,True
-0.006387292042997122,0.013901149056856896,0.009377444586422557,0.0571103757859132,Poland,True
-0.16957123016522438,0.0019458989358148958,0.001312665547772254,0.058206591434937664,Poland,True
0.0164070984001538,0.0002260719631151035,0.0001525037461280904,0.056951340623693406,Poland,True
-0.007158228696769816,0.00010237806761134952,6.906225175802279e-05,0.05711026032231636,Poland,True
0.026045113767589872,0.00041558048906611234,0.00028034250920383984,0.0568863970717609,Poland,True
-0.01696597216451707,0.00033816894272522185,0.000228122186754818,0.05717651244148199,Poland,True
-0.006697431372118395,0.0002211052160223448,0.00014915327521042575,0.05710719760887614,Poland,True
0.12285143340044448,0.0048164647480060455,0.003249093372939964,0.05623502813339654,Poland,True
0.006322078416415486,0.0015167599957906187,0.0010231767714492075,0.057019868766713416,Poland,True
-0.40845245981416767,0.03676763546249051,0.024802731249991158,0.05983211365558178,Poland,True
0.010717282036828259,0.0003392631418115719,0.00022886031216134335,0.05698976659146329,Poland,True
-0.0016038622046530544,0.00010021440039768248,6.760268396858067e-05,0.057072790788150536,Poland,True
-0.0036249144945698334,1.7756621482753092e-05,1.1978271243301551e-05,0.05708639266875199,Poland,True
0.019602051642703136,9.346893797871016e-05,6.305232631217474e-05,0.05692973713356992,Poland,True
-0.030877476305951328,6.033676370817607e-05,4.070200642287216e-05,0.05727024961856148,Poland,True
0.002346424597344492,3.869914709592797e-05,2.6105691403609253e-05,0.05704611923180038,Poland,True
0.11947439872432683,0.035009523306332925,0.02361674300875642,0.056269270792530475,Poland,True
0.05165039779917358,0.013946698837655298,0.009408171581983402,0.056718845538965675,Poland,True
0.026355438518102767,0.0012640838237374667,0.0008527263437869675,0.05688462927486096,Poland,True
-0.04227916261226133,0.0004142496745948098,0.00027944476766402854,0.05734730011908653,Poland,True
-0.01280419950514938,0.006555776414074926,0.004422399169487335,0.05715083493889466,Poland,True
-0.013529885731999036,0.00016041106802840155,0.00010821018430438371,0.057153264684539205,Poland,True
0.05635353290152427,0.00017048210688563545,0.00011500391109812924,0.05668184808500232,Poland,True
-0.1075492644240556,0.01899544743223224,0.012813959116724706,0.05779484507574376,Poland,True
0.3887033450975886,0.006682060752379469,0.004507588126151299,0.05444226978633397,Poland,True
0.012107322561589091,0.01567508169238589,0.010574105015116705,0.05698628501129971,Poland,True
-0.05343724790498815,0.0002604032436201912,0.00017566295974421865,0.05742251100675153,Poland,True
0.0035654873196786334,0.001389993566193209,0.0009376626053823395,0.05703841560755983,Poland,True
-0.0030543041928557686,0.0010300561811309055,0.0006948558511206343,0.05708293324885704,Poland,True
-0.02601466198247635,0.007356373299288049,0.004962466245701108,0.05724026323821876,Poland,True
0.22410236147612853,0.0021885073590399507,0.0014763244680303681,0.05555100206420458,Poland,True
0.0637027166207585,0.0011397719526946213,0.0007688679751462987,0.0566326421659599,Poland,True
-0.01145072220532592,0.0005398626437927913,0.0003641808317960111,0.057139385297105334,Poland,True
0.0020115968531299816,0.0004298349053420918,0.00028995826098040704,0.05704852843923022,Poland,True
-0.006352378317646524,0.007257438114155046,0.004895726495451861,0.05710758060182949,Poland,True
0.06025682428588695,0.005373929838466463,0.0036251484726497994,0.056657505973417295,Poland,True
0.0005028990246404566,2.6886998934185373e-06,1.8137446161413477e-06,0.05705854143910854,Poland,True
0.08349209756630527,0.0005380982790830858,0.0003629906257038506,0.056498916509361875,Poland,True
0.007584055689689203,6.547861159684832e-05,4.4170596929356516e-05,0.057010797481612197,Poland,True
0.03650750978469985,0.00011237641038591625,7.580693918933337e-05,0.05681570337808813,Poland,True
0.04423061414597966,0.0005052429733272026,0.00034082707592565496,0.056763755215267615,Poland,True
0.04135156496777781,0.0002876247040537068,0.00019402602712323313,0.05678309342838839,Poland,True
0.0022976217551242397,0.00015873446254753172,0.00010707917887987933,0.05704649463890937,Poland,True
0.63587938954082,0.06718541838879698,0.04532197557048642,0.05279634261225392,Poland,True
0.038091942251018744,0.004820421750039959,0.0032517626894942734,0.05680681925776701,Poland,True
0.014495452840382407,0.0006195904477691958,0.00041796365656308383,0.0569643874500721,Poland,True
-0.001662620549425335,0.00022121112402852144,0.00014922471869003437,0.057073233745141956,Poland,True
0.00911822817543042,5.932992607998792e-05,4.002281335564853e-05,0.05700044588380212,Poland,True
-0.0053252594519781074,1.090964802581e-05,7.359436216457561e-06,0.05709786022900284,Poland,True
0.3834765678831241,0.08292573511213813,0.05594008686777265,0.05450556503524023,Poland,True
0.04939787119045241,0.0009691738505298634,0.0006537858158905668,0.056729075325384175,Poland,True
0.04442156064591497,0.007617946860996793,0.005138918679249185,0.05676519077808936,Poland,True
0.011979968149029848,0.000817450551630692,0.0005514362315449185,0.056981432546022,Poland,True
-0.026856712706890003,0.00011546863252541137,7.789289205865547e-05,0.057243147608112735,Poland,True
0.05529688943232115,0.002258440570388283,0.0015235000512492307,0.056689774478585045,Poland,True
0.01702665268778998,0.0004358362735458639,0.0002940066671620407,0.05694724180681674,Poland,True
0.0007156136967034704,4.071705981630717e-06,2.7466936048796276e-06,0.057057107039620567,Poland,True
-0.006381515994753676,0.0003380351961283576,0.00022803196390377262,0.0571051115458809,Poland,True
0.17744877210274743,0.001277288374646145,0.0008616338768209829,0.05586537933961633,Poland,True
0.05395210476413147,0.005226839187214861,0.003525923982238891,0.05669998166372041,Poland,True
0.2582895296527872,0.001696182604309796,0.0011442117709343795,0.05532019494890795,Poland,True
0.1033900577991627,0.0036796368537595063,0.002482211402320569,0.05636588277710245,Poland,True
-0.021605466343445984,7.128554070327413e-05,4.808783828041822e-05,0.05720770664383633,Poland,True
-0.0008132566038671546,1.2060854585062358e-06,8.136017754628337e-07,0.05706741939821163,Poland,True
0.11886050226776002,0.007963776478361636,0.005372208608011072,0.05626314562301604,Poland,True
0.2876271321817966,0.006585489592492427,0.004442443101320377,0.05512410506924094,Poland,True
-0.0054708457183674265,6.196692912575108e-05,4.180168428457177e-05,0.0570988619918249,Poland,True
0.05721044407954166,0.005408292642054389,0.003648328951124055,0.0566780701450816,Poland,True
-0.0018473994156632425,0.0005925530329329049,0.000399724742761755,0.05707462320142712,Poland,True
0.006655471939572205,0.0001133483942895523,7.646262061235545e-05,0.057017079941598,Poland,True
-0.0021264830115240493,1.0658131887906141e-05,7.1897683252539154e-06,0.05707628180730656,Poland,True
-0.0043966177765634145,0.0013153767615093725,0.0008873275612592461,0.057092098184850115,Poland,True
-9.347312165848128e-06,1.6451408620552903e-07,1.1097800050689532e-07,0.05706199598162476,Poland,True
-0.02423436703773709,0.0024523928557268907,0.001654336487916002,0.05722635990284266,Poland,True
-0.028065628996803895,0.00035706128410140493,0.00024086659253295386,0.05725139603324869,Poland,True
0.0017340468629988733,2.6091975878932915e-05,1.7601139082403997e-05,0.0570502453620143,Poland,True
0.07879118505387327,0.015091005995066235,0.010180098917959615,0.05653617830330594,Poland,True
0.03453497644078677,0.005923457453201353,0.003995849105727576,0.056831237524349536,Poland,True
0.03615407212073007,0.00029246704018590373,0.00019729257282839627,0.05681815662753468,Poland,True
-0.00015140644223450052,0.00025406339305486444,0.00017138621994958807,0.057063052019747866,Poland,True
0.05654442869638807,0.002537435296417571,0.001711704463168207,0.05668146537195586,Poland,True
-0.005215233152768778,0.0004538943838833038,0.00030618831691863537,0.05709728863615001,Poland,True
0.0228727694432111,0.0005718436259288714,0.0003857545798778311,0.05690785713703089,Poland,True
-0.04120124210660368,0.0013083389486918113,0.0008825799897141628,0.057340374497799974,Poland,True
-0.018790295668923988,0.0007277535153663961,0.0004909283567142495,0.05718896929731917,Poland,True
0.5195663363334853,0.02721826563100882,0.01836091222742597,0.05356687485177918,Poland,True
0.06141109629064557,0.002727339032166953,0.0018398098270817076,0.056648707788917216,Poland,True
0.014506423843717337,0.011106350042498887,0.0074921275683733765,0.056968343492350276,Poland,True
-0.3695873892966021,0.0029155525586038906,0.0019667750086907036,0.05955626879389765,Poland,True
0.6342622609709307,0.024419898529322612,0.01647318824711325,0.052792019630106164,Poland,True
-0.15416266017323518,0.01262794163463714,0.008518563640678118,0.0581068340306086,Poland,True
-0.007238128229182634,0.0002940496603494175,0.00019836017758711116,0.057110873152608266,Poland,True
-0.06632823857817205,0.009733495620922811,0.006566026696359155,0.05751314657924928,Poland,True
0.011660933355527479,2.1334158111165073e-05,1.4391607820847444e-05,0.05698327867718877,Poland,True
-0.063948280632495,0.0055765533607141085,0.003761834356961342,0.05749547840227675,Poland,True
-0.020414505789071634,0.00034931958320531646,0.00023564419179033917,0.05719977993375078,Poland,True
0.0005818369149510065,2.5585560484289595e-05,1.725952111387811e-05,0.05705801775250912,Poland,True
0.020701581624143362,0.00017078801513653724,0.00011521027085009134,0.0569223496031935,Poland,True
0.09312486804077741,0.023348919293227403,0.015750726499626402,0.0564426207516847,Poland,True
-0.0010909165759664511,6.48736701255554e-05,4.376251518720153e-05,0.05706931694900755,Poland,True
0.015925111033049666,0.005501563971249763,0.003711247974397183,0.05695661896509917,Poland,True
0.054062987942753764,0.007399088630907688,0.004991281177014736,0.05670006452877614,Poland,True
0.03790945428428549,0.0002122820376732611,0.0001432013308275372,0.05680628441047329,Poland,True
0.0195488050357418,0.0021798960437977577,0.001470515442375755,0.05693089760693391,Poland,True
-0.016378261470779622,0.00011021440946975513,7.43484954517565e-05,0.05717245993408536,Qatar,False
0.07280963089440903,0.002045757194382598,0.0013800279853941558,0.05657155396783675,Qatar,False
-0.20781425492273536,0.007811035804764305,0.005269172722495887,0.05846688809990409,Qatar,False
0.022684734772324504,0.0010432877236382686,0.0007037815921617671,0.056909306574880934,Qatar,False
-0.13773237749534054,0.0012778258910932606,0.000861996474954166,0.05799154855906687,Qatar,False
-0.0963256511722559,0.0014975564823587499,0.0010102224550588553,0.05771230998016897,Qatar,False
-0.10085634095819933,0.002249231285091823,0.0015172876466346989,0.05774316623883995,Qatar,False
0.010477784453662856,0.0001736013076478752,0.00011710806322125191,0.056991318510015904,Qatar,False
-0.011102426429687647,0.0005047661355438548,0.0003405054104380202,0.05713702222555738,Qatar,False
0.006997296341466707,0.00312959251684646,0.002111162198518716,0.057015934162810034,Qatar,False
-0.03877919144503422,0.0012161963180975792,0.000820422364548752,0.05732400003970213,Qatar,False
0.02055078111103995,1.7842715182166015e-05,1.2036348377226431e-05,0.0569233081451981,Romania,True
-0.05980802027105952,0.0018551398555747836,0.0012514412387467692,0.05746610528160454,Romania,True
-0.05601137633988906,0.00022868765096595173,0.00015426823824139584,0.05743986331753639,Romania,True
-0.0019655001334584273,3.0183448646007967e-06,2.036116697601025e-06,0.0570751929066094,Romania,True
0.012663958477036979,0.00019335549006166674,0.00013043385018877168,0.0569765785808797,Romania,True
0.1299285151082001,0.0021918725713209355,0.00147859457473575,0.05618629115653607,Romania,True
-0.07057361829343066,0.001834667383335507,0.0012376309074435309,0.057538720872936815,Romania,True
-0.012541371570419561,0.00017751144892611678,0.0001197457684218668,0.057146602945392054,Romania,True
-0.03914015948690129,0.0006627827655435517,0.0004471003534527837,0.057326221066675384,Romania,True
-0.003036234991148677,3.7363512549296965e-05,2.5204698334797732e-05,0.05708242910089163,Romania,True
-0.04436689953012617,0.005032591216339355,0.0033948880818640524,0.05736317074740179,Romania,True
-0.02445544906030015,0.0011561460057395493,0.0007799135926312948,0.057227350886471885,Romania,True
0.012792102171932999,2.426047378260591e-05,1.636564341596831e-05,0.05697564915614182,Romania,True
2.4420248564315418e-05,6.411772439083282e-11,4.3252568908033564e-11,0.05706176812893089,Romania,True
5.6027221679216376e-05,0.00010558783091388306,7.122749560814854e-05,0.057061595557962926,Romania,True
-0.015883634384603412,0.000812225363712369,0.0005479114214765343,0.057169394006810176,Romania,True
0.015528636538444007,2.265198084595075e-05,1.5280585388071275e-05,0.05695718840689549,Romania,True
0.002590534895044896,0.003515370179803625,0.0023714003013017362,0.05704581040348084,Romania,True
0.004800496896720953,0.0008314806177032318,0.0005609006410409228,0.057029869526341155,Romania,True
-0.10846562164051943,0.04074708974402374,0.02748719365354137,0.057809511047601556,Romania,True
-0.0020469190714745783,6.903781582245378e-05,4.657156682478491e-05,0.05707576756187985,Romania,True
-0.005848632747900409,3.4766787295096e-05,2.3452998020108825e-05,0.05710139999329912,Romania,True
-0.001230388274232162,1.9559737252777546e-07,1.3194618046515534e-07,0.05707023289827125,Romania,True
0.011333979735836218,5.487414608281328e-06,3.7017030895371635e-06,0.056985478151293255,Romania,True
0.012507476402178553,1.5126915489650441e-05,1.0204322764075682e-05,0.056977565675929084,Romania,True
1.2466662860237863,0.038895143495898,0.026237906760220416,0.04866493340445685,Romania,True
0.5232585576475818,0.016436865553792025,0.011087989580914047,0.05353806877404892,Romania,True
-0.007569199612413018,0.002085214953321807,0.0014066454215818742,0.05711379659909646,Romania,True
-0.008294737282777576,6.5288002107932385e-06,4.404201547809341e-06,0.05711789006198655,Romania,True
-0.23263926235044488,0.0005163768489313624,0.00034833777170217644,0.05863147628241323,Romania,True
0.17295025204699863,0.01631080838215025,0.011002953866459289,0.05590139492999651,Romania,True
0.05250190501830582,0.013245700986321558,0.008935292075462254,0.05671283268793725,Romania,True
0.01240692888724745,0.0007383404125998298,0.0004980700715280839,0.05697852192868481,Romania,True
-0.059376458860411846,0.0004833090473252929,0.0003260308763593935,0.057462662243807486,Romania,True
-0.004067763858377562,0.005724300225639295,0.003861501516344126,0.057091577798544964,Romania,True
0.03571266735146587,0.0013447833495255023,0.000907164673174897,0.056821537625107624,Romania,True
-0.025943300905696683,0.0005593372277250303,0.0003773180070698871,0.05723715728764332,Romania,True
-0.03914980034464569,0.001111898485806742,0.0007500650769036068,0.057326459782042906,Romania,True
-0.012201997149727946,0.0001128324665161227,7.61145857782461e-05,0.05714428865610456,Romania,True
0.0418298901245436,0.005637066664610811,0.003802655453959275,0.05678191578661774,Romania,True
0.09112046570244738,0.003993847573131896,0.0026941718379164424,0.05644877276384371,Romania,True
0.0789750926748167,0.0011093657666085943,0.000748356553828539,0.05652960530242065,Romania,True
-0.014792098992775525,0.00033131582365145465,0.0002234992060144807,0.057161845240140605,Romania,True
-0.0006022665775647649,0.000732768619593807,0.0004943114484137433,0.057066277721403005,Romania,True
-0.032210897349533675,0.0005157070368628814,0.000347885929517778,0.057279420574292875,Romania,True
-0.08313302600687436,0.06204647778290561,0.04185534626037967,0.057646860368872795,Romania,True
0.1720827304469997,0.003518750850089381,0.0023736808356762673,0.05590242320226996,Romania,True
0.038434479298022864,0.00021848908895303628,0.00014738848680889574,0.05680274506727089,Romania,True
-0.009849668199710294,2.2685888115957082e-05,1.5303458572457743e-05,0.05712838555033742,Romania,True
-0.0065237373372240785,0.00031729547241326746,0.00021404134995664428,0.05710606295605642,Romania,True
-0.00029461502377883635,0.0001799132109987343,0.0001213659503689579,0.0570639895350107,Romania,True
0.02269497446910166,0.00044189756537116564,0.0002980954966524249,0.056909006625841536,Romania,True
0.03933960473122508,0.005955309696005698,0.004017336008761948,0.05679883734670797,Romania,True
-0.0007183652414977864,0.00034154347131012025,0.00023039857805749053,0.05706691029659875,Romania,True
0.0014112490494101848,4.0377862558985487e-07,2.723812018102946e-07,0.05705241300714349,Romania,True
-4.910516228692416e-05,0.0013997217666643338,0.0009442250600737081,0.05706280291830221,Romania,True
0.058656097836609765,0.0009601873221272152,0.0006477236787409349,0.05666661728686973,Romania,True
-6.184987079687177e-05,6.54861372646103e-05,4.417567359835166e-05,0.05706237529802875,Romania,True
0.11470611179363223,0.0008120180779895901,0.0005477715905624879,0.056288456091176726,Romania,True
-0.0919621988507626,0.0021021646230158977,0.0014180793388547848,0.05768310994964545,Romania,True
-0.02886006880143607,0.006790926782464629,0.004581027031114616,0.0572592403313342,Romania,True
0.1984704406460971,0.002631170348905072,0.0017749363051484481,0.0557240789670849,Romania,True
-0.029566432611346137,0.0025552835868976015,0.0017237445725328574,0.05726236931981743,Romania,True
0.006356182815398378,2.779292137606119e-06,1.8748563808130364e-06,0.05701905636004894,Romania,True
0.05491161682564941,8.121575083154909e-05,5.478656475465152e-05,0.05669154084320599,Romania,True
-0.0022289281859550446,0.006261524663702061,0.00422390266590382,0.05707937975630446,Romania,True
0.01847674837663861,0.00032335610020112226,0.00021812973150029137,0.056937416512287654,Romania,True
-0.1591402790886812,0.004023478759211711,0.0027141604593143537,0.058137040143904375,Romania,True
-0.029929030659612516,0.00020255593860121475,0.00013664029369908618,0.05726390652426297,Romania,True
0.001955958450859307,2.8764223409318745e-07,1.9403785254666792e-07,0.05704873845883784,Romania,True
0.005176135813627961,4.686111616064153e-05,3.161159687281887e-05,0.05702703368557304,Romania,True
0.04698376968190552,0.0006842370825097257,0.00046157301809848826,0.056745251418409796,Romania,True
-0.016047714779088104,0.00011058206580436961,7.459650925914705e-05,0.057170230270572074,Romania,True
0.062246860574835625,0.003555956065678913,0.002398778749963047,0.05664338640675001,Romania,True
-0.005029194761820503,7.719147474772038e-05,5.20718664356694e-05,0.057095888563042325,Romania,True
-0.011802749230973734,2.5021673490319896e-05,1.68791339230547e-05,0.05714156155721502,Romania,True
-0.04607911035338484,0.004469431057576813,0.003014991199924516,0.057374503409138175,Romania,True
0.0064477366907211165,4.88806576896436e-05,3.297394028060029e-05,0.05701845648763213,Romania,True
-0.053374747898496555,0.0006785797612147409,0.0004577566992651081,0.05742225137799269,Romania,True
0.1229357666869614,0.0036582125668732485,0.00246775899538228,0.05623401982897049,Romania,True
0.035524335690177794,0.00012531906458459276,8.453780180025199e-05,0.056822340645280044,Romania,True
0.012465194458332388,0.0001905243187936025,0.00012852399715630972,0.05697791831781607,Romania,True
0.00017399676066522183,0.0006791637801630973,0.0004581506670805191,0.05706102054031491,Romania,True
0.004864313338397789,0.00028448589501560824,0.00019190864763886503,0.057029228596164216,Romania,True
0.0061711382525472085,0.0038855436396552775,0.0026211121123847873,0.05702179817088661,Romania,True
0.047567217734665386,0.009077606074829546,0.0061235763745802075,0.05674452846517562,Romania,True
0.0051482970410758905,4.952892367526501e-05,3.341124789686737e-05,0.05702722250686492,Romania,True
-0.04555038573376184,0.00021694605821438018,0.00014634758830563447,0.057369290858108206,Romania,True
-0.01672115236078035,0.0008294567381440603,0.0005595353712824231,0.057175050417057026,Romania,True
-0.023806414510374484,0.00023008079944329143,0.00015520802908843147,0.05722261511592886,Romania,True
-0.45129483222974376,0.026540883124623313,0.017903963172965696,0.060117043296141884,Romania,True
-0.002522909329506807,4.226223663217237e-06,2.8509282253972283e-06,0.05707895354571614,Romania,True
0.16262979740594985,0.00710357787188037,0.0047919353706978515,0.05596754583219611,Romania,True
-0.05275292208836462,0.0057619877054858664,0.003886924756712073,0.0574200256810986,Romania,True
0.006207686950368076,1.988896302375838e-05,1.3416707343678501e-05,0.05702006466544147,Romania,True
-0.10430751290044515,0.001338034906064671,0.000902612304565675,0.057766092446967905,Romania,True
0.09221071302967815,0.00041072264274917504,0.0002770655006299359,0.056440053716555055,Russia,True
0.14043166485278283,0.0013783438733720559,0.0009298039493509289,0.0561151299458988,Russia,True
-0.004375048336656806,0.00046154003845252543,0.00031134592667855944,0.057091623840129516,Russia,True
-0.010886788433427882,0.0013694108088344848,0.0009237778778840749,0.05713590082776582,Russia,True
0.034631023341365016,0.0004868806915581437,0.00032844023804158145,0.056828505367834396,Russia,True
-0.08980042911285058,0.008523916673034454,0.005750068280955255,0.05767102520281644,Russia,True
-0.03334750396770003,0.0013136971307155228,0.0008861945150174892,0.057287396312032925,Russia,True
0.07743578994666124,0.0063522898417834,0.004285131088414309,0.05654198899436231,Russia,True
0.008075865208519575,0.00017967859539454704,0.00012120768324885313,0.057007523745811584,Russia,True
-0.07947720559608536,0.001621704309078295,0.0010939701625919296,0.05759870073552277,Russia,True
0.02633098275198853,0.0001377901290798085,9.295053917608077e-05,0.05688436205280102,Russia,True
-0.04809440353063931,0.0015754299329556706,0.0010627543691286447,0.05738697823105166,Russia,True
0.02268459481590967,0.0007732948687032938,0.0005216496672735947,0.0569092038684484,Russia,True
0.2659002787704118,0.0456687964243174,0.030807281185608656,0.05528525321992262,Russia,True
0.011359958689954826,0.0005726613812592274,0.00038630622170717204,0.05698552093150486,Russia,True
-0.042627416207169026,0.0004246624194088132,0.00028646900264535987,0.057349653405005405,Russia,True
0.0673390835891519,0.0017457303165006861,0.0011776356931981944,0.05660834315196667,Russia,True
-0.005360437380244944,0.00028587439837407774,0.00019284530497912187,0.057098203441583985,Russia,True
-0.015001407434035063,0.0012077904440890561,0.0008147519255517331,0.057163595179368434,Russia,True
0.001002641941521222,4.097143716094696e-06,2.7638534054374406e-06,0.057055170812684616,Russia,True
-0.06362909112779716,0.004405720927497447,0.0029720135862057176,0.05749287102328172,Russia,True
-0.021923074673896564,0.0018906030946337418,0.0012753640495712744,0.05721055130066971,Russia,True
-0.14179932054878455,0.0065996263297381065,0.00445197946911357,0.0580210665661961,Russia,True
-0.011711949283179078,0.00022985887843538625,0.0001550583254958952,0.05714102799536067,Russia,True
-0.004992206037536091,0.001971421590278884,0.0013298826337092185,0.05709636862810369,Russia,True
0.10609559346163948,0.0028484444692730942,0.0019215051977976372,0.05634731535634391,Russia,True
0.00453367292338492,0.0007863639780416685,0.0005304658340604729,0.057031652121456895,Russia,True
-0.033063646672141025,0.00044759751659258034,0.00030194057280444,0.057285146755302455,Russia,True
-0.022967762953733203,0.0012146892636797542,0.0008194057349712923,0.05721733776381403,Russia,True
-0.09652967891415055,0.00210722460397671,0.0014214927035251655,0.05771392368810391,Russia,True
0.0640900345718746,0.001631423370705155,0.0011005264523968326,0.05663021719471913,Russia,True
0.004810575718046193,0.0009900517767518827,0.000667869658558942,0.05702986254081866,Russia,True
-0.0023486484180706563,0.0008064035258592546,0.0005439841229751354,0.05707808688397551,Russia,True
0.02865264219113457,0.00046594074793187765,0.00031431455963938757,0.05686882646278483,Russia,True
0.012068328471609567,0.0003430646960659837,0.00023142476666918426,0.05698065413556559,Russia,True
0.19021134324251648,0.01427563259665977,0.009630063893550742,0.055784176215550006,Russia,True
-0.31613966828774875,0.00954975431844788,0.006442078389989051,0.05919836313800645,Russia,True
0.023500691051430364,0.0035865433651262077,0.0024194123468291875,0.05690477853665105,Russia,True
0.016959597986389897,0.0008037812727102634,0.0005422152020394873,0.0569478354959147,Russia,True
0.05824225241313692,0.0016417928036376243,0.0011075214700258889,0.0566696695932066,Russia,True
-0.034702486721820316,0.0009566037231314925,0.000645306252608397,0.05729639882144308,Russia,True
0.021741438500943545,0.0004126476622633375,0.0002783640813262515,0.056915427782811424,646,False
0.01705447154070221,0.0002981141539849751,0.00020110200588370855,0.056947001239123676,646,False
-0.0019008284356990903,1.1969494564669788e-06,8.074388063072503e-07,0.05707475594265,646,False
0.012399270746361598,0.001495660122412991,0.0010089432075495643,0.05697886468043267,646,False
0.06457118714351517,0.0014155423287495663,0.0009548973033302573,0.05662688893123586,659,False
0.08671358879536459,0.0023407042903291664,0.0015789935555677174,0.05647787165273412,659,False
-0.05413237249334915,0.0025473296526488244,0.001718379003301358,0.057428086144019785,659,False
-0.044015846860680795,6.754671610730726e-05,4.556569997921506e-05,0.057358881334950124,659,False
0.031633769785880436,0.00011477436720553145,7.742455418681331e-05,0.056848581624026825,659,False
0.01643081683990554,0.0033277282681356954,0.0022448207198901933,0.056952372249440116,659,False
0.2989414564443487,0.0012104781306269004,0.0008165649865779276,0.05504578146752338,659,False
0.01689913140440321,0.0005688338163556153,0.0003837242209216432,0.056948153135743425,659,False
-0.0186638398953443,0.0001554350870706804,0.00010485348440114029,0.05718789545791739,659,False
0.0007765727253376003,2.9338459330372736e-07,1.9791153630273195e-07,0.05705669436761614,659,False
0.03140001081925595,0.001612362020327354,0.00108766803643574,0.0568507328490064,659,False
-0.00025304027719472047,0.0004946118764365979,0.0003336555448833804,0.05706383022024264,659,False
0.05866172556887517,0.0003003470120988244,0.00020260824850770498,0.05666632709083792,662,False
0.15767939708482134,0.0017287286572507754,0.0011661667047828347,0.055998911381267745,662,False
0.04614946593957137,0.0019737171471466484,0.0013314311716922584,0.056751373153772405,662,False
-0.00782129101941266,0.00014818119984361892,9.996015326500846e-05,0.05711475086204939,662,False
0.023063005865473593,4.568395688537049e-05,3.081750813755691e-05,0.05690637185161386,662,False
0.04145848689655613,0.0003958487512493216,0.00026703186292460264,0.0567824136070244,662,False
-0.10200529203465139,0.000435819539846642,0.00029399537893424473,0.057750210492195746,670,False
-0.10200529203465139,0.000435819539846642,0.00029399537893424473,0.057750210492195746,670,False
0.0,0.0,0.0,0.05706193286314996,678,False
-0.2717054510125481,0.40870389632439463,0.2757036935839867,0.05905762901637828,Saudi Arabia,True
0.172363208691621,0.48355283738730226,0.32619533239017656,0.056082141533503604,Saudi Arabia,True
0.6806643404342771,0.4250040435999677,0.2866994556754533,0.052621168307928325,Saudi Arabia,True
0.04207622198355715,0.5550682406213645,0.37443823145989674,0.05699149279693596,Saudi Arabia,True
-3.989232823717134,0.4779706375122892,0.322429689004571,0.08424414918919712,Saudi Arabia,True
-0.24883881394320084,0.478771151349784,0.32296970005841036,0.05893087995508593,Saudi Arabia,True
2.1512246741072953,0.49535754690581546,0.33415855966843305,0.04269285173727105,Saudi Arabia,True
0.1851490531549481,0.2682432051259471,0.18095164518160328,0.05591413092716312,Saudi Arabia,True
3.461383841194363,0.5008311531160189,0.33785094788138886,0.03382639397534943,Saudi Arabia,True
3.160596757881202,0.475882892565744,0.3210213368988035,0.035856268575246875,Saudi Arabia,True
0.4910940542589989,1.6136080787461313,1.0885086031921813,0.05434061017480897,Saudi Arabia,False
4.187321996716678,1.672297130943893,1.1280990955006358,0.02914384513303963,Saudi Arabia,False
-3.0826241862775214,1.4856161658936542,1.0021677499738428,0.07864486914768563,Saudi Arabia,False
-0.39459178432101394,0.4731837296583284,0.3192005341370684,0.05991502130618716,Saudi Arabia,True
3.4616646887221143,1.6468166057717006,1.1109104291639262,0.03408891394005947,Saudi Arabia,False
-0.8858906461910274,0.4902233356545334,0.3306951206888951,0.06324713392140487,Saudi Arabia,True
1.1479296463171216,1.5349512643660477,1.0354482471614022,0.049834230565169294,Saudi Arabia,False
-1.1750043014376426,0.45123038104130003,0.30439123245268324,0.065186705798903,Saudi Arabia,True
2.5406853835909495,1.6191680402276423,1.0922592449903712,0.04036384156713268,Saudi Arabia,False
-3.193390644892043,1.4810473892841471,0.9990857421982148,0.0793971704119724,Saudi Arabia,False
0.15461507624968998,0.0008926294538168296,0.0006021504557025859,0.056019266972804134,686,False
0.009369455292505718,0.00017467595889109338,0.0001178330020332732,0.05699879550477814,686,False
0.008781580962286194,0.00015963344730833388,0.00010768561650197664,0.057002755410964626,686,False
-0.004974403509076703,1.7950161097343723e-05,1.2108829300313825e-05,0.05709549613461703,686,False
0.009425056051304122,9.190797576802313e-05,6.19993315868936e-05,0.05699838860810931,686,False
-0.1053727588324391,0.0007922353943178234,0.0005344265772010771,0.057773065739448716,686,False
-0.00787457430713643,4.336309372369529e-05,2.9251899021198044e-05,0.05711506991598756,686,False
0.0007876932850235923,1.279145415153442e-06,8.628866002023878e-07,0.05705661972989711,686,False
0.005610838373934848,0.0021485897729669606,0.001449396841408123,0.057024909756795104,686,False
0.024831969811576208,0.0055341208840919195,0.0037332102341235992,0.056896545295664756,686,False
-0.03309648000941726,0.0004134158650179826,0.00027888229595249265,0.05728535503421826,686,False
0.13874630124711057,0.005849484680699339,0.003945948513179112,0.05612819210961672,686,False
-0.00015928652325776177,2.840188265002353e-09,1.9159357230926036e-09,0.057063007380126145,686,False
0.09509748267952096,0.001348661462840119,0.000909780772934632,0.05642093706128835,686,False
0.021332181036887853,7.710736127718024e-05,5.201512512559959e-05,0.05691805972789973,686,False
0.00512947543386613,4.030916182081373e-05,2.719177600022707e-05,0.05702734592700526,686,False
-0.03945659975370438,0.0008696022878305459,0.0005866167777213246,0.057328435703609584,686,False
-0.42233242154858,0.026765764354798036,0.018055663673828232,0.05992172444257435,686,False
-0.00403155696405346,1.4220253749469805e-05,9.592706401111819e-06,0.057089134438133696,686,False
-0.009899865739302332,0.0011333541392789018,0.0007645386431302361,0.0571291522049955,Serbia,False
0.049394876217925675,0.000543413980087739,0.00036657649413855654,0.05672893259717022,Serbia,False
-0.24808542421496976,0.011226135975473128,0.007572932827284315,0.05873991718285491,Serbia,False
-0.08207214925259823,0.0013996150742032198,0.0009441530874160671,0.05761611959213031,Serbia,False
-0.025657811562667502,0.0002669484992339052,0.00018007826178655589,0.05723511853400735,Serbia,False
-0.0005559125018024141,1.0846740321062297e-05,7.316999903249364e-06,0.05706568711618242,Serbia,False
-0.10178831882827967,0.00378652539270783,0.0025543163302522032,0.057750052169239625,Serbia,False
-0.08105398173432227,0.004719218218950934,0.0031834927572134226,0.05761054127526167,Serbia,False
0.012191807594306818,0.001462405794660164,0.0009865104852986618,0.05698025141824635,Serbia,False
-0.024133613490945865,0.00031381799455771817,0.00021169551107976095,0.05722485466492232,Serbia,False
0.0051707951253141165,1.2317799346748554e-05,8.309347689774623e-06,0.05702705642423732,Serbia,False
0.018455647081608875,8.034872636431208e-05,5.420168692452875e-05,0.05693746552114987,Serbia,False
-0.02105513486687871,4.9892833014281106e-05,3.3656734053957515e-05,0.057203985957854045,Serbia,False
0.08413070597015992,0.0013146530712672348,0.0008868393739075657,0.056494904514653006,Serbia,False
0.23206511198526023,0.00667030539205988,0.004499658188882121,0.055498964049758105,Serbia,False
-0.06895979484770866,0.00014306936590379113,9.651180958423308e-05,0.05752717773760815,Serbia,False
0.26259052118414217,0.047190827985947724,0.03183401405276933,0.055308155122859914,Serbia,False
0.4941825093665765,0.015499248568204742,0.010455491411901443,0.05373389198346155,Serbia,False
-0.03937270936195436,0.0009853509307656508,0.0006646985593523299,0.057327914554954895,Serbia,False
-0.034196682995185766,0.007236073687393316,0.004881314468988482,0.05729541380003093,Serbia,False
0.1292344080479534,0.0010927203178451997,0.0007371278580742211,0.0561905568964615,Serbia,False
-0.004477131210777745,0.0005730820809728674,0.00038659001754563457,0.05709235543223083,Serbia,False
-0.035288883328935476,0.0004011316714165032,0.0002705956180443856,0.057300139853243864,Serbia,False
-0.025150907157238517,7.737091645359465e-05,5.219291431785861e-05,0.05723162585839737,Serbia,False
-1.026558217326413,0.06682086089792202,0.0450760521827677,0.06401575056449285,Serbia,False
0.1399892262469333,0.004723135078729946,0.0031861349945838907,0.056119380829156004,Serbia,False
-0.055635364013294795,0.000585029614823265,0.00039464959133829507,0.05743746487682219,Serbia,False
-0.011584355927768505,0.00020075998118566297,0.00013542877578247162,0.057140156057712076,Serbia,False
-0.5590378157528664,0.08333179883978512,0.05621400955495422,0.060867309113922304,Serbia,False
0.003471405045252389,0.0009258247700651523,0.0006245433699411302,0.05703887167286872,Serbia,False
0.048093312161402224,0.007495518420437837,0.005056330836154484,0.05674037372104416,Serbia,False
-0.030291662298498903,0.000777679403010657,0.0005246073887782271,0.05726657494583088,Serbia,False
0.04840582242718651,0.00219200608796748,0.0014786846424667854,0.05673623555660602,Serbia,False
-0.046510328915265874,0.00046573440292164764,0.0003141753633117169,0.05737586275022215,Serbia,False
-0.041446270458159816,0.00036442511726471886,0.00024583409105773053,0.05734166230205104,Serbia,False
0.014961260694556373,0.0013281184745641608,0.0008959228728855492,0.0569615174417779,Serbia,False
-0.26438117053517896,0.005329156317665694,0.00359494512697449,0.0588475123170866,Serbia,False
-0.12513653378626122,0.00175468211297283,0.0011836744008635188,0.05790676499146768,Serbia,False
0.020582852414723393,0.003594700585926627,0.002424915049211723,0.05692446531686419,Serbia,False
0.19273032316466,0.007838588825994542,0.0052877594543349815,0.05576476032185514,Serbia,False
-0.0003127276317809633,6.556114488802603e-06,4.422627228118453e-06,0.057064044986615686,Serbia,False
-0.05231289358426919,0.0012647934607469163,0.0008532050511014038,0.057415315331632646,Serbia,False
0.00136540513715491,1.2316377131007964e-06,8.308388290717553e-07,0.057052722579868785,Serbia,False
0.39111204082600975,0.015264514561871488,0.010297144420013511,0.054429171810910046,Serbia,False
0.08525392059478494,0.0001896893933329553,0.00012796077269126805,0.05648689878942872,Serbia,False
-0.006911445554555307,5.402589441874117e-05,3.644481683287632e-05,0.05710857694275652,Serbia,False
-0.01567397004515737,0.00019225800782794565,0.00012969351003493194,0.05716774055719461,Serbia,False
0.10041368492310065,0.0014164806185082137,0.0009555302553388816,0.0563851004655382,690,False
0.10041368492310065,0.0014164806185082137,0.0009555302553388816,0.0563851004655382,690,False
0.01431314106840664,0.0022779438209466194,0.0015366565644711141,0.05696625457505503,694,False
-0.03743403881243124,0.003795911426111115,0.002560647965699433,0.05731592326196507,694,False
0.006524926655968877,1.167733624958543e-05,7.877303750188687e-06,0.05701792146939364,694,False
-0.006174853811725842,6.829435624756264e-05,4.6070043466012776e-05,0.05710361353277046,694,False
0.00958123171955248,0.00010600291563601816,7.150750368263017e-05,0.05699734049620422,694,False
-0.018608924688207587,0.0001046679201338128,7.060694170075005e-05,0.05718750542546613,694,False
0.00897507932073524,0.00036031244443046867,0.00024305976201143898,0.057001527272708345,694,False
0.0029944899920109317,6.26847653585454e-05,4.228592263548959e-05,0.05704175673713453,694,False
0.0017484598918473446,0.0031968583830671565,0.0021565384426307918,0.05705136842772615,694,False
0.1336338953528669,0.0019942709947742463,0.0013452963972485946,0.05616122015002694,694,False
0.06425397039884807,0.0034375964104603578,0.002318935630265499,0.056629801293657564,694,False
0.00014462094379587441,3.4502850207336052e-09,2.3274951197889493e-09,0.057060957279739734,694,False
0.029355933350213238,0.00032056031016139056,0.00021624374595581407,0.05686402641541129,694,False
0.006704152605296401,0.0003561984989209001,0.00024028457444314854,0.05701684495723182,694,False
0.008876576715034123,0.0007092625947779892,0.000478454741586427,0.0570023259346689,694,False
0.07831054260858077,0.0010246515618359529,0.0006912100001379683,0.05653405595386377,694,False
-0.06921057139405552,0.0013338374116126219,0.000899780756506956,0.057529331544713846,694,False
-0.0031103125036538344,1.8553859083865213e-05,1.2516072211844775e-05,0.05708292157045843,694,False
-0.023297780261803104,5.803837170245347e-05,3.915155591094783e-05,0.057219117556368555,694,False
0.021027551470803468,0.0008442182832973995,0.0005694932223290698,0.05692040925153328,694,False
-0.025934995392237266,0.002334258995895839,0.001574645685392058,0.0572377865865018,694,False
0.000485511673144424,0.005888542289083028,0.003972296015590474,0.05706092432472471,694,False
-0.028148742541029215,0.002241068450057145,0.001511781156999006,0.057252684336847964,694,False
0.08188613400816057,0.0011362325285981323,0.0007664803485409785,0.056509978079052114,694,False
-0.0008658571553890942,1.655293513290443e-05,1.1166287859843666e-05,0.05706778013934527,India,True
0.019034402297381365,0.00043662535376205486,0.00029453896531748876,0.05693369818197,India,True
-0.08889327454366258,0.0012095608135346183,0.0008159461823218283,0.05766206008270865,India,True
0.023348828727842316,0.0005482629648462816,0.0003698475248776458,0.05690463666948042,India,True
0.01364058586825471,4.297137112410536e-05,2.8987650579872823e-05,0.0569699326400859,India,True
0.019773776006850107,0.0004927434854685959,0.00033239516470210545,0.05692873204726226,India,True
0.0035819464439088913,4.4565745012886626e-05,3.0063184172882572e-05,0.05703778689699239,India,True
-0.06715491564539845,0.011463316090442117,0.007732929916447671,0.057519394787772106,India,True
0.06853621793373235,0.004113760109021968,0.002775062500690243,0.05660117159451794,India,True
0.028179912261004234,0.0014841636884381749,0.0010011879369529134,0.056872406059550365,India,True
0.04520858464069884,0.0004672486861444382,0.00031519686930030737,0.05675714344715131,India,True
0.03280447215126362,0.0002849475590410444,0.00019222007720474948,0.05684074953830332,India,True
-0.04974801285339785,0.0003045713971152286,0.00020545793641774896,0.0573976412030807,India,True
-0.001385327322374612,4.752503017415396e-06,3.205946034413323e-06,0.05707127984130564,India,True
0.0034502972171712243,0.0017888450949139706,0.0012067200835441155,0.057039346134922606,India,True
0.003479932822640243,0.00017471779512004786,0.00011786122393903947,0.05703852513995479,India,True
-0.012147081220755206,6.889997740353085e-05,4.647858371022056e-05,0.05714390126847375,India,True
0.0218156876917057,0.0003447775913738048,0.00023258025250461688,0.05691490085293458,India,True
0.008051695775300611,0.0004083218026377409,0.00027544594061991434,0.05700777471620631,India,True
0.0009117028782080127,0.00017035479245018024,0.0001149180272579769,0.057055848260439634,India,True
-0.042273589174489964,0.004567482289478003,0.003081134652528553,0.057348869263614245,India,True
0.0050325406449064575,0.0013784883320032658,0.0009299013983318485,0.05702851463243137,India,True
0.3857574479900728,0.03746798613053254,0.025275174179260274,0.05447345646255555,India,True
0.009140926903072472,0.0002756095853813287,0.00018592086192511302,0.0570003759250116,India,True
0.007342276406952961,6.712706039378151e-05,4.5282608402909566e-05,0.057012429112299874,India,True
0.002889729335790297,5.742047145711158e-06,3.873473243204467e-06,0.05704244152102171,India,True
0.003859554662332425,6.162767726177567e-05,4.15728315802192e-05,0.057035920770056,India,True
0.0019811119557408144,1.9388699674205344e-05,1.3079239425029163e-05,0.057048576129013415,India,True
-0.015880336160366906,0.014379306499988642,0.00970000029086209,0.05717460445679068,India,True
0.04722514620891823,0.0013966335154267555,0.0009421417858975308,0.05674389582652322,India,True
-0.00951945594614279,0.0003435655278956125,0.00023176261807342807,0.057126281657493415,India,True
0.058457382482756434,0.00685341466431788,0.0046231801399695075,0.05667021070479799,India,True
-0.00241643752139868,0.00011767357966449433,7.938030648232443e-05,0.05707827898925476,India,True
0.15768908545152166,0.04767581213476533,0.03216117491999182,0.056016208455557076,India,True
-0.024954352208588625,0.0002212502567766861,0.0001492511168802795,0.057230355483061886,India,True
0.012975586831261553,0.00020826337566600892,0.00014049041965534311,0.056974482123600276,India,True
-0.03842328827226206,0.018497732380538767,0.012478210230212205,0.05732828243085694,India,True
-0.062472218320922625,0.0063882084983190295,0.004309361115004483,0.057485835560802785,India,True
0.1722624600140973,0.015223256795050422,0.010269312733543444,0.05590562495994884,India,True
-0.015894980123876995,0.0002050455305369981,0.00013831972396237776,0.05716923638164962,India,True
0.05043439196340596,0.0012577671999198133,0.0008484652723042394,0.056722193539460675,India,True
-0.0007833115415186579,0.0009166897407089947,0.0006183810569386337,0.05706756982538934,India,True
0.08879082864699554,0.007047887772358588,0.004754367913493997,0.05646565179987966,India,True
0.025599388322282986,0.0020217506378047484,0.0013638336295823561,0.05689002025733562,India,True
0.002856697532964827,0.0010203491823046768,0.000688307698646251,0.05704305476934819,India,True
0.009042594178251453,0.0006276301708071129,0.0004233870972419725,0.057001174618462484,India,True
-5.0222168100749515e-05,0.0003577717945179807,0.0002413458890308379,0.05706240936990008,India,True
0.030973712292967703,0.006951056296463622,0.004689047284550833,0.05685565621724571,India,True
-0.02945778427541671,0.005110747030767753,0.0034476104730787206,0.05726262353451308,India,True
0.00784397734357148,1.1953125819007742e-05,8.063346025844698e-06,0.057009023515550664,India,True
0.12848574181151326,0.0006257276719015908,0.000422103708509912,0.05619543025992127,India,True
-0.003598467795764366,9.819797770923415e-05,6.624244446993272e-05,0.05708624524183071,India,True
-0.07400016288886388,0.00042683587907863256,0.00028793517623512525,0.05756128929805288,India,True
-0.003058262248251926,0.0003525796953404304,0.00023784339998295074,0.05708269907245897,India,True
-0.0055150796496146745,0.0002078380759906509,0.00014020352077223776,0.057099216572141495,India,True
0.616148162610228,0.06624647083725858,0.04468857982758089,0.052929170577852354,India,True
-0.027861813427781316,0.0045713356790208735,0.003083734074113084,0.05725164872220289,India,True
0.021684818717152866,0.000532408095948108,0.00035915213891282304,0.05691585571125806,India,True
0.001212724314965636,0.00017044775621780702,0.00011498073880620213,0.05705381766186287,India,True
0.011751554451570275,9.063413001071617e-05,6.114002003272366e-05,0.05698269400333359,India,True
0.0009501838205644999,2.6220333060563907e-05,1.768772633883085e-05,0.057055533199863624,India,True
0.42757599956436293,0.08397586326888153,0.05664848288296722,0.05420829656965996,India,True
0.009515310239117584,0.0008593078647290409,0.0005796723602642702,0.05699807483439083,India,True
0.06579727576734065,0.0073039665445633496,0.004927113668991437,0.05662086702186451,India,True
-0.026179466970911863,0.0007168196830925086,0.000483552606274753,0.05723881123161503,India,True
0.0014893279083443196,7.970970983120374e-05,5.377061880889873e-05,0.05705191682412681,India,True
-0.14661703543083368,0.0020889880962542315,0.001409190710364891,0.058051800907700735,India,True
-0.08338321765795911,0.0005150310640270348,0.0003474299313996259,0.05762462002521673,India,True
0.00016094384923390367,4.0097311954779755e-08,2.7048866203975748e-08,0.057060847182702906,India,True
-0.01860445081756455,0.00040817483523176827,0.00027534679926836985,0.05718759233146199,India,True
-0.031472109009687665,0.0014105113609923152,0.0009515035104022955,0.057274782556469485,India,True
-0.029474509791282986,0.0054929570371631065,0.0037054419041848215,0.05726288401228132,India,True
-0.11118138829303424,0.0018492013531718888,0.0012474352406108083,0.05781266204411969,India,True
0.0795809013974157,0.0034624288143250536,0.0023356870865829885,0.05652641587188048,India,True
0.01522978657586082,4.3896889287368605e-05,2.9611987118833083e-05,0.05695921255393879,India,True
0.0004463275606445172,5.175140791502325e-07,3.491049250731561e-07,0.05705892222349307,India,True
-0.0694777003079548,0.007642674269810929,0.005155599307949155,0.057533582107480316,India,True
0.012892466721068422,0.006883794104651578,0.0046436735191233165,0.05697760864612092,India,True
-0.006128299294315314,9.388662975447389e-05,6.333409305429142e-05,0.05710330934326073,India,True
0.09183046059423279,0.00514425918769555,0.0034702171218727574,0.05644442119352471,India,True
-0.010434135897591405,0.0005073669974837093,0.00034225990128033593,0.05713251505473929,India,True
0.0038059269521919393,7.794976752745572e-05,5.258339598572087e-05,0.057036288812321013,India,True
-0.0021202995132673366,2.0940281127660254e-06,1.4125906074065453e-06,0.05707623679723198,India,True
0.03357776401454175,0.0011868382923707374,0.0008006180118082546,0.05683587884085513,India,True
0.0005305140221214226,4.9426497931492815e-06,3.334215348369919e-06,0.057058356021262656,India,True
0.008942526765503176,0.0026357179757909356,0.0017780040457321573,0.05700262182705573,India,True
-0.009454640576872585,0.00029167384965825456,0.00019675750193684025,0.05712582442760691,India,True
-0.005363400999573185,1.0826908478480906e-05,7.303621728244333e-06,0.05709811749260909,India,True
0.04978365392571249,0.015540878396909498,0.010483574084076555,0.05673204956993768,India,True
0.04565327546842804,0.0056469810250102965,0.003809343488514961,0.0567561267884615,India,True
0.02725439744937144,0.00023360261311213944,0.00015758377604202864,0.056878169633429045,India,True
0.00645829110968258,0.0003153099792865109,0.00021270197493831086,0.05701848776779386,India,True
0.020757335518684028,0.0027238551474165805,0.0018374596662382781,0.05692295385419743,India,True
-0.045292521864223736,0.00037975070925507886,0.0002561724371222117,0.0573676143600763,India,True
0.00776614666286756,0.0004882176765777912,0.00032934214211320477,0.05700973170641078,India,True
-0.0018717773170325738,0.001180153657777753,0.0007961086874193276,0.05707501388775806,India,True
-0.01882387073772436,0.0006329905445533186,0.00042700310103863445,0.05718915923081454,India,True
-0.790560499484797,0.02662183427050693,0.017958571240372652,0.062406107365862724,India,True
0.09761149823365461,0.0029204875418519256,0.0019701040523369584,0.05640457592367845,India,True
0.09936894830092155,0.010726551318635594,0.007235922741531005,0.056395690027312845,India,True
-0.10283356985783994,0.003115142384237218,0.002101414420313087,0.05775684182083031,India,True
-0.10798057137126574,0.013039748538987962,0.008796360563080818,0.057795432675289034,India,True
-0.017311122143202295,0.00023501725577970353,0.00015853806645143388,0.057178800973914354,India,True
0.07160594498812284,0.010095443346849056,0.00681018958743907,0.05658274648771219,India,True
-0.0037767902645511006,4.142847011340637e-05,2.7946839588566435e-05,0.057087426309304204,India,True
0.057351036895478325,0.005851320974852809,0.003947187241474025,0.05667729108967048,India,True
0.009174862257197686,0.00042056563292411776,0.00028370539022127135,0.057000202740775135,India,True
-0.009165392373587416,4.727691250837783e-05,3.189208499608022e-05,0.05712377903414491,India,True
-0.018164878840859083,0.0002215987303870219,0.0001494861903952378,0.05718455508327178,India,True
-0.10860488360215192,0.02390769551655801,0.016127666064051017,0.057803882686609166,India,True
0.007041065423873067,3.889786827967601e-05,2.6239744846322777e-05,0.05701445016669626,India,True
0.14274949168458534,0.00577450018404077,0.003895365431206498,0.05610115792164332,India,True
-0.00035297738193068584,0.007089699200543284,0.004782573089143687,0.05706704325291951,India,True
0.021545341964206318,0.0001626211052324585,0.00010970103238681281,0.056916654617930704,India,True
-0.08437391159730849,0.0020134742282594655,0.0013582505247923858,0.05763188563391746,India,True
-0.47692484405507496,0.23736221448791098,0.16011992995449573,0.06037584880089247,Vietnam,True
-0.33183238889301375,0.30438967484609747,0.2053353501119748,0.05942242481591257,Vietnam,True
0.3281551238572975,0.13382485983002082,0.0902756457188534,0.054897821631591966,Vietnam,True
5.168952988646172,1.3346911675048287,0.9003566836146185,0.022394815285736898,Vietnam,False
1.9581978568580707,0.33350538533260055,0.2249762417076828,0.04395119099557879,Vietnam,True
0.973679059736185,0.2116392976483748,0.14276775091682659,0.05056587520257547,Vietnam,True
0.45021686010323414,1.6563380153864413,1.1173333867684863,0.054635316182274046,Vietnam,False
0.4133681439858275,0.21915069349002442,0.14783479235229768,0.05435378562653629,South Africa,False
-0.4861645111922983,0.24560565597179806,0.16568079513192777,0.06044164422695877,South Africa,False
0.24792385222616817,0.14589652950621815,0.09841895912346005,0.05544405427221524,South Africa,False
-1.017198413645123,0.20295572253367955,0.13690998015866565,0.0640113933634434,South Africa,False
0.6725094050761118,0.23658437099736604,0.1595952118754606,0.05260927719890792,South Africa,False
0.35004395976159863,0.22238670124055016,0.15001774019622582,0.05478278834307688,South Africa,False
-1.5747637315720975,0.18180225295731026,0.12264026130653004,0.0677680934564675,South Africa,False
0.12514467765296097,0.13639000974323867,0.092006045923087,0.056269502569821224,South Africa,False
-2.3272580460417593,2.285130682778573,1.5415046815802662,0.07390033987080871,South Africa,True
0.7031293831063055,0.08729922861382344,0.05889036045978938,0.052349587760406296,South Africa,False
-1.0839817184009521,0.09006300828403443,0.06075475243202715,0.06441339675262327,South Africa,False
0.4141141765669152,0.13624748725508332,0.09190990302658761,0.05431832314796392,South Africa,False
-0.5365789760545556,0.20399617624218055,0.13761184997937617,0.06076521032774594,South Africa,False
0.6526577261215339,0.16503545983429074,0.11132970900901538,0.05271792158255257,South Africa,False
-0.8587511072427482,2.082946469583964,1.4051151466053369,0.06375067102275887,South Africa,True
-1.106409970719171,2.1195442357218686,1.4298032873152424,0.06546153028968026,South Africa,True
0.5863397750422105,2.235911093790404,1.5083021048425267,0.05391987345011168,South Africa,True
0.2860414544985758,0.2152759284713228,0.14522095128781676,0.055212533050984856,South Africa,False
-1.6096213553762084,2.2376420967253567,1.5094698057307814,0.0689610717915831,South Africa,True
-0.5088301162887398,0.21531119132996185,0.14524473892591014,0.060582394531407686,South Africa,False
-0.9805286115667716,0.22955734430905442,0.1548549164432315,0.063775146980526,South Africa,False
-0.4480928759639691,0.22113864889180332,0.14917582837343624,0.060174445917264854,South Africa,False
-0.42605651451359594,0.225258760892888,0.1519551757368809,0.060027241684429966,South Africa,False
1.1369996434430822,0.2299305334541551,0.15510666257688727,0.049468683794759584,South Africa,False
-0.08470813447885012,0.03969858069191157,0.026779889854817305,0.05764879573503572,South Africa,False
-1.7258232077623386,2.231392955121264,1.5052542564358702,0.06975397499183411,South Africa,True
0.4824272730491859,0.24796311422361517,0.16727109058382172,0.053897727694110865,South Africa,False
-0.2985704673361331,2.3517528226184337,1.5864466804051063,0.0600283488710047,South Africa,True
-0.8318313274847047,0.21979930131883776,0.14827233056932854,0.06276637025347262,South Africa,False
-0.5326227984222466,0.20382890244380997,0.13749901033075682,0.06073841731607993,South Africa,False
0.6351798648219588,0.17215564626475519,0.11613284819007061,0.05283849597466954,South Africa,False
-4.010344152273273,0.19894149206362644,0.1342020584152121,0.0842279696233588,South Africa,False
-3.48426073318044,2.3116332356940195,1.5593827879401676,0.081842312539276,South Africa,True
-0.6557440824938614,2.2255437166955345,1.5013084740415008,0.062422610756820485,South Africa,True
0.7603506507400652,0.16488657980749763,0.11122927744069198,0.05199058411642439,South Africa,False
0.7836313159746867,0.2369817482552893,0.1598632748392371,0.05185861140344855,South Africa,False
0.17480029554065782,0.19157400225108706,0.12923209318603973,0.05595507600794864,South Africa,False
-0.5865550902663019,0.1327639369720157,0.08955996780829212,0.0610734166692666,South Africa,False
0.05688773302549975,0.22209913501005143,0.14982375361422468,0.056763224081590215,South Africa,False
-0.21766466895811354,0.19082949417493028,0.1287298625287215,0.05860569939067513,South Africa,False
-4.205654368578119,2.0052996565159504,1.352736117801351,0.08660398200303496,South Africa,True
-2.9436577670937907,2.177628383137966,1.4689857226316512,0.07806605440972647,South Africa,True
-1.9915327715305955,0.18767736616076486,0.1266034983223348,0.07058578939328321,South Africa,False
0.11176902969015094,0.10952435538661309,0.07388299839825162,0.05634959351248394,South Africa,False
-0.6195572861675248,0.17018676909523306,0.11480468197308015,0.06131173446883952,South Africa,False
-0.3107544299565342,0.23247353854920572,0.15682212431780462,0.05925114066089693,South Africa,False
0.8468412800886407,0.2248132214539154,0.15165462350318115,0.05142729828963591,South Africa,False
1.1095681701821927,0.17060269150600577,0.11508525513601219,0.04963412350742527,South Africa,False
0.9631949414169803,0.25178639678321835,0.1698502025834323,0.05065043713148206,South Africa,False
0.06493171361313889,0.00012108885396630208,8.168418405256297e-05,0.05662396241402976,716,False
0.6585019180324057,0.012720508043126369,0.00858100713816322,0.05262432278961739,716,False
0.042262259997518085,0.0006504385016629636,0.00043877315330357784,0.05677708900561594,716,False
-0.0731208331191264,0.0019415926955065057,0.0013097606418754403,0.05755594561649903,716,False
-0.013200844701523842,0.0002288751059134774,0.00015439469170043602,0.057151071430358545,716,False
0.009742926247405444,8.708184043199646e-05,5.874371462350003e-05,0.056996242460725675,716,False
-0.018756205032604112,0.00021862100481074296,0.00014747747467893838,0.05718854291187355,716,False
0.09530095169175995,0.0009263532627090816,0.0006248998807923202,0.05641940375688384,716,False
0.11176985082751459,0.008537529920657415,0.00575925151283799,0.056311198307519295,716,False
0.00013927369861401303,3.5625816223128703e-09,2.403248221510688e-09,0.05706099335125818,716,False
-0.043184082311867066,0.004768541085111139,0.0032167650027212654,0.05735508925565838,716,False
-0.020491495205585665,0.0027823818041226023,0.0018769406097088163,0.057201238134678284,740,False
-0.01599730290138201,2.7828729357271744e-05,1.877271917530039e-05,0.057169858287197894,740,False
0.032977564635578084,0.0006709464746881738,0.0004526074327460313,0.05683972989160388,740,False
0.0021207426074258406,0.0001673879265584555,0.0001129166372735085,0.05704769116262903,740,False
-0.05619085051875068,0.0026543402766415003,0.0017905662874276899,0.057442013941286,740,False
-0.050751494889756395,0.000525540751718858,0.00035451956215947064,0.05740449607974255,740,False
0.014762349647788367,0.000191898523250485,0.00012945100873586502,0.05696242266415125,740,False
0.015863749049997117,0.0010018783458497725,0.0006758476318839784,0.05695530403079945,740,False
0.060269573396409364,0.0005300948369632822,0.0003575916594261615,0.05665556864727479,740,False
-0.09365129080592598,0.0009245022958839926,0.0006236512545987167,0.05769404605259359,740,False
0.0013222552327741065,6.74863977567984e-06,4.552501039397806e-06,0.05705301578404815,740,False
0.02341067724095513,0.0011611677890195195,0.0007833011898896464,0.05690445472432963,740,False
0.021527209450240864,0.0018743437868659217,0.0012643958370168514,0.05691743415985099,740,False
-0.023058777410405858,0.01724212774088275,0.011631203778970572,0.05722413874366498,740,False
-0.08811163452923107,0.007377820533138853,0.004976934132215048,0.05765918645966048,740,False
0.05462196467444781,0.005143236348459349,0.003469527134432218,0.056695430784248366,740,False
0.006903765138338477,0.0030472254136604546,0.002055598953875287,0.05701653343851747,748,False
0.000988819003946638,3.4401012788756483e-06,2.32062536574453e-06,0.05705526380664869,748,False
0.1032275514022902,0.0016507898082510097,0.001113590674223379,0.05636620758208779,748,False
0.08230854116974975,0.0002790590523585758,0.0001882478052086881,0.05650680183749326,748,False
0.014219497948777152,0.003340204099339007,0.0022532366727945263,0.0569672945055945,748,False
-0.03142688196573423,9.710025128140007e-05,6.550193958749725e-05,0.05727397000762845,748,False
0.31743192469092585,0.0039627095993121555,0.002673166766836792,0.05492206704152086,748,False
-0.012659435064557176,4.032948299642378e-05,2.7205484269769018e-05,0.057147346495317566,748,False
-0.00996477799515236,0.00013213293683344565,8.91343073963892e-05,0.057129204237714594,748,False
-0.07080819650358589,0.0006392053466492433,0.00043119548556970813,0.05753983928408113,748,False
0.016845810925064278,0.0004089574127429177,0.0002758747108255633,0.056948451407837615,748,False
0.05870037921712227,0.0014760555198664277,0.0009957183242491042,0.05666651576907869,748,False
0.003936730391588531,0.00019677302479181776,0.00013273925259997435,0.05703545215459329,748,False
-0.1266720090277788,0.002994656928473425,0.002020137276943595,0.057917607596214574,748,False
-0.057679364068227094,0.001457705412897489,0.0009833396992482257,0.05745159157094275,748,False
0.002180521391007767,2.2433150773178014e-05,1.5132966880214407e-05,0.057047232123194375,748,False
0.0003083667918398038,5.8838726928565615e-05,3.9691459968635646e-05,0.05705987532868925,748,False
0.021971050008630456,0.0011967287262943792,0.0008072899060290331,0.05691417989859311,760,False
0.03543973336156482,0.0005569595028072743,0.00037571404011961453,0.05682307681204205,760,False
-0.021873323185767034,0.011423741199946911,0.0077062334655920856,0.05721389508034005,760,False
-0.09315550717895148,0.0004752796593019944,0.0003206144074802093,0.05769052674724215,760,False
-0.00034942035932425744,0.0003516810581637826,0.00023723719683435871,0.05706442536292706,760,False
0.17113128844983114,0.001392257951671042,0.0009391901157524414,0.0559080395824728,760,False
-0.020166090561045263,0.0013828422215503666,0.0009328384474776673,0.05719850295464103,760,False
0.011593035369279941,0.0009279248087467431,0.0006259600151612782,0.05698408520056692,760,False
0.042155611741968024,0.0003456673704085739,0.00023318048012310947,0.056777691705860556,760,False
-0.1140011003799197,0.007335617660230653,0.004948464895573832,0.0578338239839962,760,False
-0.02661480528238437,0.00041301308035126833,0.0002786105852559938,0.05724163064061005,760,False
0.04525689717792812,0.004071358921810263,0.0027464594850798063,0.05675819748433768,Thailand,False
0.08104066459731438,0.0015087855760457444,0.001017797383100764,0.056515823529834315,Thailand,False
0.015751604756389835,0.0006229981305032568,0.00042026241300948015,0.0569559149676058,Thailand,False
-0.16451886340686162,0.00439488469816108,0.0029647036768081616,0.05817346976528634,Thailand,False
0.06593593736802324,0.006713589617480207,0.004528856884880934,0.0566197060886738,Thailand,False
0.07791688739438268,0.004410876424087228,0.0029754913838603166,0.05653800298967834,Thailand,False
-0.017971416568989186,0.0022399590257484465,0.0015110327609538232,0.05718402861083406,Thailand,False
-0.005326635980076336,1.9359379131119235e-05,1.3059460357348553e-05,0.05709787276938693,Thailand,False
0.00589330795522218,0.0004500264239994894,0.00030357906646569645,0.05702235086265827,Thailand,False
0.015323637861944624,0.000634951679823405,0.00042832604472095126,0.05695880655407831,Thailand,False
0.043068527294948825,0.006618572121848604,0.004464759931716727,0.05677393578066926,Thailand,False
-0.0025463713617078837,0.001836832297296968,0.0012390913162647686,0.057079817459800286,Thailand,False
-0.11011069159566714,0.001788164769250149,0.0012062611490929335,0.05780541544134476,Thailand,False
0.0379266783271629,0.0038339247847837673,0.0025862910375806574,0.05680755608180882,Thailand,False
-0.0052284447045461944,8.4651524273017e-06,5.710427064551637e-06,0.057097206193974084,Thailand,False
-0.14551237962218383,0.003597848316110893,0.0024270384467276578,0.058044939827042494,Thailand,False
-0.0034446652066407665,0.0046293425822905064,0.003122864402031742,0.05708695265229837,Thailand,False
0.023315208312313145,0.0015627550848721626,0.0010542041633105296,0.0569052529034148,Thailand,False
0.45267230315931684,0.017909885106057472,0.012081659900510593,0.054014819499453706,Thailand,False
0.048464076412966337,0.005827820760850932,0.003931334454508694,0.056737234166989774,Thailand,False
0.040482326691740386,0.004614726988109237,0.0031130050066701127,0.05679061486131659,Thailand,False
0.10100099228295556,0.004315010808423119,0.002910822305429707,0.056382241014553476,Thailand,False
-0.08703636265182527,0.0041141873694875335,0.0027753507222842587,0.05765066323323,Thailand,False
0.20530163483106412,0.01668934611132403,0.0112583080508277,0.05568327698866187,Thailand,False
-0.22132669923189974,0.0036210396221647086,0.0024426828504037082,0.05855639004477456,Thailand,False
0.02969442965068249,0.0005002876579458899,0.0003374843166180288,0.05686181192004867,Thailand,False
-0.04519412356837109,0.006126849138501633,0.004133053177883156,0.05736917472280758,Thailand,False
-0.04534563389949592,0.0005311495342248279,0.0003583031376705242,0.05736803123496881,Thailand,False
0.076397404649368,0.004982442222334281,0.0033610585465915386,0.056548471468354844,Thailand,False
-0.14440582590986567,0.025156892287708957,0.016970349891919746,0.058045917053291055,Thailand,False
0.04166240634909364,0.0020127953571828826,0.0013577925715774436,0.056781657356076515,Thailand,False
-0.17935554157823597,0.002052754895178477,0.001384748498150139,0.058272637366942534,Thailand,False
-0.8140013605657966,0.019506295594838,0.01315856734424014,0.06256125977251299,Thailand,False
-0.008632511701486118,0.008102800307576149,0.005465991377285696,0.057123288460906564,Thailand,False
-0.05055238515091693,0.01722083005024853,0.01161683677139988,0.057409618595713585,Thailand,False
-0.01077694604783467,0.003167589461392007,0.0021367941977492744,0.057135852919189795,Thailand,False
0.01237420904827839,0.0012057646571194023,0.0008133853690912472,0.05697892231560267,Thailand,False
0.006678718975179195,0.0024829473837913747,0.00167494797784515,0.05701783454393371,Thailand,False
0.055691198443400425,0.0022392101810826985,0.0015105276049175726,0.056687107152402036,Thailand,False
-0.11386891850330827,0.006463947437039905,0.00436045312890812,0.05783259218738197,Thailand,False
-0.036042861188637795,0.001677849865365834,0.0011318448620651048,0.05730571960130908,Thailand,False
0.5641848899693754,3.0665486388136154,2.0686340254627935,0.054380995176081255,Thailand,True
0.030231714129950963,0.006857933579150476,0.004626228511960925,0.05686062610632642,Thailand,False
-0.09207065835985777,0.005299000723807579,0.003574602750296236,0.05768508561677637,Thailand,False
0.09541856182223887,0.00298313596917964,0.0020123654620441207,0.05641939318143033,Thailand,False
0.11318474331535822,0.02108359701214836,0.01422258418028851,0.0563064188424646,Thailand,False
-0.00844600318143138,0.011118462575855196,0.00750029844762123,0.057123192366620286,Thailand,False
0.039774873896560224,0.0013722857545777531,0.0009257172603254978,0.05679414505869634,Thailand,False
0.0550359604042344,0.0015630426420847813,0.0010543981438092445,0.05669126873796421,Thailand,False
0.011009645046888448,0.0004920365171847673,0.0003319182576580298,0.056987853093633335,Thailand,False
0.01473073702759188,0.00020666404794941347,0.00013941154430650957,0.05696264159080171,Thailand,False
0.15060135601858782,0.000539631131343971,0.0003640246580041181,0.05604620945001695,Thailand,False
-0.13464073942586524,0.002504918416623386,0.0016897692089567634,0.05797117266431773,Thailand,False
-0.007204771852140312,1.540727923797389e-05,1.0393450691788108e-05,0.057110540787507616,Thailand,False
-0.14546246546346622,0.009672251721479343,0.006524712753825443,0.05804698174165784,Thailand,False
-0.003915618221338796,0.002965134329835607,0.0020002219065205456,0.057089488778009075,Thailand,False
-0.011284944106747987,0.001539069352925391,0.0010382262295504316,0.05713865212810377,Thailand,False
-0.08997975304137985,0.009002681991296167,0.0060730340461259864,0.0576724212295843,Thailand,False
0.16866618386593912,0.005254940639246834,0.003544880674822361,0.05592612612985168,Thailand,False
-0.07707703084691035,0.0020113273677292835,0.001356802294464503,0.057582660794089635,768,False
-0.024587599629065243,0.00017811390271754588,0.00012015217202360501,0.0572278647851217,768,False
0.02446639689196968,0.00014710639246225932,9.9235109125236e-05,0.05689694377351893,768,False
-0.07084041329127198,0.0007321849116883959,0.0004939176904218492,0.05754009270376784,768,False
0.01159620736373406,0.0004083552156607952,0.0002754684803949268,0.05698386407790581,768,False
-0.054383346983415036,0.0009349395150001023,0.0006306919994678893,0.05742915453798966,768,False
-0.004368152200286262,7.199639006752004e-06,4.8567363425803365e-06,0.05709140234046938,768,False
0.0,0.0,0.0,0.05706193286314996,776,False
-0.06102009728115415,0.001078925562264933,0.0007278221844562992,0.057473980871043294,780,False
0.0941695187850525,0.002183707947214681,0.0014730868782271936,0.05642751484458421,780,False
0.00951917620917912,0.00013141402464208254,8.864934322476298e-05,0.056997768881371334,780,False
-0.025353046136792255,2.911859610858244e-05,1.9642838180197947e-05,0.05723297081993618,780,False
-0.013463108043897875,0.00010498883527769787,7.082342481062949e-05,0.05715279284716487,780,False
0.007637817848524148,0.014165354995411179,0.009555672770154925,0.05701585787934928,780,False
0.2051348945776803,0.005789691287607876,0.0039056130539982907,0.05568030744845747,780,False
0.0837812449140034,0.0025478533539971884,0.0017187322820378158,0.05649773193661983,780,False
0.05583043742928235,0.0021614915534559184,0.0014581001314100176,0.05668613813955703,780,False
-0.034518858697340254,9.340286480356998e-05,6.300775463425145e-05,0.05729482646547026,780,False
-0.03379513610120422,0.000212662271141753,0.00014345782892464433,0.057289990460492504,780,False
-0.22845073875549407,0.000864559589996557,0.000583215071911906,0.05860335886552552,780,False
-0.01747331071649777,0.005565098082213228,0.0037541068490463715,0.05718195108783868,780,False
-0.0019221602383199731,1.604442086244058e-06,1.0823254030541065e-06,0.05707489999973094,780,False
-0.007423747809230346,4.37816113918693e-05,2.9534222894259797e-05,0.0571120288885314,780,False
-0.0015130957241243988,1.211283411661932e-06,8.171082134904381e-07,0.057072140378742135,780,False
-0.03761564783045472,0.0006338601364734534,0.00042758971082251,0.05731592577903115,780,False
0.00876344983448221,9.130114513423567e-05,6.158997545248983e-05,0.057002851444297425,780,False
-5.3816998903367073e-05,1.6818942625443816e-05,1.134573133682954e-05,0.05706230237628531,780,False
0.006594548027588129,3.601619738692129e-05,2.429582574995247e-05,0.057017461178559714,780,False
0.011950404163532203,5.697472021896399e-05,3.8434037322743866e-05,0.05698133966287897,780,False
0.15568535775959708,0.017388422072362148,0.011729891087562453,0.05601828062508943,780,False
-0.12296537599701125,0.00243275639778872,0.001641090115588386,0.05789238342223677,780,False
-0.025153867743929907,4.335037983370481e-05,2.9243322478469385e-05,0.057231632695516406,780,False
-0.05835422205561551,0.008975056183401203,0.006054398213819563,0.05745905788744022,780,False
0.004307060338831958,1.2180980677845195e-06,8.217052478725397e-07,0.05703287874105823,780,False
0.2599350121598836,0.05303778393973216,0.035778256735989944,0.055328257349966214,780,False
0.02267776945109065,0.000696049671457937,0.00046954156068665647,0.05690922025679934,780,False
0.07156962807898876,0.01538963030264701,0.01038154506352959,0.05658501248077292,780,False
0.08345236325392484,0.004620580091671323,0.003116953396410239,0.056500740565280934,780,False
-0.026473223115416396,0.012416899539659177,0.008376198751058996,0.057245311054656224,780,False
0.044733878284399495,0.0005528890826111724,0.00037296821388062653,0.05676037852526638,780,False
0.04686375884443706,0.0003358226462012603,0.00022653942078728722,0.056745927619287,780,False
-0.0221906792302054,0.005184040157337418,0.003497052589709624,0.05721362765676469,780,False
-0.008800801737591379,0.0003996594670894211,0.0002696024976598304,0.05712145535958337,780,False
0.08000400787334477,0.0013692936746798022,0.0009236988614631863,0.05652276349787277,780,False
-0.010520283396276933,4.8489444766997025e-05,3.271003565742088e-05,0.05713291933550662,780,False
-0.2809073841105284,0.005101041351641641,0.00344106321084835,0.05895890821478248,780,False
0.3894944126277866,0.0035447816339328163,0.002391240695802546,0.054435781056007194,780,False
0.061356638764295514,0.0004778993619789259,0.0003223816079170473,0.056648215543725865,780,False
-0.0317900430308683,0.0006952719765654161,0.00046901694284895613,0.05727665094312536,780,False
-0.3697742110433105,0.0602371010645908,0.04063477594331002,0.059580568149601186,780,False
0.005829012296033812,0.0030980615656809726,0.0020898920325704046,0.05702380321666054,780,False
0.010389711106107894,0.00012371111674560194,8.34531114846297e-05,0.05699189345575528,780,False
0.0015506692095880608,1.2191339993878662e-06,8.224040671691299e-07,0.057051472819672794,780,False
0.005180469524723607,0.000461030296913252,0.000311002064957605,0.05702716377970243,780,False
0.0020580342265754613,0.00030145756049120844,0.00020335740283786342,0.057048165776494686,780,False
-0.11342112541384851,0.00540398864611313,0.003645425559233625,0.05782915781818167,780,False
-0.0024936973197837893,0.00021969370759513377,0.00014820109909855888,0.0570788394513717,780,False
-0.00013004031314415698,9.140891480030926e-06,6.16626747716302e-06,0.057062813608437526,780,False
0.012487806616208625,0.0011393344826339832,0.0007685728663581637,0.05697813046875262,780,False
-0.044595174778318085,0.0012003256386658276,0.0008097163131057084,0.05736322771176077,780,False
0.010598677788779706,0.00013809016187109736,9.315293545734598e-05,0.05699048933399192,780,False
-0.024971683184754977,0.0024510614059902215,0.001653438317838539,0.057231333262303084,780,False
0.09507001325977142,0.002198764607875618,0.001483243808451236,0.05642144592541345,780,False
0.0033050953912770378,2.8365715862129063e-05,1.913495981975074e-05,0.05703964824744693,780,False
0.1688527585121486,0.00569586728344731,0.0038423212069507253,0.05592503383860044,780,False
-0.18063729995681907,0.00046832991622948586,0.00031592624607097844,0.058280661053921164,780,False
0.010273185735841359,0.003572700472880662,0.0024100742011537845,0.05699400554953857,780,False
0.002714738607219405,0.00011179654046702901,7.541577022844692e-05,0.05704366278481099,780,False
-0.00020488450567842384,9.750028853686647e-06,6.577179693384305e-06,0.05706331872730423,780,False
0.016011668148130327,0.00011034125260271405,7.44340613604181e-05,0.05695396365942866,780,False
-0.0016675932165716996,0.0005062094695326692,0.00034147905545430266,0.05707337701604291,780,False
0.004453436189182097,0.00020092005825398225,0.0001355367606570731,0.05703196814870188,780,False
0.0036232328681355987,2.6286553493909575e-05,1.7732397354273392e-05,0.05703750135355186,780,False
-0.006325971555278729,7.50128063507881e-05,5.0602179139974584e-05,0.05710463553218581,780,False
-0.014891613393102805,0.00399360513213392,0.0026940082919379984,0.0571639287896274,780,False
-0.032530971610869444,0.0008825884395486854,0.0005953769829122517,0.057281721508102235,780,False
-0.001583703149099882,5.6787879136230946e-05,3.830799796494473e-05,0.05707263807973212,780,False
0.021593201445709462,0.00010290536554790816,6.941795668287391e-05,0.05691630883916459,780,False
-0.009019415460184244,0.0001744481777250228,0.0001176793452920987,0.0571228433061234,780,False
0.05662774786081107,0.0228646357688613,0.015424038260022173,0.05668867678111289,780,False
-0.08738024245186508,0.0043550701774148805,0.0029378455760493403,0.05765307672969517,780,False
-0.08876368823991679,0.008393792926307644,0.005662289334098596,0.057663980528767034,780,False
-0.13520916774159386,0.004592079066429488,0.003097727159516555,0.05797582352490417,780,False
0.00016098273006670094,1.141664322913905e-05,7.701445312637642e-06,0.05706085129949632,780,False
0.05768780978882735,0.0010535942824642145,0.0007107341961423235,0.05667318492218288,780,False
0.04064488531862842,0.00035446500498031335,0.00023911519317097718,0.05678788616623924,780,False
0.11318952836137593,0.0007202574598833699,0.00048587166358612607,0.05629865187485318,780,False
0.22936532823279215,0.027746416274964505,0.01871719237209033,0.05552507173628636,780,False
-0.02218990441125216,0.005219908084452005,0.003521248395219743,0.057213636273588345,780,False
0.0013075164650289798,6.414053518689245e-07,4.3267956627073655e-07,0.05705311285842468,780,False
-0.035208879624559486,0.003394723349593804,0.0022900142978718925,0.05730075730769336,UAE,False
0.08535561948830428,0.005959255663491359,0.004019997881624778,0.05648841130035285,UAE,False
0.028588525225370427,0.0010043200622481506,0.00067749476624157,0.05686946552400741,UAE,False
-0.009996421075675043,0.0001274060491043416,8.594564093690327e-05,0.057129415874299004,UAE,False
0.0016375383241076626,3.679646675535814e-05,2.4822180278996982e-05,0.057050900509617905,UAE,False
-0.01919061422918357,0.00013251636390214822,8.939295983403925e-05,0.05719144013666392,UAE,False
0.03596167565744154,0.00047529470699709587,0.00032062455836244145,0.05681952457597531,UAE,False
0.08041689261161775,0.000508537196069796,0.0003430492944701547,0.05651965004792872,UAE,False
-0.03869598185573143,0.016026423626917103,0.010811113445749124,0.05732916634630296,UAE,False
-0.022070293311840856,0.00012062780728124945,8.137317093248553e-05,0.05721086132043527,UAE,False
-0.07588633219000976,0.001980193584251464,0.0013358000501079532,0.05757461637159527,UAE,False
0.05788533520565725,0.0013063936476867296,0.0008812677275188254,0.05667194909005924,Tunisia,False
0.05788533520565725,0.0013063936476867296,0.0008812677275188254,0.05667194909005924,Tunisia,False
-0.1334119932981065,0.03790263231015366,0.025568378032224278,0.057976727912036424,Turkiye,True
0.04430989379276997,0.018630128094361643,0.012567521801851061,0.0567701615463833,Turkiye,True
0.04205250095692986,0.07127518061548388,0.048080849566840216,0.05680556747609694,Turkiye,True
-0.5377612602173228,0.050196540124667115,0.033861608959369925,0.06071012308099269,Turkiye,True
0.1596086437357009,0.039375293591346054,0.026561806669128208,0.05600011866145682,Turkiye,True
-0.2124386079803252,0.019124485619089596,0.012901005766022405,0.058502549781563044,Turkiye,True
-0.04161273196150906,0.013832700692900055,0.009331270652353419,0.057347995550277295,Turkiye,True
-0.2541711838397085,0.019976728584838024,0.013475912282943195,0.058784443938401515,Turkiye,True
0.06779400209386494,0.015074742690752384,0.010169128009413027,0.05661036450065607,Turkiye,True
-6.443044791352772,2.9564937715124895,1.9943931540527184,0.10257113057915215,Turkiye,False
-5.8311174676319615,2.856180385841682,1.926723696545504,0.09829131847523098,Turkiye,False
0.005019226846134052,0.0005712517842808172,0.0003853553350214624,0.05702829389734453,Turkiye,True
0.09462590397793617,0.0013340522682210912,0.0008999256945931319,0.05642411270767363,Turkiye,True
0.022313129795832207,0.005769244662089603,0.0038918201583899694,0.056913627808540423,Turkiye,True
-0.0004219967096501455,0.005857491120287007,0.003951349501490281,0.0570670344888,Turkiye,True
-0.031009121869219176,0.007817699235856833,0.005273667743416104,0.05727413481134042,Turkiye,True
0.2587278689497132,0.00950169822173796,0.006409660682496393,0.05532015085110407,Turkiye,True
-0.07434229010692711,0.018723344581844385,0.012630403829972268,0.05757070289473901,Turkiye,True
0.027220995003999778,0.017054607292628053,0.011504706134413472,0.056884849763857076,Turkiye,True
-0.10391319695408076,0.005541908582430585,0.003738463663845697,0.05776507059065821,Turkiye,True
0.23218101459242904,0.033343322000215427,0.022492756038036566,0.05550817024696326,Turkiye,True
0.04787943863475383,0.010214101162710215,0.006890233840502819,0.05674285720476349,Turkiye,True
-0.06110812805317736,0.007776374089390271,0.005245790603948642,0.057477171533177975,Turkiye,True
-0.0041444731917873266,0.01887393332006282,0.012731988061765401,0.05709716027626529,Turkiye,True
-0.15989998403687045,0.01573938948393906,0.010617485799633048,0.05814676075712895,Turkiye,True
-0.05042280228326259,0.0071844009711509015,0.00484645706035188,0.05740485737498986,Turkiye,True
0.202083865011991,0.018157007250466792,0.012248363689226048,0.055705537459532245,Turkiye,True
0.003385796785799455,1.0593363676370474e-05,7.146076950378843e-06,0.057039097013090914,Turkiye,True
-0.07208987069794102,0.020902500399310145,0.014100419930071977,0.05755635278698544,Turkiye,True
0.21340458655635497,0.03254955055650586,0.02195729327181297,0.05563456290273545,Turkiye,True
-0.13421272518248267,0.021654577835541436,0.014607756730368994,0.05797577474465062,Turkiye,True
-0.2827289189001877,0.0024442329935504374,0.0016488320037126053,0.058970139439167665,795,False
-0.2827289189001877,0.0024442329935504374,0.0016488320037126053,0.058970139439167665,795,False
0.0,0.0,0.0,0.05706193286314996,796,False
-0.001542870667400162,0.001004682395296356,0.0006777391890635596,0.05707272757261406,800,False
-0.021917233355854045,0.00011695974288696416,7.889876608608376e-05,0.05720982739131917,800,False
0.007788001851284523,6.0326979753547814e-05,4.0695406357511567e-05,0.05700941971870693,800,False
0.07959026265561459,0.0006931033547433371,0.00046755403277711416,0.05652529672876309,800,False
0.017082836313847573,7.064211281898367e-05,4.7653794353141817e-05,0.056946722511597124,800,False
0.12415154380284689,0.0023206093527212168,0.0015654379017785642,0.056225310885425726,800,False
0.002067119807143631,3.508554938259666e-06,2.3668028720057723e-06,0.05704798982548173,800,False
0.11142048813112548,0.0012183105882420473,0.0008218486100367606,0.0563107747260493,800,False
0.04029300128384091,0.0006598392183739129,0.0004451146938243666,0.056790376901296936,800,False
-0.0008081616638952163,3.8070053952480556e-06,2.5681317413498944e-06,0.05706738603000235,800,False
0.08367624472983126,0.001160806463894428,0.0007830574469929714,0.056497911613772246,800,False
0.19614857294117513,1.2020575847777082,0.810884650242761,0.05619442473223938,Ukraine,True
0.5217946886144013,0.9506373602186831,0.6412814603147154,0.05388757850449856,Ukraine,True
1.3740782223341148,0.2982282818736952,0.20117899433609193,0.04788901125252584,Ukraine,False
0.35250512710791915,0.6373338696530346,0.4299330236138704,0.054920121625580534,Ukraine,False
-0.31869155060583954,1.3392133030170172,0.903407228213802,0.05975156398246385,Ukraine,True
0.07451553838751,0.5208465400590525,0.35135293834033743,0.056758688865737116,Ukraine,False
0.6593403822868508,0.5408317234302898,0.36483455405762444,0.052806808460215716,Ukraine,False
-0.6922098948747218,0.6648461877907885,0.44849229793900663,0.06200955415893662,Ukraine,False
-1.5814468154136572,0.5774458405098146,0.38953372479449755,0.0679949284498541,Ukraine,False
0.6760054678535435,1.318340011530085,0.8893265120475078,0.05297283300051789,Ukraine,True
-0.09396779375323279,0.003094016485724889,0.002087163300364119,0.057697025541373514,807,False
-0.07871422721427643,0.00020420090114766582,0.00013774995341591918,0.05759300305359744,807,False
0.0014350573587410742,1.8297508657238053e-06,1.2343143203561376e-06,0.057052252949726795,807,False
-0.22564052389334696,0.01636148486615991,0.011037139236222009,0.05859052663741899,807,False
-0.2985898462743152,0.0072222367570176395,0.004871980345074452,0.05907904016880885,807,False
-0.03682249475348604,0.0035247955205769937,0.002377758452735759,0.05731169297937351,807,False
-0.04036503570128291,0.0030675610401430502,0.002069316971694588,0.057335413988927234,807,False
0.0009063683724553964,5.941212746276339e-07,4.0078264808528536e-07,0.05705581890719172,807,False
-0.03435855607223632,0.0005511539243231539,0.0003717977098720719,0.057293922012468336,807,False
-0.095972376711861,0.0014666691950636743,0.000989386492229465,0.05770991481080638,807,False
-0.014778383334745272,0.006971132502332801,0.004702590302273601,0.05716431316415808,807,False
-0.2730219202206415,0.019758766971531422,0.013328879620938774,0.05891153784484379,807,False
-0.05894558628813992,0.0004600852305466071,0.00031036454158112325,0.057459746649956525,807,False
-0.0008857127256556841,5.184527195982063e-06,3.4973811364997434e-06,0.05706790970468737,807,False
0.048555093899111924,0.0002651313994170593,0.00017885248161753696,0.05673449112135354,807,False
-0.001893237009631257,1.8008563917211495e-05,1.2148226705863598e-05,0.05707471120508889,807,False
-0.039886992621432894,0.0001688651791434877,0.00011391316311461916,0.05733106805953588,807,False
0.04117141354386161,0.013262107880345726,0.00894635984683264,0.05678927909411199,807,False
0.00627863969167914,8.895774378073743e-05,6.000916251060299e-05,0.057019612598835374,807,False
-0.30642359527862123,0.003982437377502235,0.0026864747420289187,0.059130595324140216,807,False
0.0024175196462384104,3.7260073348123505e-06,2.513492026299226e-06,0.057045626179991656,807,False
-0.29251674537539274,0.003909732238759143,0.0026374292705414223,0.059036750945517566,807,False
0.019884273431817277,0.004175499292740866,0.002816710552356113,0.056929400961231905,807,False
-0.01606017617930135,3.514527603130507e-05,2.3708319154776823e-05,0.057170285239870035,807,False
0.059864804952624986,0.0006180348145665733,0.000416914256682921,0.056658332757492574,807,False
-0.0015073319228647735,0.00042621190305901506,0.0002875142541571526,0.05707226512181693,807,False
-0.12450039517508778,0.0014437920179750042,0.0009739539938391998,0.0579023522389312,807,False
-0.061524950190037654,0.00018510626089436792,0.0001248690807527596,0.057477039973172106,807,False
-1.0141584627335056,0.020254084234314244,0.01366301100572191,0.06391198076129176,807,False
-0.4935249068378095,0.006843247295770754,0.00461632143104189,0.0603939438052054,807,False
0.2715171667200433,0.004013882411591282,0.002707686949989724,0.055231826408609026,807,False
0.30428062333660266,0.1247998868296781,0.08418757459188937,0.055055665031353174,Egypt,True
1.1242063622192724,0.053774245458768286,0.03627505934249011,0.04949621033507033,Egypt,True
-0.11849575489904428,0.17780136374842015,0.11994133931818715,0.057930765097615376,Egypt,True
-1.1916592367516885,0.17435063490408495,0.117613544803635,0.06517729145658292,Egypt,True
3.6668621907768277,2.028861695259082,1.3686306105337969,0.03277455684748912,Egypt,False
0.00021121792342830185,6.535066164266412e-07,4.408428438063913e-07,0.05706050827969642,834,False
-0.024063109986180563,0.0006642222494803274,0.00044807140129889686,0.0572245143262364,834,False
-0.15629028283193078,0.0015725720233460204,0.0010608264789313748,0.05811685321028188,834,False
0.007188238092682978,0.0002801944062452607,0.000189013692842496,0.05701355017148803,834,False
-0.014599213907717852,0.0001874506060522308,0.00012645053036670093,0.05716048859837007,834,False
-0.1439845657421353,0.0010401316380412998,0.0007016525582470503,0.05803363191343327,834,False
-0.0020108990261570254,6.153726163545267e-06,4.151183895852132e-06,0.057075500365894705,834,False
0.0009602483160376315,1.1516361852701438e-06,7.768713555202767e-07,0.05705545565815699,834,False
0.049136313915804156,0.0017849347094490672,0.0012040822136199314,0.05673115194291248,834,False
-0.008058947922690317,0.006494154864314737,0.004380830471400423,0.057118799235031444,834,False
0.007868301714303354,1.641142772572021e-05,1.1070829717210212e-05,0.05700886114259923,834,False
0.12061837872622089,0.0016669682002073034,0.0011245043025462646,0.05624889727829221,834,False
-0.09199128589242239,0.0097401381113424,0.006570507591108989,0.05768627845420775,834,False
-0.003837247822948189,0.00010927242415477609,7.371305049275992e-05,0.05708786027129771,834,False
-0.004232570990068281,0.0006443791523255868,0.0004346856341777398,0.057090733128450796,834,False
-0.001927001260625775,0.00013812709191339472,9.317784774508574e-05,0.057074985219831856,834,False
0.12487555869981004,0.025439632044434363,0.017161080628654294,0.0562291961872182,834,False
-0.0022978266057404576,1.8492957697652267e-06,1.247498932206981e-06,0.057077434266231346,834,False
-0.011104199986477365,6.202146251817808e-05,4.183847144968325e-05,0.05713686354016458,834,False
-0.02167450953717493,0.0008113927717454373,0.0005473497711409348,0.05720845801619744,854,False
0.017112813582139987,9.85085083291926e-05,6.645192238209218e-05,0.056946530995570434,854,False
0.036999567466751135,0.0014753359504433012,0.0009952329167217224,0.056812906403237246,854,False
0.022910853819056352,0.00015946743001647184,0.00010757362446819175,0.056907441919976716,858,False
0.01364361795764324,0.0014131699990939037,0.0009532969759187811,0.05697043876942599,858,False
0.0881827146533762,0.0026497077550616424,0.001787441278535774,0.056468078767437105,858,False
0.02247426439229749,4.5137496942689566e-05,3.044887689633859e-05,0.05691034317843579,858,False
-0.018752695644281118,0.00010284629094314297,6.937810610430774e-05,0.057188474574284644,858,False
0.0016442310351380265,3.0263805224879367e-05,2.041537396008322e-05,0.05705085284775952,858,False
-0.3014532952902122,0.015317391057122914,0.010332813874539638,0.059101584976085315,858,False
-0.35050857518392226,0.0030494048232112114,0.002057069141138926,0.05942761795670987,858,False
-0.04590350701706218,0.0026252296604275527,0.0017709288323290947,0.05737260501498548,858,False
0.012576785421522095,2.4200148704943387e-05,1.6324949292724382e-05,0.05697710161808292,858,False
-0.16605662678255387,0.0011274123128893758,0.0007605304026975908,0.058182561042782355,858,False
0.0651160408740753,0.0011661231449651215,0.0007866439765611526,0.05662311814773091,858,False
-0.005570569152662607,0.0006552662808350568,0.00044202987916678677,0.05709976323643124,858,False
0.0004295364512016198,3.50294776629868e-06,2.3630203829370176e-06,0.05705903664217036,858,False
0.023093852099219363,0.0013618716612056481,0.0009186921156331189,0.056906669028880676,858,False
-0.04290733195310223,0.0004174432515163742,0.00028159909249659887,0.05735153887457847,858,False
-0.19465708381173713,0.04421055501924912,0.02982357991647439,0.05839246638701591,858,False
1.4843802332925575e-05,9.039787514994786e-09,6.098064710203526e-09,0.05706183273322823,858,False
-0.020480520705247203,7.230884423544628e-05,4.8778138925982595e-05,0.05720011837072045,858,False
-0.011527820212248158,0.00020449899086517009,0.00013795103893742865,0.05713977611948006,858,False
0.029177124501140413,7.825598886387929e-05,5.278996693908216e-05,0.05686513967929198,858,False
0.02956643895658647,0.00011548727776742378,7.790546977601226e-05,0.056862527719681324,858,False
0.028940893711416806,0.00015112549895024774,0.00010194632013548355,0.056866761200702276,858,False
-0.055486667045130986,0.002923362845451134,0.001972043676181033,0.05743736780927607,858,False
0.5053056668635164,0.009896653247149001,0.006676089655365673,0.05365682136300031,858,False
-0.01567968900093685,3.420876432859683e-05,2.307656658808156e-05,0.05716771818565441,858,False
-0.12782305101241026,0.01423482781084532,0.009602537779251068,0.05792976501379783,858,False
0.006733267029314776,5.6508910693075425e-06,3.8119811282940833e-06,0.0570165137277696,858,False
0.03471818485966633,0.00035225443309661595,0.00023762398440406945,0.05682786578215738,858,False
0.004352968245095771,0.0001844249100940775,0.00012440945476446862,0.05703263954061166,858,False
-0.1649824080026875,0.004523252212480113,0.003051297903465257,0.05817664721872684,858,False
0.01809240022708975,0.0002324506935184256,0.0001568067135046884,0.05693997433836493,858,False
0.011247269590960403,4.920789158736409e-06,3.3194685898830996e-06,0.056986062863254874,858,False
0.17918523065054842,0.004445745482967624,0.0029990133723012888,0.055854859267896094,858,False
-0.010414543646067705,0.0030022638287064032,0.002025268743782591,0.05713334445130171,858,False
0.00021380311387224978,0.0007078824575366001,0.0004775237278659173,0.057060763067640644,858,False
0.3920075085100554,0.05793038914544213,0.03907871297972448,0.05443880049237035,858,False
-0.0460972265341988,0.0006873188807138607,0.0004636519391839044,0.05737316179291632,858,False
-0.009440783972791722,0.00015919833226694623,0.0001073920963639907,0.05712567990277288,858,False
-0.015848214239330895,0.0047288556567879995,0.003189993985198429,0.057170665572557934,858,False
0.007059604953751854,0.0001015442596822148,6.849978115798818e-05,0.05701434919689436,858,False
0.007537101707777987,6.0350241965399726e-05,4.071109859285893e-05,0.057011112251875766,858,False
-0.03352502083886398,0.0008415150051586781,0.0005676696435123933,0.057288411337451,858,False
0.009854581448452308,0.0015516404119425386,0.0010467064212844957,0.05699605235610148,858,False
0.032114753952471556,0.0002721288418870315,0.00018357282011189166,0.056845397336394266,858,False
0.0594717617176819,0.0013616032469864205,0.000918511048625153,0.056661268373998305,858,False
0.12486539878988527,0.002943425599201563,0.0019855776193663187,0.056220731492560495,858,False
0.03332787375212861,0.0017762714359259818,0.001198238137920327,0.05683779056572769,858,False
0.037633344629514356,0.00010142702511824843,6.842069700295097e-05,0.05680810451360912,858,False
-0.11150535834961091,0.005002141432822738,0.0033743472505681823,0.05781607722275718,858,False
-0.07897409211570586,0.0006962253545776886,0.00046966007309980323,0.05759494721777958,858,False
0.00018655332311082531,3.3968349137106627e-05,2.2914387179263447e-05,0.05706068748584922,858,False
-0.018426385378322873,0.0003152026771639578,0.00021262959101492937,0.05718635526757519,858,False
0.03098359500952994,0.00035795801326328393,0.00024147150857191987,0.056853060845703046,858,False
-0.042519212900781096,0.00017972470962602407,0.0001212387910118555,0.05734882872660732,858,False
0.033800369218365094,0.0034163821617755425,0.00230462491100979,0.05683523199010877,858,False
0.0017183904976944314,7.787572276087663e-06,5.253344682736928e-06,0.057050343932365515,858,False
-0.0020615326561851492,0.0003117623500514863,0.00021030881330623663,0.05707595959697205,858,False
-0.028399640153728957,7.161783416328446e-05,4.831199698089201e-05,0.0572535389683437,858,False
0.12948272814983905,0.02145211824747939,0.014471181432868296,0.056196599893067516,858,False
0.2429348283165466,0.007546830246200354,0.0050909447950976,0.05542596350055598,858,False
0.0014261685415086305,1.8667722405612112e-06,1.259288219249748e-06,0.05705231292620669,858,False
0.020811664746893725,0.0013841575711541652,0.0009337257567188634,0.05692207291953659,858,False
0.05942958660205134,0.000555657670554502,0.0003748358494203235,0.05666124482576755,858,False
-0.14921709576650247,0.008590824989883063,0.005795203329220144,0.058071887732043664,858,False
-0.2713536991481183,0.004556760352207129,0.003073901842333836,0.05889424245342717,858,False
0.006587196506776445,1.5557291299156465e-05,1.04946459084771e-05,0.05701750290141026,858,False
-0.026674366821731278,0.00510658592995516,0.003444803475460825,0.05724384488787767,860,False
0.009665128832894134,0.0003280971323886784,0.00022132793953614604,0.05699685993520741,860,False
0.10764641447297164,0.0032363143371894484,0.002183154661324146,0.056337001026918666,860,False
-0.001782985092588902,1.9923723681772895e-07,1.344015620700523e-07,0.05707396061025858,860,False
0.6891726215465019,0.009865401906713851,0.006655008109373798,0.05241639681191833,860,False
-0.041626989915966445,0.002180082696457353,0.001470641354626973,0.05734358375344137,860,False
0.12996693450403046,0.001913462225823434,0.0012907843745493285,0.05618592645847623,862,False
0.17203158004176494,0.0037665717403565268,0.0025408559847472545,0.05590286171904934,862,False
0.006503873226742913,1.5168905252023425e-06,1.0232648240497754e-06,0.05701805958370031,862,False
0.11859885097292384,0.0006491835880671718,0.00043792661301707666,0.05626213448503173,862,False
0.0020521124240548434,1.8313002546810912e-05,1.2353595079899323e-05,0.05704809675964448,862,False
-0.02056586705705797,0.0002039310315120327,0.00013756790461237376,0.0572007448893112,862,False
-0.003760462960893938,0.00041825567674833074,0.0002821471387453027,0.05708746128499877,862,False
0.17115489253758043,0.0128049167038732,0.008637947577800988,0.0559121849363338,862,False
0.005313816126191931,5.519490809875566e-05,3.723341070812136e-05,0.05702610812659118,862,False
-0.01684122690899061,1.5466133827876096e-05,1.043315285261001e-05,0.05717554646716987,862,False
-0.26376369119698906,0.0036633286427166585,0.002471210200568649,0.05884268551232556,862,False
0.10935936619803467,0.0013886166762829754,0.0009367337822482225,0.05632474347702055,862,False
0.23334523341113778,0.002003824326454147,0.0013517408888569914,0.05548858139794051,862,False
-0.007053677405250288,4.181428223023299e-05,2.8207100933259187e-05,0.05710953170696477,862,False
0.15617379572879347,0.003920724599157038,0.0026448445029142024,0.056009896208971684,862,False
-0.048374146804218005,0.00019375324800572974,0.0001307021699560085,0.05738833044990166,862,False
0.05384476831856588,0.0005224832394438933,0.00035245702388917956,0.05669890637551719,862,False
-0.06262890486949074,0.0005129008266439645,0.0003459929147232373,0.05748461415821023,862,False
0.012491337568757845,0.0012956291957041558,0.0008740062377270875,0.056978166723914744,862,False
-0.025729038889687948,0.004169909050933159,0.0028129394840392375,0.0572371059968395,862,False
0.025186560287265767,0.0010586608170532004,0.0007141519817627125,0.056892435528136026,862,False
-0.001261644970174877,1.0416661838692034e-07,7.026877329946654e-08,0.05707044371465908,862,False
0.06538619466119222,0.00013462873766689022,9.081792606119513e-05,0.05662090174244528,862,False
-0.04753051921962606,0.0027351686924211487,0.0018450915634952898,0.05738362327501555,862,False
0.003908650177661106,5.653666387877393e-07,3.8138533041834285e-07,0.05703556608734337,862,False
0.34857652032633607,0.006515961922470156,0.004395541088386755,0.054712908431171624,862,False
-0.18323360224422483,0.032737052626212376,0.022083778518559184,0.05831086832292441,862,False
0.0017564559960233754,5.650956623708637e-05,3.812025350017133e-05,0.05705010590051651,862,False
0.09858421842287868,0.0018796780447084456,0.0012679942235332008,0.056397618032311844,862,False
-0.001969154283631567,0.0008834791930416486,0.0005959778678812754,0.05707555655236273,862,False
0.08777570084573892,0.00142383586156245,0.0009604919591432696,0.05647035746285726,862,False
0.0016120049551363216,0.00010191425406440448,6.874937216676598e-05,0.05705109781374944,862,False
-0.03454786324208731,0.0034899581701756865,0.0023542578542176166,0.05729633492776531,882,False
-0.03454786324208731,0.0034899581701756865,0.0023542578542176166,0.05729633492776531,882,False
-0.016265938631697098,6.015602749427734e-05,4.058008529076552e-05,0.05717168291952898,887,False
-0.016265938631697098,6.015602749427734e-05,4.058008529076552e-05,0.05717168291952898,887,False
-0.02640903012464231,0.0002771069768538332,0.00018693097306773587,0.05724019003984939,894,False
0.02291980764952901,0.001049561419060038,0.0007080137049841756,0.05690772321626078,894,False
-0.04737097273690519,0.000690989999835502,0.00046612840468992426,0.05738175569776725,894,False
0.002979666461971176,0.0002473550307953596,0.00016686088933865373,0.057041927793817865,894,False
-0.10723817525762705,0.004672316803063034,0.0031518539749289757,0.05778716208792208,894,False
0.09839524079381545,0.0017716134693108758,0.0011950959643028864,0.05639885174047774,894,False
