sector,donor,w,rmse,n_don,n_tr,treated
1020,44,0.009254020397252271,0.04310662896217302,51,17,0.0
1020,48,0.017014453880174415,0.04310662896217302,51,17,0.0
1020,50,0.018824629469324977,0.04310662896217302,51,17,0.0
1020,84,0.009441205276903326,0.04310662896217302,51,17,0.0
1020,112,0.03298257212456149,0.04310662896217302,51,17,0.0
1020,144,0.03542072700026864,0.04310662896217302,51,17,0.0
1020,152,0.02569606653173212,0.04310662896217302,51,17,0.0
1020,188,0.014872971989048273,0.04310662896217302,51,17,0.0
1020,214,0.021375834924581394,0.04310662896217302,51,17,0.0
1020,222,0.010803401310347275,0.04310662896217302,51,17,0.0
1020,242,0.02298263938742913,0.04310662896217302,51,17,0.0
1020,258,0.0,0.04310662896217302,51,17,0.0
1020,270,0.029793406553822725,0.04310662896217302,51,17,0.0
1020,288,0.002491282168669184,0.04310662896217302,51,17,0.0
1020,304,0.006925628509672594,0.04310662896217302,51,17,0.0
1020,320,0.02598821900173586,0.04310662896217302,51,17,0.0
1020,324,0.046056318019631975,0.04310662896217302,51,17,0.0
1020,328,0.02027815771115192,0.04310662896217302,51,17,0.0
1020,332,0.03683173186668482,0.04310662896217302,51,17,0.0
1020,340,0.020759590794325895,0.04310662896217302,51,17,0.0
1020,384,0.046121203093143576,0.04310662896217302,51,17,0.0
1020,388,0.004925156254845827,0.04310662896217302,51,17,0.0
1020,398,0.026155172655213266,0.04310662896217302,51,17,0.0
1020,404,0.0,0.04310662896217302,51,17,0.0
1020,450,0.003894291521965132,0.04310662896217302,51,17,0.0
1020,458,0.0017639439934050236,0.04310662896217302,51,17,0.0
1020,462,0.01930912440905565,0.04310662896217302,51,17,0.0
1020,478,0.03372247811668467,0.04310662896217302,51,17,0.0
1020,480,0.026882211919333182,0.04310662896217302,51,17,0.0
1020,484,0.029642987546338245,0.04310662896217302,51,17,0.0
1020,504,0.026630850766000514,0.04310662896217302,51,17,0.0
1020,516,0.0,0.04310662896217302,51,17,0.0
1020,558,0.01749931189063349,0.04310662896217302,51,17,0.0
1020,584,0.00035755119781192857,0.04310662896217302,51,17,0.0
1020,591,0.010969833655497667,0.04310662896217302,51,17,0.0
1020,598,0.0,0.04310662896217302,51,17,0.0
1020,604,0.022425388088552444,0.04310662896217302,51,17,0.0
1020,608,0.021865212083542813,0.04310662896217302,51,17,0.0
1020,670,0.025975030348435162,0.04310662896217302,51,17,0.0
1020,686,0.042169528280257336,0.04310662896217302,51,17,0.0
1020,694,0.021622260305111184,0.04310662896217302,51,17,0.0
1020,704,0.03134877555009854,0.04310662896217302,51,17,0.0
1020,710,0.021223844856207607,0.04310662896217302,51,17,0.0
1020,740,0.029993421126603935,0.04310662896217302,51,17,0.0
1020,764,0.025618872348769653,0.04310662896217302,51,17,0.0
1020,780,0.010915173503605565,0.04310662896217302,51,17,0.0
1020,796,0.0065565679008527744,0.04310662896217302,51,17,0.0
1020,800,0.02696168815690335,0.04310662896217302,51,17,0.0
1020,834,0.0,0.04310662896217302,51,17,0.0
1020,858,0.01984948120698806,0.04310662896217302,51,17,0.0
1020,862,0.03780778230682508,0.04310662896217302,51,17,0.0
1020,32,,0.04310662896217302,51,17,1.0
1020,76,,0.04310662896217302,51,17,1.0
1020,100,,0.04310662896217302,51,17,1.0
1020,170,,0.04310662896217302,51,17,1.0
1020,191,,0.04310662896217302,51,17,1.0
1020,218,,0.04310662896217302,51,17,1.0
1020,360,,0.04310662896217302,51,17,1.0
1020,566,,0.04310662896217302,51,17,1.0
1020,586,,0.04310662896217302,51,17,1.0
1020,616,,0.04310662896217302,51,17,1.0
1020,643,,0.04310662896217302,51,17,1.0
1020,699,,0.04310662896217302,51,17,1.0
1020,784,,0.04310662896217302,51,17,1.0
1020,788,,0.04310662896217302,51,17,1.0
1020,792,,0.04310662896217302,51,17,1.0
1020,804,,0.04310662896217302,51,17,1.0
1020,818,,0.04310662896217302,51,17,1.0
1030,4,0.005673774271695803,0.05860287263726278,56,20,0.0
1030,8,0.01351870699270178,0.05860287263726278,56,20,0.0
1030,31,0.01332503297978973,0.05860287263726278,56,20,0.0
1030,50,0.021736222123656595,0.05860287263726278,56,20,0.0
1030,51,0.018640175429927314,0.05860287263726278,56,20,0.0
1030,52,0.009885665807560541,0.05860287263726278,56,20,0.0
1030,70,0.021487767320244384,0.05860287263726278,56,20,0.0
1030,84,0.012963483647594923,0.05860287263726278,56,20,0.0
1030,112,0.025355145733133244,0.05860287263726278,56,20,0.0
1030,120,0.012489845298987081,0.05860287263726278,56,20,0.0
1030,144,0.019854532330804687,0.05860287263726278,56,20,0.0
1030,152,0.015313546146636731,0.05860287263726278,56,20,0.0
1030,170,0.019052298492387605,0.05860287263726278,56,20,0.0
1030,188,0.017180897278677852,0.05860287263726278,56,20,0.0
1030,214,0.0206116158854393,0.05860287263726278,56,20,0.0
1030,222,0.01971216179073513,0.05860287263726278,56,20,0.0
1030,231,0.012177523144036041,0.05860287263726278,56,20,0.0
1030,242,0.022333726909551706,0.05860287263726278,56,20,0.0
1030,258,0.01673760998528979,0.05860287263726278,56,20,0.0
1030,268,0.012827649628926827,0.05860287263726278,56,20,0.0
1030,275,0.007959013479126423,0.05860287263726278,56,20,0.0
1030,288,0.014599238961225166,0.05860287263726278,56,20,0.0
1030,320,0.01883732408555884,0.05860287263726278,56,20,0.0
1030,328,0.007406720246965867,0.05860287263726278,56,20,0.0
1030,332,0.028034464021024226,0.05860287263726278,56,20,0.0
1030,340,0.02484332315947223,0.05860287263726278,56,20,0.0
1030,384,0.012821661506478926,0.05860287263726278,56,20,0.0
1030,388,0.013042231247694673,0.05860287263726278,56,20,0.0
1030,400,0.02078434214664704,0.05860287263726278,56,20,0.0
1030,404,0.015292896535482128,0.05860287263726278,56,20,0.0
1030,422,0.026123878806616024,0.05860287263726278,56,20,0.0
1030,450,0.015199952894461815,0.05860287263726278,56,20,0.0
1030,458,0.031278052332094436,0.05860287263726278,56,20,0.0
1030,484,0.027831480189069845,0.05860287263726278,56,20,0.0
1030,498,0.01444566112580757,0.05860287263726278,56,20,0.0
1030,504,0.023766629058932915,0.05860287263726278,56,20,0.0
1030,508,0.012000757012968462,0.05860287263726278,56,20,0.0
1030,558,0.016701788877386933,0.05860287263726278,56,20,0.0
1030,591,0.013445580544423907,0.05860287263726278,56,20,0.0
1030,600,0.004359537370796098,0.05860287263726278,56,20,0.0
1030,604,0.020473336654337065,0.05860287263726278,56,20,0.0
1030,608,0.026499900827868968,0.05860287263726278,56,20,0.0
1030,688,0.02074127078676448,0.05860287263726278,56,20,0.0
1030,694,0.021723679112699568,0.05860287263726278,56,20,0.0
1030,704,0.027695846835949552,0.05860287263726278,56,20,0.0
1030,748,0.02671387237931867,0.05860287263726278,56,20,0.0
1030,760,0.009992843402783079,0.05860287263726278,56,20,0.0
1030,764,0.03356405702049152,0.05860287263726278,56,20,0.0
1030,768,0.005708096280773957,0.05860287263726278,56,20,0.0
1030,780,0.02228225157582495,0.05860287263726278,56,20,0.0
1030,788,0.017826968413824505,0.05860287263726278,56,20,0.0
1030,807,0.016086257671276544,0.05860287263726278,56,20,0.0
1030,834,0.02134886896451244,0.05860287263726278,56,20,0.0
1030,858,0.019325610430402453,0.05860287263726278,56,20,0.0
1030,860,0.01945644688757026,0.05860287263726278,56,20,0.0
1030,882,0.010908777955591477,0.05860287263726278,56,20,0.0
1030,32,,0.05860287263726278,56,20,1.0
1030,68,,0.05860287263726278,56,20,1.0
1030,76,,0.05860287263726278,56,20,1.0
1030,100,,0.05860287263726278,56,20,1.0
1030,191,,0.05860287263726278,56,20,1.0
1030,218,,0.05860287263726278,56,20,1.0
1030,348,,0.05860287263726278,56,20,1.0
1030,360,,0.05860287263726278,56,20,1.0
1030,566,,0.05860287263726278,56,20,1.0
1030,586,,0.05860287263726278,56,20,1.0
1030,616,,0.05860287263726278,56,20,1.0
1030,642,,0.05860287263726278,56,20,1.0
1030,643,,0.05860287263726278,56,20,1.0
1030,682,,0.05860287263726278,56,20,1.0
1030,699,,0.05860287263726278,56,20,1.0
1030,710,,0.05860287263726278,56,20,1.0
1030,784,,0.05860287263726278,56,20,1.0
1030,792,,0.05860287263726278,56,20,1.0
1030,804,,0.05860287263726278,56,20,1.0
1030,818,,0.05860287263726278,56,20,1.0
1074,50,0.04079517020437348,0.06701608686978594,24,15,0.0
1074,68,0.07062862112458251,0.06701608686978594,24,15,0.0
1074,70,0.04901773158575832,0.06701608686978594,24,15,0.0
1074,152,0.054280509249568724,0.06701608686978594,24,15,0.0
1074,188,0.04680832120414676,0.06701608686978594,24,15,0.0
1074,214,0.04413755540292735,0.06701608686978594,24,15,0.0
1074,222,0.03262435182109637,0.06701608686978594,24,15,0.0
1074,242,0.05885481830688448,0.06701608686978594,24,15,0.0
1074,320,0.04254636348577232,0.06701608686978594,24,15,0.0
1074,328,0.06536729040433337,0.06701608686978594,24,15,0.0
1074,332,0.056914236947704915,0.06701608686978594,24,15,0.0
1074,340,0.01837570960188662,0.06701608686978594,24,15,0.0
1074,400,0.05917039558543365,0.06701608686978594,24,15,0.0
1074,422,0.016897793262998242,0.06701608686978594,24,15,0.0
1074,458,0.04014014495574185,0.06701608686978594,24,15,0.0
1074,484,0.02750725871677232,0.06701608686978594,24,15,0.0
1074,504,0.043687290102508936,0.06701608686978594,24,15,0.0
1074,604,0.059355125686744566,0.06701608686978594,24,15,0.0
1074,608,0.02259026285757595,0.06701608686978594,24,15,0.0
1074,704,0.037587862717235986,0.06701608686978594,24,15,0.0
1074,764,0.017613204535760898,0.06701608686978594,24,15,0.0
1074,780,0.05800320419505347,0.06701608686978594,24,15,0.0
1074,807,0.005153344592507966,0.06701608686978594,24,15,0.0
1074,858,0.03194343345263089,0.06701608686978594,24,15,0.0
1074,32,,0.06701608686978594,24,15,1.0
1074,76,,0.06701608686978594,24,15,1.0
1074,191,,0.06701608686978594,24,15,1.0
1074,218,,0.06701608686978594,24,15,1.0
1074,348,,0.06701608686978594,24,15,1.0
1074,360,,0.06701608686978594,24,15,1.0
1074,586,,0.06701608686978594,24,15,1.0
1074,616,,0.06701608686978594,24,15,1.0
1074,642,,0.06701608686978594,24,15,1.0
1074,643,,0.06701608686978594,24,15,1.0
1074,699,,0.06701608686978594,24,15,1.0
1074,784,,0.06701608686978594,24,15,1.0
1074,788,,0.06701608686978594,24,15,1.0
1074,792,,0.06701608686978594,24,15,1.0
1074,804,,0.06701608686978594,24,15,1.0
1080,152,0.01012301983514007,0.44079722399617605,10,6,0.0
1080,188,0.0,0.44079722399617605,10,6,0.0
1080,214,0.26846487417567677,0.44079722399617605,10,6,0.0
1080,458,0.12613944219014317,0.44079722399617605,10,6,0.0
1080,484,0.0,0.44079722399617605,10,6,0.0
1080,600,0.013489809546177515,0.44079722399617605,10,6,0.0
1080,604,0.3729912617029629,0.44079722399617605,10,6,0.0
1080,710,0.20879159254989973,0.44079722399617605,10,6,0.0
1080,764,0.0,0.44079722399617605,10,6,0.0
1080,858,0.0,0.44079722399617605,10,6,0.0
1080,32,,0.44079722399617605,10,6,1.0
1080,76,,0.44079722399617605,10,6,1.0
1080,170,,0.44079722399617605,10,6,1.0
1080,218,,0.44079722399617605,10,6,1.0
1080,360,,0.44079722399617605,10,6,1.0
1080,699,,0.44079722399617605,10,6,1.0
1311,50,0.08508488432208927,0.19081849991105881,17,16,0.0
1311,68,0.013878975932380242,0.19081849991105881,17,16,0.0
1311,144,0.06538448432205357,0.19081849991105881,17,16,0.0
1311,152,0.0,0.19081849991105881,17,16,0.0
1311,188,0.0,0.19081849991105881,17,16,0.0
1311,214,0.04122868924865128,0.19081849991105881,17,16,0.0
1311,222,0.10964274653243497,0.19081849991105881,17,16,0.0
1311,320,0.01882751807438019,0.19081849991105881,17,16,0.0
1311,340,0.10320544757059925,0.19081849991105881,17,16,0.0
1311,458,0.0,0.19081849991105881,17,16,0.0
1311,558,0.04189984578783742,0.19081849991105881,17,16,0.0
1311,604,0.06743506815186666,0.19081849991105881,17,16,0.0
1311,608,0.05349821488053833,0.19081849991105881,17,16,0.0
1311,710,0.06072390757406364,0.19081849991105881,17,16,0.0
1311,764,0.08254173051934917,0.19081849991105881,17,16,0.0
1311,807,0.14855046871390834,0.19081849991105881,17,16,0.0
1311,858,0.10809801836984766,0.19081849991105881,17,16,0.0
1311,32,,0.19081849991105881,17,16,1.0
1311,76,,0.19081849991105881,17,16,1.0
1311,100,,0.19081849991105881,17,16,1.0
1311,170,,0.19081849991105881,17,16,1.0
1311,218,,0.19081849991105881,17,16,1.0
1311,348,,0.19081849991105881,17,16,1.0
1311,360,,0.19081849991105881,17,16,1.0
1311,484,,0.19081849991105881,17,16,1.0
1311,524,,0.19081849991105881,17,16,1.0
1311,586,,0.19081849991105881,17,16,1.0
1311,616,,0.19081849991105881,17,16,1.0
1311,642,,0.19081849991105881,17,16,1.0
1311,699,,0.19081849991105881,17,16,1.0
1311,704,,0.19081849991105881,17,16,1.0
1311,792,,0.19081849991105881,17,16,1.0
1311,818,,0.19081849991105881,17,16,1.0
1312,44,0.046798966394057284,0.054317849116865956,30,21,0.0
1312,48,0.022383935932798422,0.054317849116865956,30,21,0.0
1312,50,0.0292404421616554,0.054317849116865956,30,21,0.0
1312,112,0.026773654474867563,0.054317849116865956,30,21,0.0
1312,116,0.030851006037133012,0.054317849116865956,30,21,0.0
1312,144,0.050024655066366684,0.054317849116865956,30,21,0.0
1312,152,0.04238055498281109,0.054317849116865956,30,21,0.0
1312,188,0.00022946097141210664,0.054317849116865956,30,21,0.0
1312,214,0.0,0.054317849116865956,30,21,0.0
1312,222,0.042758501046309,0.054317849116865956,30,21,0.0
1312,231,0.06050737713916231,0.054317849116865956,30,21,0.0
1312,288,0.0387475881373189,0.054317849116865956,30,21,0.0
1312,320,0.0258934945904829,0.054317849116865956,30,21,0.0
1312,340,0.03238050367480503,0.054317849116865956,30,21,0.0
1312,384,0.040995518169085,0.054317849116865956,30,21,0.0
1312,404,0.00036678243092445753,0.054317849116865956,30,21,0.0
1312,418,0.04420966549853838,0.054317849116865956,30,21,0.0
1312,422,0.013327405845601598,0.054317849116865956,30,21,0.0
1312,450,0.02556664056100601,0.054317849116865956,30,21,0.0
1312,458,0.03666052453497751,0.054317849116865956,30,21,0.0
1312,466,0.019153121920750596,0.054317849116865956,30,21,0.0
1312,504,0.045881055507143546,0.054317849116865956,30,21,0.0
1312,558,0.062050425291235355,0.054317849116865956,30,21,0.0
1312,604,0.03816082331635655,0.054317849116865956,30,21,0.0
1312,608,0.022866917672557587,0.054317849116865956,30,21,0.0
1312,686,0.0410769834778436,0.054317849116865956,30,21,0.0
1312,704,0.04248540016753617,0.054317849116865956,30,21,0.0
1312,710,0.02076836519678282,0.054317849116865956,30,21,0.0
1312,764,0.03776300156480121,0.054317849116865956,30,21,0.0
1312,780,0.05969722823568015,0.054317849116865956,30,21,0.0
1312,32,,0.054317849116865956,30,21,1.0
1312,76,,0.054317849116865956,30,21,1.0
1312,100,,0.054317849116865956,30,21,1.0
1312,170,,0.054317849116865956,30,21,1.0
1312,218,,0.054317849116865956,30,21,1.0
1312,348,,0.054317849116865956,30,21,1.0
1312,360,,0.054317849116865956,30,21,1.0
1312,484,,0.054317849116865956,30,21,1.0
1312,524,,0.054317849116865956,30,21,1.0
1312,566,,0.054317849116865956,30,21,1.0
1312,586,,0.054317849116865956,30,21,1.0
1312,616,,0.054317849116865956,30,21,1.0
1312,642,,0.054317849116865956,30,21,1.0
1312,643,,0.054317849116865956,30,21,1.0
1312,682,,0.054317849116865956,30,21,1.0
1312,699,,0.054317849116865956,30,21,1.0
1312,784,,0.054317849116865956,30,21,1.0
1312,788,,0.054317849116865956,30,21,1.0
1312,792,,0.054317849116865956,30,21,1.0
1312,804,,0.054317849116865956,30,21,1.0
1312,818,,0.054317849116865956,30,21,1.0
1391,50,0.055167169578568556,0.15580854826151327,15,11,0.0
1391,144,0.12851281490433342,0.15580854826151327,15,11,0.0
1391,152,0.07383175695990934,0.15580854826151327,15,11,0.0
1391,188,0.0037271952464982524,0.15580854826151327,15,11,0.0
1391,214,0.12570313356181767,0.15580854826151327,15,11,0.0
1391,222,0.03524192485341244,0.15580854826151327,15,11,0.0
1391,320,0.12531923556893904,0.15580854826151327,15,11,0.0
1391,340,0.01932447235787254,0.15580854826151327,15,11,0.0
1391,458,0.10826404811325069,0.15580854826151327,15,11,0.0
1391,558,0.0,0.15580854826151327,15,11,0.0
1391,604,0.05991609730378605,0.15580854826151327,15,11,0.0
1391,608,0.0,0.15580854826151327,15,11,0.0
1391,704,0.0,0.15580854826151327,15,11,0.0
1391,710,0.22553531902735346,0.15580854826151327,15,11,0.0
1391,764,0.03945683252425835,0.15580854826151327,15,11,0.0
1391,76,,0.15580854826151327,15,11,1.0
1391,100,,0.15580854826151327,15,11,1.0
1391,170,,0.15580854826151327,15,11,1.0
1391,360,,0.15580854826151327,15,11,1.0
1391,484,,0.15580854826151327,15,11,1.0
1391,586,,0.15580854826151327,15,11,1.0
1391,616,,0.15580854826151327,15,11,1.0
1391,642,,0.15580854826151327,15,11,1.0
1391,699,,0.15580854826151327,15,11,1.0
1391,784,,0.15580854826151327,15,11,1.0
1391,792,,0.15580854826151327,15,11,1.0
1393,4,0.010295974235111463,0.029872734710430636,34,16,0.0
1393,31,0.08274117115830391,0.029872734710430636,34,16,0.0
1393,44,0.01998191347654943,0.029872734710430636,34,16,0.0
1393,50,0.030150286530404316,0.029872734710430636,34,16,0.0
1393,51,0.04362754886801238,0.029872734710430636,34,16,0.0
1393,70,0.0038138305163700507,0.029872734710430636,34,16,0.0
1393,144,0.041075215001447715,0.029872734710430636,34,16,0.0
1393,152,0.038472016094350234,0.029872734710430636,34,16,0.0
1393,170,0.04469959097519959,0.029872734710430636,34,16,0.0
1393,188,0.005302929916547154,0.029872734710430636,34,16,0.0
1393,214,0.004520679849330635,0.029872734710430636,34,16,0.0
1393,231,0.0,0.029872734710430636,34,16,0.0
1393,320,0.0456830403736243,0.029872734710430636,34,16,0.0
1393,364,0.0,0.029872734710430636,34,16,0.0
1393,398,0.0,0.029872734710430636,34,16,0.0
1393,400,0.0,0.029872734710430636,34,16,0.0
1393,404,0.020593920411480802,0.029872734710430636,34,16,0.0
1393,417,0.016271800865230474,0.029872734710430636,34,16,0.0
1393,422,0.03947778169696301,0.029872734710430636,34,16,0.0
1393,458,0.0,0.029872734710430636,34,16,0.0
1393,484,0.035948070284070655,0.029872734710430636,34,16,0.0
1393,496,0.04739959277380278,0.029872734710430636,34,16,0.0
1393,504,0.026212112287731067,0.029872734710430636,34,16,0.0
1393,512,0.0,0.029872734710430636,34,16,0.0
1393,524,0.019085557292911975,0.029872734710430636,34,16,0.0
1393,558,0.05809652081266922,0.029872734710430636,34,16,0.0
1393,604,0.04234723619141506,0.029872734710430636,34,16,0.0
1393,608,0.03871575985965127,0.029872734710430636,34,16,0.0
1393,704,0.054414063301094516,0.029872734710430636,34,16,0.0
1393,710,0.06380501076940354,0.029872734710430636,34,16,0.0
1393,748,0.07959476378201268,0.029872734710430636,34,16,0.0
1393,764,0.08240099725978478,0.029872734710430636,34,16,0.0
1393,858,0.005272615416526775,0.029872734710430636,34,16,0.0
1393,860,0.0,0.029872734710430636,34,16,0.0
1393,32,,0.029872734710430636,34,16,1.0
1393,76,,0.029872734710430636,34,16,1.0
1393,100,,0.029872734710430636,34,16,1.0
1393,218,,0.029872734710430636,34,16,1.0
1393,348,,0.029872734710430636,34,16,1.0
1393,360,,0.029872734710430636,34,16,1.0
1393,586,,0.029872734710430636,34,16,1.0
1393,616,,0.029872734710430636,34,16,1.0
1393,642,,0.029872734710430636,34,16,1.0
1393,682,,0.029872734710430636,34,16,1.0
1393,699,,0.029872734710430636,34,16,1.0
1393,784,,0.029872734710430636,34,16,1.0
1393,788,,0.029872734710430636,34,16,1.0
1393,792,,0.029872734710430636,34,16,1.0
1393,804,,0.029872734710430636,34,16,1.0
1393,818,,0.029872734710430636,34,16,1.0
1399,50,0.05038682117575786,0.14068048078909515,24,20,0.0
1399,116,0.020900280804393156,0.14068048078909515,24,20,0.0
1399,144,0.01992631841081724,0.14068048078909515,24,20,0.0
1399,152,0.11366325117167408,0.14068048078909515,24,20,0.0
1399,188,0.0,0.14068048078909515,24,20,0.0
1399,214,0.09813346420844413,0.14068048078909515,24,20,0.0
1399,222,0.07828861059666399,0.14068048078909515,24,20,0.0
1399,242,0.041772986961753814,0.14068048078909515,24,20,0.0
1399,320,0.02836046080013921,0.14068048078909515,24,20,0.0
1399,340,0.041297801477585175,0.14068048078909515,24,20,0.0
1399,388,0.0818854345773401,0.14068048078909515,24,20,0.0
1399,422,0.01664785894956126,0.14068048078909515,24,20,0.0
1399,450,0.009823109531651764,0.14068048078909515,24,20,0.0
1399,458,0.07720936779303242,0.14068048078909515,24,20,0.0
1399,504,0.0,0.14068048078909515,24,20,0.0
1399,524,0.0,0.14068048078909515,24,20,0.0
1399,558,0.0,0.14068048078909515,24,20,0.0
1399,566,0.0,0.14068048078909515,24,20,0.0
1399,591,0.0,0.14068048078909515,24,20,0.0
1399,604,0.0893176610543297,0.14068048078909515,24,20,0.0
1399,608,0.08421379847037716,0.14068048078909515,24,20,0.0
1399,688,0.0005254709411753208,0.14068048078909515,24,20,0.0
1399,710,0.0729143247286682,0.14068048078909515,24,20,0.0
1399,764,0.07473297834663535,0.14068048078909515,24,20,0.0
1399,32,,0.14068048078909515,24,20,1.0
1399,76,,0.14068048078909515,24,20,1.0
1399,100,,0.14068048078909515,24,20,1.0
1399,170,,0.14068048078909515,24,20,1.0
1399,191,,0.14068048078909515,24,20,1.0
1399,218,,0.14068048078909515,24,20,1.0
1399,348,,0.14068048078909515,24,20,1.0
1399,360,,0.14068048078909515,24,20,1.0
1399,484,,0.14068048078909515,24,20,1.0
1399,586,,0.14068048078909515,24,20,1.0
1399,616,,0.14068048078909515,24,20,1.0
1399,642,,0.14068048078909515,24,20,1.0
1399,643,,0.14068048078909515,24,20,1.0
1399,682,,0.14068048078909515,24,20,1.0
1399,699,,0.14068048078909515,24,20,1.0
1399,704,,0.14068048078909515,24,20,1.0
1399,784,,0.14068048078909515,24,20,1.0
1399,788,,0.14068048078909515,24,20,1.0
1399,792,,0.14068048078909515,24,20,1.0
1399,818,,0.14068048078909515,24,20,1.0
1410,4,0.005238067084803793,0.0468432151010757,77,25,0.0
1410,8,0.00785335175553549,0.0468432151010757,77,25,0.0
1410,44,0.0,0.0468432151010757,77,25,0.0
1410,48,0.008689088731189685,0.0468432151010757,77,25,0.0
1410,51,0.01475277376836523,0.0468432151010757,77,25,0.0
1410,60,0.003986317810399177,0.0468432151010757,77,25,0.0
1410,70,0.014196494191025507,0.0468432151010757,77,25,0.0
1410,96,0.013607865394100178,0.0468432151010757,77,25,0.0
1410,112,0.019445646359358568,0.0468432151010757,77,25,0.0
1410,116,0.023341265249197173,0.0468432151010757,77,25,0.0
1410,120,0.012110019231892555,0.0468432151010757,77,25,0.0
1410,144,0.0176292040133255,0.0468432151010757,77,25,0.0
1410,152,0.00919756172730941,0.0468432151010757,77,25,0.0
1410,184,0.0011459824090631653,0.0468432151010757,77,25,0.0
1410,188,0.012333722440378619,0.0468432151010757,77,25,0.0
1410,212,0.011203443737624243,0.0468432151010757,77,25,0.0
1410,214,0.01451612586252572,0.0468432151010757,77,25,0.0
1410,222,0.017876386652740536,0.0468432151010757,77,25,0.0
1410,231,0.010009966922171655,0.0468432151010757,77,25,0.0
1410,242,0.015223887883417922,0.0468432151010757,77,25,0.0
1410,258,0.0,0.0468432151010757,77,25,0.0
1410,268,0.01547948978784103,0.0468432151010757,77,25,0.0
1410,288,0.017809716806027668,0.0468432151010757,77,25,0.0
1410,320,0.015489627885704198,0.0468432151010757,77,25,0.0
1410,324,0.004848657730524453,0.0468432151010757,77,25,0.0
1410,328,0.001573351581046996,0.0468432151010757,77,25,0.0
1410,332,0.020443758719481207,0.0468432151010757,77,25,0.0
1410,340,0.019643134789355924,0.0468432151010757,77,25,0.0
1410,384,0.00895602224521966,0.0468432151010757,77,25,0.0
1410,388,0.0073820438105063205,0.0468432151010757,77,25,0.0
1410,398,0.007446265911682411,0.0468432151010757,77,25,0.0
1410,400,0.01844924171294752,0.0468432151010757,77,25,0.0
1410,404,0.009640350727943793,0.0468432151010757,77,25,0.0
1410,414,0.006615043261095348,0.0468432151010757,77,25,0.0
1410,417,0.016707931531786648,0.0468432151010757,77,25,0.0
1410,418,0.0041721727340675386,0.0468432151010757,77,25,0.0
1410,422,0.021920876329871664,0.0468432151010757,77,25,0.0
1410,426,0.016083680321882506,0.0468432151010757,77,25,0.0
1410,450,0.012903015872789794,0.0468432151010757,77,25,0.0
1410,454,0.0,0.0468432151010757,77,25,0.0
1410,458,0.022498279591037493,0.0468432151010757,77,25,0.0
1410,466,0.007889719002392137,0.0468432151010757,77,25,0.0
1410,478,0.003964440375315213,0.0468432151010757,77,25,0.0
1410,480,0.013308459535718692,0.0468432151010757,77,25,0.0
1410,496,0.0,0.0468432151010757,77,25,0.0
1410,498,0.011354057038751857,0.0468432151010757,77,25,0.0
1410,504,0.017920189013149297,0.0468432151010757,77,25,0.0
1410,512,0.016208124015563354,0.0468432151010757,77,25,0.0
1410,516,0.008201682294846248,0.0468432151010757,77,25,0.0
1410,524,0.004760803739968923,0.0468432151010757,77,25,0.0
1410,533,0.007833059912811267,0.0468432151010757,77,25,0.0
1410,558,0.01975297250434088,0.0468432151010757,77,25,0.0
1410,562,0.008168360780928608,0.0468432151010757,77,25,0.0
1410,591,0.0084315845070824,0.0468432151010757,77,25,0.0
1410,600,0.02295140190336405,0.0468432151010757,77,25,0.0
1410,604,0.013736586523701102,0.0468432151010757,77,25,0.0
1410,608,0.019568298557563136,0.0468432151010757,77,25,0.0
1410,634,0.001786295584699092,0.0468432151010757,77,25,0.0
1410,686,0.016717970117476354,0.0468432151010757,77,25,0.0
1410,688,0.01806094023774951,0.0468432151010757,77,25,0.0
1410,694,0.00773332748539769,0.0468432151010757,77,25,0.0
1410,710,0.015083098864604245,0.0468432151010757,77,25,0.0
1410,716,0.02357086213120126,0.0468432151010757,77,25,0.0
1410,740,0.02777952418441805,0.0468432151010757,77,25,0.0
1410,748,0.021944234774628268,0.0468432151010757,77,25,0.0
1410,760,0.0015751370988609942,0.0468432151010757,77,25,0.0
1410,768,0.014908322218085975,0.0468432151010757,77,25,0.0
1410,780,0.017281312704285172,0.0468432151010757,77,25,0.0
1410,795,0.03345790446054073,0.0468432151010757,77,25,0.0
1410,800,0.014277988723280243,0.0468432151010757,77,25,0.0
1410,807,0.01496699992459553,0.0468432151010757,77,25,0.0
1410,834,0.013335237779355549,0.0468432151010757,77,25,0.0
1410,854,0.013666980042133119,0.0468432151010757,77,25,0.0
1410,858,0.013154864527701697,0.0468432151010757,77,25,0.0
1410,860,0.026385300522251513,0.0468432151010757,77,25,0.0
1410,862,0.030268149406719513,0.0468432151010757,77,25,0.0
1410,887,0.009575976931282188,0.0468432151010757,77,25,0.0
1410,32,,0.0468432151010757,77,25,1.0
1410,50,,0.0468432151010757,77,25,1.0
1410,68,,0.0468432151010757,77,25,1.0
1410,76,,0.0468432151010757,77,25,1.0
1410,100,,0.0468432151010757,77,25,1.0
1410,170,,0.0468432151010757,77,25,1.0
1410,191,,0.0468432151010757,77,25,1.0
1410,218,,0.0468432151010757,77,25,1.0
1410,348,,0.0468432151010757,77,25,1.0
1410,360,,0.0468432151010757,77,25,1.0
1410,484,,0.0468432151010757,77,25,1.0
1410,566,,0.0468432151010757,77,25,1.0
1410,586,,0.0468432151010757,77,25,1.0
1410,616,,0.0468432151010757,77,25,1.0
1410,642,,0.0468432151010757,77,25,1.0
1410,643,,0.0468432151010757,77,25,1.0
1410,682,,0.0468432151010757,77,25,1.0
1410,699,,0.0468432151010757,77,25,1.0
1410,704,,0.0468432151010757,77,25,1.0
1410,764,,0.0468432151010757,77,25,1.0
1410,784,,0.0468432151010757,77,25,1.0
1410,788,,0.0468432151010757,77,25,1.0
1410,792,,0.0468432151010757,77,25,1.0
1410,804,,0.0468432151010757,77,25,1.0
1410,818,,0.0468432151010757,77,25,1.0
1420,170,0.3884798565261618,0.2785029981879965,8,10,0.0
1420,484,0.08622432860024479,0.2785029981879965,8,10,0.0
1420,586,0.06472227299790942,0.2785029981879965,8,10,0.0
1420,604,0.17653336379744816,0.2785029981879965,8,10,0.0
1420,608,0.04732962487407579,0.2785029981879965,8,10,0.0
1420,710,0.0,0.2785029981879965,8,10,0.0
1420,764,0.2367105532041599,0.2785029981879965,8,10,0.0
1420,858,0.0,0.2785029981879965,8,10,0.0
1420,32,,0.2785029981879965,8,10,1.0
1420,76,,0.2785029981879965,8,10,1.0
1420,100,,0.2785029981879965,8,10,1.0
1420,348,,0.2785029981879965,8,10,1.0
1420,360,,0.2785029981879965,8,10,1.0
1420,616,,0.2785029981879965,8,10,1.0
1420,642,,0.2785029981879965,8,10,1.0
1420,699,,0.2785029981879965,8,10,1.0
1420,704,,0.2785029981879965,8,10,1.0
1420,792,,0.2785029981879965,8,10,1.0
1430,8,0.017420171000785568,0.03338893801139876,38,21,0.0
1430,51,0.039264004160561174,0.03338893801139876,38,21,0.0
1430,70,0.030157823707423256,0.03338893801139876,38,21,0.0
1430,96,0.03022736858871163,0.03338893801139876,38,21,0.0
1430,112,0.03216769681572731,0.03338893801139876,38,21,0.0
1430,116,0.0405033820016834,0.03338893801139876,38,21,0.0
1430,144,0.031697420983041735,0.03338893801139876,38,21,0.0
1430,152,0.01449925770406168,0.03338893801139876,38,21,0.0
1430,188,0.027368298680628775,0.03338893801139876,38,21,0.0
1430,214,0.027306400107633043,0.03338893801139876,38,21,0.0
1430,222,0.03139687200288835,0.03338893801139876,38,21,0.0
1430,231,0.01232311218334562,0.03338893801139876,38,21,0.0
1430,320,0.025284370855170168,0.03338893801139876,38,21,0.0
1430,332,0.03255417601115755,0.03338893801139876,38,21,0.0
1430,340,0.033793036815681056,0.03338893801139876,38,21,0.0
1430,400,0.032684934855978585,0.03338893801139876,38,21,0.0
1430,404,0.022400137739338206,0.03338893801139876,38,21,0.0
1430,418,0.018869124717576607,0.03338893801139876,38,21,0.0
1430,422,0.016213191772421177,0.03338893801139876,38,21,0.0
1430,426,0.0316939079076395,0.03338893801139876,38,21,0.0
1430,450,0.01176358018442574,0.03338893801139876,38,21,0.0
1430,458,0.03968376396903666,0.03338893801139876,38,21,0.0
1430,480,0.025298491332725635,0.03338893801139876,38,21,0.0
1430,496,0.007748616034868897,0.03338893801139876,38,21,0.0
1430,498,0.008529935147194202,0.03338893801139876,38,21,0.0
1430,504,0.031941194032217644,0.03338893801139876,38,21,0.0
1430,524,0.015239052222222233,0.03338893801139876,38,21,0.0
1430,558,0.03240232055209799,0.03338893801139876,38,21,0.0
1430,591,0.024244666687174312,0.03338893801139876,38,21,0.0
1430,604,0.02633068403307946,0.03338893801139876,38,21,0.0
1430,608,0.03519989806514761,0.03338893801139876,38,21,0.0
1430,688,0.031036819211733496,0.03338893801139876,38,21,0.0
1430,694,0.0,0.03338893801139876,38,21,0.0
1430,704,0.03824856823385844,0.03338893801139876,38,21,0.0
1430,710,0.023233126560233817,0.03338893801139876,38,21,0.0
1430,764,0.04623746047170785,0.03338893801139876,38,21,0.0
1430,807,0.027063164299943057,0.03338893801139876,38,21,0.0
1430,858,0.027973970350878487,0.03338893801139876,38,21,0.0
1430,32,,0.03338893801139876,38,21,1.0
1430,50,,0.03338893801139876,38,21,1.0
1430,68,,0.03338893801139876,38,21,1.0
1430,76,,0.03338893801139876,38,21,1.0
1430,100,,0.03338893801139876,38,21,1.0
1430,170,,0.03338893801139876,38,21,1.0
1430,191,,0.03338893801139876,38,21,1.0
1430,218,,0.03338893801139876,38,21,1.0
1430,348,,0.03338893801139876,38,21,1.0
1430,360,,0.03338893801139876,38,21,1.0
1430,484,,0.03338893801139876,38,21,1.0
1430,586,,0.03338893801139876,38,21,1.0
1430,616,,0.03338893801139876,38,21,1.0
1430,642,,0.03338893801139876,38,21,1.0
1430,643,,0.03338893801139876,38,21,1.0
1430,699,,0.03338893801139876,38,21,1.0
1430,784,,0.03338893801139876,38,21,1.0
1430,788,,0.03338893801139876,38,21,1.0
1430,792,,0.03338893801139876,38,21,1.0
1430,804,,0.03338893801139876,38,21,1.0
1430,818,,0.03338893801139876,38,21,1.0
1512,44,0.0011684158012306347,0.020050484652213957,59,20,0.0
1512,48,0.011084680546248686,0.020050484652213957,59,20,0.0
1512,51,0.006065275386886353,0.020050484652213957,59,20,0.0
1512,60,0.0004930315071848567,0.020050484652213957,59,20,0.0
1512,68,0.00686891122392252,0.020050484652213957,59,20,0.0
1512,70,0.023637392007148633,0.020050484652213957,59,20,0.0
1512,84,0.0,0.020050484652213957,59,20,0.0
1512,112,0.03482647840700013,0.020050484652213957,59,20,0.0
1512,116,0.03152142253583449,0.020050484652213957,59,20,0.0
1512,120,0.014705046081560933,0.020050484652213957,59,20,0.0
1512,144,0.02271866346864323,0.020050484652213957,59,20,0.0
1512,152,0.009572632137646486,0.020050484652213957,59,20,0.0
1512,170,0.018950414772616414,0.020050484652213957,59,20,0.0
1512,188,0.016029096153004237,0.020050484652213957,59,20,0.0
1512,214,0.01983237465507619,0.020050484652213957,59,20,0.0
1512,222,0.026498671175471524,0.020050484652213957,59,20,0.0
1512,231,0.008742493645091429,0.020050484652213957,59,20,0.0
1512,242,0.010663344150273828,0.020050484652213957,59,20,0.0
1512,288,0.01585165006932096,0.020050484652213957,59,20,0.0
1512,320,0.02148182702288135,0.020050484652213957,59,20,0.0
1512,328,0.0,0.020050484652213957,59,20,0.0
1512,332,0.027058275173635002,0.020050484652213957,59,20,0.0
1512,340,0.02979605887299371,0.020050484652213957,59,20,0.0
1512,388,0.0,0.020050484652213957,59,20,0.0
1512,398,0.004707709081868685,0.020050484652213957,59,20,0.0
1512,400,0.022957000138425394,0.020050484652213957,59,20,0.0
1512,404,0.007797042021767627,0.020050484652213957,59,20,0.0
1512,414,0.010505012493103438,0.020050484652213957,59,20,0.0
1512,417,0.00971328752779466,0.020050484652213957,59,20,0.0
1512,418,0.009967131874566357,0.020050484652213957,59,20,0.0
1512,422,0.03173161065692997,0.020050484652213957,59,20,0.0
1512,450,0.014477967048493134,0.020050484652213957,59,20,0.0
1512,458,0.036080029763751346,0.020050484652213957,59,20,0.0
1512,466,0.018694460302907646,0.020050484652213957,59,20,0.0
1512,480,0.014007683323224558,0.020050484652213957,59,20,0.0
1512,484,0.03353020160521264,0.020050484652213957,59,20,0.0
1512,498,0.012682843043652628,0.020050484652213957,59,20,0.0
1512,504,0.018802534557497273,0.020050484652213957,59,20,0.0
1512,516,0.009932048367242907,0.020050484652213957,59,20,0.0
1512,524,0.007708542156418364,0.020050484652213957,59,20,0.0
1512,533,0.0028754613901159874,0.020050484652213957,59,20,0.0
1512,558,0.02082273652285039,0.020050484652213957,59,20,0.0
1512,566,0.0026934097713312215,0.020050484652213957,59,20,0.0
1512,591,0.00878576551678462,0.020050484652213957,59,20,0.0
1512,600,0.029147896969650096,0.020050484652213957,59,20,0.0
1512,604,0.018501301864004657,0.020050484652213957,59,20,0.0
1512,608,0.028802406971345684,0.020050484652213957,59,20,0.0
1512,634,0.024534174582309286,0.020050484652213957,59,20,0.0
1512,646,0.021114783206304954,0.020050484652213957,59,20,0.0
1512,686,0.019654205112267117,0.020050484652213957,59,20,0.0
1512,688,0.02230127640385702,0.020050484652213957,59,20,0.0
1512,704,0.034017975605107095,0.020050484652213957,59,20,0.0
1512,710,0.018162153850209625,0.020050484652213957,59,20,0.0
1512,716,0.02674692817437148,0.020050484652213957,59,20,0.0
1512,780,0.029935178643281345,0.020050484652213957,59,20,0.0
1512,800,0.019735526727636177,0.020050484652213957,59,20,0.0
1512,834,0.009074864270880589,0.020050484652213957,59,20,0.0
1512,858,0.00514505159312893,0.020050484652213957,59,20,0.0
1512,862,0.03708764406803537,0.020050484652213957,59,20,0.0
1512,32,,0.020050484652213957,59,20,1.0
1512,50,,0.020050484652213957,59,20,1.0
1512,76,,0.020050484652213957,59,20,1.0
1512,100,,0.020050484652213957,59,20,1.0
1512,191,,0.020050484652213957,59,20,1.0
1512,218,,0.020050484652213957,59,20,1.0
1512,348,,0.020050484652213957,59,20,1.0
1512,360,,0.020050484652213957,59,20,1.0
1512,586,,0.020050484652213957,59,20,1.0
1512,616,,0.020050484652213957,59,20,1.0
1512,642,,0.020050484652213957,59,20,1.0
1512,643,,0.020050484652213957,59,20,1.0
1512,682,,0.020050484652213957,59,20,1.0
1512,699,,0.020050484652213957,59,20,1.0
1512,764,,0.020050484652213957,59,20,1.0
1512,784,,0.020050484652213957,59,20,1.0
1512,788,,0.020050484652213957,59,20,1.0
1512,792,,0.020050484652213957,59,20,1.0
1512,804,,0.020050484652213957,59,20,1.0
1512,818,,0.020050484652213957,59,20,1.0
1520,8,0.0,0.13088191933716264,40,22,0.0
1520,44,0.03485980602413249,0.13088191933716264,40,22,0.0
1520,50,0.0,0.13088191933716264,40,22,0.0
1520,70,0.00858633916138096,0.13088191933716264,40,22,0.0
1520,116,0.0,0.13088191933716264,40,22,0.0
1520,120,0.03947790160139199,0.13088191933716264,40,22,0.0
1520,144,0.05401767165995162,0.13088191933716264,40,22,0.0
1520,152,0.027789414365228738,0.13088191933716264,40,22,0.0
1520,188,0.027869421858779844,0.13088191933716264,40,22,0.0
1520,214,0.03331182804279172,0.13088191933716264,40,22,0.0
1520,222,0.0443727456672962,0.13088191933716264,40,22,0.0
1520,231,0.0,0.13088191933716264,40,22,0.0
1520,288,0.0,0.13088191933716264,40,22,0.0
1520,320,0.0016632106145969558,0.13088191933716264,40,22,0.0
1520,328,0.016235650855668724,0.13088191933716264,40,22,0.0
1520,340,0.031964771285144404,0.13088191933716264,40,22,0.0
1520,384,0.003059347942384907,0.13088191933716264,40,22,0.0
1520,388,0.050136336489397616,0.13088191933716264,40,22,0.0
1520,404,0.0396015497705291,0.13088191933716264,40,22,0.0
1520,417,0.0,0.13088191933716264,40,22,0.0
1520,422,0.05761034818684326,0.13088191933716264,40,22,0.0
1520,458,0.07191106665714643,0.13088191933716264,40,22,0.0
1520,484,0.04019397549044092,0.13088191933716264,40,22,0.0
1520,496,0.0,0.13088191933716264,40,22,0.0
1520,498,0.00037267019358068227,0.13088191933716264,40,22,0.0
1520,504,0.03656676627359382,0.13088191933716264,40,22,0.0
1520,524,0.06030668796532728,0.13088191933716264,40,22,0.0
1520,558,0.0,0.13088191933716264,40,22,0.0
1520,591,0.0,0.13088191933716264,40,22,0.0
1520,604,0.021393169141454678,0.13088191933716264,40,22,0.0
1520,608,0.01580630493145057,0.13088191933716264,40,22,0.0
1520,686,0.05058208448266146,0.13088191933716264,40,22,0.0
1520,688,0.03239996318067897,0.13088191933716264,40,22,0.0
1520,694,0.0,0.13088191933716264,40,22,0.0
1520,710,0.03713477577242379,0.13088191933716264,40,22,0.0
1520,716,0.0,0.13088191933716264,40,22,0.0
1520,764,0.07567503472131933,0.13088191933716264,40,22,0.0
1520,780,0.008910421471463759,0.13088191933716264,40,22,0.0
1520,807,0.04456628307075686,0.13088191933716264,40,22,0.0
1520,858,0.033624453122183,0.13088191933716264,40,22,0.0
1520,32,,0.13088191933716264,40,22,1.0
1520,68,,0.13088191933716264,40,22,1.0
1520,76,,0.13088191933716264,40,22,1.0
1520,100,,0.13088191933716264,40,22,1.0
1520,170,,0.13088191933716264,40,22,1.0
1520,191,,0.13088191933716264,40,22,1.0
1520,218,,0.13088191933716264,40,22,1.0
1520,348,,0.13088191933716264,40,22,1.0
1520,360,,0.13088191933716264,40,22,1.0
1520,566,,0.13088191933716264,40,22,1.0
1520,586,,0.13088191933716264,40,22,1.0
1520,616,,0.13088191933716264,40,22,1.0
1520,642,,0.13088191933716264,40,22,1.0
1520,643,,0.13088191933716264,40,22,1.0
1520,682,,0.13088191933716264,40,22,1.0
1520,699,,0.13088191933716264,40,22,1.0
1520,704,,0.13088191933716264,40,22,1.0
1520,784,,0.13088191933716264,40,22,1.0
1520,788,,0.13088191933716264,40,22,1.0
1520,792,,0.13088191933716264,40,22,1.0
1520,804,,0.13088191933716264,40,22,1.0
1520,818,,0.13088191933716264,40,22,1.0
1610,68,0.0015048863623117012,0.32501310640091013,33,14,0.0
1610,70,0.00042796394711186957,0.32501310640091013,33,14,0.0
1610,76,0.04442082299622376,0.32501310640091013,33,14,0.0
1610,84,0.051873381396826526,0.32501310640091013,33,14,0.0
1610,120,0.04494654792381896,0.32501310640091013,33,14,0.0
1610,140,0.0,0.32501310640091013,33,14,0.0
1610,152,0.022194212857327856,0.32501310640091013,33,14,0.0
1610,178,0.06715546781201447,0.32501310640091013,33,14,0.0
1610,180,0.03610581997153778,0.32501310640091013,33,14,0.0
1610,188,0.04249488219993054,0.32501310640091013,33,14,0.0
1610,214,0.05354388945187863,0.32501310640091013,33,14,0.0
1610,242,0.0,0.32501310640091013,33,14,0.0
1610,266,0.0,0.32501310640091013,33,14,0.0
1610,288,0.0,0.32501310640091013,33,14,0.0
1610,320,0.026921735171907282,0.32501310640091013,33,14,0.0
1610,328,0.0,0.32501310640091013,33,14,0.0
1610,340,0.03668530053774066,0.32501310640091013,33,14,0.0
1610,384,0.0,0.32501310640091013,33,14,0.0
1610,418,0.0,0.32501310640091013,33,14,0.0
1610,458,0.06202390897293485,0.32501310640091013,33,14,0.0
1610,484,0.09956468110565005,0.32501310640091013,33,14,0.0
1610,558,0.0,0.32501310640091013,33,14,0.0
1610,591,0.0928340417045141,0.32501310640091013,33,14,0.0
1610,600,0.0,0.32501310640091013,33,14,0.0
1610,604,0.0,0.32501310640091013,33,14,0.0
1610,608,0.0,0.32501310640091013,33,14,0.0
1610,688,0.0720104288612314,0.32501310640091013,33,14,0.0
1610,704,0.08596734740168675,0.32501310640091013,33,14,0.0
1610,740,0.0599487696686301,0.32501310640091013,33,14,0.0
1610,764,0.02315699221317013,0.32501310640091013,33,14,0.0
1610,780,0.032966119434019295,0.32501310640091013,33,14,0.0
1610,834,0.0,0.32501310640091013,33,14,0.0
1610,858,0.043252800009533264,0.32501310640091013,33,14,0.0
1610,32,,0.32501310640091013,33,14,1.0
1610,100,,0.32501310640091013,33,14,1.0
1610,170,,0.32501310640091013,33,14,1.0
1610,191,,0.32501310640091013,33,14,1.0
1610,218,,0.32501310640091013,33,14,1.0
1610,348,,0.32501310640091013,33,14,1.0
1610,360,,0.32501310640091013,33,14,1.0
1610,616,,0.32501310640091013,33,14,1.0
1610,642,,0.32501310640091013,33,14,1.0
1610,643,,0.32501310640091013,33,14,1.0
1610,699,,0.32501310640091013,33,14,1.0
1610,710,,0.32501310640091013,33,14,1.0
1610,792,,0.32501310640091013,33,14,1.0
1610,804,,0.32501310640091013,33,14,1.0
1621,68,0.0,0.17273790184670623,22,13,0.0
1621,112,0.062449137041133196,0.17273790184670623,22,13,0.0
1621,120,0.05861586692311917,0.17273790184670623,22,13,0.0
1621,144,0.03509617680394489,0.17273790184670623,22,13,0.0
1621,152,0.11595172459322102,0.17273790184670623,22,13,0.0
1621,178,0.026984777844956696,0.17273790184670623,22,13,0.0
1621,188,0.0,0.17273790184670623,22,13,0.0
1621,266,0.08817797697554208,0.17273790184670623,22,13,0.0
1621,288,0.02587742721510824,0.17273790184670623,22,13,0.0
1621,320,0.05281856701092341,0.17273790184670623,22,13,0.0
1621,384,0.03228958714390891,0.17273790184670623,22,13,0.0
1621,458,0.0,0.17273790184670623,22,13,0.0
1621,484,0.06783563260930428,0.17273790184670623,22,13,0.0
1621,558,0.0,0.17273790184670623,22,13,0.0
1621,591,0.0,0.17273790184670623,22,13,0.0
1621,600,0.014221579377119375,0.17273790184670623,22,13,0.0
1621,604,0.015206352336695593,0.17273790184670623,22,13,0.0
1621,608,0.08187488567485472,0.17273790184670623,22,13,0.0
1621,704,0.0938782402526357,0.17273790184670623,22,13,0.0
1621,764,0.053094856912690974,0.17273790184670623,22,13,0.0
1621,780,0.08609790010976387,0.17273790184670623,22,13,0.0
1621,858,0.08952931117507791,0.17273790184670623,22,13,0.0
1621,32,,0.17273790184670623,22,13,1.0
1621,76,,0.17273790184670623,22,13,1.0
1621,170,,0.17273790184670623,22,13,1.0
1621,218,,0.17273790184670623,22,13,1.0
1621,348,,0.17273790184670623,22,13,1.0
1621,360,,0.17273790184670623,22,13,1.0
1621,616,,0.17273790184670623,22,13,1.0
1621,642,,0.17273790184670623,22,13,1.0
1621,643,,0.17273790184670623,22,13,1.0
1621,699,,0.17273790184670623,22,13,1.0
1621,710,,0.17273790184670623,22,13,1.0
1621,792,,0.17273790184670623,22,13,1.0
1621,804,,0.17273790184670623,22,13,1.0
1622,68,0.00953703949635711,0.21427760659314657,23,12,0.0
1622,112,0.020826759143838643,0.21427760659314657,23,12,0.0
1622,152,0.09261088467759568,0.21427760659314657,23,12,0.0
1622,188,0.0,0.21427760659314657,23,12,0.0
1622,214,0.08420655197926347,0.21427760659314657,23,12,0.0
1622,320,0.07480396704139146,0.21427760659314657,23,12,0.0
1622,328,0.11199869609504275,0.21427760659314657,23,12,0.0
1622,340,0.018022807432328345,0.21427760659314657,23,12,0.0
1622,422,0.07855514737613405,0.21427760659314657,23,12,0.0
1622,458,0.04517550560756571,0.21427760659314657,23,12,0.0
1622,484,0.060098516056939694,0.21427760659314657,23,12,0.0
1622,504,0.008439936822605557,0.21427760659314657,23,12,0.0
1622,558,0.0,0.21427760659314657,23,12,0.0
1622,586,0.04808611209079924,0.21427760659314657,23,12,0.0
1622,591,0.0,0.21427760659314657,23,12,0.0
1622,600,0.0,0.21427760659314657,23,12,0.0
1622,604,0.059047128116197105,0.21427760659314657,23,12,0.0
1622,608,0.01174875812672682,0.21427760659314657,23,12,0.0
1622,699,0.04530192765955259,0.21427760659314657,23,12,0.0
1622,704,0.03950810684008785,0.21427760659314657,23,12,0.0
1622,710,0.0899010898296571,0.21427760659314657,23,12,0.0
1622,764,0.060665239030361355,0.21427760659314657,23,12,0.0
1622,792,0.04146582657755534,0.21427760659314657,23,12,0.0
1622,32,,0.21427760659314657,23,12,1.0
1622,76,,0.21427760659314657,23,12,1.0
1622,100,,0.21427760659314657,23,12,1.0
1622,170,,0.21427760659314657,23,12,1.0
1622,218,,0.21427760659314657,23,12,1.0
1622,348,,0.21427760659314657,23,12,1.0
1622,360,,0.21427760659314657,23,12,1.0
1622,616,,0.21427760659314657,23,12,1.0
1622,642,,0.21427760659314657,23,12,1.0
1622,643,,0.21427760659314657,23,12,1.0
1622,804,,0.21427760659314657,23,12,1.0
1622,818,,0.21427760659314657,23,12,1.0
1702,50,0.13652390602393896,0.119389774497792,28,13,0.0
1702,51,0.10382307977672474,0.119389774497792,28,13,0.0
1702,144,0.017706043384474467,0.119389774497792,28,13,0.0
1702,152,0.0,0.119389774497792,28,13,0.0
1702,170,0.014075290892455029,0.119389774497792,28,13,0.0
1702,188,0.0,0.119389774497792,28,13,0.0
1702,214,0.002372897398783466,0.119389774497792,28,13,0.0
1702,222,0.0031955233814861005,0.119389774497792,28,13,0.0
1702,242,0.01779317813720153,0.119389774497792,28,13,0.0
1702,320,0.023275283756679824,0.119389774497792,28,13,0.0
1702,340,0.0,0.119389774497792,28,13,0.0
1702,388,0.005350560990230429,0.119389774497792,28,13,0.0
1702,422,0.023142186827336052,0.119389774497792,28,13,0.0
1702,458,0.04739675018828652,0.119389774497792,28,13,0.0
1702,480,0.07586441340305036,0.119389774497792,28,13,0.0
1702,484,0.049735870162916605,0.119389774497792,28,13,0.0
1702,524,0.0,0.119389774497792,28,13,0.0
1702,558,0.055128271609518525,0.119389774497792,28,13,0.0
1702,586,0.0421982335238059,0.119389774497792,28,13,0.0
1702,591,0.012668707777337732,0.119389774497792,28,13,0.0
1702,604,0.06611634435860853,0.119389774497792,28,13,0.0
1702,608,0.031056489970213996,0.119389774497792,28,13,0.0
1702,688,0.0,0.119389774497792,28,13,0.0
1702,704,0.06592722368075546,0.119389774497792,28,13,0.0
1702,710,0.026311895676315016,0.119389774497792,28,13,0.0
1702,764,0.05132353091204472,0.119389774497792,28,13,0.0
1702,780,0.0,0.119389774497792,28,13,0.0
1702,858,0.12901431816783604,0.119389774497792,28,13,0.0
1702,32,,0.119389774497792,28,13,1.0
1702,76,,0.119389774497792,28,13,1.0
1702,100,,0.119389774497792,28,13,1.0
1702,191,,0.119389774497792,28,13,1.0
1702,218,,0.119389774497792,28,13,1.0
1702,348,,0.119389774497792,28,13,1.0
1702,360,,0.119389774497792,28,13,1.0
1702,616,,0.119389774497792,28,13,1.0
1702,642,,0.119389774497792,28,13,1.0
1702,699,,0.119389774497792,28,13,1.0
1702,784,,0.119389774497792,28,13,1.0
1702,792,,0.119389774497792,28,13,1.0
1702,818,,0.119389774497792,28,13,1.0
1920,214,0.2611767479890492,0.23456308567877435,6,7,0.0
1920,458,0.24294241507506495,0.23456308567877435,6,7,0.0
1920,608,0.2143608377186067,0.23456308567877435,6,7,0.0
1920,710,0.05451100804031502,0.23456308567877435,6,7,0.0
1920,764,0.0,0.23456308567877435,6,7,0.0
1920,780,0.227008991176964,0.23456308567877435,6,7,0.0
1920,32,,0.23456308567877435,6,7,1.0
1920,76,,0.23456308567877435,6,7,1.0
1920,348,,0.23456308567877435,6,7,1.0
1920,484,,0.23456308567877435,6,7,1.0
1920,642,,0.23456308567877435,6,7,1.0
1920,699,,0.23456308567877435,6,7,1.0
1920,792,,0.23456308567877435,6,7,1.0
2022,152,0.054037638790897,0.12057471299924137,16,14,0.0
2022,188,0.06158597766531974,0.12057471299924137,16,14,0.0
2022,214,0.10690538266191177,0.12057471299924137,16,14,0.0
2022,222,0.005261515162893313,0.12057471299924137,16,14,0.0
2022,320,0.05855129234898998,0.12057471299924137,16,14,0.0
2022,340,0.022021625729429874,0.12057471299924137,16,14,0.0
2022,388,0.03627967307894794,0.12057471299924137,16,14,0.0
2022,422,0.14338603567364558,0.12057471299924137,16,14,0.0
2022,458,0.03176602268100367,0.12057471299924137,16,14,0.0
2022,484,0.08685537967914024,0.12057471299924137,16,14,0.0
2022,591,0.004499605889847271,0.12057471299924137,16,14,0.0
2022,604,0.10750878565063346,0.12057471299924137,16,14,0.0
2022,608,0.04592683652286832,0.12057471299924137,16,14,0.0
2022,764,0.061443897130870076,0.12057471299924137,16,14,0.0
2022,780,0.06716918002684669,0.12057471299924137,16,14,0.0
2022,858,0.1068011513067551,0.12057471299924137,16,14,0.0
2022,32,,0.12057471299924137,16,14,1.0
2022,76,,0.12057471299924137,16,14,1.0
2022,100,,0.12057471299924137,16,14,1.0
2022,170,,0.12057471299924137,16,14,1.0
2022,348,,0.12057471299924137,16,14,1.0
2022,360,,0.12057471299924137,16,14,1.0
2022,586,,0.12057471299924137,16,14,1.0
2022,616,,0.12057471299924137,16,14,1.0
2022,642,,0.12057471299924137,16,14,1.0
2022,699,,0.12057471299924137,16,14,1.0
2022,704,,0.12057471299924137,16,14,1.0
2022,710,,0.12057471299924137,16,14,1.0
2022,784,,0.12057471299924137,16,14,1.0
2022,792,,0.12057471299924137,16,14,1.0
2023,44,0.0,0.033624179141549505,45,22,0.0
2023,48,0.02483384277485274,0.033624179141549505,45,22,0.0
2023,50,0.031269419717750276,0.033624179141549505,45,22,0.0
2023,70,0.038257853541623255,0.033624179141549505,45,22,0.0
2023,144,0.001730834047891459,0.033624179141549505,45,22,0.0
2023,152,0.01941126697872038,0.033624179141549505,45,22,0.0
2023,188,0.01638690463612724,0.033624179141549505,45,22,0.0
2023,204,0.003041512413894226,0.033624179141549505,45,22,0.0
2023,212,0.009842327309287479,0.033624179141549505,45,22,0.0
2023,214,0.01723729349036484,0.033624179141549505,45,22,0.0
2023,222,0.02702039522959912,0.033624179141549505,45,22,0.0
2023,231,0.0011104674724544748,0.033624179141549505,45,22,0.0
2023,242,0.018717839809917248,0.033624179141549505,45,22,0.0
2023,258,0.013586425540373655,0.033624179141549505,45,22,0.0
2023,275,0.0,0.033624179141549505,45,22,0.0
2023,288,0.008345991545485742,0.033624179141549505,45,22,0.0
2023,320,0.02668590176870075,0.033624179141549505,45,22,0.0
2023,328,0.016451572205483732,0.033624179141549505,45,22,0.0
2023,332,0.031963735315240514,0.033624179141549505,45,22,0.0
2023,340,0.03781502964730706,0.033624179141549505,45,22,0.0
2023,384,0.025898697052660898,0.033624179141549505,45,22,0.0
2023,388,0.013690083816353827,0.033624179141549505,45,22,0.0
2023,400,0.03427422651743204,0.033624179141549505,45,22,0.0
2023,404,0.04125763024865362,0.033624179141549505,45,22,0.0
2023,414,0.030937184360887056,0.033624179141549505,45,22,0.0
2023,422,0.03638670946097167,0.033624179141549505,45,22,0.0
2023,458,0.033785140692366496,0.033624179141549505,45,22,0.0
2023,504,1.7088246861428532e-05,0.033624179141549505,45,22,0.0
2023,512,0.029277653746309314,0.033624179141549505,45,22,0.0
2023,524,0.01742409263173584,0.033624179141549505,45,22,0.0
2023,533,0.005920883279138258,0.033624179141549505,45,22,0.0
2023,558,0.042816508967802605,0.033624179141549505,45,22,0.0
2023,566,0.015455201777999292,0.033624179141549505,45,22,0.0
2023,591,0.023111152482922552,0.033624179141549505,45,22,0.0
2023,604,0.026230043752064766,0.033624179141549505,45,22,0.0
2023,608,0.03226689674894121,0.033624179141549505,45,22,0.0
2023,688,0.035806337679571386,0.033624179141549505,45,22,0.0
2023,748,0.00987597653018661,0.033624179141549505,45,22,0.0
2023,760,0.009617337296278136,0.033624179141549505,45,22,0.0
2023,764,0.04979584232655552,0.033624179141549505,45,22,0.0
2023,768,0.03350829070703532,0.033624179141549505,45,22,0.0
2023,780,0.029662937013716296,0.033624179141549505,45,22,0.0
2023,807,0.010264413846151696,0.033624179141549505,45,22,0.0
2023,858,0.012139778785991947,0.033624179141549505,45,22,0.0
2023,862,0.05687127858633807,0.033624179141549505,45,22,0.0
2023,32,,0.033624179141549505,45,22,1.0
2023,76,,0.033624179141549505,45,22,1.0
2023,100,,0.033624179141549505,45,22,1.0
2023,170,,0.033624179141549505,45,22,1.0
2023,191,,0.033624179141549505,45,22,1.0
2023,218,,0.033624179141549505,45,22,1.0
2023,348,,0.033624179141549505,45,22,1.0
2023,360,,0.033624179141549505,45,22,1.0
2023,484,,0.033624179141549505,45,22,1.0
2023,586,,0.033624179141549505,45,22,1.0
2023,616,,0.033624179141549505,45,22,1.0
2023,642,,0.033624179141549505,45,22,1.0
2023,643,,0.033624179141549505,45,22,1.0
2023,682,,0.033624179141549505,45,22,1.0
2023,699,,0.033624179141549505,45,22,1.0
2023,704,,0.033624179141549505,45,22,1.0
2023,710,,0.033624179141549505,45,22,1.0
2023,784,,0.033624179141549505,45,22,1.0
2023,788,,0.033624179141549505,45,22,1.0
2023,792,,0.033624179141549505,45,22,1.0
2023,804,,0.033624179141549505,45,22,1.0
2023,818,,0.033624179141549505,45,22,1.0
2030,144,0.1065103713776706,0.08643344613709386,12,12,0.0
2030,188,0.04269904222501986,0.08643344613709386,12,12,0.0
2030,214,0.21229117943170886,0.08643344613709386,12,12,0.0
2030,222,0.11329880488460292,0.08643344613709386,12,12,0.0
2030,320,0.1479065436538221,0.08643344613709386,12,12,0.0
2030,340,0.06005049460846171,0.08643344613709386,12,12,0.0
2030,458,0.03787761962182377,0.08643344613709386,12,12,0.0
2030,484,0.060380962918991296,0.08643344613709386,12,12,0.0
2030,558,0.031408176635903506,0.08643344613709386,12,12,0.0
2030,704,0.06377336103970742,0.08643344613709386,12,12,0.0
2030,710,0.12380344360228784,0.08643344613709386,12,12,0.0
2030,764,0.0,0.08643344613709386,12,12,0.0
2030,76,,0.08643344613709386,12,12,1.0
2030,170,,0.08643344613709386,12,12,1.0
2030,348,,0.08643344613709386,12,12,1.0
2030,360,,0.08643344613709386,12,12,1.0
2030,586,,0.08643344613709386,12,12,1.0
2030,616,,0.08643344613709386,12,12,1.0
2030,642,,0.08643344613709386,12,12,1.0
2030,682,,0.08643344613709386,12,12,1.0
2030,699,,0.08643344613709386,12,12,1.0
2030,784,,0.08643344613709386,12,12,1.0
2030,792,,0.08643344613709386,12,12,1.0
2030,818,,0.08643344613709386,12,12,1.0
2211,144,0.08385136713514484,0.12609141997038106,13,15,0.0
2211,152,0.04069458045475033,0.12609141997038106,13,15,0.0
2211,188,0.09881850688135935,0.12609141997038106,13,15,0.0
2211,214,0.025935465870270905,0.12609141997038106,13,15,0.0
2211,320,0.06648855884984209,0.12609141997038106,13,15,0.0
2211,458,0.07482437981631238,0.12609141997038106,13,15,0.0
2211,591,0.021470402446988748,0.12609141997038106,13,15,0.0
2211,604,0.06135954297926058,0.12609141997038106,13,15,0.0
2211,608,0.10023753033110566,0.12609141997038106,13,15,0.0
2211,688,0.12420994858412292,0.12609141997038106,13,15,0.0
2211,704,0.1449340218712341,0.12609141997038106,13,15,0.0
2211,710,0.0538264679010545,0.12609141997038106,13,15,0.0
2211,780,0.10334922687855366,0.12609141997038106,13,15,0.0
2211,32,,0.12609141997038106,13,15,1.0
2211,76,,0.12609141997038106,13,15,1.0
2211,170,,0.12609141997038106,13,15,1.0
2211,218,,0.12609141997038106,13,15,1.0
2211,348,,0.12609141997038106,13,15,1.0
2211,360,,0.12609141997038106,13,15,1.0
2211,484,,0.12609141997038106,13,15,1.0
2211,616,,0.12609141997038106,13,15,1.0
2211,642,,0.12609141997038106,13,15,1.0
2211,643,,0.12609141997038106,13,15,1.0
2211,699,,0.12609141997038106,13,15,1.0
2211,764,,0.12609141997038106,13,15,1.0
2211,784,,0.12609141997038106,13,15,1.0
2211,792,,0.12609141997038106,13,15,1.0
2211,804,,0.12609141997038106,13,15,1.0
2392,144,0.0935417886297148,0.1264162851012547,15,16,0.0
2392,152,0.0,0.1264162851012547,15,16,0.0
2392,188,0.0,0.1264162851012547,15,16,0.0
2392,214,0.025187889118825316,0.1264162851012547,15,16,0.0
2392,320,0.029792689894148443,0.1264162851012547,15,16,0.0
2392,422,0.04665566939041606,0.1264162851012547,15,16,0.0
2392,484,0.10044015866984059,0.1264162851012547,15,16,0.0
2392,504,0.25805025980097696,0.1264162851012547,15,16,0.0
2392,558,0.16634427642074648,0.1264162851012547,15,16,0.0
2392,591,0.00544781424928379,0.1264162851012547,15,16,0.0
2392,604,0.12522772091591905,0.1264162851012547,15,16,0.0
2392,608,0.0,0.1264162851012547,15,16,0.0
2392,704,0.08450688991637427,0.1264162851012547,15,16,0.0
2392,710,0.047573130130335074,0.1264162851012547,15,16,0.0
2392,764,0.01723171286341899,0.1264162851012547,15,16,0.0
2392,32,,0.1264162851012547,15,16,1.0
2392,76,,0.1264162851012547,15,16,1.0
2392,100,,0.1264162851012547,15,16,1.0
2392,170,,0.1264162851012547,15,16,1.0
2392,218,,0.1264162851012547,15,16,1.0
2392,348,,0.1264162851012547,15,16,1.0
2392,360,,0.1264162851012547,15,16,1.0
2392,458,,0.1264162851012547,15,16,1.0
2392,586,,0.1264162851012547,15,16,1.0
2392,616,,0.1264162851012547,15,16,1.0
2392,642,,0.1264162851012547,15,16,1.0
2392,699,,0.1264162851012547,15,16,1.0
2392,784,,0.1264162851012547,15,16,1.0
2392,788,,0.1264162851012547,15,16,1.0
2392,792,,0.1264162851012547,15,16,1.0
2392,818,,0.1264162851012547,15,16,1.0
2395,116,0.07843373034853449,0.22435210473922593,13,13,0.0
2395,144,0.08028382062690718,0.22435210473922593,13,13,0.0
2395,188,0.07520526505983016,0.22435210473922593,13,13,0.0
2395,214,0.0253216330710066,0.22435210473922593,13,13,0.0
2395,222,0.18755715967333889,0.22435210473922593,13,13,0.0
2395,422,0.0,0.22435210473922593,13,13,0.0
2395,484,0.11397337256048962,0.22435210473922593,13,13,0.0
2395,504,0.19965182864560002,0.22435210473922593,13,13,0.0
2395,558,0.0008445205528503392,0.22435210473922593,13,13,0.0
2395,604,0.024705781428520396,0.22435210473922593,13,13,0.0
2395,608,0.0,0.22435210473922593,13,13,0.0
2395,710,0.1431388398591118,0.22435210473922593,13,13,0.0
2395,764,0.0708840481738106,0.22435210473922593,13,13,0.0
2395,32,,0.22435210473922593,13,13,1.0
2395,76,,0.22435210473922593,13,13,1.0
2395,170,,0.22435210473922593,13,13,1.0
2395,218,,0.22435210473922593,13,13,1.0
2395,348,,0.22435210473922593,13,13,1.0
2395,360,,0.22435210473922593,13,13,1.0
2395,458,,0.22435210473922593,13,13,1.0
2395,586,,0.22435210473922593,13,13,1.0
2395,616,,0.22435210473922593,13,13,1.0
2395,699,,0.22435210473922593,13,13,1.0
2395,704,,0.22435210473922593,13,13,1.0
2395,792,,0.22435210473922593,13,13,1.0
2395,818,,0.22435210473922593,13,13,1.0
2396,51,0.11274603379482534,0.14694068301247631,18,18,0.0
2396,116,0.059580088283660945,0.14694068301247631,18,18,0.0
2396,144,0.07178299043132394,0.14694068301247631,18,18,0.0
2396,214,0.06640524545843349,0.14694068301247631,18,18,0.0
2396,320,0.007792613859864269,0.14694068301247631,18,18,0.0
2396,340,0.0,0.14694068301247631,18,18,0.0
2396,400,0.0529939750347025,0.14694068301247631,18,18,0.0
2396,422,0.021271039294569714,0.14694068301247631,18,18,0.0
2396,484,0.08871841670106909,0.14694068301247631,18,18,0.0
2396,504,0.15953873027956633,0.14694068301247631,18,18,0.0
2396,512,0.06480665017388895,0.14694068301247631,18,18,0.0
2396,516,0.0,0.14694068301247631,18,18,0.0
2396,591,0.0067143105693478955,0.14694068301247631,18,18,0.0
2396,604,0.04546901278210732,0.14694068301247631,18,18,0.0
2396,608,0.060121333656218454,0.14694068301247631,18,18,0.0
2396,710,0.104643300519941,0.14694068301247631,18,18,0.0
2396,760,0.03260863563447408,0.14694068301247631,18,18,0.0
2396,764,0.04480762352600681,0.14694068301247631,18,18,0.0
2396,32,,0.14694068301247631,18,18,1.0
2396,76,,0.14694068301247631,18,18,1.0
2396,100,,0.14694068301247631,18,18,1.0
2396,170,,0.14694068301247631,18,18,1.0
2396,218,,0.14694068301247631,18,18,1.0
2396,348,,0.14694068301247631,18,18,1.0
2396,360,,0.14694068301247631,18,18,1.0
2396,586,,0.14694068301247631,18,18,1.0
2396,616,,0.14694068301247631,18,18,1.0
2396,642,,0.14694068301247631,18,18,1.0
2396,643,,0.14694068301247631,18,18,1.0
2396,699,,0.14694068301247631,18,18,1.0
2396,704,,0.14694068301247631,18,18,1.0
2396,784,,0.14694068301247631,18,18,1.0
2396,788,,0.14694068301247631,18,18,1.0
2396,792,,0.14694068301247631,18,18,1.0
2396,804,,0.14694068301247631,18,18,1.0
2396,818,,0.14694068301247631,18,18,1.0
2431,152,0.1211915688069497,0.14719102562550895,13,15,0.0
2431,188,0.11692337558997426,0.14719102562550895,13,15,0.0
2431,222,0.020674959518028873,0.14719102562550895,13,15,0.0
2431,320,0.0008698767460733994,0.14719102562550895,13,15,0.0
2431,484,0.10961826523153152,0.14719102562550895,13,15,0.0
2431,558,0.07723934381866043,0.14719102562550895,13,15,0.0
2431,604,0.06843917618677402,0.14719102562550895,13,15,0.0
2431,608,0.19793823300722618,0.14719102562550895,13,15,0.0
2431,688,0.0,0.14719102562550895,13,15,0.0
2431,704,0.03173157592849467,0.14719102562550895,13,15,0.0
2431,764,0.03381463108652261,0.14719102562550895,13,15,0.0
2431,780,0.2215589940797644,0.14719102562550895,13,15,0.0
2431,784,0.0,0.14719102562550895,13,15,0.0
2431,32,,0.14719102562550895,13,15,1.0
2431,76,,0.14719102562550895,13,15,1.0
2431,170,,0.14719102562550895,13,15,1.0
2431,191,,0.14719102562550895,13,15,1.0
2431,218,,0.14719102562550895,13,15,1.0
2431,348,,0.14719102562550895,13,15,1.0
2431,360,,0.14719102562550895,13,15,1.0
2431,458,,0.14719102562550895,13,15,1.0
2431,586,,0.14719102562550895,13,15,1.0
2431,616,,0.14719102562550895,13,15,1.0
2431,642,,0.14719102562550895,13,15,1.0
2431,643,,0.14719102562550895,13,15,1.0
2431,699,,0.14719102562550895,13,15,1.0
2431,710,,0.14719102562550895,13,15,1.0
2431,792,,0.14719102562550895,13,15,1.0
2511,44,0.0006820587200957712,0.09945638508258517,15,20,0.0
2511,70,0.06396520445966489,0.09945638508258517,15,20,0.0
2511,152,0.06540717552541397,0.09945638508258517,15,20,0.0
2511,188,0.08107822152228497,0.09945638508258517,15,20,0.0
2511,214,0.08234872820118376,0.09945638508258517,15,20,0.0
2511,222,0.021484035794304794,0.09945638508258517,15,20,0.0
2511,320,0.08886113240418603,0.09945638508258517,15,20,0.0
2511,484,0.10787861342559907,0.09945638508258517,15,20,0.0
2511,496,0.110842620262722,0.09945638508258517,15,20,0.0
2511,591,0.0004438194870859893,0.09945638508258517,15,20,0.0
2511,604,0.020242582657393756,0.09945638508258517,15,20,0.0
2511,608,0.006711875002873074,0.09945638508258517,15,20,0.0
2511,688,0.14203125032774447,0.09945638508258517,15,20,0.0
2511,764,0.1169976121721596,0.09945638508258517,15,20,0.0
2511,780,0.09102507003728798,0.09945638508258517,15,20,0.0
2511,32,,0.09945638508258517,15,20,1.0
2511,76,,0.09945638508258517,15,20,1.0
2511,100,,0.09945638508258517,15,20,1.0
2511,170,,0.09945638508258517,15,20,1.0
2511,191,,0.09945638508258517,15,20,1.0
2511,218,,0.09945638508258517,15,20,1.0
2511,348,,0.09945638508258517,15,20,1.0
2511,360,,0.09945638508258517,15,20,1.0
2511,458,,0.09945638508258517,15,20,1.0
2511,586,,0.09945638508258517,15,20,1.0
2511,616,,0.09945638508258517,15,20,1.0
2511,642,,0.09945638508258517,15,20,1.0
2511,643,,0.09945638508258517,15,20,1.0
2511,699,,0.09945638508258517,15,20,1.0
2511,704,,0.09945638508258517,15,20,1.0
2511,710,,0.09945638508258517,15,20,1.0
2511,784,,0.09945638508258517,15,20,1.0
2511,792,,0.09945638508258517,15,20,1.0
2511,804,,0.09945638508258517,15,20,1.0
2511,818,,0.09945638508258517,15,20,1.0
2512,68,0.0,0.2073929360790695,16,14,0.0
2512,152,0.12004745241280299,0.2073929360790695,16,14,0.0
2512,188,0.013334130982239538,0.2073929360790695,16,14,0.0
2512,214,0.0,0.2073929360790695,16,14,0.0
2512,222,0.11817384567161733,0.2073929360790695,16,14,0.0
2512,320,0.0,0.2073929360790695,16,14,0.0
2512,328,0.13358276514430106,0.2073929360790695,16,14,0.0
2512,388,0.1425503583508092,0.2073929360790695,16,14,0.0
2512,458,0.0,0.2073929360790695,16,14,0.0
2512,484,0.17231573281914708,0.2073929360790695,16,14,0.0
2512,591,0.0,0.2073929360790695,16,14,0.0
2512,604,0.061673553374473285,0.2073929360790695,16,14,0.0
2512,710,0.0,0.2073929360790695,16,14,0.0
2512,764,0.23832216124460942,0.2073929360790695,16,14,0.0
2512,780,0.0,0.2073929360790695,16,14,0.0
2512,858,0.0,0.2073929360790695,16,14,0.0
2512,32,,0.2073929360790695,16,14,1.0
2512,76,,0.2073929360790695,16,14,1.0
2512,100,,0.2073929360790695,16,14,1.0
2512,170,,0.2073929360790695,16,14,1.0
2512,191,,0.2073929360790695,16,14,1.0
2512,218,,0.2073929360790695,16,14,1.0
2512,348,,0.2073929360790695,16,14,1.0
2512,360,,0.2073929360790695,16,14,1.0
2512,616,,0.2073929360790695,16,14,1.0
2512,642,,0.2073929360790695,16,14,1.0
2512,682,,0.2073929360790695,16,14,1.0
2512,699,,0.2073929360790695,16,14,1.0
2512,704,,0.2073929360790695,16,14,1.0
2512,792,,0.2073929360790695,16,14,1.0
2610,44,0.02312591300594099,0.00857530322250442,37,21,0.0
2610,50,0.03727777592188123,0.00857530322250442,37,21,0.0
2610,68,0.029691751815441446,0.00857530322250442,37,21,0.0
2610,120,0.03542878686576423,0.00857530322250442,37,21,0.0
2610,136,0.01929177534123537,0.00857530322250442,37,21,0.0
2610,144,0.02936196178270104,0.00857530322250442,37,21,0.0
2610,188,0.011011367829508657,0.00857530322250442,37,21,0.0
2610,214,0.03250317719199526,0.00857530322250442,37,21,0.0
2610,222,0.03652169327698156,0.00857530322250442,37,21,0.0
2610,258,0.0,0.00857530322250442,37,21,0.0
2610,268,0.0,0.00857530322250442,37,21,0.0
2610,320,0.028047419438112085,0.00857530322250442,37,21,0.0
2610,328,0.011026438162701954,0.00857530322250442,37,21,0.0
2610,340,0.05287872421148842,0.00857530322250442,37,21,0.0
2610,388,0.024109398636685535,0.00857530322250442,37,21,0.0
2610,400,0.02802093319962411,0.00857530322250442,37,21,0.0
2610,466,0.018247983004684835,0.00857530322250442,37,21,0.0
2610,480,0.035616627841696155,0.00857530322250442,37,21,0.0
2610,484,0.04692359039908541,0.00857530322250442,37,21,0.0
2610,504,0.03420734066450605,0.00857530322250442,37,21,0.0
2610,516,0.018414088622368176,0.00857530322250442,37,21,0.0
2610,540,0.023069126737948586,0.00857530322250442,37,21,0.0
2610,591,0.021119469587120486,0.00857530322250442,37,21,0.0
2610,600,0.05614672443130161,0.00857530322250442,37,21,0.0
2610,604,0.023770340134406404,0.00857530322250442,37,21,0.0
2610,608,0.03913447007574488,0.00857530322250442,37,21,0.0
2610,659,0.017854242306352183,0.00857530322250442,37,21,0.0
2610,662,0.00925799703642136,0.00857530322250442,37,21,0.0
2610,682,0.024934801637369285,0.00857530322250442,37,21,0.0
2610,688,0.028948661698620506,0.00857530322250442,37,21,0.0
2610,694,0.01137486105883232,0.00857530322250442,37,21,0.0
2610,748,0.035567106482345165,0.00857530322250442,37,21,0.0
2610,764,0.053684203864183454,0.00857530322250442,37,21,0.0
2610,780,0.04282437663509674,0.00857530322250442,37,21,0.0
2610,784,0.032506864032158744,0.00857530322250442,37,21,0.0
2610,807,0.023834793521266606,0.00857530322250442,37,21,0.0
2610,858,0.00426521354842902,0.00857530322250442,37,21,0.0
2610,32,,0.00857530322250442,37,21,1.0
2610,76,,0.00857530322250442,37,21,1.0
2610,100,,0.00857530322250442,37,21,1.0
2610,152,,0.00857530322250442,37,21,1.0
2610,170,,0.00857530322250442,37,21,1.0
2610,191,,0.00857530322250442,37,21,1.0
2610,218,,0.00857530322250442,37,21,1.0
2610,348,,0.00857530322250442,37,21,1.0
2610,360,,0.00857530322250442,37,21,1.0
2610,404,,0.00857530322250442,37,21,1.0
2610,458,,0.00857530322250442,37,21,1.0
2610,586,,0.00857530322250442,37,21,1.0
2610,616,,0.00857530322250442,37,21,1.0
2610,642,,0.00857530322250442,37,21,1.0
2610,643,,0.00857530322250442,37,21,1.0
2610,699,,0.00857530322250442,37,21,1.0
2610,704,,0.00857530322250442,37,21,1.0
2610,710,,0.00857530322250442,37,21,1.0
2610,788,,0.00857530322250442,37,21,1.0
2610,792,,0.00857530322250442,37,21,1.0
2610,804,,0.00857530322250442,37,21,1.0
2620,28,0.01470567533925753,0.008425104248295632,58,23,0.0
2620,31,0.007778048942863464,0.008425104248295632,58,23,0.0
2620,44,0.005513808265044789,0.008425104248295632,58,23,0.0
2620,48,0.03677637760788944,0.008425104248295632,58,23,0.0
2620,51,0.019825576626698826,0.008425104248295632,58,23,0.0
2620,52,0.003217461235838288,0.008425104248295632,58,23,0.0
2620,60,0.0038298976134333333,0.008425104248295632,58,23,0.0
2620,70,0.005409630730257054,0.008425104248295632,58,23,0.0
2620,84,0.012198900860106894,0.008425104248295632,58,23,0.0
2620,116,0.03903380644402034,0.008425104248295632,58,23,0.0
2620,120,0.02343667423914675,0.008425104248295632,58,23,0.0
2620,132,0.002557037477537939,0.008425104248295632,58,23,0.0
2620,136,0.001167191550999266,0.008425104248295632,58,23,0.0
2620,144,0.017367044940891755,0.008425104248295632,58,23,0.0
2620,188,0.008422038568388435,0.008425104248295632,58,23,0.0
2620,214,0.02466076732984115,0.008425104248295632,58,23,0.0
2620,222,0.02504954190788941,0.008425104248295632,58,23,0.0
2620,258,0.025789385622446898,0.008425104248295632,58,23,0.0
2620,268,0.011194146417272621,0.008425104248295632,58,23,0.0
2620,288,0.013755326165485459,0.008425104248295632,58,23,0.0
2620,308,0.008886509126003746,0.008425104248295632,58,23,0.0
2620,320,0.02236312461541175,0.008425104248295632,58,23,0.0
2620,328,0.007316622760086738,0.008425104248295632,58,23,0.0
2620,340,0.01853950428791857,0.008425104248295632,58,23,0.0
2620,384,0.028213064837430444,0.008425104248295632,58,23,0.0
2620,388,0.006669731566425998,0.008425104248295632,58,23,0.0
2620,398,0.011986760790210544,0.008425104248295632,58,23,0.0
2620,404,0.008682369280250379,0.008425104248295632,58,23,0.0
2620,414,0.020320304046045044,0.008425104248295632,58,23,0.0
2620,422,0.028744359575691273,0.008425104248295632,58,23,0.0
2620,466,0.005037468600033004,0.008425104248295632,58,23,0.0
2620,480,0.014422428157196533,0.008425104248295632,58,23,0.0
2620,484,0.029170863186970045,0.008425104248295632,58,23,0.0
2620,504,0.02400297762488829,0.008425104248295632,58,23,0.0
2620,516,0.012478659325979123,0.008425104248295632,58,23,0.0
2620,533,0.012611739892943613,0.008425104248295632,58,23,0.0
2620,540,0.006767159818863139,0.008425104248295632,58,23,0.0
2620,558,0.0,0.008425104248295632,58,23,0.0
2620,566,0.018430501829962784,0.008425104248295632,58,23,0.0
2620,591,0.011328490886725547,0.008425104248295632,58,23,0.0
2620,600,0.021305178685738252,0.008425104248295632,58,23,0.0
2620,604,0.021225770559576862,0.008425104248295632,58,23,0.0
2620,608,0.03165534819874954,0.008425104248295632,58,23,0.0
2620,634,0.0048234718016078384,0.008425104248295632,58,23,0.0
2620,686,0.03426964176204854,0.008425104248295632,58,23,0.0
2620,688,0.025179528663182668,0.008425104248295632,58,23,0.0
2620,690,1.0318560516748245e-06,0.008425104248295632,58,23,0.0
2620,694,0.018538695981478885,0.008425104248295632,58,23,0.0
2620,710,0.018496927418617266,0.008425104248295632,58,23,0.0
2620,740,0.019480824996248862,0.008425104248295632,58,23,0.0
2620,748,0.025431455837070467,0.008425104248295632,58,23,0.0
2620,764,0.03979031979912205,0.008425104248295632,58,23,0.0
2620,780,0.027468095085539407,0.008425104248295632,58,23,0.0
2620,800,0.027738890571285712,0.008425104248295632,58,23,0.0
2620,834,0.0071034255127797475,0.008425104248295632,58,23,0.0
2620,858,0.015778019211679713,0.008425104248295632,58,23,0.0
2620,862,0.040165733882827785,0.008425104248295632,58,23,0.0
2620,894,0.023886662082048767,0.008425104248295632,58,23,0.0
2620,32,,0.008425104248295632,58,23,1.0
2620,68,,0.008425104248295632,58,23,1.0
2620,76,,0.008425104248295632,58,23,1.0
2620,100,,0.008425104248295632,58,23,1.0
2620,152,,0.008425104248295632,58,23,1.0
2620,170,,0.008425104248295632,58,23,1.0
2620,191,,0.008425104248295632,58,23,1.0
2620,218,,0.008425104248295632,58,23,1.0
2620,348,,0.008425104248295632,58,23,1.0
2620,360,,0.008425104248295632,58,23,1.0
2620,458,,0.008425104248295632,58,23,1.0
2620,586,,0.008425104248295632,58,23,1.0
2620,616,,0.008425104248295632,58,23,1.0
2620,642,,0.008425104248295632,58,23,1.0
2620,643,,0.008425104248295632,58,23,1.0
2620,682,,0.008425104248295632,58,23,1.0
2620,699,,0.008425104248295632,58,23,1.0
2620,704,,0.008425104248295632,58,23,1.0
2620,784,,0.008425104248295632,58,23,1.0
2620,788,,0.008425104248295632,58,23,1.0
2620,792,,0.008425104248295632,58,23,1.0
2620,804,,0.008425104248295632,58,23,1.0
2620,818,,0.008425104248295632,58,23,1.0
2630,31,0.01667289856749364,0.022957000972428837,51,25,0.0
2630,44,0.0,0.022957000972428837,51,25,0.0
2630,50,0.03651609950774353,0.022957000972428837,51,25,0.0
2630,60,0.0,0.022957000972428837,51,25,0.0
2630,84,0.012857726835931668,0.022957000972428837,51,25,0.0
2630,116,0.03096310840154493,0.022957000972428837,51,25,0.0
2630,120,0.019095463317731563,0.022957000972428837,51,25,0.0
2630,136,0.04725642134289473,0.022957000972428837,51,25,0.0
2630,144,0.04113467194011076,0.022957000972428837,51,25,0.0
2630,152,0.018054262832152963,0.022957000972428837,51,25,0.0
2630,188,0.01208798373702441,0.022957000972428837,51,25,0.0
2630,214,0.022664007977758877,0.022957000972428837,51,25,0.0
2630,222,0.017684309015829503,0.022957000972428837,51,25,0.0
2630,242,0.02998211470778414,0.022957000972428837,51,25,0.0
2630,268,0.030392402225125594,0.022957000972428837,51,25,0.0
2630,320,0.009345341868840012,0.022957000972428837,51,25,0.0
2630,328,0.0010131200239517817,0.022957000972428837,51,25,0.0
2630,340,0.0242439560684698,0.022957000972428837,51,25,0.0
2630,384,0.00987412763331478,0.022957000972428837,51,25,0.0
2630,388,0.011759684259217395,0.022957000972428837,51,25,0.0
2630,400,0.031092346417431093,0.022957000972428837,51,25,0.0
2630,404,0.0,0.022957000972428837,51,25,0.0
2630,422,0.016814068050271518,0.022957000972428837,51,25,0.0
2630,450,0.022926069969228854,0.022957000972428837,51,25,0.0
2630,454,0.0037259242283513936,0.022957000972428837,51,25,0.0
2630,466,0.00015034960324837804,0.022957000972428837,51,25,0.0
2630,480,0.008636263965920887,0.022957000972428837,51,25,0.0
2630,484,0.027110643061186834,0.022957000972428837,51,25,0.0
2630,499,0.013057543314874805,0.022957000972428837,51,25,0.0
2630,516,0.026718652988536176,0.022957000972428837,51,25,0.0
2630,558,0.025229009215709974,0.022957000972428837,51,25,0.0
2630,562,0.0,0.022957000972428837,51,25,0.0
2630,566,0.017966337383871593,0.022957000972428837,51,25,0.0
2630,591,0.02360646153204042,0.022957000972428837,51,25,0.0
2630,600,0.037542267286310466,0.022957000972428837,51,25,0.0
2630,608,0.02001768434631948,0.022957000972428837,51,25,0.0
2630,659,0.005661108143717253,0.022957000972428837,51,25,0.0
2630,662,0.005729060410698594,0.022957000972428837,51,25,0.0
2630,686,0.02537739887044519,0.022957000972428837,51,25,0.0
2630,688,0.032054314774969686,0.022957000972428837,51,25,0.0
2630,694,0.019969535563003047,0.022957000972428837,51,25,0.0
2630,740,0.009750715854128499,0.022957000972428837,51,25,0.0
2630,748,0.047634484308327486,0.022957000972428837,51,25,0.0
2630,764,0.0389618949871312,0.022957000972428837,51,25,0.0
2630,780,0.03179786912192356,0.022957000972428837,51,25,0.0
2630,784,0.026761829287609416,0.022957000972428837,51,25,0.0
2630,800,0.0,0.022957000972428837,51,25,0.0
2630,807,0.01976241366784195,0.022957000972428837,51,25,0.0
2630,834,0.007638822902616585,0.022957000972428837,51,25,0.0
2630,858,0.02804378492169446,0.022957000972428837,51,25,0.0
2630,862,0.03466544555967087,0.022957000972428837,51,25,0.0
2630,32,,0.022957000972428837,51,25,1.0
2630,68,,0.022957000972428837,51,25,1.0
2630,76,,0.022957000972428837,51,25,1.0
2630,100,,0.022957000972428837,51,25,1.0
2630,170,,0.022957000972428837,51,25,1.0
2630,191,,0.022957000972428837,51,25,1.0
2630,218,,0.022957000972428837,51,25,1.0
2630,348,,0.022957000972428837,51,25,1.0
2630,360,,0.022957000972428837,51,25,1.0
2630,458,,0.022957000972428837,51,25,1.0
2630,504,,0.022957000972428837,51,25,1.0
2630,586,,0.022957000972428837,51,25,1.0
2630,604,,0.022957000972428837,51,25,1.0
2630,616,,0.022957000972428837,51,25,1.0
2630,634,,0.022957000972428837,51,25,1.0
2630,642,,0.022957000972428837,51,25,1.0
2630,643,,0.022957000972428837,51,25,1.0
2630,682,,0.022957000972428837,51,25,1.0
2630,699,,0.022957000972428837,51,25,1.0
2630,704,,0.022957000972428837,51,25,1.0
2630,710,,0.022957000972428837,51,25,1.0
2630,788,,0.022957000972428837,51,25,1.0
2630,792,,0.022957000972428837,51,25,1.0
2630,804,,0.022957000972428837,51,25,1.0
2630,818,,0.022957000972428837,51,25,1.0
2640,31,0.011047817779226898,0.01641352394405284,26,20,0.0
2640,44,0.005230239664273223,0.01641352394405284,26,20,0.0
2640,60,0.0,0.01641352394405284,26,20,0.0
2640,120,0.04057227847381619,0.01641352394405284,26,20,0.0
2640,152,0.03414049358205068,0.01641352394405284,26,20,0.0
2640,188,0.03900834696895903,0.01641352394405284,26,20,0.0
2640,214,0.037421429696941635,0.01641352394405284,26,20,0.0
2640,222,0.05823064499882206,0.01641352394405284,26,20,0.0
2640,242,0.011028942083018634,0.01641352394405284,26,20,0.0
2640,320,0.04618010585984008,0.01641352394405284,26,20,0.0
2640,328,0.046423313244423864,0.01641352394405284,26,20,0.0
2640,388,0.026102895075465902,0.01641352394405284,26,20,0.0
2640,484,0.07755482921465534,0.01641352394405284,26,20,0.0
2640,504,0.03690642960153987,0.01641352394405284,26,20,0.0
2640,540,0.010149588471600397,0.01641352394405284,26,20,0.0
2640,591,0.026317756589593677,0.01641352394405284,26,20,0.0
2640,600,0.0329281776530904,0.01641352394405284,26,20,0.0
2640,604,0.04266451968663261,0.01641352394405284,26,20,0.0
2640,608,0.05725885121150862,0.01641352394405284,26,20,0.0
2640,659,0.0379748057495438,0.01641352394405284,26,20,0.0
2640,682,0.07042173616839824,0.01641352394405284,26,20,0.0
2640,688,0.050165197291181934,0.01641352394405284,26,20,0.0
2640,764,0.1007821593892571,0.01641352394405284,26,20,0.0
2640,780,0.04756847388413209,0.01641352394405284,26,20,0.0
2640,804,0.01820223341780574,0.01641352394405284,26,20,0.0
2640,858,0.03571873424422167,0.01641352394405284,26,20,0.0
2640,32,,0.01641352394405284,26,20,1.0
2640,68,,0.01641352394405284,26,20,1.0
2640,76,,0.01641352394405284,26,20,1.0
2640,100,,0.01641352394405284,26,20,1.0
2640,170,,0.01641352394405284,26,20,1.0
2640,191,,0.01641352394405284,26,20,1.0
2640,218,,0.01641352394405284,26,20,1.0
2640,348,,0.01641352394405284,26,20,1.0
2640,360,,0.01641352394405284,26,20,1.0
2640,404,,0.01641352394405284,26,20,1.0
2640,458,,0.01641352394405284,26,20,1.0
2640,586,,0.01641352394405284,26,20,1.0
2640,616,,0.01641352394405284,26,20,1.0
2640,642,,0.01641352394405284,26,20,1.0
2640,643,,0.01641352394405284,26,20,1.0
2640,699,,0.01641352394405284,26,20,1.0
2640,704,,0.01641352394405284,26,20,1.0
2640,710,,0.01641352394405284,26,20,1.0
2640,784,,0.01641352394405284,26,20,1.0
2640,792,,0.01641352394405284,26,20,1.0
2651,28,0.0015096633012327563,0.0150656947517774,67,20,0.0
2651,31,0.0021719001354262137,0.0150656947517774,67,20,0.0
2651,44,0.0,0.0150656947517774,67,20,0.0
2651,48,0.020384001014939927,0.0150656947517774,67,20,0.0
2651,50,0.02166596819796402,0.0150656947517774,67,20,0.0
2651,51,0.01714419114037424,0.0150656947517774,67,20,0.0
2651,52,0.002250031116302455,0.0150656947517774,67,20,0.0
2651,60,0.0,0.0150656947517774,67,20,0.0
2651,68,0.014871821450374287,0.0150656947517774,67,20,0.0
2651,70,0.02037186511055296,0.0150656947517774,67,20,0.0
2651,84,0.008354394418454463,0.0150656947517774,67,20,0.0
2651,96,0.02398461452946785,0.0150656947517774,67,20,0.0
2651,112,0.028237959815175604,0.0150656947517774,67,20,0.0
2651,116,0.025043666599770198,0.0150656947517774,67,20,0.0
2651,120,0.02121468142154684,0.0150656947517774,67,20,0.0
2651,136,0.0,0.0150656947517774,67,20,0.0
2651,144,0.022352333303800737,0.0150656947517774,67,20,0.0
2651,152,0.01007417589133949,0.0150656947517774,67,20,0.0
2651,188,0.019319168393892135,0.0150656947517774,67,20,0.0
2651,214,0.022510554641344053,0.0150656947517774,67,20,0.0
2651,222,0.025069847213057696,0.0150656947517774,67,20,0.0
2651,231,0.0,0.0150656947517774,67,20,0.0
2651,258,0.0036140547237010095,0.0150656947517774,67,20,0.0
2651,268,0.008261195083507707,0.0150656947517774,67,20,0.0
2651,288,0.012999220562309354,0.0150656947517774,67,20,0.0
2651,320,0.020423279796936034,0.0150656947517774,67,20,0.0
2651,324,0.0,0.0150656947517774,67,20,0.0
2651,328,0.010007404353893702,0.0150656947517774,67,20,0.0
2651,340,0.022966068325247203,0.0150656947517774,67,20,0.0
2651,368,0.0024774273185199382,0.0150656947517774,67,20,0.0
2651,384,0.012075085304775383,0.0150656947517774,67,20,0.0
2651,388,0.00830000635492621,0.0150656947517774,67,20,0.0
2651,398,0.01883423653178209,0.0150656947517774,67,20,0.0
2651,400,0.023655340690403842,0.0150656947517774,67,20,0.0
2651,404,0.00532176937228159,0.0150656947517774,67,20,0.0
2651,414,0.017829398304473786,0.0150656947517774,67,20,0.0
2651,422,0.027508995262172882,0.0150656947517774,67,20,0.0
2651,450,0.02175307922649748,0.0150656947517774,67,20,0.0
2651,466,0.005911572737183913,0.0150656947517774,67,20,0.0
2651,480,0.013965745102963636,0.0150656947517774,67,20,0.0
2651,496,0.003117428151564834,0.0150656947517774,67,20,0.0
2651,499,0.01399005094974507,0.0150656947517774,67,20,0.0
2651,504,0.007784766593079003,0.0150656947517774,67,20,0.0
2651,516,0.0016730409144048411,0.0150656947517774,67,20,0.0
2651,540,0.004670136107399806,0.0150656947517774,67,20,0.0
2651,558,0.01046962603213803,0.0150656947517774,67,20,0.0
2651,562,0.008034272405214872,0.0150656947517774,67,20,0.0
2651,591,0.005419303325194935,0.0150656947517774,67,20,0.0
2651,600,0.03638453101849901,0.0150656947517774,67,20,0.0
2651,604,0.016974169321985394,0.0150656947517774,67,20,0.0
2651,608,0.026212131489883415,0.0150656947517774,67,20,0.0
2651,634,0.01667858877763492,0.0150656947517774,67,20,0.0
2651,659,0.0,0.0150656947517774,67,20,0.0
2651,682,0.0240510024697036,0.0150656947517774,67,20,0.0
2651,686,0.016265468890013457,0.0150656947517774,67,20,0.0
2651,688,0.02094662123986329,0.0150656947517774,67,20,0.0
2651,694,0.007303928657264275,0.0150656947517774,67,20,0.0
2651,740,0.028645763263185086,0.0150656947517774,67,20,0.0
2651,748,0.03700168289439322,0.0150656947517774,67,20,0.0
2651,764,0.042001731987500124,0.0150656947517774,67,20,0.0
2651,780,0.015469907587963924,0.0150656947517774,67,20,0.0
2651,784,0.0012863994923342312,0.0150656947517774,67,20,0.0
2651,804,0.023307103555725128,0.0150656947517774,67,20,0.0
2651,807,0.011043821720484468,0.0150656947517774,67,20,0.0
2651,818,0.021185865607639742,0.0150656947517774,67,20,0.0
2651,858,0.017407820944239507,0.0150656947517774,67,20,0.0
2651,862,0.04024011985635353,0.0150656947517774,67,20,0.0
2651,32,,0.0150656947517774,67,20,1.0
2651,76,,0.0150656947517774,67,20,1.0
2651,100,,0.0150656947517774,67,20,1.0
2651,170,,0.0150656947517774,67,20,1.0
2651,191,,0.0150656947517774,67,20,1.0
2651,218,,0.0150656947517774,67,20,1.0
2651,348,,0.0150656947517774,67,20,1.0
2651,360,,0.0150656947517774,67,20,1.0
2651,458,,0.0150656947517774,67,20,1.0
2651,484,,0.0150656947517774,67,20,1.0
2651,566,,0.0150656947517774,67,20,1.0
2651,586,,0.0150656947517774,67,20,1.0
2651,616,,0.0150656947517774,67,20,1.0
2651,642,,0.0150656947517774,67,20,1.0
2651,643,,0.0150656947517774,67,20,1.0
2651,699,,0.0150656947517774,67,20,1.0
2651,704,,0.0150656947517774,67,20,1.0
2651,710,,0.0150656947517774,67,20,1.0
2651,788,,0.0150656947517774,67,20,1.0
2651,792,,0.0150656947517774,67,20,1.0
2652,44,0.004361236300794237,0.13612125941175426,19,13,0.0
2652,51,0.0,0.13612125941175426,19,13,0.0
2652,152,0.0,0.13612125941175426,19,13,0.0
2652,188,0.008791485628123697,0.13612125941175426,19,13,0.0
2652,214,0.03554037591441086,0.13612125941175426,19,13,0.0
2652,320,0.0,0.13612125941175426,19,13,0.0
2652,328,0.0034485667890246686,0.13612125941175426,19,13,0.0
2652,400,0.06832993771748092,0.13612125941175426,19,13,0.0
2652,480,0.0,0.13612125941175426,19,13,0.0
2652,484,0.1065406193476087,0.13612125941175426,19,13,0.0
2652,591,0.09012034306723926,0.13612125941175426,19,13,0.0
2652,604,0.05184137836941647,0.13612125941175426,19,13,0.0
2652,608,0.10579087401415704,0.13612125941175426,19,13,0.0
2652,688,0.12555875682324213,0.13612125941175426,19,13,0.0
2652,704,0.043488026587989094,0.13612125941175426,19,13,0.0
2652,710,0.06171891110122438,0.13612125941175426,19,13,0.0
2652,764,0.12275365108663255,0.13612125941175426,19,13,0.0
2652,784,0.17171583725265605,0.13612125941175426,19,13,0.0
2652,858,0.0,0.13612125941175426,19,13,0.0
2652,76,,0.13612125941175426,19,13,1.0
2652,100,,0.13612125941175426,19,13,1.0
2652,170,,0.13612125941175426,19,13,1.0
2652,191,,0.13612125941175426,19,13,1.0
2652,348,,0.13612125941175426,19,13,1.0
2652,360,,0.13612125941175426,19,13,1.0
2652,458,,0.13612125941175426,19,13,1.0
2652,616,,0.13612125941175426,19,13,1.0
2652,642,,0.13612125941175426,19,13,1.0
2652,643,,0.13612125941175426,19,13,1.0
2652,699,,0.13612125941175426,19,13,1.0
2652,788,,0.13612125941175426,19,13,1.0
2652,792,,0.13612125941175426,19,13,1.0
2660,68,0.06849215650003918,0.1183019650249935,22,16,0.0
2660,152,0.04049320051377957,0.1183019650249935,22,16,0.0
2660,188,0.08009988591798978,0.1183019650249935,22,16,0.0
2660,214,0.010874516792193433,0.1183019650249935,22,16,0.0
2660,222,0.019113090195258437,0.1183019650249935,22,16,0.0
2660,320,0.011779808406910378,0.1183019650249935,22,16,0.0
2660,340,0.07759813673461007,0.1183019650249935,22,16,0.0
2660,422,0.0,0.1183019650249935,22,16,0.0
2660,484,0.06203051918484974,0.1183019650249935,22,16,0.0
2660,504,0.08351872189844486,0.1183019650249935,22,16,0.0
2660,558,0.0,0.1183019650249935,22,16,0.0
2660,591,0.01653832954143419,0.1183019650249935,22,16,0.0
2660,604,0.06820048166936137,0.1183019650249935,22,16,0.0
2660,608,0.07805064956630958,0.1183019650249935,22,16,0.0
2660,688,0.09472702287884084,0.1183019650249935,22,16,0.0
2660,704,0.055488124357742266,0.1183019650249935,22,16,0.0
2660,710,0.05450801363655714,0.1183019650249935,22,16,0.0
2660,764,0.0777137840555515,0.1183019650249935,22,16,0.0
2660,780,0.0,0.1183019650249935,22,16,0.0
2660,784,0.007956403832264527,0.1183019650249935,22,16,0.0
2660,804,0.08549354143208049,0.1183019650249935,22,16,0.0
2660,858,0.007323612885782632,0.1183019650249935,22,16,0.0
2660,32,,0.1183019650249935,22,16,1.0
2660,76,,0.1183019650249935,22,16,1.0
2660,100,,0.1183019650249935,22,16,1.0
2660,170,,0.1183019650249935,22,16,1.0
2660,191,,0.1183019650249935,22,16,1.0
2660,218,,0.1183019650249935,22,16,1.0
2660,348,,0.1183019650249935,22,16,1.0
2660,360,,0.1183019650249935,22,16,1.0
2660,458,,0.1183019650249935,22,16,1.0
2660,586,,0.1183019650249935,22,16,1.0
2660,616,,0.1183019650249935,22,16,1.0
2660,642,,0.1183019650249935,22,16,1.0
2660,643,,0.1183019650249935,22,16,1.0
2660,699,,0.1183019650249935,22,16,1.0
2660,788,,0.1183019650249935,22,16,1.0
2660,792,,0.1183019650249935,22,16,1.0
2710,12,0.0033473408347712065,0.009666487767712366,50,26,0.0
2710,31,0.02074439876784728,0.009666487767712366,50,26,0.0
2710,44,0.007518922921451469,0.009666487767712366,50,26,0.0
2710,48,0.0,0.009666487767712366,50,26,0.0
2710,52,0.018018030324438723,0.009666487767712366,50,26,0.0
2710,68,0.0,0.009666487767712366,50,26,0.0
2710,84,0.014196543057775759,0.009666487767712366,50,26,0.0
2710,96,0.012753548053700384,0.009666487767712366,50,26,0.0
2710,112,0.031246588995299838,0.009666487767712366,50,26,0.0
2710,120,0.0279562328138078,0.009666487767712366,50,26,0.0
2710,144,0.02636611688184075,0.009666487767712366,50,26,0.0
2710,188,0.022610646899657763,0.009666487767712366,50,26,0.0
2710,212,0.007751513490145239,0.009666487767712366,50,26,0.0
2710,214,0.023901458632438533,0.009666487767712366,50,26,0.0
2710,222,0.02762834995839569,0.009666487767712366,50,26,0.0
2710,231,0.0,0.009666487767712366,50,26,0.0
2710,242,0.023076926693516048,0.009666487767712366,50,26,0.0
2710,268,0.02345416445837393,0.009666487767712366,50,26,0.0
2710,308,0.013567882874945102,0.009666487767712366,50,26,0.0
2710,320,0.02405098725363265,0.009666487767712366,50,26,0.0
2710,328,0.005047042746813699,0.009666487767712366,50,26,0.0
2710,332,0.03370255651306053,0.009666487767712366,50,26,0.0
2710,340,0.030759454919253096,0.009666487767712366,50,26,0.0
2710,384,0.023993364417680216,0.009666487767712366,50,26,0.0
2710,388,0.012945106348526365,0.009666487767712366,50,26,0.0
2710,400,0.01903945269992899,0.009666487767712366,50,26,0.0
2710,404,0.004017584070598119,0.009666487767712366,50,26,0.0
2710,422,0.031201458104513562,0.009666487767712366,50,26,0.0
2710,480,0.02084583801060217,0.009666487767712366,50,26,0.0
2710,496,0.011256705020219337,0.009666487767712366,50,26,0.0
2710,512,0.030450717800314237,0.009666487767712366,50,26,0.0
2710,516,0.0010783190652548966,0.009666487767712366,50,26,0.0
2710,533,0.011404570442392473,0.009666487767712366,50,26,0.0
2710,540,0.026620748519239505,0.009666487767712366,50,26,0.0
2710,558,0.026401598499119692,0.009666487767712366,50,26,0.0
2710,562,0.0004970552025093111,0.009666487767712366,50,26,0.0
2710,591,0.019052591318683053,0.009666487767712366,50,26,0.0
2710,600,0.036566426667216295,0.009666487767712366,50,26,0.0
2710,604,0.025829782997580493,0.009666487767712366,50,26,0.0
2710,608,0.029860287208597545,0.009666487767712366,50,26,0.0
2710,659,0.012798587109835358,0.009666487767712366,50,26,0.0
2710,662,0.0025048523866476533,0.009666487767712366,50,26,0.0
2710,688,0.0259344071123911,0.009666487767712366,50,26,0.0
2710,694,0.013935749879958046,0.009666487767712366,50,26,0.0
2710,748,0.04935318113608371,0.009666487767712366,50,26,0.0
2710,764,0.041825402386467335,0.009666487767712366,50,26,0.0
2710,780,0.027553530491286917,0.009666487767712366,50,26,0.0
2710,807,0.021918541713422075,0.009666487767712366,50,26,0.0
2710,858,0.024508482414104284,0.009666487767712366,50,26,0.0
2710,862,0.05090695188566182,0.009666487767712366,50,26,0.0
2710,32,,0.009666487767712366,50,26,1.0
2710,76,,0.009666487767712366,50,26,1.0
2710,100,,0.009666487767712366,50,26,1.0
2710,152,,0.009666487767712366,50,26,1.0
2710,170,,0.009666487767712366,50,26,1.0
2710,191,,0.009666487767712366,50,26,1.0
2710,218,,0.009666487767712366,50,26,1.0
2710,348,,0.009666487767712366,50,26,1.0
2710,360,,0.009666487767712366,50,26,1.0
2710,458,,0.009666487767712366,50,26,1.0
2710,484,,0.009666487767712366,50,26,1.0
2710,504,,0.009666487767712366,50,26,1.0
2710,566,,0.009666487767712366,50,26,1.0
2710,586,,0.009666487767712366,50,26,1.0
2710,616,,0.009666487767712366,50,26,1.0
2710,642,,0.009666487767712366,50,26,1.0
2710,643,,0.009666487767712366,50,26,1.0
2710,682,,0.009666487767712366,50,26,1.0
2710,699,,0.009666487767712366,50,26,1.0
2710,704,,0.009666487767712366,50,26,1.0
2710,710,,0.009666487767712366,50,26,1.0
2710,784,,0.009666487767712366,50,26,1.0
2710,788,,0.009666487767712366,50,26,1.0
2710,792,,0.009666487767712366,50,26,1.0
2710,804,,0.009666487767712366,50,26,1.0
2710,818,,0.009666487767712366,50,26,1.0
2731,50,0.0,0.2586050952812841,17,12,0.0
2731,51,0.0,0.2586050952812841,17,12,0.0
2731,112,0.0,0.2586050952812841,17,12,0.0
2731,152,0.1126513668035432,0.2586050952812841,17,12,0.0
2731,188,0.09436274487977293,0.2586050952812841,17,12,0.0
2731,214,0.0,0.2586050952812841,17,12,0.0
2731,222,0.22389257263917922,0.2586050952812841,17,12,0.0
2731,458,0.1511621649568968,0.2586050952812841,17,12,0.0
2731,480,0.0,0.2586050952812841,17,12,0.0
2731,484,0.05449291612222033,0.2586050952812841,17,12,0.0
2731,586,0.1619470131053655,0.2586050952812841,17,12,0.0
2731,591,0.0033340268037775978,0.2586050952812841,17,12,0.0
2731,604,0.0,0.2586050952812841,17,12,0.0
2731,608,0.06021306237291125,0.2586050952812841,17,12,0.0
2731,704,0.028240553248469594,0.2586050952812841,17,12,0.0
2731,764,0.03901294117261096,0.2586050952812841,17,12,0.0
2731,804,0.07069063789525261,0.2586050952812841,17,12,0.0
2731,32,,0.2586050952812841,17,12,1.0
2731,76,,0.2586050952812841,17,12,1.0
2731,100,,0.2586050952812841,17,12,1.0
2731,170,,0.2586050952812841,17,12,1.0
2731,348,,0.2586050952812841,17,12,1.0
2731,360,,0.2586050952812841,17,12,1.0
2731,616,,0.2586050952812841,17,12,1.0
2731,642,,0.2586050952812841,17,12,1.0
2731,643,,0.2586050952812841,17,12,1.0
2731,699,,0.2586050952812841,17,12,1.0
2731,710,,0.2586050952812841,17,12,1.0
2731,792,,0.2586050952812841,17,12,1.0
2732,68,0.0071931162081952365,0.051675430443880475,22,21,0.0
2732,152,0.11060082018666008,0.051675430443880475,22,21,0.0
2732,188,0.07817349526542958,0.051675430443880475,22,21,0.0
2732,214,0.033134491096093906,0.051675430443880475,22,21,0.0
2732,222,0.01813715284286513,0.051675430443880475,22,21,0.0
2732,320,0.005303829056627624,0.051675430443880475,22,21,0.0
2732,328,0.0015613862764295799,0.051675430443880475,22,21,0.0
2732,340,0.03649376962542273,0.051675430443880475,22,21,0.0
2732,388,0.08969947761121327,0.051675430443880475,22,21,0.0
2732,458,0.057753354828910794,0.051675430443880475,22,21,0.0
2732,484,0.05274727765586507,0.051675430443880475,22,21,0.0
2732,504,0.009469315383468254,0.051675430443880475,22,21,0.0
2732,558,0.024979370781298593,0.051675430443880475,22,21,0.0
2732,591,0.0448602039862076,0.051675430443880475,22,21,0.0
2732,600,0.059449654879564384,0.051675430443880475,22,21,0.0
2732,604,0.04639382446474788,0.051675430443880475,22,21,0.0
2732,608,0.0592466028183315,0.051675430443880475,22,21,0.0
2732,688,0.07692070136894376,0.051675430443880475,22,21,0.0
2732,764,0.04738084728794229,0.051675430443880475,22,21,0.0
2732,780,0.07936106717572751,0.051675430443880475,22,21,0.0
2732,858,0.03649804998421512,0.051675430443880475,22,21,0.0
2732,862,0.024642191215840326,0.051675430443880475,22,21,0.0
2732,32,,0.051675430443880475,22,21,1.0
2732,76,,0.051675430443880475,22,21,1.0
2732,100,,0.051675430443880475,22,21,1.0
2732,170,,0.051675430443880475,22,21,1.0
2732,191,,0.051675430443880475,22,21,1.0
2732,218,,0.051675430443880475,22,21,1.0
2732,348,,0.051675430443880475,22,21,1.0
2732,360,,0.051675430443880475,22,21,1.0
2732,586,,0.051675430443880475,22,21,1.0
2732,616,,0.051675430443880475,22,21,1.0
2732,642,,0.051675430443880475,22,21,1.0
2732,643,,0.051675430443880475,22,21,1.0
2732,682,,0.051675430443880475,22,21,1.0
2732,699,,0.051675430443880475,22,21,1.0
2732,704,,0.051675430443880475,22,21,1.0
2732,710,,0.051675430443880475,22,21,1.0
2732,784,,0.051675430443880475,22,21,1.0
2732,788,,0.051675430443880475,22,21,1.0
2732,792,,0.051675430443880475,22,21,1.0
2732,804,,0.051675430443880475,22,21,1.0
2732,818,,0.051675430443880475,22,21,1.0
2740,31,0.0,0.021923552157638432,36,18,0.0
2740,44,0.017488397861105946,0.021923552157638432,36,18,0.0
2740,50,0.029579071702293496,0.021923552157638432,36,18,0.0
2740,84,0.0,0.021923552157638432,36,18,0.0
2740,112,0.025382481104568137,0.021923552157638432,36,18,0.0
2740,120,0.039561390967172885,0.021923552157638432,36,18,0.0
2740,144,0.05389579153322043,0.021923552157638432,36,18,0.0
2740,152,0.008851391710194762,0.021923552157638432,36,18,0.0
2740,188,0.043230362948175054,0.021923552157638432,36,18,0.0
2740,214,0.0,0.021923552157638432,36,18,0.0
2740,222,0.03424511333501442,0.021923552157638432,36,18,0.0
2740,268,0.009565699397399622,0.021923552157638432,36,18,0.0
2740,320,0.00991911150422089,0.021923552157638432,36,18,0.0
2740,328,0.013159196570174666,0.021923552157638432,36,18,0.0
2740,332,0.06054287729249321,0.021923552157638432,36,18,0.0
2740,340,0.06425286464158728,0.021923552157638432,36,18,0.0
2740,388,0.019471256946580313,0.021923552157638432,36,18,0.0
2740,404,0.0178615171914352,0.021923552157638432,36,18,0.0
2740,422,0.04491406673367636,0.021923552157638432,36,18,0.0
2740,484,0.047424878298225746,0.021923552157638432,36,18,0.0
2740,504,0.045334723136577805,0.021923552157638432,36,18,0.0
2740,516,0.0,0.021923552157638432,36,18,0.0
2740,524,0.013969150441596852,0.021923552157638432,36,18,0.0
2740,558,0.00731040073332488,0.021923552157638432,36,18,0.0
2740,591,0.024235266932387513,0.021923552157638432,36,18,0.0
2740,604,0.04729804242487839,0.021923552157638432,36,18,0.0
2740,608,0.04442659217937635,0.021923552157638432,36,18,0.0
2740,682,0.0,0.021923552157638432,36,18,0.0
2740,688,0.02547850628392545,0.021923552157638432,36,18,0.0
2740,694,0.00792216778411218,0.021923552157638432,36,18,0.0
2740,710,0.0419974167635949,0.021923552157638432,36,18,0.0
2740,764,0.05450848490757296,0.021923552157638432,36,18,0.0
2740,780,0.040031802115890566,0.021923552157638432,36,18,0.0
2740,784,0.035613142485904185,0.021923552157638432,36,18,0.0
2740,858,0.018342382601827988,0.021923552157638432,36,18,0.0
2740,862,0.05418645147149153,0.021923552157638432,36,18,0.0
2740,32,,0.021923552157638432,36,18,1.0
2740,76,,0.021923552157638432,36,18,1.0
2740,100,,0.021923552157638432,36,18,1.0
2740,170,,0.021923552157638432,36,18,1.0
2740,191,,0.021923552157638432,36,18,1.0
2740,218,,0.021923552157638432,36,18,1.0
2740,348,,0.021923552157638432,36,18,1.0
2740,360,,0.021923552157638432,36,18,1.0
2740,458,,0.021923552157638432,36,18,1.0
2740,586,,0.021923552157638432,36,18,1.0
2740,616,,0.021923552157638432,36,18,1.0
2740,642,,0.021923552157638432,36,18,1.0
2740,643,,0.021923552157638432,36,18,1.0
2740,699,,0.021923552157638432,36,18,1.0
2740,704,,0.021923552157638432,36,18,1.0
2740,788,,0.021923552157638432,36,18,1.0
2740,792,,0.021923552157638432,36,18,1.0
2740,818,,0.021923552157638432,36,18,1.0
2790,31,0.02477252016861927,0.011445237913279982,40,24,0.0
2790,44,0.013217703511114641,0.011445237913279982,40,24,0.0
2790,48,0.01931661537663035,0.011445237913279982,40,24,0.0
2790,50,0.025974214058054827,0.011445237913279982,40,24,0.0
2790,51,0.013308862857911241,0.011445237913279982,40,24,0.0
2790,68,0.04403744347193682,0.011445237913279982,40,24,0.0
2790,70,0.0036204131848380167,0.011445237913279982,40,24,0.0
2790,96,0.013763112922206272,0.011445237913279982,40,24,0.0
2790,112,0.015366872762661897,0.011445237913279982,40,24,0.0
2790,120,0.005328441232256028,0.011445237913279982,40,24,0.0
2790,144,0.023437451780747694,0.011445237913279982,40,24,0.0
2790,188,0.018560605299059275,0.011445237913279982,40,24,0.0
2790,214,0.018930755708767327,0.011445237913279982,40,24,0.0
2790,222,0.024671674162122643,0.011445237913279982,40,24,0.0
2790,242,0.01546252975778646,0.011445237913279982,40,24,0.0
2790,268,0.038932598092304954,0.011445237913279982,40,24,0.0
2790,320,0.02662493832167763,0.011445237913279982,40,24,0.0
2790,328,0.054969259411327874,0.011445237913279982,40,24,0.0
2790,340,0.013879357518201775,0.011445237913279982,40,24,0.0
2790,388,0.015866553760865872,0.011445237913279982,40,24,0.0
2790,400,0.039799632704568155,0.011445237913279982,40,24,0.0
2790,422,0.019914321419586344,0.011445237913279982,40,24,0.0
2790,480,0.008118889052063337,0.011445237913279982,40,24,0.0
2790,484,0.032896762950417026,0.011445237913279982,40,24,0.0
2790,498,0.04060630106236838,0.011445237913279982,40,24,0.0
2790,504,0.028563353150176236,0.011445237913279982,40,24,0.0
2790,516,0.009706177095164503,0.011445237913279982,40,24,0.0
2790,558,0.03143434897480249,0.011445237913279982,40,24,0.0
2790,591,0.02410759448352433,0.011445237913279982,40,24,0.0
2790,600,0.039660164640736274,0.011445237913279982,40,24,0.0
2790,604,0.023932645864350007,0.011445237913279982,40,24,0.0
2790,608,0.026362004294386752,0.011445237913279982,40,24,0.0
2790,659,0.025855906334704106,0.011445237913279982,40,24,0.0
2790,688,0.0367012455138287,0.011445237913279982,40,24,0.0
2790,694,0.012737212148720426,0.011445237913279982,40,24,0.0
2790,764,0.03692529330111221,0.011445237913279982,40,24,0.0
2790,780,0.028233132156096387,0.011445237913279982,40,24,0.0
2790,804,0.022578793763344564,0.011445237913279982,40,24,0.0
2790,858,0.023403667056097886,0.011445237913279982,40,24,0.0
2790,862,0.05842063067486063,0.011445237913279982,40,24,0.0
2790,32,,0.011445237913279982,40,24,1.0
2790,76,,0.011445237913279982,40,24,1.0
2790,100,,0.011445237913279982,40,24,1.0
2790,152,,0.011445237913279982,40,24,1.0
2790,170,,0.011445237913279982,40,24,1.0
2790,191,,0.011445237913279982,40,24,1.0
2790,218,,0.011445237913279982,40,24,1.0
2790,348,,0.011445237913279982,40,24,1.0
2790,360,,0.011445237913279982,40,24,1.0
2790,404,,0.011445237913279982,40,24,1.0
2790,458,,0.011445237913279982,40,24,1.0
2790,586,,0.011445237913279982,40,24,1.0
2790,616,,0.011445237913279982,40,24,1.0
2790,634,,0.011445237913279982,40,24,1.0
2790,642,,0.011445237913279982,40,24,1.0
2790,643,,0.011445237913279982,40,24,1.0
2790,682,,0.011445237913279982,40,24,1.0
2790,699,,0.011445237913279982,40,24,1.0
2790,704,,0.011445237913279982,40,24,1.0
2790,710,,0.011445237913279982,40,24,1.0
2790,784,,0.011445237913279982,40,24,1.0
2790,788,,0.011445237913279982,40,24,1.0
2790,792,,0.011445237913279982,40,24,1.0
2790,818,,0.011445237913279982,40,24,1.0
2811,44,0.0029648452368387893,0.03274990697058274,20,15,0.0
2811,68,0.03566083128271205,0.03274990697058274,20,15,0.0
2811,152,0.06667545222562814,0.03274990697058274,20,15,0.0
2811,170,0.051181107206138034,0.03274990697058274,20,15,0.0
2811,188,0.05315553137389868,0.03274990697058274,20,15,0.0
2811,214,0.09571426963236762,0.03274990697058274,20,15,0.0
2811,222,0.023075886611975033,0.03274990697058274,20,15,0.0
2811,320,0.04109244807114702,0.03274990697058274,20,15,0.0
2811,328,0.0982245903032692,0.03274990697058274,20,15,0.0
2811,388,0.0,0.03274990697058274,20,15,0.0
2811,458,0.04080105135569776,0.03274990697058274,20,15,0.0
2811,484,0.08863152012667501,0.03274990697058274,20,15,0.0
2811,558,0.0177830205361334,0.03274990697058274,20,15,0.0
2811,586,0.042988470510141624,0.03274990697058274,20,15,0.0
2811,591,0.05433297556505054,0.03274990697058274,20,15,0.0
2811,604,0.03516542109766517,0.03274990697058274,20,15,0.0
2811,704,0.029784489786547085,0.03274990697058274,20,15,0.0
2811,740,0.08376921077015738,0.03274990697058274,20,15,0.0
2811,764,0.1035377369863128,0.03274990697058274,20,15,0.0
2811,780,0.035461141321644636,0.03274990697058274,20,15,0.0
2811,32,,0.03274990697058274,20,15,1.0
2811,76,,0.03274990697058274,20,15,1.0
2811,100,,0.03274990697058274,20,15,1.0
2811,191,,0.03274990697058274,20,15,1.0
2811,218,,0.03274990697058274,20,15,1.0
2811,348,,0.03274990697058274,20,15,1.0
2811,360,,0.03274990697058274,20,15,1.0
2811,616,,0.03274990697058274,20,15,1.0
2811,642,,0.03274990697058274,20,15,1.0
2811,643,,0.03274990697058274,20,15,1.0
2811,682,,0.03274990697058274,20,15,1.0
2811,699,,0.03274990697058274,20,15,1.0
2811,710,,0.03274990697058274,20,15,1.0
2811,784,,0.03274990697058274,20,15,1.0
2811,792,,0.03274990697058274,20,15,1.0
2812,44,0.07497909609028214,0.16568459736004248,20,17,0.0
2812,152,0.0,0.16568459736004248,20,17,0.0
2812,188,0.0,0.16568459736004248,20,17,0.0
2812,214,0.10702679626503478,0.16568459736004248,20,17,0.0
2812,222,0.10312764455326863,0.16568459736004248,20,17,0.0
2812,320,0.06259790315385266,0.16568459736004248,20,17,0.0
2812,328,0.019433638649945,0.16568459736004248,20,17,0.0
2812,340,0.0,0.16568459736004248,20,17,0.0
2812,388,0.01641429825944098,0.16568459736004248,20,17,0.0
2812,458,0.12047937434502436,0.16568459736004248,20,17,0.0
2812,484,0.06555712056026111,0.16568459736004248,20,17,0.0
2812,512,0.0,0.16568459736004248,20,17,0.0
2812,591,0.06868197942390303,0.16568459736004248,20,17,0.0
2812,604,0.10196954015759296,0.16568459736004248,20,17,0.0
2812,608,0.043117884967515396,0.16568459736004248,20,17,0.0
2812,688,0.03444384154107829,0.16568459736004248,20,17,0.0
2812,710,0.07619913277555099,0.16568459736004248,20,17,0.0
2812,740,0.10597174925724977,0.16568459736004248,20,17,0.0
2812,764,0.0,0.16568459736004248,20,17,0.0
2812,780,0.0,0.16568459736004248,20,17,0.0
2812,32,,0.16568459736004248,20,17,1.0
2812,76,,0.16568459736004248,20,17,1.0
2812,100,,0.16568459736004248,20,17,1.0
2812,170,,0.16568459736004248,20,17,1.0
2812,191,,0.16568459736004248,20,17,1.0
2812,218,,0.16568459736004248,20,17,1.0
2812,348,,0.16568459736004248,20,17,1.0
2812,360,,0.16568459736004248,20,17,1.0
2812,616,,0.16568459736004248,20,17,1.0
2812,642,,0.16568459736004248,20,17,1.0
2812,643,,0.16568459736004248,20,17,1.0
2812,682,,0.16568459736004248,20,17,1.0
2812,699,,0.16568459736004248,20,17,1.0
2812,784,,0.16568459736004248,20,17,1.0
2812,788,,0.16568459736004248,20,17,1.0
2812,792,,0.16568459736004248,20,17,1.0
2812,804,,0.16568459736004248,20,17,1.0
2814,44,0.026546137200195552,0.12413745005642549,24,18,0.0
2814,68,0.0,0.12413745005642549,24,18,0.0
2814,152,0.02396468248683041,0.12413745005642549,24,18,0.0
2814,188,0.04193425954387033,0.12413745005642549,24,18,0.0
2814,214,0.0,0.12413745005642549,24,18,0.0
2814,222,0.00873722690477286,0.12413745005642549,24,18,0.0
2814,320,0.058433065237522785,0.12413745005642549,24,18,0.0
2814,328,0.0525585602155925,0.12413745005642549,24,18,0.0
2814,340,0.0,0.12413745005642549,24,18,0.0
2814,458,0.07289751898405313,0.12413745005642549,24,18,0.0
2814,484,0.08957509118612776,0.12413745005642549,24,18,0.0
2814,558,0.032626464347909265,0.12413745005642549,24,18,0.0
2814,586,0.09947718761105272,0.12413745005642549,24,18,0.0
2814,591,0.011367274482434147,0.12413745005642549,24,18,0.0
2814,600,0.0,0.12413745005642549,24,18,0.0
2814,604,0.050881938528580674,0.12413745005642549,24,18,0.0
2814,608,0.051636969778588754,0.12413745005642549,24,18,0.0
2814,688,0.04116465803974844,0.12413745005642549,24,18,0.0
2814,694,0.06429273822341704,0.12413745005642549,24,18,0.0
2814,710,0.08754361928645471,0.12413745005642549,24,18,0.0
2814,740,0.021063525863362385,0.12413745005642549,24,18,0.0
2814,764,0.10291078941602073,0.12413745005642549,24,18,0.0
2814,780,0.0473554568253904,0.12413745005642549,24,18,0.0
2814,858,0.015032835838075407,0.12413745005642549,24,18,0.0
2814,32,,0.12413745005642549,24,18,1.0
2814,76,,0.12413745005642549,24,18,1.0
2814,100,,0.12413745005642549,24,18,1.0
2814,170,,0.12413745005642549,24,18,1.0
2814,191,,0.12413745005642549,24,18,1.0
2814,218,,0.12413745005642549,24,18,1.0
2814,348,,0.12413745005642549,24,18,1.0
2814,360,,0.12413745005642549,24,18,1.0
2814,616,,0.12413745005642549,24,18,1.0
2814,642,,0.12413745005642549,24,18,1.0
2814,643,,0.12413745005642549,24,18,1.0
2814,682,,0.12413745005642549,24,18,1.0
2814,699,,0.12413745005642549,24,18,1.0
2814,704,,0.12413745005642549,24,18,1.0
2814,784,,0.12413745005642549,24,18,1.0
2814,792,,0.12413745005642549,24,18,1.0
2814,804,,0.12413745005642549,24,18,1.0
2814,818,,0.12413745005642549,24,18,1.0
2815,188,0.14577101242978519,0.35285644777668923,7,9,0.0
2815,422,0.00702168949541219,0.35285644777668923,7,9,0.0
2815,458,0.06527580770442734,0.35285644777668923,7,9,0.0
2815,604,0.3695371724849411,0.35285644777668923,7,9,0.0
2815,608,0.2746518748272183,0.35285644777668923,7,9,0.0
2815,710,0.0,0.35285644777668923,7,9,0.0
2815,764,0.13774244305821592,0.35285644777668923,7,9,0.0
2815,76,,0.35285644777668923,7,9,1.0
2815,100,,0.35285644777668923,7,9,1.0
2815,170,,0.35285644777668923,7,9,1.0
2815,348,,0.35285644777668923,7,9,1.0
2815,484,,0.35285644777668923,7,9,1.0
2815,616,,0.35285644777668923,7,9,1.0
2815,642,,0.35285644777668923,7,9,1.0
2815,699,,0.35285644777668923,7,9,1.0
2815,792,,0.35285644777668923,7,9,1.0
2816,44,0.023747617979953138,0.02365169252388811,16,20,0.0
2816,144,0.11694168897795637,0.02365169252388811,16,20,0.0
2816,152,0.052400495937552104,0.02365169252388811,16,20,0.0
2816,188,0.047148867931725895,0.02365169252388811,16,20,0.0
2816,214,0.012020633620508517,0.02365169252388811,16,20,0.0
2816,222,0.08939973260777587,0.02365169252388811,16,20,0.0
2816,320,0.04143370340561783,0.02365169252388811,16,20,0.0
2816,340,0.021819266170003328,0.02365169252388811,16,20,0.0
2816,422,0.09178894039897692,0.02365169252388811,16,20,0.0
2816,591,0.06181009562684152,0.02365169252388811,16,20,0.0
2816,604,0.09270843963873741,0.02365169252388811,16,20,0.0
2816,608,0.0,0.02365169252388811,16,20,0.0
2816,688,0.0752698176693846,0.02365169252388811,16,20,0.0
2816,710,0.04750695568620627,0.02365169252388811,16,20,0.0
2816,764,0.1247598618180886,0.02365169252388811,16,20,0.0
2816,780,0.10124388253067171,0.02365169252388811,16,20,0.0
2816,32,,0.02365169252388811,16,20,1.0
2816,76,,0.02365169252388811,16,20,1.0
2816,100,,0.02365169252388811,16,20,1.0
2816,170,,0.02365169252388811,16,20,1.0
2816,191,,0.02365169252388811,16,20,1.0
2816,218,,0.02365169252388811,16,20,1.0
2816,348,,0.02365169252388811,16,20,1.0
2816,360,,0.02365169252388811,16,20,1.0
2816,458,,0.02365169252388811,16,20,1.0
2816,484,,0.02365169252388811,16,20,1.0
2816,586,,0.02365169252388811,16,20,1.0
2816,616,,0.02365169252388811,16,20,1.0
2816,642,,0.02365169252388811,16,20,1.0
2816,682,,0.02365169252388811,16,20,1.0
2816,699,,0.02365169252388811,16,20,1.0
2816,704,,0.02365169252388811,16,20,1.0
2816,784,,0.02365169252388811,16,20,1.0
2816,792,,0.02365169252388811,16,20,1.0
2816,804,,0.02365169252388811,16,20,1.0
2816,818,,0.02365169252388811,16,20,1.0
2817,44,0.03845855092201988,0.0834906056330271,17,15,0.0
2817,144,0.11306073128278299,0.0834906056330271,17,15,0.0
2817,188,0.11575081548239104,0.0834906056330271,17,15,0.0
2817,214,0.06306999750808259,0.0834906056330271,17,15,0.0
2817,222,0.08648674299394571,0.0834906056330271,17,15,0.0
2817,320,0.06673985197744799,0.0834906056330271,17,15,0.0
2817,340,0.0432272948094376,0.0834906056330271,17,15,0.0
2817,388,0.0639099127211027,0.0834906056330271,17,15,0.0
2817,458,0.07949565708579517,0.0834906056330271,17,15,0.0
2817,484,0.10188075995065575,0.0834906056330271,17,15,0.0
2817,591,0.08093121025765741,0.0834906056330271,17,15,0.0
2817,608,0.045198189686390854,0.0834906056330271,17,15,0.0
2817,688,0.0,0.0834906056330271,17,15,0.0
2817,764,0.04346058138790218,0.0834906056330271,17,15,0.0
2817,780,0.058329703934388015,0.0834906056330271,17,15,0.0
2817,804,0.0,0.0834906056330271,17,15,0.0
2817,858,0.0,0.0834906056330271,17,15,0.0
2817,76,,0.0834906056330271,17,15,1.0
2817,100,,0.0834906056330271,17,15,1.0
2817,152,,0.0834906056330271,17,15,1.0
2817,170,,0.0834906056330271,17,15,1.0
2817,218,,0.0834906056330271,17,15,1.0
2817,348,,0.0834906056330271,17,15,1.0
2817,360,,0.0834906056330271,17,15,1.0
2817,616,,0.0834906056330271,17,15,1.0
2817,642,,0.0834906056330271,17,15,1.0
2817,643,,0.0834906056330271,17,15,1.0
2817,699,,0.0834906056330271,17,15,1.0
2817,704,,0.0834906056330271,17,15,1.0
2817,710,,0.0834906056330271,17,15,1.0
2817,784,,0.0834906056330271,17,15,1.0
2817,792,,0.0834906056330271,17,15,1.0
2818,44,0.13763589243062935,0.07172547323990189,14,11,0.0
2818,152,0.0727866190846202,0.07172547323990189,14,11,0.0
2818,188,0.10667818282113212,0.07172547323990189,14,11,0.0
2818,214,0.0,0.07172547323990189,14,11,0.0
2818,222,0.04047924244180187,0.07172547323990189,14,11,0.0
2818,320,0.10751168294889879,0.07172547323990189,14,11,0.0
2818,458,0.0407229466824283,0.07172547323990189,14,11,0.0
2818,484,0.06491072463287534,0.07172547323990189,14,11,0.0
2818,586,0.0902071960239248,0.07172547323990189,14,11,0.0
2818,608,0.08260341288218126,0.07172547323990189,14,11,0.0
2818,688,0.10344229966280444,0.07172547323990189,14,11,0.0
2818,704,0.0701295165650589,0.07172547323990189,14,11,0.0
2818,710,0.0247319266850646,0.07172547323990189,14,11,0.0
2818,764,0.058160357138579956,0.07172547323990189,14,11,0.0
2818,32,,0.07172547323990189,14,11,1.0
2818,76,,0.07172547323990189,14,11,1.0
2818,100,,0.07172547323990189,14,11,1.0
2818,170,,0.07172547323990189,14,11,1.0
2818,191,,0.07172547323990189,14,11,1.0
2818,218,,0.07172547323990189,14,11,1.0
2818,348,,0.07172547323990189,14,11,1.0
2818,616,,0.07172547323990189,14,11,1.0
2818,699,,0.07172547323990189,14,11,1.0
2818,784,,0.07172547323990189,14,11,1.0
2818,792,,0.07172547323990189,14,11,1.0
2819,12,0.033533581289066604,0.0019162124560051536,41,26,0.0
2819,31,0.0,0.0019162124560051536,41,26,0.0
2819,44,0.013651503442705066,0.0019162124560051536,41,26,0.0
2819,48,0.03215845144552123,0.0019162124560051536,41,26,0.0
2819,50,0.02181644222473256,0.0019162124560051536,41,26,0.0
2819,60,0.029088898499905157,0.0019162124560051536,41,26,0.0
2819,70,0.029287036882233112,0.0019162124560051536,41,26,0.0
2819,96,0.02497789256571719,0.0019162124560051536,41,26,0.0
2819,120,0.03383656031185273,0.0019162124560051536,41,26,0.0
2819,144,0.027229660929748378,0.0019162124560051536,41,26,0.0
2819,152,0.025484225222816296,0.0019162124560051536,41,26,0.0
2819,188,0.022199662385865734,0.0019162124560051536,41,26,0.0
2819,214,0.02684560628976548,0.0019162124560051536,41,26,0.0
2819,222,0.033546993903248695,0.0019162124560051536,41,26,0.0
2819,258,0.012522583701521442,0.0019162124560051536,41,26,0.0
2819,268,0.017618510725296813,0.0019162124560051536,41,26,0.0
2819,320,0.02161461455916712,0.0019162124560051536,41,26,0.0
2819,328,0.01582959882235534,0.0019162124560051536,41,26,0.0
2819,340,0.03568859679052856,0.0019162124560051536,41,26,0.0
2819,388,0.010264858246795535,0.0019162124560051536,41,26,0.0
2819,398,0.015148251968156954,0.0019162124560051536,41,26,0.0
2819,400,0.029593798004399104,0.0019162124560051536,41,26,0.0
2819,414,0.01417728297374991,0.0019162124560051536,41,26,0.0
2819,422,0.020552567974664322,0.0019162124560051536,41,26,0.0
2819,450,0.011984286978031744,0.0019162124560051536,41,26,0.0
2819,504,0.024679675993586902,0.0019162124560051536,41,26,0.0
2819,558,0.03213374401289548,0.0019162124560051536,41,26,0.0
2819,562,0.018842905056674995,0.0019162124560051536,41,26,0.0
2819,591,0.018259486109932107,0.0019162124560051536,41,26,0.0
2819,600,0.03666440456695767,0.0019162124560051536,41,26,0.0
2819,604,0.01842137406221758,0.0019162124560051536,41,26,0.0
2819,608,0.024612064320690477,0.0019162124560051536,41,26,0.0
2819,659,0.0,0.0019162124560051536,41,26,0.0
2819,688,0.03712018674667656,0.0019162124560051536,41,26,0.0
2819,694,0.029054908478119,0.0019162124560051536,41,26,0.0
2819,740,0.03419363197898175,0.0019162124560051536,41,26,0.0
2819,748,0.044588903192334245,0.0019162124560051536,41,26,0.0
2819,764,0.04113675771822004,0.0019162124560051536,41,26,0.0
2819,780,0.0328567348909806,0.0019162124560051536,41,26,0.0
2819,858,0.02276661749404594,0.0019162124560051536,41,26,0.0
2819,862,0.026017139239841395,0.0019162124560051536,41,26,0.0
2819,32,,0.0019162124560051536,41,26,1.0
2819,68,,0.0019162124560051536,41,26,1.0
2819,76,,0.0019162124560051536,41,26,1.0
2819,100,,0.0019162124560051536,41,26,1.0
2819,170,,0.0019162124560051536,41,26,1.0
2819,191,,0.0019162124560051536,41,26,1.0
2819,218,,0.0019162124560051536,41,26,1.0
2819,348,,0.0019162124560051536,41,26,1.0
2819,360,,0.0019162124560051536,41,26,1.0
2819,404,,0.0019162124560051536,41,26,1.0
2819,458,,0.0019162124560051536,41,26,1.0
2819,484,,0.0019162124560051536,41,26,1.0
2819,586,,0.0019162124560051536,41,26,1.0
2819,616,,0.0019162124560051536,41,26,1.0
2819,634,,0.0019162124560051536,41,26,1.0
2819,642,,0.0019162124560051536,41,26,1.0
2819,643,,0.0019162124560051536,41,26,1.0
2819,682,,0.0019162124560051536,41,26,1.0
2819,699,,0.0019162124560051536,41,26,1.0
2819,704,,0.0019162124560051536,41,26,1.0
2819,710,,0.0019162124560051536,41,26,1.0
2819,784,,0.0019162124560051536,41,26,1.0
2819,788,,0.0019162124560051536,41,26,1.0
2819,792,,0.0019162124560051536,41,26,1.0
2819,804,,0.0019162124560051536,41,26,1.0
2819,818,,0.0019162124560051536,41,26,1.0
2821,152,0.07284828568562385,0.09977309284822915,13,13,0.0
2821,188,0.07366946113713806,0.09977309284822915,13,13,0.0
2821,214,0.0,0.09977309284822915,13,13,0.0
2821,222,0.10710854806717622,0.09977309284822915,13,13,0.0
2821,320,0.0,0.09977309284822915,13,13,0.0
2821,458,0.0,0.09977309284822915,13,13,0.0
2821,484,0.04251179598521409,0.09977309284822915,13,13,0.0
2821,558,0.25660704418233404,0.09977309284822915,13,13,0.0
2821,604,0.06922961911236043,0.09977309284822915,13,13,0.0
2821,608,0.0,0.09977309284822915,13,13,0.0
2821,704,0.14689771641369687,0.09977309284822915,13,13,0.0
2821,710,0.15546362720161735,0.09977309284822915,13,13,0.0
2821,764,0.07566390221483911,0.09977309284822915,13,13,0.0
2821,32,,0.09977309284822915,13,13,1.0
2821,76,,0.09977309284822915,13,13,1.0
2821,100,,0.09977309284822915,13,13,1.0
2821,170,,0.09977309284822915,13,13,1.0
2821,218,,0.09977309284822915,13,13,1.0
2821,348,,0.09977309284822915,13,13,1.0
2821,360,,0.09977309284822915,13,13,1.0
2821,616,,0.09977309284822915,13,13,1.0
2821,642,,0.09977309284822915,13,13,1.0
2821,643,,0.09977309284822915,13,13,1.0
2821,682,,0.09977309284822915,13,13,1.0
2821,699,,0.09977309284822915,13,13,1.0
2821,792,,0.09977309284822915,13,13,1.0
2822,68,0.04653861873151658,0.04171386820771587,20,17,0.0
2822,70,0.0658645154982691,0.04171386820771587,20,17,0.0
2822,152,0.05702632722141907,0.04171386820771587,20,17,0.0
2822,188,0.0650089398795005,0.04171386820771587,20,17,0.0
2822,214,0.04346063647171753,0.04171386820771587,20,17,0.0
2822,222,0.0,0.04171386820771587,20,17,0.0
2822,268,0.051255038416396156,0.04171386820771587,20,17,0.0
2822,320,0.03246635124260471,0.04171386820771587,20,17,0.0
2822,340,0.00036884666922237005,0.04171386820771587,20,17,0.0
2822,458,0.06067811966570428,0.04171386820771587,20,17,0.0
2822,558,0.05802445653814865,0.04171386820771587,20,17,0.0
2822,591,0.05654744585573654,0.04171386820771587,20,17,0.0
2822,604,0.05374276383832826,0.04171386820771587,20,17,0.0
2822,608,0.0604213897165246,0.04171386820771587,20,17,0.0
2822,688,0.0630027960189885,0.04171386820771587,20,17,0.0
2822,710,0.07864838119191327,0.04171386820771587,20,17,0.0
2822,748,0.07424695945952904,0.04171386820771587,20,17,0.0
2822,764,0.08244222419618266,0.04171386820771587,20,17,0.0
2822,780,0.028608284766678354,0.04171386820771587,20,17,0.0
2822,804,0.021647904621619904,0.04171386820771587,20,17,0.0
2822,32,,0.04171386820771587,20,17,1.0
2822,76,,0.04171386820771587,20,17,1.0
2822,100,,0.04171386820771587,20,17,1.0
2822,170,,0.04171386820771587,20,17,1.0
2822,191,,0.04171386820771587,20,17,1.0
2822,218,,0.04171386820771587,20,17,1.0
2822,348,,0.04171386820771587,20,17,1.0
2822,360,,0.04171386820771587,20,17,1.0
2822,484,,0.04171386820771587,20,17,1.0
2822,586,,0.04171386820771587,20,17,1.0
2822,616,,0.04171386820771587,20,17,1.0
2822,642,,0.04171386820771587,20,17,1.0
2822,682,,0.04171386820771587,20,17,1.0
2822,699,,0.04171386820771587,20,17,1.0
2822,704,,0.04171386820771587,20,17,1.0
2822,784,,0.04171386820771587,20,17,1.0
2822,792,,0.04171386820771587,20,17,1.0
2823,188,0.0,0.16772965421338307,7,9,0.0
2823,214,0.013616570681424236,0.16772965421338307,7,9,0.0
2823,458,0.020355008149416078,0.16772965421338307,7,9,0.0
2823,484,0.2937741668839455,0.16772965421338307,7,9,0.0
2823,704,0.0,0.16772965421338307,7,9,0.0
2823,710,0.6515731635071162,0.16772965421338307,7,9,0.0
2823,764,0.0206810907780979,0.16772965421338307,7,9,0.0
2823,32,,0.16772965421338307,7,9,1.0
2823,76,,0.16772965421338307,7,9,1.0
2823,100,,0.16772965421338307,7,9,1.0
2823,191,,0.16772965421338307,7,9,1.0
2823,348,,0.16772965421338307,7,9,1.0
2823,616,,0.16772965421338307,7,9,1.0
2823,642,,0.16772965421338307,7,9,1.0
2823,699,,0.16772965421338307,7,9,1.0
2823,792,,0.16772965421338307,7,9,1.0
2826,144,0.09893849271179539,0.10793212911912592,12,16,0.0
2826,152,0.0,0.10793212911912592,12,16,0.0
2826,188,0.06027025983518867,0.10793212911912592,12,16,0.0
2826,214,0.05255575621939987,0.10793212911912592,12,16,0.0
2826,222,0.14687984236689897,0.10793212911912592,12,16,0.0
2826,320,0.035271442885839346,0.10793212911912592,12,16,0.0
2826,340,0.13598398051811036,0.10793212911912592,12,16,0.0
2826,558,0.0,0.10793212911912592,12,16,0.0
2826,608,0.06345614261045467,0.10793212911912592,12,16,0.0
2826,710,0.11471567806325837,0.10793212911912592,12,16,0.0
2826,764,0.139819138442476,0.10793212911912592,12,16,0.0
2826,858,0.15210926634657845,0.10793212911912592,12,16,0.0
2826,32,,0.10793212911912592,12,16,1.0
2826,76,,0.10793212911912592,12,16,1.0
2826,170,,0.10793212911912592,12,16,1.0
2826,191,,0.10793212911912592,12,16,1.0
2826,218,,0.10793212911912592,12,16,1.0
2826,348,,0.10793212911912592,12,16,1.0
2826,360,,0.10793212911912592,12,16,1.0
2826,458,,0.10793212911912592,12,16,1.0
2826,484,,0.10793212911912592,12,16,1.0
2826,586,,0.10793212911912592,12,16,1.0
2826,616,,0.10793212911912592,12,16,1.0
2826,642,,0.10793212911912592,12,16,1.0
2826,699,,0.10793212911912592,12,16,1.0
2826,704,,0.10793212911912592,12,16,1.0
2826,784,,0.10793212911912592,12,16,1.0
2826,792,,0.10793212911912592,12,16,1.0
2920,144,0.14007016366400402,0.13361272185373757,17,11,0.0
2920,152,0.008548083732780007,0.13361272185373757,17,11,0.0
2920,188,0.025324941506135276,0.13361272185373757,17,11,0.0
2920,214,0.0,0.13361272185373757,17,11,0.0
2920,320,0.15011820729380662,0.13361272185373757,17,11,0.0
2920,458,0.0003610667958677301,0.13361272185373757,17,11,0.0
2920,484,0.003985375853721671,0.13361272185373757,17,11,0.0
2920,558,0.0,0.13361272185373757,17,11,0.0
2920,604,0.0,0.13361272185373757,17,11,0.0
2920,608,0.12214751334135786,0.13361272185373757,17,11,0.0
2920,682,0.1258855186789848,0.13361272185373757,17,11,0.0
2920,704,0.08820449684409926,0.13361272185373757,17,11,0.0
2920,710,0.1427456253655292,0.13361272185373757,17,11,0.0
2920,740,0.0,0.13361272185373757,17,11,0.0
2920,764,0.02785693072081789,0.13361272185373757,17,11,0.0
2920,780,0.16475207620289573,0.13361272185373757,17,11,0.0
2920,784,0.0,0.13361272185373757,17,11,0.0
2920,32,,0.13361272185373757,17,11,1.0
2920,76,,0.13361272185373757,17,11,1.0
2920,170,,0.13361272185373757,17,11,1.0
2920,348,,0.13361272185373757,17,11,1.0
2920,360,,0.13361272185373757,17,11,1.0
2920,586,,0.13361272185373757,17,11,1.0
2920,616,,0.13361272185373757,17,11,1.0
2920,642,,0.13361272185373757,17,11,1.0
2920,643,,0.13361272185373757,17,11,1.0
2920,699,,0.13361272185373757,17,11,1.0
2920,792,,0.13361272185373757,17,11,1.0
3020,170,0.12465271077970752,0.534317316269386,6,9,0.0
3020,458,0.2583847705117531,0.534317316269386,6,9,0.0
3020,484,0.22147148082500556,0.534317316269386,6,9,0.0
3020,604,0.3954910378835338,0.534317316269386,6,9,0.0
3020,764,0.0,0.534317316269386,6,9,0.0
3020,804,0.0,0.534317316269386,6,9,0.0
3020,76,,0.534317316269386,6,9,1.0
3020,191,,0.534317316269386,6,9,1.0
3020,348,,0.534317316269386,6,9,1.0
3020,360,,0.534317316269386,6,9,1.0
3020,616,,0.534317316269386,6,9,1.0
3020,699,,0.534317316269386,6,9,1.0
3020,704,,0.534317316269386,6,9,1.0
3020,710,,0.534317316269386,6,9,1.0
3020,792,,0.534317316269386,6,9,1.0
3100,8,0.0,0.029979636345250332,53,18,0.0
3100,31,0.0,0.029979636345250332,53,18,0.0
3100,44,0.0,0.029979636345250332,53,18,0.0
3100,68,0.017815245182168277,0.029979636345250332,53,18,0.0
3100,70,0.028784279693395372,0.029979636345250332,53,18,0.0
3100,92,0.008552002054483185,0.029979636345250332,53,18,0.0
3100,112,0.002763298215336256,0.029979636345250332,53,18,0.0
3100,116,0.024770162790789862,0.029979636345250332,53,18,0.0
3100,120,0.029531118892772816,0.029979636345250332,53,18,0.0
3100,144,0.02575168415209377,0.029979636345250332,53,18,0.0
3100,152,0.033012235944498626,0.029979636345250332,53,18,0.0
3100,170,0.01816797876192973,0.029979636345250332,53,18,0.0
3100,188,0.022722228109833344,0.029979636345250332,53,18,0.0
3100,214,0.017750343226680353,0.029979636345250332,53,18,0.0
3100,222,0.030395152169585375,0.029979636345250332,53,18,0.0
3100,231,0.008217030068835533,0.029979636345250332,53,18,0.0
3100,242,0.021405639136128585,0.029979636345250332,53,18,0.0
3100,288,0.02255531856522233,0.029979636345250332,53,18,0.0
3100,320,0.02522318804799406,0.029979636345250332,53,18,0.0
3100,328,0.009419863474193492,0.029979636345250332,53,18,0.0
3100,340,0.03309339880213244,0.029979636345250332,53,18,0.0
3100,388,0.011278813392444303,0.029979636345250332,53,18,0.0
3100,400,0.03256845183454113,0.029979636345250332,53,18,0.0
3100,404,0.014738049471275999,0.029979636345250332,53,18,0.0
3100,414,0.0,0.029979636345250332,53,18,0.0
3100,422,0.037328151283956924,0.029979636345250332,53,18,0.0
3100,454,0.01644500224879354,0.029979636345250332,53,18,0.0
3100,458,0.03953753703138524,0.029979636345250332,53,18,0.0
3100,466,0.0004518816693275106,0.029979636345250332,53,18,0.0
3100,480,0.012339603198714482,0.029979636345250332,53,18,0.0
3100,498,0.0009913663945032654,0.029979636345250332,53,18,0.0
3100,504,0.022164100425711892,0.029979636345250332,53,18,0.0
3100,516,0.0132004123882215,0.029979636345250332,53,18,0.0
3100,524,0.0036548489826536803,0.029979636345250332,53,18,0.0
3100,558,0.0329727834061942,0.029979636345250332,53,18,0.0
3100,591,0.0,0.029979636345250332,53,18,0.0
3100,600,0.04225939720610661,0.029979636345250332,53,18,0.0
3100,604,0.029343577955330317,0.029979636345250332,53,18,0.0
3100,608,0.031038227243943502,0.029979636345250332,53,18,0.0
3100,682,0.02323913884466825,0.029979636345250332,53,18,0.0
3100,686,0.018169103879819966,0.029979636345250332,53,18,0.0
3100,688,0.010063186228166826,0.029979636345250332,53,18,0.0
3100,694,0.01261245381548204,0.029979636345250332,53,18,0.0
3100,704,0.03654354881519641,0.029979636345250332,53,18,0.0
3100,760,0.0,0.029979636345250332,53,18,0.0
3100,764,0.04840425227151044,0.029979636345250332,53,18,0.0
3100,768,0.007859362044722484,0.029979636345250332,53,18,0.0
3100,780,0.016402366342643707,0.029979636345250332,53,18,0.0
3100,784,0.014487806071345003,0.029979636345250332,53,18,0.0
3100,804,0.016447575298079633,0.029979636345250332,53,18,0.0
3100,834,0.007560360619718063,0.029979636345250332,53,18,0.0
3100,858,0.01353813883732423,0.029979636345250332,53,18,0.0
3100,862,0.054430335510145415,0.029979636345250332,53,18,0.0
3100,32,,0.029979636345250332,53,18,1.0
3100,50,,0.029979636345250332,53,18,1.0
3100,76,,0.029979636345250332,53,18,1.0
3100,100,,0.029979636345250332,53,18,1.0
3100,191,,0.029979636345250332,53,18,1.0
3100,218,,0.029979636345250332,53,18,1.0
3100,348,,0.029979636345250332,53,18,1.0
3100,360,,0.029979636345250332,53,18,1.0
3100,484,,0.029979636345250332,53,18,1.0
3100,586,,0.029979636345250332,53,18,1.0
3100,616,,0.029979636345250332,53,18,1.0
3100,642,,0.029979636345250332,53,18,1.0
3100,643,,0.029979636345250332,53,18,1.0
3100,699,,0.029979636345250332,53,18,1.0
3100,710,,0.029979636345250332,53,18,1.0
3100,788,,0.029979636345250332,53,18,1.0
3100,792,,0.029979636345250332,53,18,1.0
3100,818,,0.029979636345250332,53,18,1.0
3211,4,0.029730465945722814,0.09873193601349184,51,20,0.0
3211,44,0.0,0.09873193601349184,51,20,0.0
3211,48,0.0,0.09873193601349184,51,20,0.0
3211,51,0.0,0.09873193601349184,51,20,0.0
3211,60,0.0,0.09873193601349184,51,20,0.0
3211,68,0.020161370635373897,0.09873193601349184,51,20,0.0
3211,72,0.007879763135155406,0.09873193601349184,51,20,0.0
3211,84,0.0015151439731666753,0.09873193601349184,51,20,0.0
3211,116,0.013560629187478163,0.09873193601349184,51,20,0.0
3211,120,0.0,0.09873193601349184,51,20,0.0
3211,136,0.02257709936603052,0.09873193601349184,51,20,0.0
3211,144,0.01728061450248483,0.09873193601349184,51,20,0.0
3211,152,0.018243067592478544,0.09873193601349184,51,20,0.0
3211,178,0.017594295496855174,0.09873193601349184,51,20,0.0
3211,180,0.01017244388367383,0.09873193601349184,51,20,0.0
3211,188,0.03510742163725479,0.09873193601349184,51,20,0.0
3211,214,0.02939175880313941,0.09873193601349184,51,20,0.0
3211,242,0.03612058466983879,0.09873193601349184,51,20,0.0
3211,258,0.045401574348337206,0.09873193601349184,51,20,0.0
3211,320,0.049837410308149276,0.09873193601349184,51,20,0.0
3211,388,0.04025211959733312,0.09873193601349184,51,20,0.0
3211,400,0.02556947657904984,0.09873193601349184,51,20,0.0
3211,404,0.020058056593454852,0.09873193601349184,51,20,0.0
3211,414,0.029833015821492,0.09873193601349184,51,20,0.0
3211,418,0.011276188801382984,0.09873193601349184,51,20,0.0
3211,422,0.03948267336935667,0.09873193601349184,51,20,0.0
3211,450,0.027568987669880647,0.09873193601349184,51,20,0.0
3211,458,0.06702668925399384,0.09873193601349184,51,20,0.0
3211,480,0.01303937487649676,0.09873193601349184,51,20,0.0
3211,484,0.03237982809750027,0.09873193601349184,51,20,0.0
3211,504,0.009299328612258614,0.09873193601349184,51,20,0.0
3211,508,0.0,0.09873193601349184,51,20,0.0
3211,512,0.0,0.09873193601349184,51,20,0.0
3211,516,0.022757903329385834,0.09873193601349184,51,20,0.0
3211,533,0.016525810733309235,0.09873193601349184,51,20,0.0
3211,558,0.004726357232922519,0.09873193601349184,51,20,0.0
3211,562,0.0,0.09873193601349184,51,20,0.0
3211,566,0.014892883186479218,0.09873193601349184,51,20,0.0
3211,591,0.028341722304215656,0.09873193601349184,51,20,0.0
3211,604,0.02359685573131456,0.09873193601349184,51,20,0.0
3211,608,0.039847742529151,0.09873193601349184,51,20,0.0
3211,694,0.0,0.09873193601349184,51,20,0.0
3211,704,0.018066791813091666,0.09873193601349184,51,20,0.0
3211,710,0.02898779642525287,0.09873193601349184,51,20,0.0
3211,716,0.0025204184759314535,0.09873193601349184,51,20,0.0
3211,764,0.032286629170480405,0.09873193601349184,51,20,0.0
3211,780,0.0,0.09873193601349184,51,20,0.0
3211,834,0.015423674697885815,0.09873193601349184,51,20,0.0
3211,858,0.007253400453688866,0.09873193601349184,51,20,0.0
3211,862,0.07441263115955209,0.09873193601349184,51,20,0.0
3211,894,0.0,0.09873193601349184,51,20,0.0
3211,32,,0.09873193601349184,51,20,1.0
3211,76,,0.09873193601349184,51,20,1.0
3211,100,,0.09873193601349184,51,20,1.0
3211,170,,0.09873193601349184,51,20,1.0
3211,191,,0.09873193601349184,51,20,1.0
3211,218,,0.09873193601349184,51,20,1.0
3211,348,,0.09873193601349184,51,20,1.0
3211,360,,0.09873193601349184,51,20,1.0
3211,524,,0.09873193601349184,51,20,1.0
3211,586,,0.09873193601349184,51,20,1.0
3211,616,,0.09873193601349184,51,20,1.0
3211,642,,0.09873193601349184,51,20,1.0
3211,643,,0.09873193601349184,51,20,1.0
3211,682,,0.09873193601349184,51,20,1.0
3211,699,,0.09873193601349184,51,20,1.0
3211,784,,0.09873193601349184,51,20,1.0
3211,788,,0.09873193601349184,51,20,1.0
3211,792,,0.09873193601349184,51,20,1.0
3211,804,,0.09873193601349184,51,20,1.0
3211,818,,0.09873193601349184,51,20,1.0
Wastes,31,0.0805932625845795,0.06674056297361142,19,13,0.0
Wastes,44,0.0,0.06674056297361142,19,13,0.0
Wastes,50,0.10958603791282401,0.06674056297361142,19,13,0.0
Wastes,60,0.0,0.06674056297361142,19,13,0.0
Wastes,76,0.10757008188730055,0.06674056297361142,19,13,0.0
Wastes,116,0.0,0.06674056297361142,19,13,0.0
Wastes,152,0.0,0.06674056297361142,19,13,0.0
Wastes,188,0.0693923929666425,0.06674056297361142,19,13,0.0
Wastes,214,0.03537615377160876,0.06674056297361142,19,13,0.0
Wastes,222,0.019994976246353463,0.06674056297361142,19,13,0.0
Wastes,320,0.03900876329699208,0.06674056297361142,19,13,0.0
Wastes,328,0.0,0.06674056297361142,19,13,0.0
Wastes,340,0.10594461630526152,0.06674056297361142,19,13,0.0
Wastes,458,0.2133583655766366,0.06674056297361142,19,13,0.0
Wastes,604,0.010894003968634781,0.06674056297361142,19,13,0.0
Wastes,608,0.03628336281248878,0.06674056297361142,19,13,0.0
Wastes,704,0.17199798267067734,0.06674056297361142,19,13,0.0
Wastes,710,0.0,0.06674056297361142,19,13,0.0
Wastes,800,0.0,0.06674056297361142,19,13,0.0
Wastes,32,,0.06674056297361142,19,13,1.0
Wastes,100,,0.06674056297361142,19,13,1.0
Wastes,170,,0.06674056297361142,19,13,1.0
Wastes,348,,0.06674056297361142,19,13,1.0
Wastes,360,,0.06674056297361142,19,13,1.0
Wastes,484,,0.06674056297361142,19,13,1.0
Wastes,586,,0.06674056297361142,19,13,1.0
Wastes,616,,0.06674056297361142,19,13,1.0
Wastes,642,,0.06674056297361142,19,13,1.0
Wastes,699,,0.06674056297361142,19,13,1.0
Wastes,764,,0.06674056297361142,19,13,1.0
Wastes,792,,0.06674056297361142,19,13,1.0
Wastes,804,,0.06674056297361142,19,13,1.0
